{
    "name": "id0_t10_unsorted",
    "task_count": 10,
    "id": 0,
    "results": [
        {
            "loss": 1.684366292649127,
            "task": 0,
            "samples_seens": 9023,
            "categorial_accuracy": 0.5429787233535279,
            "top_2_accuracy": 0.7186170213273231,
            "epoch": 0
        },
        {
            "loss": 1.0834193507661212,
            "task": 1,
            "samples_seens": 18046,
            "categorial_accuracy": 0.6845744680851064,
            "top_2_accuracy": 0.8280319150457991,
            "epoch": 0
        },
        {
            "loss": 0.8932261440094481,
            "task": 2,
            "samples_seens": 27069,
            "categorial_accuracy": 0.7403723404255319,
            "top_2_accuracy": 0.8760106383485997,
            "epoch": 0
        },
        {
            "loss": 0.7707659139531724,
            "task": 3,
            "samples_seens": 36092,
            "categorial_accuracy": 0.7698936170212766,
            "top_2_accuracy": 0.8924999999492726,
            "epoch": 0
        },
        {
            "loss": 0.7543278650527305,
            "task": 4,
            "samples_seens": 45115,
            "categorial_accuracy": 0.7714893617021277,
            "top_2_accuracy": 0.8960638297872341,
            "epoch": 0
        },
        {
            "loss": 0.6478421390310247,
            "task": 5,
            "samples_seens": 54138,
            "categorial_accuracy": 0.7939361701620385,
            "top_2_accuracy": 0.9118085106382978,
            "epoch": 0
        },
        {
            "loss": 0.6528930789359072,
            "task": 6,
            "samples_seens": 63161,
            "categorial_accuracy": 0.8001063828265413,
            "top_2_accuracy": 0.9132978722389709,
            "epoch": 0
        },
        {
            "loss": 0.5928626941620035,
            "task": 7,
            "samples_seens": 72184,
            "categorial_accuracy": 0.8104255318134389,
            "top_2_accuracy": 0.9228723404255319,
            "epoch": 0
        },
        {
            "loss": 0.5715072950403741,
            "task": 8,
            "samples_seens": 81207,
            "categorial_accuracy": 0.8140425531914893,
            "top_2_accuracy": 0.9272340427053736,
            "epoch": 0
        },
        {
            "loss": 0.5643217213864022,
            "task": 9,
            "samples_seens": 90230,
            "categorial_accuracy": 0.8149468086628203,
            "top_2_accuracy": 0.92617021271523,
            "epoch": 0
        },
        {
            "loss": 0.5485226362816831,
            "task": 0,
            "samples_seens": 99253,
            "categorial_accuracy": 0.8227659575989906,
            "top_2_accuracy": 0.9302659575989906,
            "epoch": 1
        },
        {
            "loss": 0.5293878190568153,
            "task": 1,
            "samples_seens": 108276,
            "categorial_accuracy": 0.8272340424010094,
            "top_2_accuracy": 0.9336702126645028,
            "epoch": 1
        },
        {
            "loss": 0.5231696313239158,
            "task": 2,
            "samples_seens": 117299,
            "categorial_accuracy": 0.8313297872847699,
            "top_2_accuracy": 0.9351063829279961,
            "epoch": 1
        },
        {
            "loss": 0.5203982108197314,
            "task": 3,
            "samples_seens": 126322,
            "categorial_accuracy": 0.8284042552684215,
            "top_2_accuracy": 0.9344680852078376,
            "epoch": 1
        },
        {
            "loss": 0.5013516493300174,
            "task": 4,
            "samples_seens": 135345,
            "categorial_accuracy": 0.8335638296857794,
            "top_2_accuracy": 0.9362765958461355,
            "epoch": 1
        },
        {
            "loss": 0.5029060907566801,
            "task": 5,
            "samples_seens": 144368,
            "categorial_accuracy": 0.8358510638805146,
            "top_2_accuracy": 0.9388297871833152,
            "epoch": 1
        },
        {
            "loss": 0.4890197426714796,
            "task": 6,
            "samples_seens": 153391,
            "categorial_accuracy": 0.8387765957446809,
            "top_2_accuracy": 0.9397872341440079,
            "epoch": 1
        },
        {
            "loss": 0.48950456700426465,
            "task": 7,
            "samples_seens": 162414,
            "categorial_accuracy": 0.841382978824859,
            "top_2_accuracy": 0.9413297871325879,
            "epoch": 1
        },
        {
            "loss": 0.49150189354064616,
            "task": 8,
            "samples_seens": 171437,
            "categorial_accuracy": 0.8378723404762592,
            "top_2_accuracy": 0.9417021277103018,
            "epoch": 1
        },
        {
            "loss": 0.4773252818685897,
            "task": 9,
            "samples_seens": 180460,
            "categorial_accuracy": 0.8427659575989905,
            "top_2_accuracy": 0.9439893616006729,
            "epoch": 1
        },
        {
            "loss": 0.47217759036003276,
            "task": 0,
            "samples_seens": 189483,
            "categorial_accuracy": 0.8436702129181395,
            "top_2_accuracy": 0.9418085105875705,
            "epoch": 2
        },
        {
            "loss": 0.4795242393524089,
            "task": 1,
            "samples_seens": 198506,
            "categorial_accuracy": 0.841595744528669,
            "top_2_accuracy": 0.9418617020262049,
            "epoch": 2
        },
        {
            "loss": 0.46164515868146366,
            "task": 2,
            "samples_seens": 207529,
            "categorial_accuracy": 0.8460106382978724,
            "top_2_accuracy": 0.9437234043567738,
            "epoch": 2
        },
        {
            "loss": 0.4572135821555523,
            "task": 3,
            "samples_seens": 216552,
            "categorial_accuracy": 0.8468617020262048,
            "top_2_accuracy": 0.9454255320163484,
            "epoch": 2
        },
        {
            "loss": 0.4691429414140417,
            "task": 4,
            "samples_seens": 225575,
            "categorial_accuracy": 0.8452127659067195,
            "top_2_accuracy": 0.9429255320163483,
            "epoch": 2
        },
        {
            "loss": 0.45188095744619977,
            "task": 5,
            "samples_seens": 234598,
            "categorial_accuracy": 0.8483510639819694,
            "top_2_accuracy": 0.9465957447823058,
            "epoch": 2
        },
        {
            "loss": 0.44967390237970556,
            "task": 6,
            "samples_seens": 243621,
            "categorial_accuracy": 0.8498936171227313,
            "top_2_accuracy": 0.9454787233028006,
            "epoch": 2
        },
        {
            "loss": 0.4510359097034373,
            "task": 7,
            "samples_seens": 252644,
            "categorial_accuracy": 0.8520212765450174,
            "top_2_accuracy": 0.9479255318134389,
            "epoch": 2
        },
        {
            "loss": 0.43944251577904886,
            "task": 8,
            "samples_seens": 261667,
            "categorial_accuracy": 0.8535638297365067,
            "top_2_accuracy": 0.9488297873354973,
            "epoch": 2
        },
        {
            "loss": 0.44188822239003284,
            "task": 9,
            "samples_seens": 270690,
            "categorial_accuracy": 0.8487765957446809,
            "top_2_accuracy": 0.949148936068758,
            "epoch": 2
        }
    ]
}