{
    "name": "id1_t25_unsorted",
    "task_count": 25,
    "id": 1,
    "results": [
        {
            "loss": 2.831135635173067,
            "task": 0,
            "samples_seens": 3609,
            "categorial_accuracy": 0.27005319150204354,
            "top_2_accuracy": 0.39569148931097475,
            "epoch": 0
        },
        {
            "loss": 1.8383919296873377,
            "task": 1,
            "samples_seens": 7218,
            "categorial_accuracy": 0.48175531917429987,
            "top_2_accuracy": 0.6481382979230678,
            "epoch": 0
        },
        {
            "loss": 1.619440770859414,
            "task": 2,
            "samples_seens": 10827,
            "categorial_accuracy": 0.5243617020769322,
            "top_2_accuracy": 0.7158510637283325,
            "epoch": 0
        },
        {
            "loss": 1.408332947467236,
            "task": 3,
            "samples_seens": 14436,
            "categorial_accuracy": 0.5956382977201583,
            "top_2_accuracy": 0.7577659573453538,
            "epoch": 0
        },
        {
            "loss": 1.0859946464984975,
            "task": 4,
            "samples_seens": 18045,
            "categorial_accuracy": 0.6817021278117565,
            "top_2_accuracy": 0.8218617021783869,
            "epoch": 0
        },
        {
            "loss": 0.9882345475541784,
            "task": 5,
            "samples_seens": 21654,
            "categorial_accuracy": 0.7027127658052648,
            "top_2_accuracy": 0.8462765957446808,
            "epoch": 0
        },
        {
            "loss": 0.9466245373766473,
            "task": 6,
            "samples_seens": 25263,
            "categorial_accuracy": 0.7093617020262049,
            "top_2_accuracy": 0.857127659422286,
            "epoch": 0
        },
        {
            "loss": 0.8909728186688525,
            "task": 7,
            "samples_seens": 28872,
            "categorial_accuracy": 0.7366489362716675,
            "top_2_accuracy": 0.8700000000507273,
            "epoch": 0
        },
        {
            "loss": 0.7950490311866111,
            "task": 8,
            "samples_seens": 32481,
            "categorial_accuracy": 0.7540425533436714,
            "top_2_accuracy": 0.8828723402733498,
            "epoch": 0
        },
        {
            "loss": 0.8410119688764531,
            "task": 9,
            "samples_seens": 36090,
            "categorial_accuracy": 0.749042553140762,
            "top_2_accuracy": 0.8793085106890253,
            "epoch": 0
        },
        {
            "loss": 0.7452259861662033,
            "task": 10,
            "samples_seens": 39699,
            "categorial_accuracy": 0.772446808459911,
            "top_2_accuracy": 0.8986702128166848,
            "epoch": 0
        },
        {
            "loss": 0.7058133623447824,
            "task": 11,
            "samples_seens": 43308,
            "categorial_accuracy": 0.7798404254304602,
            "top_2_accuracy": 0.9040957447823058,
            "epoch": 0
        },
        {
            "loss": 0.6963935892632667,
            "task": 12,
            "samples_seens": 46917,
            "categorial_accuracy": 0.7863829787234042,
            "top_2_accuracy": 0.9079255317627115,
            "epoch": 0
        },
        {
            "loss": 0.6875482189401667,
            "task": 13,
            "samples_seens": 50526,
            "categorial_accuracy": 0.7872872340425532,
            "top_2_accuracy": 0.9103191490883523,
            "epoch": 0
        },
        {
            "loss": 0.6628833702777295,
            "task": 14,
            "samples_seens": 54135,
            "categorial_accuracy": 0.7923404253797328,
            "top_2_accuracy": 0.9097872340932806,
            "epoch": 0
        },
        {
            "loss": 0.6398187277164865,
            "task": 15,
            "samples_seens": 57744,
            "categorial_accuracy": 0.7971276597266501,
            "top_2_accuracy": 0.9182978721882434,
            "epoch": 0
        },
        {
            "loss": 0.6412946992732109,
            "task": 16,
            "samples_seens": 61353,
            "categorial_accuracy": 0.796063829787234,
            "top_2_accuracy": 0.9162234041031371,
            "epoch": 0
        },
        {
            "loss": 0.6258273988581718,
            "task": 17,
            "samples_seens": 64962,
            "categorial_accuracy": 0.8031382977708857,
            "top_2_accuracy": 0.9178723405777139,
            "epoch": 0
        },
        {
            "loss": 0.608867866637859,
            "task": 18,
            "samples_seens": 68571,
            "categorial_accuracy": 0.8052127658559921,
            "top_2_accuracy": 0.9205851065351608,
            "epoch": 0
        },
        {
            "loss": 0.5998450106255552,
            "task": 19,
            "samples_seens": 72180,
            "categorial_accuracy": 0.8052659574975358,
            "top_2_accuracy": 0.9207446808510639,
            "epoch": 0
        },
        {
            "loss": 0.6014209535781373,
            "task": 20,
            "samples_seens": 75789,
            "categorial_accuracy": 0.807606382927996,
            "top_2_accuracy": 0.9232446808003365,
            "epoch": 0
        },
        {
            "loss": 0.7629225902861737,
            "task": 21,
            "samples_seens": 79398,
            "categorial_accuracy": 0.7673936169705492,
            "top_2_accuracy": 0.8887234041031371,
            "epoch": 0
        },
        {
            "loss": 0.5772204253521371,
            "task": 22,
            "samples_seens": 83007,
            "categorial_accuracy": 0.8153191490376249,
            "top_2_accuracy": 0.9259574469606927,
            "epoch": 0
        },
        {
            "loss": 0.5759422770205964,
            "task": 23,
            "samples_seens": 86616,
            "categorial_accuracy": 0.8143617021783869,
            "top_2_accuracy": 0.9275531915908164,
            "epoch": 0
        },
        {
            "loss": 0.5771031549889991,
            "task": 24,
            "samples_seens": 90225,
            "categorial_accuracy": 0.8177659575482632,
            "top_2_accuracy": 0.9253191488854429,
            "epoch": 0
        },
        {
            "loss": 0.5500283593066195,
            "task": 0,
            "samples_seens": 93834,
            "categorial_accuracy": 0.8238297870818605,
            "top_2_accuracy": 0.9297340426546462,
            "epoch": 1
        },
        {
            "loss": 0.5763938782062936,
            "task": 1,
            "samples_seens": 97443,
            "categorial_accuracy": 0.8187765957954082,
            "top_2_accuracy": 0.9296808510638298,
            "epoch": 1
        },
        {
            "loss": 0.5533520939755947,
            "task": 2,
            "samples_seens": 101052,
            "categorial_accuracy": 0.8215957445793963,
            "top_2_accuracy": 0.9288297873862246,
            "epoch": 1
        },
        {
            "loss": 0.5449510918779576,
            "task": 3,
            "samples_seens": 104661,
            "categorial_accuracy": 0.8236702126645027,
            "top_2_accuracy": 0.93117021271523,
            "epoch": 1
        },
        {
            "loss": 0.5337746491838009,
            "task": 4,
            "samples_seens": 108270,
            "categorial_accuracy": 0.8268617022798417,
            "top_2_accuracy": 0.9340957446301237,
            "epoch": 1
        },
        {
            "loss": 0.5347894074054474,
            "task": 5,
            "samples_seens": 111879,
            "categorial_accuracy": 0.8238297872340425,
            "top_2_accuracy": 0.9343617022798416,
            "epoch": 1
        },
        {
            "loss": 0.5291617421393698,
            "task": 6,
            "samples_seens": 115488,
            "categorial_accuracy": 0.8271808509116477,
            "top_2_accuracy": 0.9362234042553191,
            "epoch": 1
        },
        {
            "loss": 0.5544858896225057,
            "task": 7,
            "samples_seens": 119097,
            "categorial_accuracy": 0.8171808511652845,
            "top_2_accuracy": 0.9288829788248589,
            "epoch": 1
        },
        {
            "loss": 0.5184847482975493,
            "task": 8,
            "samples_seens": 122706,
            "categorial_accuracy": 0.8242021275073924,
            "top_2_accuracy": 0.9355319150457991,
            "epoch": 1
        },
        {
            "loss": 0.513458077222743,
            "task": 9,
            "samples_seens": 126315,
            "categorial_accuracy": 0.827872340577714,
            "top_2_accuracy": 0.936382978672677,
            "epoch": 1
        },
        {
            "loss": 0.5750904037090058,
            "task": 10,
            "samples_seens": 129924,
            "categorial_accuracy": 0.81297872350571,
            "top_2_accuracy": 0.9265425531914894,
            "epoch": 1
        },
        {
            "loss": 0.5250505841539261,
            "task": 11,
            "samples_seens": 133533,
            "categorial_accuracy": 0.8288297873862246,
            "top_2_accuracy": 0.93297872350571,
            "epoch": 1
        },
        {
            "loss": 0.5214520484082242,
            "task": 12,
            "samples_seens": 137142,
            "categorial_accuracy": 0.8289361703142206,
            "top_2_accuracy": 0.9336702126137754,
            "epoch": 1
        },
        {
            "loss": 0.5017052144699908,
            "task": 13,
            "samples_seens": 140751,
            "categorial_accuracy": 0.8362234041538644,
            "top_2_accuracy": 0.9380851064844334,
            "epoch": 1
        },
        {
            "loss": 0.4926283747338234,
            "task": 14,
            "samples_seens": 144360,
            "categorial_accuracy": 0.8371276596759228,
            "top_2_accuracy": 0.9387234043567738,
            "epoch": 1
        },
        {
            "loss": 0.5034045283591494,
            "task": 15,
            "samples_seens": 147969,
            "categorial_accuracy": 0.8374468085106384,
            "top_2_accuracy": 0.9397872339918258,
            "epoch": 1
        },
        {
            "loss": 0.4999114168958461,
            "task": 16,
            "samples_seens": 151578,
            "categorial_accuracy": 0.8324468083584562,
            "top_2_accuracy": 0.939946808612093,
            "epoch": 1
        },
        {
            "loss": 0.4855270272366544,
            "task": 17,
            "samples_seens": 155187,
            "categorial_accuracy": 0.8421276596251954,
            "top_2_accuracy": 0.9431382978216131,
            "epoch": 1
        },
        {
            "loss": 0.4934700596839824,
            "task": 18,
            "samples_seens": 158796,
            "categorial_accuracy": 0.8357978721882434,
            "top_2_accuracy": 0.9403723403240772,
            "epoch": 1
        },
        {
            "loss": 0.49497666549175345,
            "task": 19,
            "samples_seens": 162405,
            "categorial_accuracy": 0.8354787235057101,
            "top_2_accuracy": 0.9397872341440079,
            "epoch": 1
        },
        {
            "loss": 0.4935027470233593,
            "task": 20,
            "samples_seens": 166014,
            "categorial_accuracy": 0.8354787234549826,
            "top_2_accuracy": 0.9400531915908165,
            "epoch": 1
        },
        {
            "loss": 0.48814091296906165,
            "task": 21,
            "samples_seens": 169623,
            "categorial_accuracy": 0.8392553191996636,
            "top_2_accuracy": 0.9406914893109748,
            "epoch": 1
        },
        {
            "loss": 0.48610510724656125,
            "task": 22,
            "samples_seens": 173232,
            "categorial_accuracy": 0.8406382978723405,
            "top_2_accuracy": 0.9417021276088471,
            "epoch": 1
        },
        {
            "loss": 0.48744404199275565,
            "task": 23,
            "samples_seens": 176841,
            "categorial_accuracy": 0.8370212765957447,
            "top_2_accuracy": 0.9392021277610292,
            "epoch": 1
        },
        {
            "loss": 0.49134531135254716,
            "task": 24,
            "samples_seens": 180450,
            "categorial_accuracy": 0.8402127658559921,
            "top_2_accuracy": 0.9383510639312419,
            "epoch": 1
        },
        {
            "loss": 0.5247593129442093,
            "task": 0,
            "samples_seens": 184059,
            "categorial_accuracy": 0.8304255318134389,
            "top_2_accuracy": 0.9343617022798416,
            "epoch": 2
        },
        {
            "loss": 0.4777977611409857,
            "task": 1,
            "samples_seens": 187668,
            "categorial_accuracy": 0.8418085107904799,
            "top_2_accuracy": 0.9411170212258684,
            "epoch": 2
        },
        {
            "loss": 0.47061044467256424,
            "task": 2,
            "samples_seens": 191277,
            "categorial_accuracy": 0.8444680851063829,
            "top_2_accuracy": 0.9430851063322514,
            "epoch": 2
        },
        {
            "loss": 0.475235260750385,
            "task": 3,
            "samples_seens": 194886,
            "categorial_accuracy": 0.8416489360180307,
            "top_2_accuracy": 0.942819149037625,
            "epoch": 2
        },
        {
            "loss": 0.4943485532415674,
            "task": 4,
            "samples_seens": 198495,
            "categorial_accuracy": 0.8397340425531915,
            "top_2_accuracy": 0.9391489361194854,
            "epoch": 2
        },
        {
            "loss": 0.468955653550777,
            "task": 5,
            "samples_seens": 202104,
            "categorial_accuracy": 0.8434574469099654,
            "top_2_accuracy": 0.9441489360180307,
            "epoch": 2
        },
        {
            "loss": 0.46944215533581185,
            "task": 6,
            "samples_seens": 205713,
            "categorial_accuracy": 0.8427659574468085,
            "top_2_accuracy": 0.9455319149950717,
            "epoch": 2
        },
        {
            "loss": 0.474918584772881,
            "task": 7,
            "samples_seens": 209322,
            "categorial_accuracy": 0.8459042551669669,
            "top_2_accuracy": 0.9452659573960811,
            "epoch": 2
        },
        {
            "loss": 0.46796828817813957,
            "task": 8,
            "samples_seens": 212931,
            "categorial_accuracy": 0.8432978724418803,
            "top_2_accuracy": 0.9430851063322514,
            "epoch": 2
        },
        {
            "loss": 0.46493486051863814,
            "task": 9,
            "samples_seens": 216540,
            "categorial_accuracy": 0.8465957448330331,
            "top_2_accuracy": 0.9453191490376249,
            "epoch": 2
        },
        {
            "loss": 0.4705213470915531,
            "task": 10,
            "samples_seens": 220149,
            "categorial_accuracy": 0.8444680851063829,
            "top_2_accuracy": 0.9434042554206037,
            "epoch": 2
        },
        {
            "loss": 0.4668706081522272,
            "task": 11,
            "samples_seens": 223758,
            "categorial_accuracy": 0.8474999998985453,
            "top_2_accuracy": 0.9438829786219496,
            "epoch": 2
        },
        {
            "loss": 0.4665841028284519,
            "task": 12,
            "samples_seens": 227367,
            "categorial_accuracy": 0.8446808512160119,
            "top_2_accuracy": 0.9445744681865611,
            "epoch": 2
        },
        {
            "loss": 0.48111715562800145,
            "task": 13,
            "samples_seens": 230976,
            "categorial_accuracy": 0.8401063830801782,
            "top_2_accuracy": 0.9434574469099654,
            "epoch": 2
        },
        {
            "loss": 0.4581404299178022,
            "task": 14,
            "samples_seens": 234585,
            "categorial_accuracy": 0.8487234042045918,
            "top_2_accuracy": 0.9463297871833152,
            "epoch": 2
        },
        {
            "loss": 0.49562721219468625,
            "task": 15,
            "samples_seens": 238194,
            "categorial_accuracy": 0.8398404253797328,
            "top_2_accuracy": 0.941382978672677,
            "epoch": 2
        },
        {
            "loss": 0.469700650712277,
            "task": 16,
            "samples_seens": 241803,
            "categorial_accuracy": 0.8451595745695398,
            "top_2_accuracy": 0.9456914894631568,
            "epoch": 2
        },
        {
            "loss": 0.45320956034863247,
            "task": 17,
            "samples_seens": 245412,
            "categorial_accuracy": 0.8488297870818605,
            "top_2_accuracy": 0.9459574469606927,
            "epoch": 2
        },
        {
            "loss": 0.4546054465466357,
            "task": 18,
            "samples_seens": 249021,
            "categorial_accuracy": 0.8482446808510639,
            "top_2_accuracy": 0.9477659575482632,
            "epoch": 2
        },
        {
            "loss": 0.4545263187428738,
            "task": 19,
            "samples_seens": 252630,
            "categorial_accuracy": 0.8489893618543097,
            "top_2_accuracy": 0.9470744679836517,
            "epoch": 2
        },
        {
            "loss": 0.4516529772636738,
            "task": 20,
            "samples_seens": 256239,
            "categorial_accuracy": 0.8505851063322514,
            "top_2_accuracy": 0.9472872339410985,
            "epoch": 2
        },
        {
            "loss": 0.4578780363468414,
            "task": 21,
            "samples_seens": 259848,
            "categorial_accuracy": 0.8474468084091836,
            "top_2_accuracy": 0.9459042554206036,
            "epoch": 2
        },
        {
            "loss": 0.44876908520434766,
            "task": 22,
            "samples_seens": 263457,
            "categorial_accuracy": 0.849414893566294,
            "top_2_accuracy": 0.9477659575482632,
            "epoch": 2
        },
        {
            "loss": 0.44934337806194385,
            "task": 23,
            "samples_seens": 267066,
            "categorial_accuracy": 0.8485106381456903,
            "top_2_accuracy": 0.9462234043567739,
            "epoch": 2
        },
        {
            "loss": 0.4614279644540016,
            "task": 24,
            "samples_seens": 270675,
            "categorial_accuracy": 0.8486702128166848,
            "top_2_accuracy": 0.9473936169705492,
            "epoch": 2
        }
    ]
}