{
    "name": "id1_t10_unsorted",
    "task_count": 10,
    "id": 1,
    "results": [
        {
            "loss": 1.7137530493228994,
            "task": 0,
            "samples_seens": 9023,
            "categorial_accuracy": 0.5570212765450173,
            "top_2_accuracy": 0.7141489362716675,
            "epoch": 0
        },
        {
            "loss": 1.0610684714418777,
            "task": 1,
            "samples_seens": 18046,
            "categorial_accuracy": 0.691968085258565,
            "top_2_accuracy": 0.8371276594730134,
            "epoch": 0
        },
        {
            "loss": 0.8521367229806616,
            "task": 2,
            "samples_seens": 27069,
            "categorial_accuracy": 0.7441489360687581,
            "top_2_accuracy": 0.8737765955924988,
            "epoch": 0
        },
        {
            "loss": 0.7465585620859836,
            "task": 3,
            "samples_seens": 36092,
            "categorial_accuracy": 0.7692553190982088,
            "top_2_accuracy": 0.8951063831309055,
            "epoch": 0
        },
        {
            "loss": 0.7107559647458664,
            "task": 4,
            "samples_seens": 45115,
            "categorial_accuracy": 0.776436170364948,
            "top_2_accuracy": 0.9001063828772687,
            "epoch": 0
        },
        {
            "loss": 0.659859240156539,
            "task": 5,
            "samples_seens": 54138,
            "categorial_accuracy": 0.7948404254811875,
            "top_2_accuracy": 0.9109042552684216,
            "epoch": 0
        },
        {
            "loss": 0.6208473248177386,
            "task": 6,
            "samples_seens": 63161,
            "categorial_accuracy": 0.8024999998985453,
            "top_2_accuracy": 0.9205319147414349,
            "epoch": 0
        },
        {
            "loss": 0.597361377071827,
            "task": 7,
            "samples_seens": 72184,
            "categorial_accuracy": 0.8113829786219495,
            "top_2_accuracy": 0.923510638399327,
            "epoch": 0
        },
        {
            "loss": 0.5854187598634274,
            "task": 8,
            "samples_seens": 81207,
            "categorial_accuracy": 0.8116489360687581,
            "top_2_accuracy": 0.924468085106383,
            "epoch": 0
        },
        {
            "loss": 0.5531213157481336,
            "task": 9,
            "samples_seens": 90230,
            "categorial_accuracy": 0.8192553189967541,
            "top_2_accuracy": 0.9304255320670757,
            "epoch": 0
        },
        {
            "loss": 0.541092085356408,
            "task": 0,
            "samples_seens": 99253,
            "categorial_accuracy": 0.8261170211244137,
            "top_2_accuracy": 0.93117021271523,
            "epoch": 1
        },
        {
            "loss": 0.5333122727465123,
            "task": 1,
            "samples_seens": 108276,
            "categorial_accuracy": 0.8247340426039188,
            "top_2_accuracy": 0.9337765958461356,
            "epoch": 1
        },
        {
            "loss": 0.5258051415707202,
            "task": 2,
            "samples_seens": 117299,
            "categorial_accuracy": 0.8281382979230678,
            "top_2_accuracy": 0.9365425532929441,
            "epoch": 1
        },
        {
            "loss": 0.5110065598437127,
            "task": 3,
            "samples_seens": 126322,
            "categorial_accuracy": 0.8335638298886887,
            "top_2_accuracy": 0.9388297871325878,
            "epoch": 1
        },
        {
            "loss": 0.5061087864510556,
            "task": 4,
            "samples_seens": 135345,
            "categorial_accuracy": 0.8345744682372884,
            "top_2_accuracy": 0.9379787233535279,
            "epoch": 1
        },
        {
            "loss": 0.5088128232702296,
            "task": 5,
            "samples_seens": 144368,
            "categorial_accuracy": 0.8270744682372885,
            "top_2_accuracy": 0.9378723405269866,
            "epoch": 1
        },
        {
            "loss": 0.4934374038462943,
            "task": 6,
            "samples_seens": 153391,
            "categorial_accuracy": 0.836436170212766,
            "top_2_accuracy": 0.9403723403748045,
            "epoch": 1
        },
        {
            "loss": 0.47909468917136494,
            "task": 7,
            "samples_seens": 162414,
            "categorial_accuracy": 0.8430319148936171,
            "top_2_accuracy": 0.9423404256840969,
            "epoch": 1
        },
        {
            "loss": 0.4836000844772826,
            "task": 8,
            "samples_seens": 171437,
            "categorial_accuracy": 0.8388297870818605,
            "top_2_accuracy": 0.9413297871833152,
            "epoch": 1
        },
        {
            "loss": 0.48828415193456287,
            "task": 9,
            "samples_seens": 180460,
            "categorial_accuracy": 0.839414893566294,
            "top_2_accuracy": 0.9402659573453538,
            "epoch": 1
        },
        {
            "loss": 0.4730039919437246,
            "task": 0,
            "samples_seens": 189483,
            "categorial_accuracy": 0.8455851063829787,
            "top_2_accuracy": 0.9421808512160118,
            "epoch": 2
        },
        {
            "loss": 0.4716973312104002,
            "task": 1,
            "samples_seens": 198506,
            "categorial_accuracy": 0.8443617020769322,
            "top_2_accuracy": 0.941914893718476,
            "epoch": 2
        },
        {
            "loss": 0.4588235868545289,
            "task": 2,
            "samples_seens": 207529,
            "categorial_accuracy": 0.8482978724418803,
            "top_2_accuracy": 0.9467553190474814,
            "epoch": 2
        },
        {
            "loss": 0.4553890913598081,
            "task": 3,
            "samples_seens": 216552,
            "categorial_accuracy": 0.8488297872340426,
            "top_2_accuracy": 0.9465957448330331,
            "epoch": 2
        },
        {
            "loss": 0.4581943561168427,
            "task": 4,
            "samples_seens": 225575,
            "categorial_accuracy": 0.8481382980245225,
            "top_2_accuracy": 0.9465425532929441,
            "epoch": 2
        },
        {
            "loss": 0.45060636205876126,
            "task": 5,
            "samples_seens": 234598,
            "categorial_accuracy": 0.850000000152182,
            "top_2_accuracy": 0.9474999999492727,
            "epoch": 2
        },
        {
            "loss": 0.45338300230655265,
            "task": 6,
            "samples_seens": 243621,
            "categorial_accuracy": 0.8502127659574468,
            "top_2_accuracy": 0.9484574469606927,
            "epoch": 2
        },
        {
            "loss": 0.4535113299907522,
            "task": 7,
            "samples_seens": 252644,
            "categorial_accuracy": 0.8484042552684216,
            "top_2_accuracy": 0.9478723403748046,
            "epoch": 2
        },
        {
            "loss": 0.45501122228642726,
            "task": 8,
            "samples_seens": 261667,
            "categorial_accuracy": 0.8487765957446809,
            "top_2_accuracy": 0.9457446810032459,
            "epoch": 2
        },
        {
            "loss": 0.450911473619177,
            "task": 9,
            "samples_seens": 270690,
            "categorial_accuracy": 0.8488297872340426,
            "top_2_accuracy": 0.9489361701620386,
            "epoch": 2
        }
    ]
}