{
    "name": "id1_t5_unsorted",
    "task_count": 5,
    "id": 1,
    "results": [
        {
            "loss": 1.080365774885137,
            "task": 0,
            "samples_seens": 18047,
            "categorial_accuracy": 0.6851063828265413,
            "top_2_accuracy": 0.8333510639312419,
            "epoch": 0
        },
        {
            "loss": 0.7511964104023385,
            "task": 1,
            "samples_seens": 36094,
            "categorial_accuracy": 0.7667021278117565,
            "top_2_accuracy": 0.893404255471331,
            "epoch": 0
        },
        {
            "loss": 0.6594260235542947,
            "task": 2,
            "samples_seens": 54141,
            "categorial_accuracy": 0.7891489362716675,
            "top_2_accuracy": 0.9126063830801782,
            "epoch": 0
        },
        {
            "loss": 0.5990257423989316,
            "task": 3,
            "samples_seens": 72188,
            "categorial_accuracy": 0.8081914895138842,
            "top_2_accuracy": 0.9230851063829787,
            "epoch": 0
        },
        {
            "loss": 0.5533259564764956,
            "task": 4,
            "samples_seens": 90235,
            "categorial_accuracy": 0.8217553192503909,
            "top_2_accuracy": 0.9307978724926076,
            "epoch": 0
        },
        {
            "loss": 0.5294007327962429,
            "task": 0,
            "samples_seens": 108282,
            "categorial_accuracy": 0.8307978722389708,
            "top_2_accuracy": 0.9344680852078376,
            "epoch": 1
        },
        {
            "loss": 0.506550314198149,
            "task": 1,
            "samples_seens": 126329,
            "categorial_accuracy": 0.8326595744173577,
            "top_2_accuracy": 0.9380851064844334,
            "epoch": 1
        },
        {
            "loss": 0.4959613769612414,
            "task": 2,
            "samples_seens": 144376,
            "categorial_accuracy": 0.8345744679329243,
            "top_2_accuracy": 0.9386170212258684,
            "epoch": 1
        },
        {
            "loss": 0.47943781406321423,
            "task": 3,
            "samples_seens": 162423,
            "categorial_accuracy": 0.8394680851571104,
            "top_2_accuracy": 0.9423936169198219,
            "epoch": 1
        },
        {
            "loss": 0.47587274977501404,
            "task": 4,
            "samples_seens": 180470,
            "categorial_accuracy": 0.8432446810032459,
            "top_2_accuracy": 0.9422340424517368,
            "epoch": 1
        },
        {
            "loss": 0.4785600978262881,
            "task": 0,
            "samples_seens": 198517,
            "categorial_accuracy": 0.8415957445793963,
            "top_2_accuracy": 0.9438829786726769,
            "epoch": 2
        },
        {
            "loss": 0.4613789072442562,
            "task": 1,
            "samples_seens": 216564,
            "categorial_accuracy": 0.8442021277103018,
            "top_2_accuracy": 0.9447872339410984,
            "epoch": 2
        },
        {
            "loss": 0.45211716542852687,
            "task": 2,
            "samples_seens": 234611,
            "categorial_accuracy": 0.8492021278117565,
            "top_2_accuracy": 0.9481914894631568,
            "epoch": 2
        },
        {
            "loss": 0.45085193811578955,
            "task": 3,
            "samples_seens": 252658,
            "categorial_accuracy": 0.8467021277103018,
            "top_2_accuracy": 0.947606382927996,
            "epoch": 2
        },
        {
            "loss": 0.4411195093266507,
            "task": 4,
            "samples_seens": 270705,
            "categorial_accuracy": 0.8538297873354973,
            "top_2_accuracy": 0.9490957445793964,
            "epoch": 2
        }
    ]
}