{
    "name": "id2_t5_unsorted",
    "task_count": 5,
    "id": 2,
    "results": [
        {
            "loss": 1.178714667482579,
            "task": 0,
            "samples_seens": 18047,
            "categorial_accuracy": 0.6696808510131025,
            "top_2_accuracy": 0.8149999998478179,
            "epoch": 0
        },
        {
            "loss": 0.7545503674162195,
            "task": 1,
            "samples_seens": 36094,
            "categorial_accuracy": 0.7663829786726769,
            "top_2_accuracy": 0.8953723404762592,
            "epoch": 0
        },
        {
            "loss": 0.6277428683321526,
            "task": 2,
            "samples_seens": 54141,
            "categorial_accuracy": 0.8051595743666304,
            "top_2_accuracy": 0.9171276595237408,
            "epoch": 0
        },
        {
            "loss": 0.5859201039151942,
            "task": 3,
            "samples_seens": 72188,
            "categorial_accuracy": 0.8136702128166848,
            "top_2_accuracy": 0.9255851063829788,
            "epoch": 0
        },
        {
            "loss": 0.5481596526440153,
            "task": 4,
            "samples_seens": 90235,
            "categorial_accuracy": 0.8228723403748046,
            "top_2_accuracy": 0.9312765956939535,
            "epoch": 0
        },
        {
            "loss": 0.5296132926484372,
            "task": 0,
            "samples_seens": 108282,
            "categorial_accuracy": 0.827925531965621,
            "top_2_accuracy": 0.9339893618035824,
            "epoch": 1
        },
        {
            "loss": 0.5076650983475625,
            "task": 1,
            "samples_seens": 126329,
            "categorial_accuracy": 0.8349468083584562,
            "top_2_accuracy": 0.9370212766971994,
            "epoch": 1
        },
        {
            "loss": 0.4933339009640065,
            "task": 2,
            "samples_seens": 144376,
            "categorial_accuracy": 0.8367553191489362,
            "top_2_accuracy": 0.9392021277610292,
            "epoch": 1
        },
        {
            "loss": 0.4785319206816085,
            "task": 3,
            "samples_seens": 162423,
            "categorial_accuracy": 0.8405851064844334,
            "top_2_accuracy": 0.9414893618035823,
            "epoch": 1
        },
        {
            "loss": 0.4761611370583798,
            "task": 4,
            "samples_seens": 180470,
            "categorial_accuracy": 0.8437234043567738,
            "top_2_accuracy": 0.9439361703142207,
            "epoch": 1
        },
        {
            "loss": 0.4644651960058415,
            "task": 0,
            "samples_seens": 198517,
            "categorial_accuracy": 0.849521276646472,
            "top_2_accuracy": 0.9459574469099653,
            "epoch": 2
        },
        {
            "loss": 0.4612793296195091,
            "task": 1,
            "samples_seens": 216564,
            "categorial_accuracy": 0.8449999999492727,
            "top_2_accuracy": 0.9441489362716675,
            "epoch": 2
        },
        {
            "loss": 0.4500491790822212,
            "task": 2,
            "samples_seens": 234611,
            "categorial_accuracy": 0.8507446810032459,
            "top_2_accuracy": 0.9453191490376249,
            "epoch": 2
        },
        {
            "loss": 0.44488765845907496,
            "task": 3,
            "samples_seens": 252658,
            "categorial_accuracy": 0.8511702127152301,
            "top_2_accuracy": 0.9476063830801781,
            "epoch": 2
        },
        {
            "loss": 0.4501454932131666,
            "task": 4,
            "samples_seens": 270705,
            "categorial_accuracy": 0.8492021276088471,
            "top_2_accuracy": 0.947446808612093,
            "epoch": 2
        }
    ]
}