{
    "name": "id2_t25_unsorted",
    "task_count": 25,
    "id": 2,
    "results": [
        {
            "loss": 2.9451148372000837,
            "task": 0,
            "samples_seens": 3609,
            "categorial_accuracy": 0.23627659579540822,
            "top_2_accuracy": 0.3812765956685898,
            "epoch": 0
        },
        {
            "loss": 2.1782231663643046,
            "task": 1,
            "samples_seens": 7218,
            "categorial_accuracy": 0.3891489362209401,
            "top_2_accuracy": 0.5422872340425532,
            "epoch": 0
        },
        {
            "loss": 1.5424807579973911,
            "task": 2,
            "samples_seens": 10827,
            "categorial_accuracy": 0.5608510639819693,
            "top_2_accuracy": 0.7231914892602475,
            "epoch": 0
        },
        {
            "loss": 1.4462545239671747,
            "task": 3,
            "samples_seens": 14436,
            "categorial_accuracy": 0.5823936170212766,
            "top_2_accuracy": 0.7497340427053736,
            "epoch": 0
        },
        {
            "loss": 1.2619780258422202,
            "task": 4,
            "samples_seens": 18045,
            "categorial_accuracy": 0.6215425530900347,
            "top_2_accuracy": 0.7893085105368431,
            "epoch": 0
        },
        {
            "loss": 1.0860265653691392,
            "task": 5,
            "samples_seens": 21654,
            "categorial_accuracy": 0.6898936171734587,
            "top_2_accuracy": 0.8393617022798416,
            "epoch": 0
        },
        {
            "loss": 0.904305174553648,
            "task": 6,
            "samples_seens": 25263,
            "categorial_accuracy": 0.7256382977708857,
            "top_2_accuracy": 0.8640425531407621,
            "epoch": 0
        },
        {
            "loss": 1.0065993347066513,
            "task": 7,
            "samples_seens": 28872,
            "categorial_accuracy": 0.7035638299394161,
            "top_2_accuracy": 0.8488297871833151,
            "epoch": 0
        },
        {
            "loss": 0.8509070346203256,
            "task": 8,
            "samples_seens": 32481,
            "categorial_accuracy": 0.7481914894124295,
            "top_2_accuracy": 0.8825531913371796,
            "epoch": 0
        },
        {
            "loss": 0.785821304016925,
            "task": 9,
            "samples_seens": 36090,
            "categorial_accuracy": 0.7589361702634934,
            "top_2_accuracy": 0.8838297871833152,
            "epoch": 0
        },
        {
            "loss": 0.756398891844648,
            "task": 10,
            "samples_seens": 39699,
            "categorial_accuracy": 0.7694148937692034,
            "top_2_accuracy": 0.8934574469606927,
            "epoch": 0
        },
        {
            "loss": 0.7744358874381857,
            "task": 11,
            "samples_seens": 43308,
            "categorial_accuracy": 0.7578191488347155,
            "top_2_accuracy": 0.8909042551669669,
            "epoch": 0
        },
        {
            "loss": 0.7180993167390215,
            "task": 12,
            "samples_seens": 46917,
            "categorial_accuracy": 0.7779787233028006,
            "top_2_accuracy": 0.9011702127659574,
            "epoch": 0
        },
        {
            "loss": 0.6846056774829297,
            "task": 13,
            "samples_seens": 50526,
            "categorial_accuracy": 0.7836702127152301,
            "top_2_accuracy": 0.903936170212766,
            "epoch": 0
        },
        {
            "loss": 0.660972609722868,
            "task": 14,
            "samples_seens": 54135,
            "categorial_accuracy": 0.7854787232520732,
            "top_2_accuracy": 0.9119680852078377,
            "epoch": 0
        },
        {
            "loss": 0.6573399183597971,
            "task": 15,
            "samples_seens": 57744,
            "categorial_accuracy": 0.7942021277610292,
            "top_2_accuracy": 0.9077127659574468,
            "epoch": 0
        },
        {
            "loss": 0.6324313715670972,
            "task": 16,
            "samples_seens": 61353,
            "categorial_accuracy": 0.7980319149950718,
            "top_2_accuracy": 0.9158510636776052,
            "epoch": 0
        },
        {
            "loss": 0.6271822772127517,
            "task": 17,
            "samples_seens": 64962,
            "categorial_accuracy": 0.8047340426039189,
            "top_2_accuracy": 0.9174468084599109,
            "epoch": 0
        },
        {
            "loss": 0.6421922542693768,
            "task": 18,
            "samples_seens": 68571,
            "categorial_accuracy": 0.7986170212765957,
            "top_2_accuracy": 0.9140425530393073,
            "epoch": 0
        },
        {
            "loss": 0.597893069246982,
            "task": 19,
            "samples_seens": 72180,
            "categorial_accuracy": 0.8099468083584562,
            "top_2_accuracy": 0.921968085106383,
            "epoch": 0
        },
        {
            "loss": 0.5950061858968532,
            "task": 20,
            "samples_seens": 75789,
            "categorial_accuracy": 0.8090957446301237,
            "top_2_accuracy": 0.9247340427053735,
            "epoch": 0
        },
        {
            "loss": 0.5886010023888121,
            "task": 21,
            "samples_seens": 79398,
            "categorial_accuracy": 0.8115957445793963,
            "top_2_accuracy": 0.9240957446301237,
            "epoch": 0
        },
        {
            "loss": 0.6017896754183668,
            "task": 22,
            "samples_seens": 83007,
            "categorial_accuracy": 0.8061170211751411,
            "top_2_accuracy": 0.9215957446301237,
            "epoch": 0
        },
        {
            "loss": 0.5693159536351549,
            "task": 23,
            "samples_seens": 86616,
            "categorial_accuracy": 0.8226595745695399,
            "top_2_accuracy": 0.9303191490376249,
            "epoch": 0
        },
        {
            "loss": 0.5680823070698596,
            "task": 24,
            "samples_seens": 90225,
            "categorial_accuracy": 0.818404255319149,
            "top_2_accuracy": 0.92547872350571,
            "epoch": 0
        },
        {
            "loss": 0.5789358377203028,
            "task": 0,
            "samples_seens": 93834,
            "categorial_accuracy": 0.8149999998478179,
            "top_2_accuracy": 0.9261702128674122,
            "epoch": 1
        },
        {
            "loss": 0.5580313169956207,
            "task": 1,
            "samples_seens": 97443,
            "categorial_accuracy": 0.8210638297365067,
            "top_2_accuracy": 0.9276063830801781,
            "epoch": 1
        },
        {
            "loss": 0.5537436674249933,
            "task": 2,
            "samples_seens": 101052,
            "categorial_accuracy": 0.8252659572946265,
            "top_2_accuracy": 0.9293085105368432,
            "epoch": 1
        },
        {
            "loss": 0.5498919700308049,
            "task": 3,
            "samples_seens": 104661,
            "categorial_accuracy": 0.8254787233028006,
            "top_2_accuracy": 0.932819149037625,
            "epoch": 1
        },
        {
            "loss": 0.5343216709634091,
            "task": 4,
            "samples_seens": 108270,
            "categorial_accuracy": 0.8282978723404255,
            "top_2_accuracy": 0.932021276646472,
            "epoch": 1
        },
        {
            "loss": 0.5352054252776693,
            "task": 5,
            "samples_seens": 111879,
            "categorial_accuracy": 0.8297340426039188,
            "top_2_accuracy": 0.9313297871325878,
            "epoch": 1
        },
        {
            "loss": 0.5448094424034686,
            "task": 6,
            "samples_seens": 115488,
            "categorial_accuracy": 0.8228191488347155,
            "top_2_accuracy": 0.9291489362716675,
            "epoch": 1
        },
        {
            "loss": 0.5257265763333503,
            "task": 7,
            "samples_seens": 119097,
            "categorial_accuracy": 0.8307978722896981,
            "top_2_accuracy": 0.9337234041538645,
            "epoch": 1
        },
        {
            "loss": 0.5223326844611067,
            "task": 8,
            "samples_seens": 122706,
            "categorial_accuracy": 0.8304787235564374,
            "top_2_accuracy": 0.9346276594730134,
            "epoch": 1
        },
        {
            "loss": 0.5161038513132866,
            "task": 9,
            "samples_seens": 126315,
            "categorial_accuracy": 0.8331914893617022,
            "top_2_accuracy": 0.9349468084091835,
            "epoch": 1
        },
        {
            "loss": 0.5225105430471136,
            "task": 10,
            "samples_seens": 129924,
            "categorial_accuracy": 0.829840425684097,
            "top_2_accuracy": 0.9352127660589015,
            "epoch": 1
        },
        {
            "loss": 0.5158105125325791,
            "task": 11,
            "samples_seens": 133533,
            "categorial_accuracy": 0.8347340425531915,
            "top_2_accuracy": 0.9359042554206036,
            "epoch": 1
        },
        {
            "loss": 0.5303235779163685,
            "task": 12,
            "samples_seens": 137142,
            "categorial_accuracy": 0.8303191489868975,
            "top_2_accuracy": 0.9340425530900347,
            "epoch": 1
        },
        {
            "loss": 0.5184196495248916,
            "task": 13,
            "samples_seens": 140751,
            "categorial_accuracy": 0.8331382978216131,
            "top_2_accuracy": 0.934946808459911,
            "epoch": 1
        },
        {
            "loss": 0.5024362907257486,
            "task": 14,
            "samples_seens": 144360,
            "categorial_accuracy": 0.8346276595237407,
            "top_2_accuracy": 0.9388297873354973,
            "epoch": 1
        },
        {
            "loss": 0.5031975653070084,
            "task": 15,
            "samples_seens": 147969,
            "categorial_accuracy": 0.8371808512160118,
            "top_2_accuracy": 0.9410638297365067,
            "epoch": 1
        },
        {
            "loss": 0.5028507519529221,
            "task": 16,
            "samples_seens": 151578,
            "categorial_accuracy": 0.8379255319148936,
            "top_2_accuracy": 0.9383510639312419,
            "epoch": 1
        },
        {
            "loss": 0.503942577889625,
            "task": 17,
            "samples_seens": 155187,
            "categorial_accuracy": 0.8362765955924988,
            "top_2_accuracy": 0.9402127658559921,
            "epoch": 1
        },
        {
            "loss": 0.49540398280671305,
            "task": 18,
            "samples_seens": 158796,
            "categorial_accuracy": 0.8393617022291143,
            "top_2_accuracy": 0.940585106281524,
            "epoch": 1
        },
        {
            "loss": 0.483062400589598,
            "task": 19,
            "samples_seens": 162405,
            "categorial_accuracy": 0.8397340425024641,
            "top_2_accuracy": 0.9425000001014547,
            "epoch": 1
        },
        {
            "loss": 0.48162166501613374,
            "task": 20,
            "samples_seens": 166014,
            "categorial_accuracy": 0.8435638298886887,
            "top_2_accuracy": 0.9426063830801781,
            "epoch": 1
        },
        {
            "loss": 0.48151453710616904,
            "task": 21,
            "samples_seens": 169623,
            "categorial_accuracy": 0.8434574467577833,
            "top_2_accuracy": 0.9417553190474814,
            "epoch": 1
        },
        {
            "loss": 0.49598090643578385,
            "task": 22,
            "samples_seens": 173232,
            "categorial_accuracy": 0.8376063829787234,
            "top_2_accuracy": 0.9412234043567739,
            "epoch": 1
        },
        {
            "loss": 0.48348002730531897,
            "task": 23,
            "samples_seens": 176841,
            "categorial_accuracy": 0.8414893616514003,
            "top_2_accuracy": 0.9421276594730134,
            "epoch": 1
        },
        {
            "loss": 0.4918047784490788,
            "task": 24,
            "samples_seens": 180450,
            "categorial_accuracy": 0.8396808510131024,
            "top_2_accuracy": 0.9406382977708857,
            "epoch": 1
        },
        {
            "loss": 0.5028316655311179,
            "task": 0,
            "samples_seens": 184059,
            "categorial_accuracy": 0.8325000001521821,
            "top_2_accuracy": 0.9399468084091835,
            "epoch": 2
        },
        {
            "loss": 0.48889280854387485,
            "task": 1,
            "samples_seens": 187668,
            "categorial_accuracy": 0.8390425531914893,
            "top_2_accuracy": 0.9416489361194854,
            "epoch": 2
        },
        {
            "loss": 0.47571160253058087,
            "task": 2,
            "samples_seens": 191277,
            "categorial_accuracy": 0.843085106281524,
            "top_2_accuracy": 0.9425000001014547,
            "epoch": 2
        },
        {
            "loss": 0.4887124938153206,
            "task": 3,
            "samples_seens": 194886,
            "categorial_accuracy": 0.8418085107397526,
            "top_2_accuracy": 0.9405319149950717,
            "epoch": 2
        },
        {
            "loss": 0.4903960902386523,
            "task": 4,
            "samples_seens": 198495,
            "categorial_accuracy": 0.8395212765957447,
            "top_2_accuracy": 0.9393085105875705,
            "epoch": 2
        },
        {
            "loss": 0.482396259967317,
            "task": 5,
            "samples_seens": 202104,
            "categorial_accuracy": 0.8431914893617021,
            "top_2_accuracy": 0.942287234144008,
            "epoch": 2
        },
        {
            "loss": 0.4853263943499707,
            "task": 6,
            "samples_seens": 205713,
            "categorial_accuracy": 0.8344680851063829,
            "top_2_accuracy": 0.9413297871325879,
            "epoch": 2
        },
        {
            "loss": 0.46806763867114454,
            "task": 7,
            "samples_seens": 209322,
            "categorial_accuracy": 0.8470744679329243,
            "top_2_accuracy": 0.9451063828772687,
            "epoch": 2
        },
        {
            "loss": 0.4697197583634803,
            "task": 8,
            "samples_seens": 212931,
            "categorial_accuracy": 0.8427659572946264,
            "top_2_accuracy": 0.9437234041538645,
            "epoch": 2
        },
        {
            "loss": 0.46683997580345643,
            "task": 9,
            "samples_seens": 216540,
            "categorial_accuracy": 0.8486702128166848,
            "top_2_accuracy": 0.9437234041538645,
            "epoch": 2
        },
        {
            "loss": 0.47091914671532653,
            "task": 10,
            "samples_seens": 220149,
            "categorial_accuracy": 0.8433510637283326,
            "top_2_accuracy": 0.9436702127152301,
            "epoch": 2
        },
        {
            "loss": 0.4722120354784296,
            "task": 11,
            "samples_seens": 223758,
            "categorial_accuracy": 0.8446808510131024,
            "top_2_accuracy": 0.9440957447823057,
            "epoch": 2
        },
        {
            "loss": 0.4759666609510462,
            "task": 12,
            "samples_seens": 227367,
            "categorial_accuracy": 0.8437765958968629,
            "top_2_accuracy": 0.9436702128674122,
            "epoch": 2
        },
        {
            "loss": 0.451129720134938,
            "task": 13,
            "samples_seens": 230976,
            "categorial_accuracy": 0.8506914893617021,
            "top_2_accuracy": 0.947606382927996,
            "epoch": 2
        },
        {
            "loss": 0.4723691306722925,
            "task": 14,
            "samples_seens": 234585,
            "categorial_accuracy": 0.8456914892095201,
            "top_2_accuracy": 0.9440425530900346,
            "epoch": 2
        },
        {
            "loss": 0.4585551223095427,
            "task": 15,
            "samples_seens": 238194,
            "categorial_accuracy": 0.849095744680851,
            "top_2_accuracy": 0.946382978824859,
            "epoch": 2
        },
        {
            "loss": 0.45124432297463113,
            "task": 16,
            "samples_seens": 241803,
            "categorial_accuracy": 0.8515425530393073,
            "top_2_accuracy": 0.9473936169705492,
            "epoch": 2
        },
        {
            "loss": 0.4581077287298568,
            "task": 17,
            "samples_seens": 245412,
            "categorial_accuracy": 0.8491489360180307,
            "top_2_accuracy": 0.9466489362716675,
            "epoch": 2
        },
        {
            "loss": 0.4617714949110721,
            "task": 18,
            "samples_seens": 249021,
            "categorial_accuracy": 0.8500531914893616,
            "top_2_accuracy": 0.9460638298886888,
            "epoch": 2
        },
        {
            "loss": 0.46597070529105816,
            "task": 19,
            "samples_seens": 252630,
            "categorial_accuracy": 0.8472340425531915,
            "top_2_accuracy": 0.9460106383485997,
            "epoch": 2
        },
        {
            "loss": 0.4500330483406148,
            "task": 20,
            "samples_seens": 256239,
            "categorial_accuracy": 0.8503191489361702,
            "top_2_accuracy": 0.9480319149950718,
            "epoch": 2
        },
        {
            "loss": 0.4538664206291767,
            "task": 21,
            "samples_seens": 259848,
            "categorial_accuracy": 0.8470744681358338,
            "top_2_accuracy": 0.9472340425024641,
            "epoch": 2
        },
        {
            "loss": 0.4567482182066491,
            "task": 22,
            "samples_seens": 263457,
            "categorial_accuracy": 0.8480851062307967,
            "top_2_accuracy": 0.9465957445793963,
            "epoch": 2
        },
        {
            "loss": 0.44279872602604803,
            "task": 23,
            "samples_seens": 267066,
            "categorial_accuracy": 0.8546276596251955,
            "top_2_accuracy": 0.9488297871833152,
            "epoch": 2
        },
        {
            "loss": 0.4775958931953349,
            "task": 24,
            "samples_seens": 270675,
            "categorial_accuracy": 0.8401063829787234,
            "top_2_accuracy": 0.9446808511145571,
            "epoch": 2
        }
    ]
}