{
    "name": "id2_t10_unsorted",
    "task_count": 10,
    "id": 2,
    "results": [
        {
            "loss": 1.720804362702877,
            "task": 0,
            "samples_seens": 9023,
            "categorial_accuracy": 0.5217021277610292,
            "top_2_accuracy": 0.6832446809017911,
            "epoch": 0
        },
        {
            "loss": 1.1395267939060292,
            "task": 1,
            "samples_seens": 18046,
            "categorial_accuracy": 0.6678723405269866,
            "top_2_accuracy": 0.8136170213780505,
            "epoch": 0
        },
        {
            "loss": 0.8849613603632501,
            "task": 2,
            "samples_seens": 27069,
            "categorial_accuracy": 0.7386170211244136,
            "top_2_accuracy": 0.8707978724926076,
            "epoch": 0
        },
        {
            "loss": 0.7778930588478737,
            "task": 3,
            "samples_seens": 36092,
            "categorial_accuracy": 0.7667553189967541,
            "top_2_accuracy": 0.893989361752855,
            "epoch": 0
        },
        {
            "loss": 0.7454597386908024,
            "task": 4,
            "samples_seens": 45115,
            "categorial_accuracy": 0.7669680850556556,
            "top_2_accuracy": 0.8971276594730133,
            "epoch": 0
        },
        {
            "loss": 0.6433852505176625,
            "task": 5,
            "samples_seens": 54138,
            "categorial_accuracy": 0.7974999999492727,
            "top_2_accuracy": 0.9162765957446809,
            "epoch": 0
        },
        {
            "loss": 0.6230478819887689,
            "task": 6,
            "samples_seens": 63161,
            "categorial_accuracy": 0.8072340427053736,
            "top_2_accuracy": 0.9191489361194854,
            "epoch": 0
        },
        {
            "loss": 0.6019934866783466,
            "task": 7,
            "samples_seens": 72184,
            "categorial_accuracy": 0.8105851064844335,
            "top_2_accuracy": 0.9195212767479267,
            "epoch": 0
        },
        {
            "loss": 0.5789981253857308,
            "task": 8,
            "samples_seens": 81207,
            "categorial_accuracy": 0.8162234042045918,
            "top_2_accuracy": 0.9261170214287778,
            "epoch": 0
        },
        {
            "loss": 0.5523502404385424,
            "task": 9,
            "samples_seens": 90230,
            "categorial_accuracy": 0.8256382977708857,
            "top_2_accuracy": 0.930478723353528,
            "epoch": 0
        },
        {
            "loss": 0.5547583196518269,
            "task": 0,
            "samples_seens": 99253,
            "categorial_accuracy": 0.8219680851571103,
            "top_2_accuracy": 0.9293085106890252,
            "epoch": 1
        },
        {
            "loss": 0.5222019307410464,
            "task": 1,
            "samples_seens": 108276,
            "categorial_accuracy": 0.8322340424517368,
            "top_2_accuracy": 0.9364361702634934,
            "epoch": 1
        },
        {
            "loss": 0.5166031629734851,
            "task": 2,
            "samples_seens": 117299,
            "categorial_accuracy": 0.8319680851571103,
            "top_2_accuracy": 0.9344680852585651,
            "epoch": 1
        },
        {
            "loss": 0.5048952297961459,
            "task": 3,
            "samples_seens": 126322,
            "categorial_accuracy": 0.8361702129181395,
            "top_2_accuracy": 0.9361702129181395,
            "epoch": 1
        },
        {
            "loss": 0.4971793854997513,
            "task": 4,
            "samples_seens": 135345,
            "categorial_accuracy": 0.8376063828265413,
            "top_2_accuracy": 0.939042553140762,
            "epoch": 1
        },
        {
            "loss": 0.4969264282317872,
            "task": 5,
            "samples_seens": 144368,
            "categorial_accuracy": 0.8367553190474815,
            "top_2_accuracy": 0.938510638399327,
            "epoch": 1
        },
        {
            "loss": 0.48843605216513286,
            "task": 6,
            "samples_seens": 153391,
            "categorial_accuracy": 0.8376063828772687,
            "top_2_accuracy": 0.941914893718476,
            "epoch": 1
        },
        {
            "loss": 0.4890667042580057,
            "task": 7,
            "samples_seens": 162414,
            "categorial_accuracy": 0.837553191387907,
            "top_2_accuracy": 0.940851063931242,
            "epoch": 1
        },
        {
            "loss": 0.4848434631621584,
            "task": 8,
            "samples_seens": 171437,
            "categorial_accuracy": 0.8389361702634933,
            "top_2_accuracy": 0.9430319149950718,
            "epoch": 1
        },
        {
            "loss": 0.4696875949108854,
            "task": 9,
            "samples_seens": 180460,
            "categorial_accuracy": 0.8457978722896982,
            "top_2_accuracy": 0.9448404254304602,
            "epoch": 1
        },
        {
            "loss": 0.4699760553938277,
            "task": 0,
            "samples_seens": 189483,
            "categorial_accuracy": 0.8443085106382979,
            "top_2_accuracy": 0.943617021175141,
            "epoch": 2
        },
        {
            "loss": 0.46375615297479833,
            "task": 1,
            "samples_seens": 198506,
            "categorial_accuracy": 0.8479255318641663,
            "top_2_accuracy": 0.9460638296857793,
            "epoch": 2
        },
        {
            "loss": 0.47285975605883496,
            "task": 2,
            "samples_seens": 207529,
            "categorial_accuracy": 0.8470744680851063,
            "top_2_accuracy": 0.9442021275581197,
            "epoch": 2
        },
        {
            "loss": 0.46992640647482364,
            "task": 3,
            "samples_seens": 216552,
            "categorial_accuracy": 0.8461170211244137,
            "top_2_accuracy": 0.9428723403240772,
            "epoch": 2
        },
        {
            "loss": 0.4545038570241725,
            "task": 4,
            "samples_seens": 225575,
            "categorial_accuracy": 0.8508510639819693,
            "top_2_accuracy": 0.9470212766971994,
            "epoch": 2
        },
        {
            "loss": 0.4530646230058467,
            "task": 5,
            "samples_seens": 234598,
            "categorial_accuracy": 0.8525,
            "top_2_accuracy": 0.9468085105368431,
            "epoch": 2
        },
        {
            "loss": 0.45720083964631913,
            "task": 6,
            "samples_seens": 243621,
            "categorial_accuracy": 0.8478723403748045,
            "top_2_accuracy": 0.946489361600673,
            "epoch": 2
        },
        {
            "loss": 0.4592296666540998,
            "task": 7,
            "samples_seens": 252644,
            "categorial_accuracy": 0.8477659572946264,
            "top_2_accuracy": 0.9470744679836517,
            "epoch": 2
        },
        {
            "loss": 0.43833017252861184,
            "task": 8,
            "samples_seens": 261667,
            "categorial_accuracy": 0.8526595745695398,
            "top_2_accuracy": 0.9495744679836516,
            "epoch": 2
        },
        {
            "loss": 0.4422010088981466,
            "task": 9,
            "samples_seens": 270690,
            "categorial_accuracy": 0.8545212765450173,
            "top_2_accuracy": 0.9487234041538645,
            "epoch": 2
        }
    ]
}