{
    "task_count": 25,
    "results": [
        {
            "samples_seens": 3623,
            "top_2_accuracy": 0.44765957441735776,
            "categorial_accuracy": 0.30031914888544287,
            "loss": 2.69179705619812,
            "epoch": 0,
            "task": 0
        },
        {
            "samples_seens": 7244,
            "top_2_accuracy": 0.5998404254811875,
            "categorial_accuracy": 0.4518617022037506,
            "loss": 2.2382581698640864,
            "epoch": 0,
            "task": 1
        },
        {
            "samples_seens": 10865,
            "top_2_accuracy": 0.6640957446808511,
            "categorial_accuracy": 0.512021276646472,
            "loss": 1.9146438413985232,
            "epoch": 0,
            "task": 2
        },
        {
            "samples_seens": 14487,
            "top_2_accuracy": 0.6893085106382979,
            "categorial_accuracy": 0.5357446807496091,
            "loss": 1.828392992121108,
            "epoch": 0,
            "task": 3
        },
        {
            "samples_seens": 18110,
            "top_2_accuracy": 0.7295744680851064,
            "categorial_accuracy": 0.5835106381964176,
            "loss": 1.6318452665653636,
            "epoch": 0,
            "task": 4
        },
        {
            "samples_seens": 21733,
            "top_2_accuracy": 0.760106382927996,
            "categorial_accuracy": 0.6230851064337061,
            "loss": 1.4555845896741177,
            "epoch": 0,
            "task": 5
        },
        {
            "samples_seens": 25354,
            "top_2_accuracy": 0.7782978723404256,
            "categorial_accuracy": 0.6431382977708857,
            "loss": 1.3384071671709101,
            "epoch": 0,
            "task": 6
        },
        {
            "samples_seens": 28976,
            "top_2_accuracy": 0.7882978722896982,
            "categorial_accuracy": 0.6518085106890252,
            "loss": 1.3035608976445299,
            "epoch": 0,
            "task": 7
        },
        {
            "samples_seens": 32600,
            "top_2_accuracy": 0.8093617022798416,
            "categorial_accuracy": 0.6784042553698763,
            "loss": 1.187816469111341,
            "epoch": 0,
            "task": 8
        },
        {
            "samples_seens": 36232,
            "top_2_accuracy": 0.821436170364948,
            "categorial_accuracy": 0.6910106383485997,
            "loss": 1.1279217365954786,
            "epoch": 0,
            "task": 9
        },
        {
            "samples_seens": 39854,
            "top_2_accuracy": 0.8379255320670757,
            "categorial_accuracy": 0.7045212765957447,
            "loss": 1.082320213013507,
            "epoch": 0,
            "task": 10
        },
        {
            "samples_seens": 43472,
            "top_2_accuracy": 0.837978723353528,
            "categorial_accuracy": 0.7020212765957446,
            "loss": 1.0547330086281959,
            "epoch": 0,
            "task": 11
        },
        {
            "samples_seens": 47094,
            "top_2_accuracy": 0.8488829788755863,
            "categorial_accuracy": 0.7186702129181395,
            "loss": 1.0062657542938882,
            "epoch": 0,
            "task": 12
        },
        {
            "samples_seens": 50712,
            "top_2_accuracy": 0.8644680850049282,
            "categorial_accuracy": 0.7453191489361702,
            "loss": 0.9217956377597565,
            "epoch": 0,
            "task": 13
        },
        {
            "samples_seens": 54334,
            "top_2_accuracy": 0.8683510638805146,
            "categorial_accuracy": 0.7461702128166848,
            "loss": 0.8868420044412004,
            "epoch": 0,
            "task": 14
        },
        {
            "samples_seens": 57966,
            "top_2_accuracy": 0.8718617019754775,
            "categorial_accuracy": 0.7493617019754775,
            "loss": 0.8851000146155662,
            "epoch": 0,
            "task": 15
        },
        {
            "samples_seens": 61590,
            "top_2_accuracy": 0.8801595744173577,
            "categorial_accuracy": 0.7574468085106383,
            "loss": 0.8276675480477353,
            "epoch": 0,
            "task": 16
        },
        {
            "samples_seens": 65212,
            "top_2_accuracy": 0.8872340426039188,
            "categorial_accuracy": 0.7644148935662939,
            "loss": 0.7838596577847258,
            "epoch": 0,
            "task": 17
        },
        {
            "samples_seens": 68833,
            "top_2_accuracy": 0.894042553140762,
            "categorial_accuracy": 0.7754787234549827,
            "loss": 0.7516189569615304,
            "epoch": 0,
            "task": 18
        },
        {
            "samples_seens": 72456,
            "top_2_accuracy": 0.8893617022291143,
            "categorial_accuracy": 0.761436170212766,
            "loss": 0.7991193307206986,
            "epoch": 0,
            "task": 19
        },
        {
            "samples_seens": 76079,
            "top_2_accuracy": 0.9081382977201583,
            "categorial_accuracy": 0.7902659573960812,
            "loss": 0.7064674698545578,
            "epoch": 0,
            "task": 20
        },
        {
            "samples_seens": 79701,
            "top_2_accuracy": 0.8993085107397526,
            "categorial_accuracy": 0.7688297871833152,
            "loss": 0.8292562329515498,
            "epoch": 0,
            "task": 21
        },
        {
            "samples_seens": 83322,
            "top_2_accuracy": 0.9044148937184759,
            "categorial_accuracy": 0.7729255317627115,
            "loss": 0.7677472198263128,
            "epoch": 0,
            "task": 22
        },
        {
            "samples_seens": 86943,
            "top_2_accuracy": 0.9036702126137753,
            "categorial_accuracy": 0.7594680852078377,
            "loss": 0.8457322865851382,
            "epoch": 0,
            "task": 23
        },
        {
            "samples_seens": 90566,
            "top_2_accuracy": 0.8820212765450173,
            "categorial_accuracy": 0.7269680852078377,
            "loss": 0.9886029661462662,
            "epoch": 0,
            "task": 24
        },
        {
            "samples_seens": 94189,
            "top_2_accuracy": 0.9011702127152301,
            "categorial_accuracy": 0.7795212764435626,
            "loss": 0.7734658712529121,
            "epoch": 1,
            "task": 0
        },
        {
            "samples_seens": 97810,
            "top_2_accuracy": 0.9050531914386344,
            "categorial_accuracy": 0.786542553140762,
            "loss": 0.7404279810317019,
            "epoch": 1,
            "task": 1
        },
        {
            "samples_seens": 101431,
            "top_2_accuracy": 0.9033510636776052,
            "categorial_accuracy": 0.7896276595237407,
            "loss": 0.754182567089162,
            "epoch": 1,
            "task": 2
        },
        {
            "samples_seens": 105053,
            "top_2_accuracy": 0.9042021276088471,
            "categorial_accuracy": 0.7934574467070559,
            "loss": 0.7326638229349827,
            "epoch": 1,
            "task": 3
        },
        {
            "samples_seens": 108676,
            "top_2_accuracy": 0.9075531915400891,
            "categorial_accuracy": 0.7938297870818605,
            "loss": 0.7309172690168341,
            "epoch": 1,
            "task": 4
        },
        {
            "samples_seens": 112299,
            "top_2_accuracy": 0.9038297870818605,
            "categorial_accuracy": 0.792500000152182,
            "loss": 0.7339870101847548,
            "epoch": 1,
            "task": 5
        },
        {
            "samples_seens": 115920,
            "top_2_accuracy": 0.9108510639819694,
            "categorial_accuracy": 0.8034042552684216,
            "loss": 0.6913859074673754,
            "epoch": 1,
            "task": 6
        },
        {
            "samples_seens": 119542,
            "top_2_accuracy": 0.9153723404762593,
            "categorial_accuracy": 0.8026595746202672,
            "loss": 0.665072633611395,
            "epoch": 1,
            "task": 7
        },
        {
            "samples_seens": 123166,
            "top_2_accuracy": 0.9136702129181395,
            "categorial_accuracy": 0.8070212764435626,
            "loss": 0.6491767554080232,
            "epoch": 1,
            "task": 8
        },
        {
            "samples_seens": 126798,
            "top_2_accuracy": 0.9143617019754775,
            "categorial_accuracy": 0.8103723405269866,
            "loss": 0.6682199859111867,
            "epoch": 1,
            "task": 9
        },
        {
            "samples_seens": 130420,
            "top_2_accuracy": 0.9158510638297872,
            "categorial_accuracy": 0.8051595745695398,
            "loss": 0.6500885600992974,
            "epoch": 1,
            "task": 10
        },
        {
            "samples_seens": 134038,
            "top_2_accuracy": 0.9090425532422167,
            "categorial_accuracy": 0.7957978724926076,
            "loss": 0.7099718222212285,
            "epoch": 1,
            "task": 11
        },
        {
            "samples_seens": 137660,
            "top_2_accuracy": 0.9188297873354973,
            "categorial_accuracy": 0.8098404256333696,
            "loss": 0.6135674332811477,
            "epoch": 1,
            "task": 12
        },
        {
            "samples_seens": 141278,
            "top_2_accuracy": 0.917606382927996,
            "categorial_accuracy": 0.8069680850049282,
            "loss": 0.6507660945425642,
            "epoch": 1,
            "task": 13
        },
        {
            "samples_seens": 144900,
            "top_2_accuracy": 0.9136170212258684,
            "categorial_accuracy": 0.8051595745188125,
            "loss": 0.6682029318809509,
            "epoch": 1,
            "task": 14
        },
        {
            "samples_seens": 148532,
            "top_2_accuracy": 0.9251063829279961,
            "categorial_accuracy": 0.819148936068758,
            "loss": 0.5668220195618081,
            "epoch": 1,
            "task": 15
        },
        {
            "samples_seens": 152156,
            "top_2_accuracy": 0.9221276596759228,
            "categorial_accuracy": 0.8167021276088471,
            "loss": 0.5963359462961237,
            "epoch": 1,
            "task": 16
        },
        {
            "samples_seens": 155778,
            "top_2_accuracy": 0.923404255471331,
            "categorial_accuracy": 0.8196808511652846,
            "loss": 0.5814450295681649,
            "epoch": 1,
            "task": 17
        },
        {
            "samples_seens": 159399,
            "top_2_accuracy": 0.9238829786726769,
            "categorial_accuracy": 0.8155851062307966,
            "loss": 0.5848563107277485,
            "epoch": 1,
            "task": 18
        },
        {
            "samples_seens": 163022,
            "top_2_accuracy": 0.9174468084599109,
            "categorial_accuracy": 0.8127659573453538,
            "loss": 0.6135606685851482,
            "epoch": 1,
            "task": 19
        },
        {
            "samples_seens": 166645,
            "top_2_accuracy": 0.9260638299394162,
            "categorial_accuracy": 0.8175,
            "loss": 0.5760920675257419,
            "epoch": 1,
            "task": 20
        },
        {
            "samples_seens": 170267,
            "top_2_accuracy": 0.9251063831309054,
            "categorial_accuracy": 0.8192021277610292,
            "loss": 0.6033573726897544,
            "epoch": 1,
            "task": 21
        },
        {
            "samples_seens": 173888,
            "top_2_accuracy": 0.9294148936170212,
            "categorial_accuracy": 0.8155851063829788,
            "loss": 0.5820329492142859,
            "epoch": 1,
            "task": 22
        },
        {
            "samples_seens": 177509,
            "top_2_accuracy": 0.9187234041538644,
            "categorial_accuracy": 0.7984574469606928,
            "loss": 0.6532436846164947,
            "epoch": 1,
            "task": 23
        },
        {
            "samples_seens": 181132,
            "top_2_accuracy": 0.8971808512160119,
            "categorial_accuracy": 0.7533510636776052,
            "loss": 0.8503611873058563,
            "epoch": 1,
            "task": 24
        },
        {
            "samples_seens": 184755,
            "top_2_accuracy": 0.9133510637790598,
            "categorial_accuracy": 0.8034574469099653,
            "loss": 0.7068734072878006,
            "epoch": 2,
            "task": 0
        },
        {
            "samples_seens": 188376,
            "top_2_accuracy": 0.9162234041538644,
            "categorial_accuracy": 0.8075000000507273,
            "loss": 0.7063284733701259,
            "epoch": 2,
            "task": 1
        },
        {
            "samples_seens": 191997,
            "top_2_accuracy": 0.9221808510131024,
            "categorial_accuracy": 0.8152127660081742,
            "loss": 0.6643193167067588,
            "epoch": 2,
            "task": 2
        },
        {
            "samples_seens": 195619,
            "top_2_accuracy": 0.921276595896863,
            "categorial_accuracy": 0.8146808509623751,
            "loss": 0.655817704175381,
            "epoch": 2,
            "task": 3
        },
        {
            "samples_seens": 199242,
            "top_2_accuracy": 0.9259574467577832,
            "categorial_accuracy": 0.8243085106382979,
            "loss": 0.6098063009596886,
            "epoch": 2,
            "task": 4
        },
        {
            "samples_seens": 202865,
            "top_2_accuracy": 0.9228191488347155,
            "categorial_accuracy": 0.8211702126137754,
            "loss": 0.6664979958534241,
            "epoch": 2,
            "task": 5
        },
        {
            "samples_seens": 206486,
            "top_2_accuracy": 0.9223936169705492,
            "categorial_accuracy": 0.8193085106890252,
            "loss": 0.6524528086185455,
            "epoch": 2,
            "task": 6
        },
        {
            "samples_seens": 210108,
            "top_2_accuracy": 0.9171276595744681,
            "categorial_accuracy": 0.8127659573960812,
            "loss": 0.6736234825722714,
            "epoch": 2,
            "task": 7
        },
        {
            "samples_seens": 213732,
            "top_2_accuracy": 0.9169148937692033,
            "categorial_accuracy": 0.808404255319149,
            "loss": 0.6718278317248567,
            "epoch": 2,
            "task": 8
        },
        {
            "samples_seens": 217364,
            "top_2_accuracy": 0.922500000152182,
            "categorial_accuracy": 0.8184574467577833,
            "loss": 0.6377206876176469,
            "epoch": 2,
            "task": 9
        },
        {
            "samples_seens": 220986,
            "top_2_accuracy": 0.9286170212258684,
            "categorial_accuracy": 0.822978723353528,
            "loss": 0.5909903165634642,
            "epoch": 2,
            "task": 10
        },
        {
            "samples_seens": 224604,
            "top_2_accuracy": 0.9266489362716674,
            "categorial_accuracy": 0.819840425684097,
            "loss": 0.6257445876649086,
            "epoch": 2,
            "task": 11
        },
        {
            "samples_seens": 228226,
            "top_2_accuracy": 0.9258510637790599,
            "categorial_accuracy": 0.8229255317627115,
            "loss": 0.6217903611761458,
            "epoch": 2,
            "task": 12
        },
        {
            "samples_seens": 231844,
            "top_2_accuracy": 0.9262765958461355,
            "categorial_accuracy": 0.8254787234549826,
            "loss": 0.5893326941956865,
            "epoch": 2,
            "task": 13
        },
        {
            "samples_seens": 235466,
            "top_2_accuracy": 0.9313297873862246,
            "categorial_accuracy": 0.8276063830294508,
            "loss": 0.5570058254485435,
            "epoch": 2,
            "task": 14
        },
        {
            "samples_seens": 239098,
            "top_2_accuracy": 0.9314893618035823,
            "categorial_accuracy": 0.831489361600673,
            "loss": 0.5372298059311319,
            "epoch": 2,
            "task": 15
        },
        {
            "samples_seens": 242722,
            "top_2_accuracy": 0.9328723403240772,
            "categorial_accuracy": 0.8314361701113112,
            "loss": 0.5201508980862638,
            "epoch": 2,
            "task": 16
        },
        {
            "samples_seens": 246344,
            "top_2_accuracy": 0.9344680852078376,
            "categorial_accuracy": 0.833404255319149,
            "loss": 0.522713572776064,
            "epoch": 2,
            "task": 17
        },
        {
            "samples_seens": 249965,
            "top_2_accuracy": 0.9342021275581197,
            "categorial_accuracy": 0.8298936168690946,
            "loss": 0.5285518662726626,
            "epoch": 2,
            "task": 18
        },
        {
            "samples_seens": 253588,
            "top_2_accuracy": 0.9361702128674122,
            "categorial_accuracy": 0.8332446807496091,
            "loss": 0.5111511711364097,
            "epoch": 2,
            "task": 19
        },
        {
            "samples_seens": 257211,
            "top_2_accuracy": 0.9371276597266501,
            "categorial_accuracy": 0.830638297821613,
            "loss": 0.5140937790718484,
            "epoch": 2,
            "task": 20
        },
        {
            "samples_seens": 260833,
            "top_2_accuracy": 0.9358510637790599,
            "categorial_accuracy": 0.8291489360687581,
            "loss": 0.5344888415742428,
            "epoch": 2,
            "task": 21
        },
        {
            "samples_seens": 264454,
            "top_2_accuracy": 0.9331914895138842,
            "categorial_accuracy": 0.8222340425024641,
            "loss": 0.5647301148607375,
            "epoch": 2,
            "task": 22
        },
        {
            "samples_seens": 268075,
            "top_2_accuracy": 0.9323936171734587,
            "categorial_accuracy": 0.8161702128166848,
            "loss": 0.5755569573666187,
            "epoch": 2,
            "task": 23
        },
        {
            "samples_seens": 271698,
            "top_2_accuracy": 0.9078191489868975,
            "categorial_accuracy": 0.7724468084091836,
            "loss": 0.8073775308690172,
            "epoch": 2,
            "task": 24
        }
    ],
    "id": 2,
    "name": "id2_t25_dp0.1_dc0.8_df0.1"
}