{
    "task_count": 25,
    "results": [
        {
            "samples_seens": 3629,
            "top_2_accuracy": 0.4607446807496091,
            "categorial_accuracy": 0.3112234043060465,
            "loss": 2.552225094044462,
            "epoch": 0,
            "task": 0
        },
        {
            "samples_seens": 7250,
            "top_2_accuracy": 0.6375531914386343,
            "categorial_accuracy": 0.4788829787994953,
            "loss": 1.9283043860374613,
            "epoch": 0,
            "task": 1
        },
        {
            "samples_seens": 10870,
            "top_2_accuracy": 0.6947872341440079,
            "categorial_accuracy": 0.5350000001521821,
            "loss": 1.7178079553360635,
            "epoch": 0,
            "task": 2
        },
        {
            "samples_seens": 14491,
            "top_2_accuracy": 0.7329787232520732,
            "categorial_accuracy": 0.5860638298886888,
            "loss": 1.535274025937344,
            "epoch": 0,
            "task": 3
        },
        {
            "samples_seens": 18111,
            "top_2_accuracy": 0.7731914894124294,
            "categorial_accuracy": 0.626117021327323,
            "loss": 1.3457983527284987,
            "epoch": 0,
            "task": 4
        },
        {
            "samples_seens": 21728,
            "top_2_accuracy": 0.7932446808510638,
            "categorial_accuracy": 0.6525531915908164,
            "loss": 1.2341490331609197,
            "epoch": 0,
            "task": 5
        },
        {
            "samples_seens": 25347,
            "top_2_accuracy": 0.809521276646472,
            "categorial_accuracy": 0.671914893718476,
            "loss": 1.1658330026586006,
            "epoch": 0,
            "task": 6
        },
        {
            "samples_seens": 28967,
            "top_2_accuracy": 0.8237765957446809,
            "categorial_accuracy": 0.6885106381456902,
            "loss": 1.0802509447868833,
            "epoch": 0,
            "task": 7
        },
        {
            "samples_seens": 32588,
            "top_2_accuracy": 0.8428191487839881,
            "categorial_accuracy": 0.7042021276088472,
            "loss": 1.0099264784569435,
            "epoch": 0,
            "task": 8
        },
        {
            "samples_seens": 36212,
            "top_2_accuracy": 0.8549999998985452,
            "categorial_accuracy": 0.724840425684097,
            "loss": 0.934796423709139,
            "epoch": 0,
            "task": 9
        },
        {
            "samples_seens": 39834,
            "top_2_accuracy": 0.8677127659574468,
            "categorial_accuracy": 0.735212765855992,
            "loss": 0.8926943705944305,
            "epoch": 0,
            "task": 10
        },
        {
            "samples_seens": 43455,
            "top_2_accuracy": 0.8699999998985453,
            "categorial_accuracy": 0.7426063830294508,
            "loss": 0.8603801437641712,
            "epoch": 0,
            "task": 11
        },
        {
            "samples_seens": 47077,
            "top_2_accuracy": 0.8709042554206037,
            "categorial_accuracy": 0.7455319150457991,
            "loss": 0.855806890447089,
            "epoch": 0,
            "task": 12
        },
        {
            "samples_seens": 50698,
            "top_2_accuracy": 0.8815425532422168,
            "categorial_accuracy": 0.7580319147414349,
            "loss": 0.8116584480569717,
            "epoch": 0,
            "task": 13
        },
        {
            "samples_seens": 54320,
            "top_2_accuracy": 0.8895744679836517,
            "categorial_accuracy": 0.7685106381456903,
            "loss": 0.7662134358223448,
            "epoch": 0,
            "task": 14
        },
        {
            "samples_seens": 57944,
            "top_2_accuracy": 0.8956382977708857,
            "categorial_accuracy": 0.7745744682372885,
            "loss": 0.7303350860514539,
            "epoch": 0,
            "task": 15
        },
        {
            "samples_seens": 61565,
            "top_2_accuracy": 0.899680850962375,
            "categorial_accuracy": 0.7832978721882434,
            "loss": 0.7057985773492367,
            "epoch": 0,
            "task": 16
        },
        {
            "samples_seens": 65185,
            "top_2_accuracy": 0.9081382977201583,
            "categorial_accuracy": 0.7880319148428897,
            "loss": 0.7002300156938269,
            "epoch": 0,
            "task": 17
        },
        {
            "samples_seens": 68804,
            "top_2_accuracy": 0.9102127661096289,
            "categorial_accuracy": 0.7972872341440079,
            "loss": 0.6610757581223833,
            "epoch": 0,
            "task": 18
        },
        {
            "samples_seens": 72421,
            "top_2_accuracy": 0.9155851063322513,
            "categorial_accuracy": 0.7980319150457991,
            "loss": 0.6582302252282488,
            "epoch": 0,
            "task": 19
        },
        {
            "samples_seens": 76041,
            "top_2_accuracy": 0.9186170212258684,
            "categorial_accuracy": 0.8014361703142207,
            "loss": 0.6634511266363428,
            "epoch": 0,
            "task": 20
        },
        {
            "samples_seens": 79662,
            "top_2_accuracy": 0.9214361700605839,
            "categorial_accuracy": 0.8079787233535279,
            "loss": 0.6157289615590522,
            "epoch": 0,
            "task": 21
        },
        {
            "samples_seens": 83282,
            "top_2_accuracy": 0.9253723403240772,
            "categorial_accuracy": 0.8117021275073923,
            "loss": 0.6235028826429488,
            "epoch": 0,
            "task": 22
        },
        {
            "samples_seens": 86903,
            "top_2_accuracy": 0.9238297873862247,
            "categorial_accuracy": 0.811542553140762,
            "loss": 0.6464937800042173,
            "epoch": 0,
            "task": 23
        },
        {
            "samples_seens": 90532,
            "top_2_accuracy": 0.9242021277103019,
            "categorial_accuracy": 0.8074468085106383,
            "loss": 0.6655444441957676,
            "epoch": 0,
            "task": 24
        },
        {
            "samples_seens": 94161,
            "top_2_accuracy": 0.9222340427053736,
            "categorial_accuracy": 0.8105319148428897,
            "loss": 0.5723988507149067,
            "epoch": 1,
            "task": 0
        },
        {
            "samples_seens": 97782,
            "top_2_accuracy": 0.9230319149443443,
            "categorial_accuracy": 0.8144148934648392,
            "loss": 0.6036589023153832,
            "epoch": 1,
            "task": 1
        },
        {
            "samples_seens": 101402,
            "top_2_accuracy": 0.9233510638805146,
            "categorial_accuracy": 0.8161170212258684,
            "loss": 0.5932788634046595,
            "epoch": 1,
            "task": 2
        },
        {
            "samples_seens": 105023,
            "top_2_accuracy": 0.9239893616514003,
            "categorial_accuracy": 0.813723404103137,
            "loss": 0.5936769000520098,
            "epoch": 1,
            "task": 3
        },
        {
            "samples_seens": 108643,
            "top_2_accuracy": 0.9251595746202672,
            "categorial_accuracy": 0.8156382979737952,
            "loss": 0.5858948897047246,
            "epoch": 1,
            "task": 4
        },
        {
            "samples_seens": 112260,
            "top_2_accuracy": 0.912500000152182,
            "categorial_accuracy": 0.7930851064337061,
            "loss": 0.6836055945335551,
            "epoch": 1,
            "task": 5
        },
        {
            "samples_seens": 115879,
            "top_2_accuracy": 0.9242021278117566,
            "categorial_accuracy": 0.8169680852078377,
            "loss": 0.5829879442428021,
            "epoch": 1,
            "task": 6
        },
        {
            "samples_seens": 119499,
            "top_2_accuracy": 0.9254255318641662,
            "categorial_accuracy": 0.8153723404255319,
            "loss": 0.5883732915939168,
            "epoch": 1,
            "task": 7
        },
        {
            "samples_seens": 123120,
            "top_2_accuracy": 0.9243085105875705,
            "categorial_accuracy": 0.8123404254811876,
            "loss": 0.5942094565198777,
            "epoch": 1,
            "task": 8
        },
        {
            "samples_seens": 126744,
            "top_2_accuracy": 0.9296808510131024,
            "categorial_accuracy": 0.8226595743666304,
            "loss": 0.5563806260646658,
            "epoch": 1,
            "task": 9
        },
        {
            "samples_seens": 130366,
            "top_2_accuracy": 0.9276063831309055,
            "categorial_accuracy": 0.8170212766464721,
            "loss": 0.5753680128493207,
            "epoch": 1,
            "task": 10
        },
        {
            "samples_seens": 133987,
            "top_2_accuracy": 0.9252659573960812,
            "categorial_accuracy": 0.8125531915908164,
            "loss": 0.5830833784570085,
            "epoch": 1,
            "task": 11
        },
        {
            "samples_seens": 137609,
            "top_2_accuracy": 0.9267553191489362,
            "categorial_accuracy": 0.8195212767479267,
            "loss": 0.5683823601489372,
            "epoch": 1,
            "task": 12
        },
        {
            "samples_seens": 141230,
            "top_2_accuracy": 0.9311702128674122,
            "categorial_accuracy": 0.8235638298379614,
            "loss": 0.5506882277448126,
            "epoch": 1,
            "task": 13
        },
        {
            "samples_seens": 144852,
            "top_2_accuracy": 0.9312234043060466,
            "categorial_accuracy": 0.8202659572946265,
            "loss": 0.5520858619821832,
            "epoch": 1,
            "task": 14
        },
        {
            "samples_seens": 148476,
            "top_2_accuracy": 0.9310106383993271,
            "categorial_accuracy": 0.8282978721882435,
            "loss": 0.5372103581276346,
            "epoch": 1,
            "task": 15
        },
        {
            "samples_seens": 152097,
            "top_2_accuracy": 0.9344148936677487,
            "categorial_accuracy": 0.8317021276595745,
            "loss": 0.5181782685188537,
            "epoch": 1,
            "task": 16
        },
        {
            "samples_seens": 155717,
            "top_2_accuracy": 0.9346276594730134,
            "categorial_accuracy": 0.8333510638805146,
            "loss": 0.5216755662826782,
            "epoch": 1,
            "task": 17
        },
        {
            "samples_seens": 159336,
            "top_2_accuracy": 0.9358510637790599,
            "categorial_accuracy": 0.829095744528669,
            "loss": 0.5367315234021938,
            "epoch": 1,
            "task": 18
        },
        {
            "samples_seens": 162953,
            "top_2_accuracy": 0.9342021276088471,
            "categorial_accuracy": 0.8282978723911529,
            "loss": 0.5320553265480285,
            "epoch": 1,
            "task": 19
        },
        {
            "samples_seens": 166573,
            "top_2_accuracy": 0.9345744682372884,
            "categorial_accuracy": 0.8260106383993271,
            "loss": 0.5349053059486633,
            "epoch": 1,
            "task": 20
        },
        {
            "samples_seens": 170194,
            "top_2_accuracy": 0.9348404254811875,
            "categorial_accuracy": 0.8252127659067194,
            "loss": 0.5252299256781314,
            "epoch": 1,
            "task": 21
        },
        {
            "samples_seens": 173814,
            "top_2_accuracy": 0.9410638298886888,
            "categorial_accuracy": 0.8356382979230678,
            "loss": 0.5087403908942608,
            "epoch": 1,
            "task": 22
        },
        {
            "samples_seens": 177435,
            "top_2_accuracy": 0.9361702128674122,
            "categorial_accuracy": 0.8293617020769323,
            "loss": 0.5446521550290128,
            "epoch": 1,
            "task": 23
        },
        {
            "samples_seens": 181064,
            "top_2_accuracy": 0.9390957447823057,
            "categorial_accuracy": 0.8313829787234043,
            "loss": 0.524199365859336,
            "epoch": 1,
            "task": 24
        },
        {
            "samples_seens": 184693,
            "top_2_accuracy": 0.9347340426546462,
            "categorial_accuracy": 0.828723404103137,
            "loss": 0.5517689500463769,
            "epoch": 2,
            "task": 0
        },
        {
            "samples_seens": 188314,
            "top_2_accuracy": 0.9363297871833152,
            "categorial_accuracy": 0.8312234042045918,
            "loss": 0.5397572985608527,
            "epoch": 2,
            "task": 1
        },
        {
            "samples_seens": 191934,
            "top_2_accuracy": 0.9381382978216131,
            "categorial_accuracy": 0.8304787234549826,
            "loss": 0.5305893601255214,
            "epoch": 2,
            "task": 2
        },
        {
            "samples_seens": 195555,
            "top_2_accuracy": 0.9366489360687581,
            "categorial_accuracy": 0.8265425530900347,
            "loss": 0.537956924159476,
            "epoch": 2,
            "task": 3
        },
        {
            "samples_seens": 199175,
            "top_2_accuracy": 0.94047872350571,
            "categorial_accuracy": 0.8351595743666304,
            "loss": 0.5152415893179305,
            "epoch": 2,
            "task": 4
        },
        {
            "samples_seens": 202792,
            "top_2_accuracy": 0.939042553140762,
            "categorial_accuracy": 0.8352127659067194,
            "loss": 0.5135054770175447,
            "epoch": 2,
            "task": 5
        },
        {
            "samples_seens": 206411,
            "top_2_accuracy": 0.937606382927996,
            "categorial_accuracy": 0.8337234044075013,
            "loss": 0.5302408687104571,
            "epoch": 2,
            "task": 6
        },
        {
            "samples_seens": 210031,
            "top_2_accuracy": 0.9368085105875705,
            "categorial_accuracy": 0.8334574469099654,
            "loss": 0.5221724423702727,
            "epoch": 2,
            "task": 7
        },
        {
            "samples_seens": 213652,
            "top_2_accuracy": 0.9381914894631569,
            "categorial_accuracy": 0.8346808511652845,
            "loss": 0.5153163601743415,
            "epoch": 2,
            "task": 8
        },
        {
            "samples_seens": 217276,
            "top_2_accuracy": 0.9377127658559921,
            "categorial_accuracy": 0.8365425531914894,
            "loss": 0.5185012121657108,
            "epoch": 2,
            "task": 9
        },
        {
            "samples_seens": 220898,
            "top_2_accuracy": 0.9401595745695398,
            "categorial_accuracy": 0.8379787232520732,
            "loss": 0.5004549879216134,
            "epoch": 2,
            "task": 10
        },
        {
            "samples_seens": 224519,
            "top_2_accuracy": 0.935851063931242,
            "categorial_accuracy": 0.8338297872847699,
            "loss": 0.5154584692133234,
            "epoch": 2,
            "task": 11
        },
        {
            "samples_seens": 228141,
            "top_2_accuracy": 0.9429255320670756,
            "categorial_accuracy": 0.8415957445793963,
            "loss": 0.4894950123289798,
            "epoch": 2,
            "task": 12
        },
        {
            "samples_seens": 231762,
            "top_2_accuracy": 0.940851063931242,
            "categorial_accuracy": 0.8421276594730134,
            "loss": 0.48859952779526405,
            "epoch": 2,
            "task": 13
        },
        {
            "samples_seens": 235384,
            "top_2_accuracy": 0.9404255318641662,
            "categorial_accuracy": 0.8406914892602474,
            "loss": 0.4913165946463321,
            "epoch": 2,
            "task": 14
        },
        {
            "samples_seens": 239008,
            "top_2_accuracy": 0.94297872350571,
            "categorial_accuracy": 0.8429787234549827,
            "loss": 0.48990574709912565,
            "epoch": 2,
            "task": 15
        },
        {
            "samples_seens": 242629,
            "top_2_accuracy": 0.9442553192503909,
            "categorial_accuracy": 0.8457446806988818,
            "loss": 0.4724269164369461,
            "epoch": 2,
            "task": 16
        },
        {
            "samples_seens": 246249,
            "top_2_accuracy": 0.9417021277610291,
            "categorial_accuracy": 0.8430319148936171,
            "loss": 0.48359978204077864,
            "epoch": 2,
            "task": 17
        },
        {
            "samples_seens": 249868,
            "top_2_accuracy": 0.9455319147921623,
            "categorial_accuracy": 0.8475531916415437,
            "loss": 0.46570568893818143,
            "epoch": 2,
            "task": 18
        },
        {
            "samples_seens": 253485,
            "top_2_accuracy": 0.941276595896863,
            "categorial_accuracy": 0.8373936171227313,
            "loss": 0.4885410975902639,
            "epoch": 2,
            "task": 19
        },
        {
            "samples_seens": 257105,
            "top_2_accuracy": 0.9441489361194854,
            "categorial_accuracy": 0.8409574469099653,
            "loss": 0.47636344820895093,
            "epoch": 2,
            "task": 20
        },
        {
            "samples_seens": 260726,
            "top_2_accuracy": 0.9412234042045918,
            "categorial_accuracy": 0.8432446809525186,
            "loss": 0.4775412186409565,
            "epoch": 2,
            "task": 21
        },
        {
            "samples_seens": 264346,
            "top_2_accuracy": 0.945053191387907,
            "categorial_accuracy": 0.840372340577714,
            "loss": 0.48340117330246785,
            "epoch": 2,
            "task": 22
        },
        {
            "samples_seens": 267967,
            "top_2_accuracy": 0.9452659573453538,
            "categorial_accuracy": 0.8429787234549827,
            "loss": 0.4789034340990351,
            "epoch": 2,
            "task": 23
        },
        {
            "samples_seens": 271596,
            "top_2_accuracy": 0.9436702128674122,
            "categorial_accuracy": 0.8389361703142206,
            "loss": 0.49597540591625455,
            "epoch": 2,
            "task": 24
        }
    ],
    "id": 2,
    "name": "id2_t25_dp0.5_dc0.0_df0.5"
}