{
    "task_count": 25,
    "results": [
        {
            "samples_seens": 3621,
            "top_2_accuracy": 0.43218085101310244,
            "categorial_accuracy": 0.2931914893109748,
            "loss": 2.7273988200248556,
            "epoch": 0,
            "task": 0
        },
        {
            "samples_seens": 7242,
            "top_2_accuracy": 0.6137234042553191,
            "categorial_accuracy": 0.4524468085106383,
            "loss": 2.0121499077817226,
            "epoch": 0,
            "task": 1
        },
        {
            "samples_seens": 10855,
            "top_2_accuracy": 0.7047340425024642,
            "categorial_accuracy": 0.5345744680851063,
            "loss": 1.6616092105621987,
            "epoch": 0,
            "task": 2
        },
        {
            "samples_seens": 14473,
            "top_2_accuracy": 0.7500531915908164,
            "categorial_accuracy": 0.5917553190982088,
            "loss": 1.4395614893892978,
            "epoch": 0,
            "task": 3
        },
        {
            "samples_seens": 18096,
            "top_2_accuracy": 0.7950000001521821,
            "categorial_accuracy": 0.6501595744173577,
            "loss": 1.2457423146227573,
            "epoch": 0,
            "task": 4
        },
        {
            "samples_seens": 21715,
            "top_2_accuracy": 0.81117021271523,
            "categorial_accuracy": 0.6602659573453538,
            "loss": 1.1903433351313815,
            "epoch": 0,
            "task": 5
        },
        {
            "samples_seens": 25333,
            "top_2_accuracy": 0.8335638299394161,
            "categorial_accuracy": 0.6997872341947352,
            "loss": 1.0375227380813437,
            "epoch": 0,
            "task": 6
        },
        {
            "samples_seens": 28953,
            "top_2_accuracy": 0.8425531915908164,
            "categorial_accuracy": 0.7117553192503909,
            "loss": 0.9775751633847013,
            "epoch": 0,
            "task": 7
        },
        {
            "samples_seens": 32571,
            "top_2_accuracy": 0.8543617020262049,
            "categorial_accuracy": 0.719042553140762,
            "loss": 0.959715269322091,
            "epoch": 0,
            "task": 8
        },
        {
            "samples_seens": 36189,
            "top_2_accuracy": 0.8728191488854429,
            "categorial_accuracy": 0.7478723402733498,
            "loss": 0.8408031052731453,
            "epoch": 0,
            "task": 9
        },
        {
            "samples_seens": 39806,
            "top_2_accuracy": 0.8678191488347154,
            "categorial_accuracy": 0.7285106382978723,
            "loss": 0.8876481223613658,
            "epoch": 0,
            "task": 10
        },
        {
            "samples_seens": 43422,
            "top_2_accuracy": 0.8827127661096289,
            "categorial_accuracy": 0.7630319148428897,
            "loss": 0.7938994258008105,
            "epoch": 0,
            "task": 11
        },
        {
            "samples_seens": 47037,
            "top_2_accuracy": 0.88702127649429,
            "categorial_accuracy": 0.7556914895138842,
            "loss": 0.783813874417163,
            "epoch": 0,
            "task": 12
        },
        {
            "samples_seens": 50652,
            "top_2_accuracy": 0.894468085258565,
            "categorial_accuracy": 0.7765957447315784,
            "loss": 0.7635859335229752,
            "epoch": 0,
            "task": 13
        },
        {
            "samples_seens": 54265,
            "top_2_accuracy": 0.8940425533436714,
            "categorial_accuracy": 0.7719680849542009,
            "loss": 0.7365758596075342,
            "epoch": 0,
            "task": 14
        },
        {
            "samples_seens": 57879,
            "top_2_accuracy": 0.8938297872340426,
            "categorial_accuracy": 0.7700531914386344,
            "loss": 0.7444710660995321,
            "epoch": 0,
            "task": 15
        },
        {
            "samples_seens": 61493,
            "top_2_accuracy": 0.9051595744680851,
            "categorial_accuracy": 0.7778191488854429,
            "loss": 0.7093774921843347,
            "epoch": 0,
            "task": 16
        },
        {
            "samples_seens": 65106,
            "top_2_accuracy": 0.9053191490883523,
            "categorial_accuracy": 0.781489361752855,
            "loss": 0.7150191594184713,
            "epoch": 0,
            "task": 17
        },
        {
            "samples_seens": 68718,
            "top_2_accuracy": 0.9113829788755863,
            "categorial_accuracy": 0.7890957446301237,
            "loss": 0.707385822154106,
            "epoch": 0,
            "task": 18
        },
        {
            "samples_seens": 72330,
            "top_2_accuracy": 0.9063829786219495,
            "categorial_accuracy": 0.7749468085106384,
            "loss": 0.7500404276239111,
            "epoch": 0,
            "task": 19
        },
        {
            "samples_seens": 75941,
            "top_2_accuracy": 0.8960106381456903,
            "categorial_accuracy": 0.7571276594730134,
            "loss": 0.8110641962416628,
            "epoch": 0,
            "task": 20
        },
        {
            "samples_seens": 79553,
            "top_2_accuracy": 0.9073404255826423,
            "categorial_accuracy": 0.7675531916415438,
            "loss": 0.7604348230869212,
            "epoch": 0,
            "task": 21
        },
        {
            "samples_seens": 83164,
            "top_2_accuracy": 0.8988297872340425,
            "categorial_accuracy": 0.7556382978723404,
            "loss": 0.8607148884205108,
            "epoch": 0,
            "task": 22
        },
        {
            "samples_seens": 86774,
            "top_2_accuracy": 0.8846808512160118,
            "categorial_accuracy": 0.7203723403240772,
            "loss": 0.9418967270343862,
            "epoch": 0,
            "task": 23
        },
        {
            "samples_seens": 90383,
            "top_2_accuracy": 0.8272872338903711,
            "categorial_accuracy": 0.6501063828772687,
            "loss": 1.2312102816967254,
            "epoch": 0,
            "task": 24
        },
        {
            "samples_seens": 94004,
            "top_2_accuracy": 0.9240957448330331,
            "categorial_accuracy": 0.811968085258565,
            "loss": 0.5882222524348726,
            "epoch": 1,
            "task": 0
        },
        {
            "samples_seens": 97625,
            "top_2_accuracy": 0.9236702128674121,
            "categorial_accuracy": 0.8178723403240772,
            "loss": 0.5755564659453453,
            "epoch": 1,
            "task": 1
        },
        {
            "samples_seens": 101238,
            "top_2_accuracy": 0.9239361701620386,
            "categorial_accuracy": 0.8113829785712222,
            "loss": 0.5961601503605538,
            "epoch": 1,
            "task": 2
        },
        {
            "samples_seens": 104856,
            "top_2_accuracy": 0.920053191387907,
            "categorial_accuracy": 0.81047872350571,
            "loss": 0.596401965821043,
            "epoch": 1,
            "task": 3
        },
        {
            "samples_seens": 108479,
            "top_2_accuracy": 0.92617021271523,
            "categorial_accuracy": 0.8167553192503909,
            "loss": 0.5755610243056682,
            "epoch": 1,
            "task": 4
        },
        {
            "samples_seens": 112098,
            "top_2_accuracy": 0.9269680850556556,
            "categorial_accuracy": 0.8212234042045918,
            "loss": 0.5749198850925933,
            "epoch": 1,
            "task": 5
        },
        {
            "samples_seens": 115716,
            "top_2_accuracy": 0.9274468083584563,
            "categorial_accuracy": 0.8245212765957447,
            "loss": 0.5672437695493089,
            "epoch": 1,
            "task": 6
        },
        {
            "samples_seens": 119336,
            "top_2_accuracy": 0.9291489361194855,
            "categorial_accuracy": 0.8247340424517368,
            "loss": 0.5542074873599601,
            "epoch": 1,
            "task": 7
        },
        {
            "samples_seens": 122954,
            "top_2_accuracy": 0.9284042552684216,
            "categorial_accuracy": 0.8255851065351608,
            "loss": 0.5626366580800807,
            "epoch": 1,
            "task": 8
        },
        {
            "samples_seens": 126572,
            "top_2_accuracy": 0.9272340425024641,
            "categorial_accuracy": 0.8194148936677487,
            "loss": 0.5612655828354206,
            "epoch": 1,
            "task": 9
        },
        {
            "samples_seens": 130189,
            "top_2_accuracy": 0.9290957447823058,
            "categorial_accuracy": 0.8246808511145571,
            "loss": 0.5491584078301774,
            "epoch": 1,
            "task": 10
        },
        {
            "samples_seens": 133805,
            "top_2_accuracy": 0.9319148937692033,
            "categorial_accuracy": 0.8287765956432261,
            "loss": 0.5363571640278431,
            "epoch": 1,
            "task": 11
        },
        {
            "samples_seens": 137420,
            "top_2_accuracy": 0.9239893616514003,
            "categorial_accuracy": 0.8163297871833152,
            "loss": 0.5798400750312399,
            "epoch": 1,
            "task": 12
        },
        {
            "samples_seens": 141035,
            "top_2_accuracy": 0.9265957448330331,
            "categorial_accuracy": 0.8210638298379614,
            "loss": 0.5651868750947587,
            "epoch": 1,
            "task": 13
        },
        {
            "samples_seens": 144648,
            "top_2_accuracy": 0.9334042554206037,
            "categorial_accuracy": 0.8304255318134389,
            "loss": 0.5321600858962282,
            "epoch": 1,
            "task": 14
        },
        {
            "samples_seens": 148262,
            "top_2_accuracy": 0.9269680852078377,
            "categorial_accuracy": 0.8229787232520732,
            "loss": 0.5486903109195385,
            "epoch": 1,
            "task": 15
        },
        {
            "samples_seens": 151876,
            "top_2_accuracy": 0.9305851065351608,
            "categorial_accuracy": 0.822393617072004,
            "loss": 0.5415021563083567,
            "epoch": 1,
            "task": 16
        },
        {
            "samples_seens": 155489,
            "top_2_accuracy": 0.9290957445793964,
            "categorial_accuracy": 0.8180851063322514,
            "loss": 0.5776796147671152,
            "epoch": 1,
            "task": 17
        },
        {
            "samples_seens": 159101,
            "top_2_accuracy": 0.931542553140762,
            "categorial_accuracy": 0.8226063830294508,
            "loss": 0.5472939452465544,
            "epoch": 1,
            "task": 18
        },
        {
            "samples_seens": 162713,
            "top_2_accuracy": 0.933510638399327,
            "categorial_accuracy": 0.8190425530393073,
            "loss": 0.5606167080808193,
            "epoch": 1,
            "task": 19
        },
        {
            "samples_seens": 166324,
            "top_2_accuracy": 0.9299468084091835,
            "categorial_accuracy": 0.8146808509116478,
            "loss": 0.5865636769254157,
            "epoch": 1,
            "task": 20
        },
        {
            "samples_seens": 169936,
            "top_2_accuracy": 0.9232446810032459,
            "categorial_accuracy": 0.7975,
            "loss": 0.6528524049292219,
            "epoch": 1,
            "task": 21
        },
        {
            "samples_seens": 173547,
            "top_2_accuracy": 0.9172872340425532,
            "categorial_accuracy": 0.7906382979737951,
            "loss": 0.6910419686297153,
            "epoch": 1,
            "task": 22
        },
        {
            "samples_seens": 177157,
            "top_2_accuracy": 0.8981914892095201,
            "categorial_accuracy": 0.7514893615499456,
            "loss": 0.8624493330590268,
            "epoch": 1,
            "task": 23
        },
        {
            "samples_seens": 180766,
            "top_2_accuracy": 0.8855319147921623,
            "categorial_accuracy": 0.7289361702127659,
            "loss": 0.900624347696913,
            "epoch": 1,
            "task": 24
        },
        {
            "samples_seens": 184387,
            "top_2_accuracy": 0.9366489360687581,
            "categorial_accuracy": 0.8356382978723405,
            "loss": 0.5201212525621374,
            "epoch": 2,
            "task": 0
        },
        {
            "samples_seens": 188008,
            "top_2_accuracy": 0.9368617020262049,
            "categorial_accuracy": 0.8345744681358337,
            "loss": 0.5099666402695027,
            "epoch": 2,
            "task": 1
        },
        {
            "samples_seens": 191621,
            "top_2_accuracy": 0.9364361703649481,
            "categorial_accuracy": 0.8361702126645028,
            "loss": 0.5070890709440758,
            "epoch": 2,
            "task": 2
        },
        {
            "samples_seens": 195239,
            "top_2_accuracy": 0.9372340424517368,
            "categorial_accuracy": 0.8388829788755864,
            "loss": 0.5079036969580549,
            "epoch": 2,
            "task": 3
        },
        {
            "samples_seens": 198862,
            "top_2_accuracy": 0.9283510637283325,
            "categorial_accuracy": 0.8243617022291143,
            "loss": 0.5737808978050313,
            "epoch": 2,
            "task": 4
        },
        {
            "samples_seens": 202481,
            "top_2_accuracy": 0.94202127649429,
            "categorial_accuracy": 0.8451595744173578,
            "loss": 0.5011906178200498,
            "epoch": 2,
            "task": 5
        },
        {
            "samples_seens": 206099,
            "top_2_accuracy": 0.9398936169198219,
            "categorial_accuracy": 0.843510638247145,
            "loss": 0.5059128003678424,
            "epoch": 2,
            "task": 6
        },
        {
            "samples_seens": 209719,
            "top_2_accuracy": 0.9413297873354972,
            "categorial_accuracy": 0.8435638299394161,
            "loss": 0.4874107240616007,
            "epoch": 2,
            "task": 7
        },
        {
            "samples_seens": 213337,
            "top_2_accuracy": 0.9427127660589015,
            "categorial_accuracy": 0.8426595746202672,
            "loss": 0.4895446662192649,
            "epoch": 2,
            "task": 8
        },
        {
            "samples_seens": 216955,
            "top_2_accuracy": 0.9397340426039188,
            "categorial_accuracy": 0.8414893617021276,
            "loss": 0.4860291862487793,
            "epoch": 2,
            "task": 9
        },
        {
            "samples_seens": 220572,
            "top_2_accuracy": 0.9381382977708858,
            "categorial_accuracy": 0.8380319148936171,
            "loss": 0.5032787300170736,
            "epoch": 2,
            "task": 10
        },
        {
            "samples_seens": 224188,
            "top_2_accuracy": 0.9378723403240772,
            "categorial_accuracy": 0.8402659574975359,
            "loss": 0.49451766648191087,
            "epoch": 2,
            "task": 11
        },
        {
            "samples_seens": 227803,
            "top_2_accuracy": 0.9410106381964176,
            "categorial_accuracy": 0.8445212765957447,
            "loss": 0.4801807055828419,
            "epoch": 2,
            "task": 12
        },
        {
            "samples_seens": 231418,
            "top_2_accuracy": 0.9406382977708857,
            "categorial_accuracy": 0.8445744680343791,
            "loss": 0.479838900413919,
            "epoch": 2,
            "task": 13
        },
        {
            "samples_seens": 235031,
            "top_2_accuracy": 0.9397340425024642,
            "categorial_accuracy": 0.836063829787234,
            "loss": 0.485719074721032,
            "epoch": 2,
            "task": 14
        },
        {
            "samples_seens": 238645,
            "top_2_accuracy": 0.939946808612093,
            "categorial_accuracy": 0.8397340426546462,
            "loss": 0.48643378425151745,
            "epoch": 2,
            "task": 15
        },
        {
            "samples_seens": 242259,
            "top_2_accuracy": 0.9384574469099654,
            "categorial_accuracy": 0.8376595744680851,
            "loss": 0.4874667874042024,
            "epoch": 2,
            "task": 16
        },
        {
            "samples_seens": 245872,
            "top_2_accuracy": 0.9424999998985453,
            "categorial_accuracy": 0.8407978724926076,
            "loss": 0.4827869298863918,
            "epoch": 2,
            "task": 17
        },
        {
            "samples_seens": 249484,
            "top_2_accuracy": 0.9347340424517367,
            "categorial_accuracy": 0.825159574315903,
            "loss": 0.545405687702463,
            "epoch": 2,
            "task": 18
        },
        {
            "samples_seens": 253096,
            "top_2_accuracy": 0.9377659574975359,
            "categorial_accuracy": 0.8296276596251955,
            "loss": 0.5273628549880169,
            "epoch": 2,
            "task": 19
        },
        {
            "samples_seens": 256707,
            "top_2_accuracy": 0.9365957447823058,
            "categorial_accuracy": 0.8215425533436714,
            "loss": 0.5508263128869078,
            "epoch": 2,
            "task": 20
        },
        {
            "samples_seens": 260319,
            "top_2_accuracy": 0.934042553140762,
            "categorial_accuracy": 0.8142553190474815,
            "loss": 0.568576660790342,
            "epoch": 2,
            "task": 21
        },
        {
            "samples_seens": 263930,
            "top_2_accuracy": 0.9311170213780504,
            "categorial_accuracy": 0.8055851065351608,
            "loss": 0.6160742429723131,
            "epoch": 2,
            "task": 22
        },
        {
            "samples_seens": 267540,
            "top_2_accuracy": 0.9039361702634933,
            "categorial_accuracy": 0.7564893616514003,
            "loss": 0.7971799001287907,
            "epoch": 2,
            "task": 23
        },
        {
            "samples_seens": 271149,
            "top_2_accuracy": 0.8802659573960812,
            "categorial_accuracy": 0.7221276595744681,
            "loss": 0.9075655165631721,
            "epoch": 2,
            "task": 24
        }
    ],
    "id": 2,
    "name": "id2_t25_dp0.0_dc0.3_df0.7"
}