{
    "task_count": 25,
    "results": [
        {
            "samples_seens": 3622,
            "top_2_accuracy": 0.40952127659574467,
            "categorial_accuracy": 0.25686170215302323,
            "loss": 2.8143852248090377,
            "epoch": 0,
            "task": 0
        },
        {
            "samples_seens": 7242,
            "top_2_accuracy": 0.6284042551669669,
            "categorial_accuracy": 0.47537234040016824,
            "loss": 2.003735480207078,
            "epoch": 0,
            "task": 1
        },
        {
            "samples_seens": 10864,
            "top_2_accuracy": 0.6884042551669669,
            "categorial_accuracy": 0.5439893617021276,
            "loss": 1.7275579920220883,
            "epoch": 0,
            "task": 2
        },
        {
            "samples_seens": 14486,
            "top_2_accuracy": 0.7209042552684216,
            "categorial_accuracy": 0.5737765956432261,
            "loss": 1.6104564466882259,
            "epoch": 0,
            "task": 3
        },
        {
            "samples_seens": 18109,
            "top_2_accuracy": 0.759574468186561,
            "categorial_accuracy": 0.6217021278117565,
            "loss": 1.387048937919292,
            "epoch": 0,
            "task": 4
        },
        {
            "samples_seens": 21732,
            "top_2_accuracy": 0.7832446806988818,
            "categorial_accuracy": 0.637127659574468,
            "loss": 1.2903809370893113,
            "epoch": 0,
            "task": 5
        },
        {
            "samples_seens": 25351,
            "top_2_accuracy": 0.7974468085106383,
            "categorial_accuracy": 0.6548936171734586,
            "loss": 1.2207003312415265,
            "epoch": 0,
            "task": 6
        },
        {
            "samples_seens": 28973,
            "top_2_accuracy": 0.8242553190982088,
            "categorial_accuracy": 0.685053191387907,
            "loss": 1.10432469712927,
            "epoch": 0,
            "task": 7
        },
        {
            "samples_seens": 32595,
            "top_2_accuracy": 0.8350531916415438,
            "categorial_accuracy": 0.705531914893617,
            "loss": 1.0493359677842322,
            "epoch": 0,
            "task": 8
        },
        {
            "samples_seens": 36225,
            "top_2_accuracy": 0.8476595743666304,
            "categorial_accuracy": 0.7213829787741316,
            "loss": 0.971547603505723,
            "epoch": 0,
            "task": 9
        },
        {
            "samples_seens": 39847,
            "top_2_accuracy": 0.8385106384500544,
            "categorial_accuracy": 0.7115425533436714,
            "loss": 1.0003533597195402,
            "epoch": 0,
            "task": 10
        },
        {
            "samples_seens": 43467,
            "top_2_accuracy": 0.87,
            "categorial_accuracy": 0.7443085106382978,
            "loss": 0.8810218157666795,
            "epoch": 0,
            "task": 11
        },
        {
            "samples_seens": 47088,
            "top_2_accuracy": 0.8708510639312419,
            "categorial_accuracy": 0.7461702128166848,
            "loss": 0.863604139114948,
            "epoch": 0,
            "task": 12
        },
        {
            "samples_seens": 50707,
            "top_2_accuracy": 0.8777127659067194,
            "categorial_accuracy": 0.7515425532929441,
            "loss": 0.8434127571227703,
            "epoch": 0,
            "task": 13
        },
        {
            "samples_seens": 54329,
            "top_2_accuracy": 0.8887234042553191,
            "categorial_accuracy": 0.7727127660081742,
            "loss": 0.7686119836949288,
            "epoch": 0,
            "task": 14
        },
        {
            "samples_seens": 57959,
            "top_2_accuracy": 0.890531914893617,
            "categorial_accuracy": 0.7709574466563286,
            "loss": 0.7488141675198332,
            "epoch": 0,
            "task": 15
        },
        {
            "samples_seens": 61581,
            "top_2_accuracy": 0.8937765957954082,
            "categorial_accuracy": 0.7719148934648392,
            "loss": 0.7535973294237827,
            "epoch": 0,
            "task": 16
        },
        {
            "samples_seens": 65204,
            "top_2_accuracy": 0.9040425532422167,
            "categorial_accuracy": 0.7862234043567738,
            "loss": 0.7018799881224936,
            "epoch": 0,
            "task": 17
        },
        {
            "samples_seens": 68825,
            "top_2_accuracy": 0.90547872350571,
            "categorial_accuracy": 0.7828191488347155,
            "loss": 0.7498331776578375,
            "epoch": 0,
            "task": 18
        },
        {
            "samples_seens": 72446,
            "top_2_accuracy": 0.9082446809525185,
            "categorial_accuracy": 0.7930851065351608,
            "loss": 0.6755763618743166,
            "epoch": 0,
            "task": 19
        },
        {
            "samples_seens": 76068,
            "top_2_accuracy": 0.9028191490883523,
            "categorial_accuracy": 0.7795212766971994,
            "loss": 0.7695380580678899,
            "epoch": 0,
            "task": 20
        },
        {
            "samples_seens": 79689,
            "top_2_accuracy": 0.9128191490883523,
            "categorial_accuracy": 0.7952127660081741,
            "loss": 0.6657245597940811,
            "epoch": 0,
            "task": 21
        },
        {
            "samples_seens": 83309,
            "top_2_accuracy": 0.9113297872340426,
            "categorial_accuracy": 0.7809574469099654,
            "loss": 0.7537686913064185,
            "epoch": 0,
            "task": 22
        },
        {
            "samples_seens": 86930,
            "top_2_accuracy": 0.9086170213780504,
            "categorial_accuracy": 0.772127659422286,
            "loss": 0.7848651639451372,
            "epoch": 0,
            "task": 23
        },
        {
            "samples_seens": 90553,
            "top_2_accuracy": 0.8968617021783869,
            "categorial_accuracy": 0.7414361701620386,
            "loss": 0.9153879735317636,
            "epoch": 0,
            "task": 24
        },
        {
            "samples_seens": 94175,
            "top_2_accuracy": 0.9180319147921623,
            "categorial_accuracy": 0.8050000000507274,
            "loss": 0.615338000667856,
            "epoch": 1,
            "task": 0
        },
        {
            "samples_seens": 97795,
            "top_2_accuracy": 0.9151595745695398,
            "categorial_accuracy": 0.8023936170212767,
            "loss": 0.6395903982253784,
            "epoch": 1,
            "task": 1
        },
        {
            "samples_seens": 101417,
            "top_2_accuracy": 0.9171276596759228,
            "categorial_accuracy": 0.8067553189967541,
            "loss": 0.6428394451039903,
            "epoch": 1,
            "task": 2
        },
        {
            "samples_seens": 105039,
            "top_2_accuracy": 0.9180851065351608,
            "categorial_accuracy": 0.8067021276595745,
            "loss": 0.642643078058324,
            "epoch": 1,
            "task": 3
        },
        {
            "samples_seens": 108662,
            "top_2_accuracy": 0.921914893566294,
            "categorial_accuracy": 0.8147340427053735,
            "loss": 0.6063014500445508,
            "epoch": 1,
            "task": 4
        },
        {
            "samples_seens": 112285,
            "top_2_accuracy": 0.916914893718476,
            "categorial_accuracy": 0.8075531914386344,
            "loss": 0.6416529121551108,
            "epoch": 1,
            "task": 5
        },
        {
            "samples_seens": 115904,
            "top_2_accuracy": 0.9184042552684216,
            "categorial_accuracy": 0.8091489361194855,
            "loss": 0.6384008124787757,
            "epoch": 1,
            "task": 6
        },
        {
            "samples_seens": 119526,
            "top_2_accuracy": 0.9206382978216131,
            "categorial_accuracy": 0.8130851065351608,
            "loss": 0.6150850354356968,
            "epoch": 1,
            "task": 7
        },
        {
            "samples_seens": 123148,
            "top_2_accuracy": 0.9214893618035823,
            "categorial_accuracy": 0.8126063828772687,
            "loss": 0.6044736388896375,
            "epoch": 1,
            "task": 8
        },
        {
            "samples_seens": 126778,
            "top_2_accuracy": 0.9215957447823058,
            "categorial_accuracy": 0.8172340424517368,
            "loss": 0.5929402898981216,
            "epoch": 1,
            "task": 9
        },
        {
            "samples_seens": 130400,
            "top_2_accuracy": 0.9234042554206037,
            "categorial_accuracy": 0.8155851064337061,
            "loss": 0.5928275164898406,
            "epoch": 1,
            "task": 10
        },
        {
            "samples_seens": 134020,
            "top_2_accuracy": 0.9245744682372885,
            "categorial_accuracy": 0.8204255320670757,
            "loss": 0.5737934024536864,
            "epoch": 1,
            "task": 11
        },
        {
            "samples_seens": 137641,
            "top_2_accuracy": 0.9243617022291143,
            "categorial_accuracy": 0.8165425530393073,
            "loss": 0.5813077150760813,
            "epoch": 1,
            "task": 12
        },
        {
            "samples_seens": 141260,
            "top_2_accuracy": 0.9276063830801781,
            "categorial_accuracy": 0.8200000001014547,
            "loss": 0.5711277109511355,
            "epoch": 1,
            "task": 13
        },
        {
            "samples_seens": 144882,
            "top_2_accuracy": 0.9279255320163483,
            "categorial_accuracy": 0.8212234043060465,
            "loss": 0.5637191429036729,
            "epoch": 1,
            "task": 14
        },
        {
            "samples_seens": 148512,
            "top_2_accuracy": 0.9304255320163484,
            "categorial_accuracy": 0.8260638298886888,
            "loss": 0.5401237600914975,
            "epoch": 1,
            "task": 15
        },
        {
            "samples_seens": 152134,
            "top_2_accuracy": 0.9308510637790599,
            "categorial_accuracy": 0.8263829788755863,
            "loss": 0.5407415750432522,
            "epoch": 1,
            "task": 16
        },
        {
            "samples_seens": 155757,
            "top_2_accuracy": 0.9337234043567738,
            "categorial_accuracy": 0.8315425533436714,
            "loss": 0.5298445655690863,
            "epoch": 1,
            "task": 17
        },
        {
            "samples_seens": 159378,
            "top_2_accuracy": 0.9293085107397526,
            "categorial_accuracy": 0.8202659575482633,
            "loss": 0.5617340965981179,
            "epoch": 1,
            "task": 18
        },
        {
            "samples_seens": 162999,
            "top_2_accuracy": 0.9317021278117565,
            "categorial_accuracy": 0.8281382979230678,
            "loss": 0.5403854206014187,
            "epoch": 1,
            "task": 19
        },
        {
            "samples_seens": 166621,
            "top_2_accuracy": 0.9371808511652845,
            "categorial_accuracy": 0.8298936170720039,
            "loss": 0.5308939239826608,
            "epoch": 1,
            "task": 20
        },
        {
            "samples_seens": 170242,
            "top_2_accuracy": 0.9301595744173577,
            "categorial_accuracy": 0.814468085106383,
            "loss": 0.5757649648696819,
            "epoch": 1,
            "task": 21
        },
        {
            "samples_seens": 173862,
            "top_2_accuracy": 0.931968085106383,
            "categorial_accuracy": 0.8130851064844334,
            "loss": 0.6037038427464505,
            "epoch": 1,
            "task": 22
        },
        {
            "samples_seens": 177483,
            "top_2_accuracy": 0.9232978723404255,
            "categorial_accuracy": 0.7986170213780505,
            "loss": 0.6748797874755048,
            "epoch": 1,
            "task": 23
        },
        {
            "samples_seens": 181106,
            "top_2_accuracy": 0.8912234041538645,
            "categorial_accuracy": 0.7493085105875705,
            "loss": 0.8561693074855399,
            "epoch": 1,
            "task": 24
        },
        {
            "samples_seens": 184728,
            "top_2_accuracy": 0.9289893616514003,
            "categorial_accuracy": 0.8245744682372884,
            "loss": 0.6112300710475191,
            "epoch": 2,
            "task": 0
        },
        {
            "samples_seens": 188348,
            "top_2_accuracy": 0.9334574469099653,
            "categorial_accuracy": 0.8281914894631568,
            "loss": 0.5665533280626256,
            "epoch": 2,
            "task": 1
        },
        {
            "samples_seens": 191970,
            "top_2_accuracy": 0.9352127658559921,
            "categorial_accuracy": 0.8336170212765958,
            "loss": 0.5408135560218325,
            "epoch": 2,
            "task": 2
        },
        {
            "samples_seens": 195592,
            "top_2_accuracy": 0.9351595744173578,
            "categorial_accuracy": 0.830425531965621,
            "loss": 0.5539594926225379,
            "epoch": 2,
            "task": 3
        },
        {
            "samples_seens": 199215,
            "top_2_accuracy": 0.936382978824859,
            "categorial_accuracy": 0.8351063830801781,
            "loss": 0.5341487891116041,
            "epoch": 2,
            "task": 4
        },
        {
            "samples_seens": 202838,
            "top_2_accuracy": 0.9319680850556556,
            "categorial_accuracy": 0.8299468085106383,
            "loss": 0.5688373507337368,
            "epoch": 2,
            "task": 5
        },
        {
            "samples_seens": 206457,
            "top_2_accuracy": 0.9318085105875705,
            "categorial_accuracy": 0.8265957448330331,
            "loss": 0.5696450866790528,
            "epoch": 2,
            "task": 6
        },
        {
            "samples_seens": 210079,
            "top_2_accuracy": 0.928936170364948,
            "categorial_accuracy": 0.8280851062307967,
            "loss": 0.5678825654628429,
            "epoch": 2,
            "task": 7
        },
        {
            "samples_seens": 213701,
            "top_2_accuracy": 0.9368085105875705,
            "categorial_accuracy": 0.8359574467577833,
            "loss": 0.5217142507877756,
            "epoch": 2,
            "task": 8
        },
        {
            "samples_seens": 217331,
            "top_2_accuracy": 0.9377659575482632,
            "categorial_accuracy": 0.8336702128674122,
            "loss": 0.5320955518205115,
            "epoch": 2,
            "task": 9
        },
        {
            "samples_seens": 220953,
            "top_2_accuracy": 0.937606382927996,
            "categorial_accuracy": 0.8384574467577833,
            "loss": 0.5159534869041849,
            "epoch": 2,
            "task": 10
        },
        {
            "samples_seens": 224573,
            "top_2_accuracy": 0.9392553192503909,
            "categorial_accuracy": 0.8388297873862246,
            "loss": 0.5023518673663444,
            "epoch": 2,
            "task": 11
        },
        {
            "samples_seens": 228194,
            "top_2_accuracy": 0.9370212766971994,
            "categorial_accuracy": 0.8324468086628204,
            "loss": 0.5339397083444798,
            "epoch": 2,
            "task": 12
        },
        {
            "samples_seens": 231813,
            "top_2_accuracy": 0.9342021277610292,
            "categorial_accuracy": 0.8356382980245225,
            "loss": 0.5296868862243409,
            "epoch": 2,
            "task": 13
        },
        {
            "samples_seens": 235435,
            "top_2_accuracy": 0.9385638298886888,
            "categorial_accuracy": 0.842499999847818,
            "loss": 0.5086518862906922,
            "epoch": 2,
            "task": 14
        },
        {
            "samples_seens": 239065,
            "top_2_accuracy": 0.9383510638805146,
            "categorial_accuracy": 0.8394148937692033,
            "loss": 0.5044070026975997,
            "epoch": 2,
            "task": 15
        },
        {
            "samples_seens": 242687,
            "top_2_accuracy": 0.9332978722389709,
            "categorial_accuracy": 0.8349468084091836,
            "loss": 0.5175727271272781,
            "epoch": 2,
            "task": 16
        },
        {
            "samples_seens": 246310,
            "top_2_accuracy": 0.936489361600673,
            "categorial_accuracy": 0.836489361752855,
            "loss": 0.49458227500002433,
            "epoch": 2,
            "task": 17
        },
        {
            "samples_seens": 249931,
            "top_2_accuracy": 0.9388829786219496,
            "categorial_accuracy": 0.8378191488347155,
            "loss": 0.4981043617522463,
            "epoch": 2,
            "task": 18
        },
        {
            "samples_seens": 253552,
            "top_2_accuracy": 0.9397872341440079,
            "categorial_accuracy": 0.8409042553698763,
            "loss": 0.4867032576621847,
            "epoch": 2,
            "task": 19
        },
        {
            "samples_seens": 257174,
            "top_2_accuracy": 0.9381382979737951,
            "categorial_accuracy": 0.8329255320163483,
            "loss": 0.5090951170819871,
            "epoch": 2,
            "task": 20
        },
        {
            "samples_seens": 260795,
            "top_2_accuracy": 0.9390957446301237,
            "categorial_accuracy": 0.8363829785712222,
            "loss": 0.5092155168157942,
            "epoch": 2,
            "task": 21
        },
        {
            "samples_seens": 264415,
            "top_2_accuracy": 0.9346276595744681,
            "categorial_accuracy": 0.8226063828772687,
            "loss": 0.5670145544853616,
            "epoch": 2,
            "task": 22
        },
        {
            "samples_seens": 268036,
            "top_2_accuracy": 0.9314893618543097,
            "categorial_accuracy": 0.8156382977201584,
            "loss": 0.5768768777238562,
            "epoch": 2,
            "task": 23
        },
        {
            "samples_seens": 271659,
            "top_2_accuracy": 0.9256914895138842,
            "categorial_accuracy": 0.7919148937692033,
            "loss": 0.6559105831511477,
            "epoch": 2,
            "task": 24
        }
    ],
    "id": 2,
    "name": "id2_t25_dp0.1_dc0.6_df0.3"
}