{
    "task_count": 25,
    "results": [
        {
            "samples_seens": 3622,
            "top_2_accuracy": 0.4177127661096289,
            "categorial_accuracy": 0.2726063829787234,
            "loss": 2.7444726130302914,
            "epoch": 0,
            "task": 0
        },
        {
            "samples_seens": 7242,
            "top_2_accuracy": 0.5986170212765958,
            "categorial_accuracy": 0.43292553191489364,
            "loss": 2.0719682332302662,
            "epoch": 0,
            "task": 1
        },
        {
            "samples_seens": 10863,
            "top_2_accuracy": 0.6862234042553191,
            "categorial_accuracy": 0.5345744681865611,
            "loss": 1.8062571009169233,
            "epoch": 0,
            "task": 2
        },
        {
            "samples_seens": 14484,
            "top_2_accuracy": 0.7239893615499456,
            "categorial_accuracy": 0.5781382980245225,
            "loss": 1.5739266894726043,
            "epoch": 0,
            "task": 3
        },
        {
            "samples_seens": 18106,
            "top_2_accuracy": 0.7520744680851064,
            "categorial_accuracy": 0.6012234042045917,
            "loss": 1.5047044691126397,
            "epoch": 0,
            "task": 4
        },
        {
            "samples_seens": 21727,
            "top_2_accuracy": 0.7835106383993271,
            "categorial_accuracy": 0.6427659573453538,
            "loss": 1.3110036285887374,
            "epoch": 0,
            "task": 5
        },
        {
            "samples_seens": 25346,
            "top_2_accuracy": 0.7875531914386343,
            "categorial_accuracy": 0.6499468084599109,
            "loss": 1.3451488375156484,
            "epoch": 0,
            "task": 6
        },
        {
            "samples_seens": 28969,
            "top_2_accuracy": 0.8177659575989906,
            "categorial_accuracy": 0.6811702126137754,
            "loss": 1.1211800135957435,
            "epoch": 0,
            "task": 7
        },
        {
            "samples_seens": 32589,
            "top_2_accuracy": 0.8159042552684216,
            "categorial_accuracy": 0.6767021278117565,
            "loss": 1.1481422688098664,
            "epoch": 0,
            "task": 8
        },
        {
            "samples_seens": 36217,
            "top_2_accuracy": 0.8437765957954082,
            "categorial_accuracy": 0.7134042552176942,
            "loss": 1.0069345020233316,
            "epoch": 0,
            "task": 9
        },
        {
            "samples_seens": 39839,
            "top_2_accuracy": 0.8318617020769322,
            "categorial_accuracy": 0.695585106281524,
            "loss": 1.0698137828137013,
            "epoch": 0,
            "task": 10
        },
        {
            "samples_seens": 43460,
            "top_2_accuracy": 0.8624468083584562,
            "categorial_accuracy": 0.736436170212766,
            "loss": 0.911460571644154,
            "epoch": 0,
            "task": 11
        },
        {
            "samples_seens": 47080,
            "top_2_accuracy": 0.8742553190982089,
            "categorial_accuracy": 0.7466489361194855,
            "loss": 0.8617388164743464,
            "epoch": 0,
            "task": 12
        },
        {
            "samples_seens": 50701,
            "top_2_accuracy": 0.8776595744680851,
            "categorial_accuracy": 0.754095744680851,
            "loss": 0.8351964453940696,
            "epoch": 0,
            "task": 13
        },
        {
            "samples_seens": 54323,
            "top_2_accuracy": 0.8861170212765958,
            "categorial_accuracy": 0.7654787232520732,
            "loss": 0.7884329321029339,
            "epoch": 0,
            "task": 14
        },
        {
            "samples_seens": 57951,
            "top_2_accuracy": 0.8905319149443444,
            "categorial_accuracy": 0.7766489362209401,
            "loss": 0.7534836290237752,
            "epoch": 0,
            "task": 15
        },
        {
            "samples_seens": 61571,
            "top_2_accuracy": 0.8944680851571103,
            "categorial_accuracy": 0.7730319149443444,
            "loss": 0.7431625966822848,
            "epoch": 0,
            "task": 16
        },
        {
            "samples_seens": 65194,
            "top_2_accuracy": 0.901542553140762,
            "categorial_accuracy": 0.7827659575482633,
            "loss": 0.7095670293239837,
            "epoch": 0,
            "task": 17
        },
        {
            "samples_seens": 68813,
            "top_2_accuracy": 0.907127659422286,
            "categorial_accuracy": 0.7959574469099654,
            "loss": 0.6734141998088106,
            "epoch": 0,
            "task": 18
        },
        {
            "samples_seens": 72434,
            "top_2_accuracy": 0.9074468086628203,
            "categorial_accuracy": 0.7909574468085107,
            "loss": 0.6851490119163026,
            "epoch": 0,
            "task": 19
        },
        {
            "samples_seens": 76056,
            "top_2_accuracy": 0.9028191489361702,
            "categorial_accuracy": 0.7827127658052647,
            "loss": 0.7039164347344257,
            "epoch": 0,
            "task": 20
        },
        {
            "samples_seens": 79677,
            "top_2_accuracy": 0.9168617021276596,
            "categorial_accuracy": 0.8024999998985453,
            "loss": 0.6580110692470632,
            "epoch": 0,
            "task": 21
        },
        {
            "samples_seens": 83298,
            "top_2_accuracy": 0.918031914741435,
            "categorial_accuracy": 0.7984042551669669,
            "loss": 0.6546650053592439,
            "epoch": 0,
            "task": 22
        },
        {
            "samples_seens": 86918,
            "top_2_accuracy": 0.9096276595237407,
            "categorial_accuracy": 0.7795212766464721,
            "loss": 0.7602425394159682,
            "epoch": 0,
            "task": 23
        },
        {
            "samples_seens": 90540,
            "top_2_accuracy": 0.9082446806988818,
            "categorial_accuracy": 0.7708510639819693,
            "loss": 0.8354439682148872,
            "epoch": 0,
            "task": 24
        },
        {
            "samples_seens": 94162,
            "top_2_accuracy": 0.9181914894631569,
            "categorial_accuracy": 0.8086702127659574,
            "loss": 0.6133294106290695,
            "epoch": 1,
            "task": 0
        },
        {
            "samples_seens": 97782,
            "top_2_accuracy": 0.9199468084091836,
            "categorial_accuracy": 0.8112765957954082,
            "loss": 0.6054647275742064,
            "epoch": 1,
            "task": 1
        },
        {
            "samples_seens": 101403,
            "top_2_accuracy": 0.9165425532929441,
            "categorial_accuracy": 0.8075531916415438,
            "loss": 0.641646418191017,
            "epoch": 1,
            "task": 2
        },
        {
            "samples_seens": 105024,
            "top_2_accuracy": 0.916117021175141,
            "categorial_accuracy": 0.8050000001521821,
            "loss": 0.658657856215822,
            "epoch": 1,
            "task": 3
        },
        {
            "samples_seens": 108646,
            "top_2_accuracy": 0.9193085105875705,
            "categorial_accuracy": 0.8067021275073923,
            "loss": 0.6253311550870855,
            "epoch": 1,
            "task": 4
        },
        {
            "samples_seens": 112267,
            "top_2_accuracy": 0.918510638247145,
            "categorial_accuracy": 0.8067021276088471,
            "loss": 0.626603532496919,
            "epoch": 1,
            "task": 5
        },
        {
            "samples_seens": 115886,
            "top_2_accuracy": 0.9157978722896982,
            "categorial_accuracy": 0.8054255318134389,
            "loss": 0.6667904111679565,
            "epoch": 1,
            "task": 6
        },
        {
            "samples_seens": 119509,
            "top_2_accuracy": 0.9151063828265413,
            "categorial_accuracy": 0.8023404254304601,
            "loss": 0.6286697705755843,
            "epoch": 1,
            "task": 7
        },
        {
            "samples_seens": 123129,
            "top_2_accuracy": 0.9226063831309055,
            "categorial_accuracy": 0.8101595745188125,
            "loss": 0.6014513273188409,
            "epoch": 1,
            "task": 8
        },
        {
            "samples_seens": 126757,
            "top_2_accuracy": 0.9236170212258684,
            "categorial_accuracy": 0.8147872338903711,
            "loss": 0.6051067010646171,
            "epoch": 1,
            "task": 9
        },
        {
            "samples_seens": 130379,
            "top_2_accuracy": 0.9236702128674121,
            "categorial_accuracy": 0.8170212765957446,
            "loss": 0.597801842309059,
            "epoch": 1,
            "task": 10
        },
        {
            "samples_seens": 134000,
            "top_2_accuracy": 0.9241489361702128,
            "categorial_accuracy": 0.8159042554206036,
            "loss": 0.5965133101128517,
            "epoch": 1,
            "task": 11
        },
        {
            "samples_seens": 137620,
            "top_2_accuracy": 0.9246808511652845,
            "categorial_accuracy": 0.8207446807496092,
            "loss": 0.5824648968970522,
            "epoch": 1,
            "task": 12
        },
        {
            "samples_seens": 141241,
            "top_2_accuracy": 0.9261170212258684,
            "categorial_accuracy": 0.8212765957954082,
            "loss": 0.5654182775477146,
            "epoch": 1,
            "task": 13
        },
        {
            "samples_seens": 144863,
            "top_2_accuracy": 0.9233510639819693,
            "categorial_accuracy": 0.8156914894631568,
            "loss": 0.5866511673622943,
            "epoch": 1,
            "task": 14
        },
        {
            "samples_seens": 148491,
            "top_2_accuracy": 0.9259042552684216,
            "categorial_accuracy": 0.822180850962375,
            "loss": 0.5519746121700774,
            "epoch": 1,
            "task": 15
        },
        {
            "samples_seens": 152111,
            "top_2_accuracy": 0.9284042552684216,
            "categorial_accuracy": 0.8267553190474815,
            "loss": 0.548963917113365,
            "epoch": 1,
            "task": 16
        },
        {
            "samples_seens": 155734,
            "top_2_accuracy": 0.9318085105875705,
            "categorial_accuracy": 0.8279787232520732,
            "loss": 0.5287352763084655,
            "epoch": 1,
            "task": 17
        },
        {
            "samples_seens": 159353,
            "top_2_accuracy": 0.9321276596759228,
            "categorial_accuracy": 0.8278191489361703,
            "loss": 0.5334579669414683,
            "epoch": 1,
            "task": 18
        },
        {
            "samples_seens": 162974,
            "top_2_accuracy": 0.934042553140762,
            "categorial_accuracy": 0.8315957445793963,
            "loss": 0.5259990286066177,
            "epoch": 1,
            "task": 19
        },
        {
            "samples_seens": 166596,
            "top_2_accuracy": 0.9313829786726769,
            "categorial_accuracy": 0.8282446806988818,
            "loss": 0.5301398277789988,
            "epoch": 1,
            "task": 20
        },
        {
            "samples_seens": 170217,
            "top_2_accuracy": 0.9347872341947353,
            "categorial_accuracy": 0.8311702128166848,
            "loss": 0.5197307472533368,
            "epoch": 1,
            "task": 21
        },
        {
            "samples_seens": 173838,
            "top_2_accuracy": 0.932074468034379,
            "categorial_accuracy": 0.8282978721882435,
            "loss": 0.5391519478026857,
            "epoch": 1,
            "task": 22
        },
        {
            "samples_seens": 177458,
            "top_2_accuracy": 0.9329255320670757,
            "categorial_accuracy": 0.8242021277610292,
            "loss": 0.5633558632465119,
            "epoch": 1,
            "task": 23
        },
        {
            "samples_seens": 181080,
            "top_2_accuracy": 0.9288297873862246,
            "categorial_accuracy": 0.8091489363223948,
            "loss": 0.6317446764479292,
            "epoch": 1,
            "task": 24
        },
        {
            "samples_seens": 184702,
            "top_2_accuracy": 0.9353191490376249,
            "categorial_accuracy": 0.8325000001521821,
            "loss": 0.5367063075177213,
            "epoch": 2,
            "task": 0
        },
        {
            "samples_seens": 188322,
            "top_2_accuracy": 0.9314893616514003,
            "categorial_accuracy": 0.8241489361702128,
            "loss": 0.5961082239353911,
            "epoch": 2,
            "task": 1
        },
        {
            "samples_seens": 191943,
            "top_2_accuracy": 0.9312765956432262,
            "categorial_accuracy": 0.8239893617021277,
            "loss": 0.5813653787907134,
            "epoch": 2,
            "task": 2
        },
        {
            "samples_seens": 195564,
            "top_2_accuracy": 0.9334042552176942,
            "categorial_accuracy": 0.8294680850049283,
            "loss": 0.5716076878537523,
            "epoch": 2,
            "task": 3
        },
        {
            "samples_seens": 199186,
            "top_2_accuracy": 0.9340957446301237,
            "categorial_accuracy": 0.8278191487839881,
            "loss": 0.5585515314721047,
            "epoch": 2,
            "task": 4
        },
        {
            "samples_seens": 202807,
            "top_2_accuracy": 0.9345212766971994,
            "categorial_accuracy": 0.8298404253797328,
            "loss": 0.5453927231088598,
            "epoch": 2,
            "task": 5
        },
        {
            "samples_seens": 206426,
            "top_2_accuracy": 0.9360106381964176,
            "categorial_accuracy": 0.8313297870818604,
            "loss": 0.5463797455138348,
            "epoch": 2,
            "task": 6
        },
        {
            "samples_seens": 210049,
            "top_2_accuracy": 0.9365425532929441,
            "categorial_accuracy": 0.8280851062307967,
            "loss": 0.5371973451147688,
            "epoch": 2,
            "task": 7
        },
        {
            "samples_seens": 213669,
            "top_2_accuracy": 0.9342021276088471,
            "categorial_accuracy": 0.8313829785712222,
            "loss": 0.5433483586159158,
            "epoch": 2,
            "task": 8
        },
        {
            "samples_seens": 217297,
            "top_2_accuracy": 0.9334574467577833,
            "categorial_accuracy": 0.8298404255319148,
            "loss": 0.5624080221196438,
            "epoch": 2,
            "task": 9
        },
        {
            "samples_seens": 220919,
            "top_2_accuracy": 0.9330319148428896,
            "categorial_accuracy": 0.8331914895138842,
            "loss": 0.5277370558901036,
            "epoch": 2,
            "task": 10
        },
        {
            "samples_seens": 224540,
            "top_2_accuracy": 0.9354255320670757,
            "categorial_accuracy": 0.836063829787234,
            "loss": 0.5194434789140173,
            "epoch": 2,
            "task": 11
        },
        {
            "samples_seens": 228160,
            "top_2_accuracy": 0.9358510639819693,
            "categorial_accuracy": 0.8350531916415438,
            "loss": 0.5274822313988462,
            "epoch": 2,
            "task": 12
        },
        {
            "samples_seens": 231781,
            "top_2_accuracy": 0.9343085105368432,
            "categorial_accuracy": 0.8371808510638298,
            "loss": 0.5202166916461701,
            "epoch": 2,
            "task": 13
        },
        {
            "samples_seens": 235403,
            "top_2_accuracy": 0.9371276595237408,
            "categorial_accuracy": 0.8399999998478179,
            "loss": 0.49732574828127596,
            "epoch": 2,
            "task": 14
        },
        {
            "samples_seens": 239031,
            "top_2_accuracy": 0.9361170213780504,
            "categorial_accuracy": 0.8434042551669668,
            "loss": 0.50113291778463,
            "epoch": 2,
            "task": 15
        },
        {
            "samples_seens": 242651,
            "top_2_accuracy": 0.9372340426546462,
            "categorial_accuracy": 0.8406914893109748,
            "loss": 0.4871011895321785,
            "epoch": 2,
            "task": 16
        },
        {
            "samples_seens": 246274,
            "top_2_accuracy": 0.937074468034379,
            "categorial_accuracy": 0.8416489363223948,
            "loss": 0.4959591993118854,
            "epoch": 2,
            "task": 17
        },
        {
            "samples_seens": 249893,
            "top_2_accuracy": 0.9391489362716675,
            "categorial_accuracy": 0.8381914894631568,
            "loss": 0.5046101538171159,
            "epoch": 2,
            "task": 18
        },
        {
            "samples_seens": 253514,
            "top_2_accuracy": 0.9394148935662939,
            "categorial_accuracy": 0.839042553140762,
            "loss": 0.4902472645424782,
            "epoch": 2,
            "task": 19
        },
        {
            "samples_seens": 257136,
            "top_2_accuracy": 0.9390425532929441,
            "categorial_accuracy": 0.8363829787234043,
            "loss": 0.4915494941396916,
            "epoch": 2,
            "task": 20
        },
        {
            "samples_seens": 260757,
            "top_2_accuracy": 0.939946808612093,
            "categorial_accuracy": 0.8427659573453538,
            "loss": 0.48745801659340554,
            "epoch": 2,
            "task": 21
        },
        {
            "samples_seens": 264378,
            "top_2_accuracy": 0.9390957446301237,
            "categorial_accuracy": 0.8401595743666304,
            "loss": 0.510149289851493,
            "epoch": 2,
            "task": 22
        },
        {
            "samples_seens": 267998,
            "top_2_accuracy": 0.940904255471331,
            "categorial_accuracy": 0.830159574315903,
            "loss": 0.5307605285086531,
            "epoch": 2,
            "task": 23
        },
        {
            "samples_seens": 271620,
            "top_2_accuracy": 0.9357978724926076,
            "categorial_accuracy": 0.8231914893617022,
            "loss": 0.5860155803091982,
            "epoch": 2,
            "task": 24
        }
    ],
    "id": 2,
    "name": "id2_t25_dp0.3_dc0.4_df0.3"
}