{
    "task_count": 25,
    "results": [
        {
            "samples_seens": 3622,
            "top_2_accuracy": 0.4952127659828105,
            "categorial_accuracy": 0.35728723396646217,
            "loss": 2.439964212255275,
            "epoch": 0,
            "task": 0
        },
        {
            "samples_seens": 7243,
            "top_2_accuracy": 0.6010106381456902,
            "categorial_accuracy": 0.44079787231506184,
            "loss": 2.1012715566919207,
            "epoch": 0,
            "task": 1
        },
        {
            "samples_seens": 10864,
            "top_2_accuracy": 0.6730851064844334,
            "categorial_accuracy": 0.5322872340425532,
            "loss": 1.83649872668246,
            "epoch": 0,
            "task": 2
        },
        {
            "samples_seens": 14486,
            "top_2_accuracy": 0.6960106383485997,
            "categorial_accuracy": 0.5479787234549827,
            "loss": 1.7009508781230196,
            "epoch": 0,
            "task": 3
        },
        {
            "samples_seens": 18108,
            "top_2_accuracy": 0.7404787235564374,
            "categorial_accuracy": 0.5998936168690945,
            "loss": 1.623346548892082,
            "epoch": 0,
            "task": 4
        },
        {
            "samples_seens": 21730,
            "top_2_accuracy": 0.7625531915908165,
            "categorial_accuracy": 0.6176595745695398,
            "loss": 1.4660543710627454,
            "epoch": 0,
            "task": 5
        },
        {
            "samples_seens": 25351,
            "top_2_accuracy": 0.7881914894631569,
            "categorial_accuracy": 0.6486702126137753,
            "loss": 1.2767318683989504,
            "epoch": 0,
            "task": 6
        },
        {
            "samples_seens": 28973,
            "top_2_accuracy": 0.8062765957954082,
            "categorial_accuracy": 0.6692021275581198,
            "loss": 1.1848344279350118,
            "epoch": 0,
            "task": 7
        },
        {
            "samples_seens": 32597,
            "top_2_accuracy": 0.8108510638805146,
            "categorial_accuracy": 0.6696808509116478,
            "loss": 1.1672617818954143,
            "epoch": 0,
            "task": 8
        },
        {
            "samples_seens": 36228,
            "top_2_accuracy": 0.8389361703142206,
            "categorial_accuracy": 0.7102659574468085,
            "loss": 1.0650596736339812,
            "epoch": 0,
            "task": 9
        },
        {
            "samples_seens": 39849,
            "top_2_accuracy": 0.8345744681358337,
            "categorial_accuracy": 0.6988829788755864,
            "loss": 1.1079688300477697,
            "epoch": 0,
            "task": 10
        },
        {
            "samples_seens": 43470,
            "top_2_accuracy": 0.8567021276088471,
            "categorial_accuracy": 0.7256914892602474,
            "loss": 0.9511837649852671,
            "epoch": 0,
            "task": 11
        },
        {
            "samples_seens": 47093,
            "top_2_accuracy": 0.8643085106890253,
            "categorial_accuracy": 0.7380319149950717,
            "loss": 0.9090316369178447,
            "epoch": 0,
            "task": 12
        },
        {
            "samples_seens": 50710,
            "top_2_accuracy": 0.8720744679836516,
            "categorial_accuracy": 0.7475531915908165,
            "loss": 0.8632955714996825,
            "epoch": 0,
            "task": 13
        },
        {
            "samples_seens": 54332,
            "top_2_accuracy": 0.8784574467577833,
            "categorial_accuracy": 0.7525531914893617,
            "loss": 0.8422259826863066,
            "epoch": 0,
            "task": 14
        },
        {
            "samples_seens": 57963,
            "top_2_accuracy": 0.8851063828772687,
            "categorial_accuracy": 0.766010638399327,
            "loss": 0.788969706829558,
            "epoch": 0,
            "task": 15
        },
        {
            "samples_seens": 61586,
            "top_2_accuracy": 0.8890957446808511,
            "categorial_accuracy": 0.7707446808510638,
            "loss": 0.7727394238431403,
            "epoch": 0,
            "task": 16
        },
        {
            "samples_seens": 65208,
            "top_2_accuracy": 0.8882978723911529,
            "categorial_accuracy": 0.7710638296350519,
            "loss": 0.7703794301824367,
            "epoch": 0,
            "task": 17
        },
        {
            "samples_seens": 68829,
            "top_2_accuracy": 0.9026595744680851,
            "categorial_accuracy": 0.7856914893109748,
            "loss": 0.718885641453114,
            "epoch": 0,
            "task": 18
        },
        {
            "samples_seens": 72451,
            "top_2_accuracy": 0.9028191489361702,
            "categorial_accuracy": 0.7872872340425532,
            "loss": 0.6987584963757941,
            "epoch": 0,
            "task": 19
        },
        {
            "samples_seens": 76073,
            "top_2_accuracy": 0.9042021275073924,
            "categorial_accuracy": 0.7867021278117565,
            "loss": 0.7164465994530536,
            "epoch": 0,
            "task": 20
        },
        {
            "samples_seens": 79694,
            "top_2_accuracy": 0.9093617019754775,
            "categorial_accuracy": 0.7879787234549827,
            "loss": 0.6920820874356209,
            "epoch": 0,
            "task": 21
        },
        {
            "samples_seens": 83315,
            "top_2_accuracy": 0.9096808509116477,
            "categorial_accuracy": 0.777925531965621,
            "loss": 0.7560108950290274,
            "epoch": 0,
            "task": 22
        },
        {
            "samples_seens": 86936,
            "top_2_accuracy": 0.8968617022291143,
            "categorial_accuracy": 0.7609574468592379,
            "loss": 0.8394001381447974,
            "epoch": 0,
            "task": 23
        },
        {
            "samples_seens": 90559,
            "top_2_accuracy": 0.8807446807496091,
            "categorial_accuracy": 0.7217553190474815,
            "loss": 1.0005190230937715,
            "epoch": 0,
            "task": 24
        },
        {
            "samples_seens": 94181,
            "top_2_accuracy": 0.9093085105368431,
            "categorial_accuracy": 0.7884574468085106,
            "loss": 0.7214472565245121,
            "epoch": 1,
            "task": 0
        },
        {
            "samples_seens": 97802,
            "top_2_accuracy": 0.9112765958968629,
            "categorial_accuracy": 0.7969680852078377,
            "loss": 0.6919372503808204,
            "epoch": 1,
            "task": 1
        },
        {
            "samples_seens": 101423,
            "top_2_accuracy": 0.9106914893109748,
            "categorial_accuracy": 0.7957978724418803,
            "loss": 0.6876909047492007,
            "epoch": 1,
            "task": 2
        },
        {
            "samples_seens": 105045,
            "top_2_accuracy": 0.9054255320163483,
            "categorial_accuracy": 0.7937234042553192,
            "loss": 0.7415512870220428,
            "epoch": 1,
            "task": 3
        },
        {
            "samples_seens": 108667,
            "top_2_accuracy": 0.9110638297365067,
            "categorial_accuracy": 0.7935106384500544,
            "loss": 0.7210794597483696,
            "epoch": 1,
            "task": 4
        },
        {
            "samples_seens": 112289,
            "top_2_accuracy": 0.9113297871833151,
            "categorial_accuracy": 0.8003191487839881,
            "loss": 0.6990773348605379,
            "epoch": 1,
            "task": 5
        },
        {
            "samples_seens": 115910,
            "top_2_accuracy": 0.9142553193011183,
            "categorial_accuracy": 0.803404255471331,
            "loss": 0.6657553788448902,
            "epoch": 1,
            "task": 6
        },
        {
            "samples_seens": 119532,
            "top_2_accuracy": 0.9178191488854428,
            "categorial_accuracy": 0.8075531913371796,
            "loss": 0.6540413847375424,
            "epoch": 1,
            "task": 7
        },
        {
            "samples_seens": 123156,
            "top_2_accuracy": 0.9135638299394161,
            "categorial_accuracy": 0.8033510638805146,
            "loss": 0.6679687801827776,
            "epoch": 1,
            "task": 8
        },
        {
            "samples_seens": 126787,
            "top_2_accuracy": 0.9157978722896982,
            "categorial_accuracy": 0.8099999998985453,
            "loss": 0.6469713510097341,
            "epoch": 1,
            "task": 9
        },
        {
            "samples_seens": 130408,
            "top_2_accuracy": 0.9179255319148936,
            "categorial_accuracy": 0.8122340426546462,
            "loss": 0.6277202393653545,
            "epoch": 1,
            "task": 10
        },
        {
            "samples_seens": 134029,
            "top_2_accuracy": 0.9239361701620386,
            "categorial_accuracy": 0.8141489361194854,
            "loss": 0.6012878274663965,
            "epoch": 1,
            "task": 11
        },
        {
            "samples_seens": 137652,
            "top_2_accuracy": 0.9227127660589015,
            "categorial_accuracy": 0.8188297871325878,
            "loss": 0.5974299824237823,
            "epoch": 1,
            "task": 12
        },
        {
            "samples_seens": 141269,
            "top_2_accuracy": 0.9207446809525185,
            "categorial_accuracy": 0.8180851064337061,
            "loss": 0.6155874532080711,
            "epoch": 1,
            "task": 13
        },
        {
            "samples_seens": 144891,
            "top_2_accuracy": 0.9232978724418802,
            "categorial_accuracy": 0.8186170211244137,
            "loss": 0.5911051690071187,
            "epoch": 1,
            "task": 14
        },
        {
            "samples_seens": 148522,
            "top_2_accuracy": 0.9257978722389708,
            "categorial_accuracy": 0.8188829787741316,
            "loss": 0.5733489919469712,
            "epoch": 1,
            "task": 15
        },
        {
            "samples_seens": 152145,
            "top_2_accuracy": 0.9267553190474814,
            "categorial_accuracy": 0.822127659422286,
            "loss": 0.5642631275856749,
            "epoch": 1,
            "task": 16
        },
        {
            "samples_seens": 155767,
            "top_2_accuracy": 0.9281382979737951,
            "categorial_accuracy": 0.8225000000507273,
            "loss": 0.5609462293411823,
            "epoch": 1,
            "task": 17
        },
        {
            "samples_seens": 159388,
            "top_2_accuracy": 0.9290957447823058,
            "categorial_accuracy": 0.8261702129181395,
            "loss": 0.552265231482526,
            "epoch": 1,
            "task": 18
        },
        {
            "samples_seens": 163010,
            "top_2_accuracy": 0.9289361701620386,
            "categorial_accuracy": 0.8246276596251955,
            "loss": 0.5538242403750724,
            "epoch": 1,
            "task": 19
        },
        {
            "samples_seens": 166632,
            "top_2_accuracy": 0.9299468086628204,
            "categorial_accuracy": 0.8226063830294508,
            "loss": 0.5883441506040857,
            "epoch": 1,
            "task": 20
        },
        {
            "samples_seens": 170253,
            "top_2_accuracy": 0.9305851062307966,
            "categorial_accuracy": 0.8233510639819693,
            "loss": 0.5669527492624649,
            "epoch": 1,
            "task": 21
        },
        {
            "samples_seens": 173874,
            "top_2_accuracy": 0.926968085106383,
            "categorial_accuracy": 0.8090957447315784,
            "loss": 0.6212708987073695,
            "epoch": 1,
            "task": 22
        },
        {
            "samples_seens": 177495,
            "top_2_accuracy": 0.9134574469099653,
            "categorial_accuracy": 0.7844148934648392,
            "loss": 0.685257170504712,
            "epoch": 1,
            "task": 23
        },
        {
            "samples_seens": 181118,
            "top_2_accuracy": 0.9138829788248589,
            "categorial_accuracy": 0.7796808510638298,
            "loss": 0.7188644836304036,
            "epoch": 1,
            "task": 24
        },
        {
            "samples_seens": 184740,
            "top_2_accuracy": 0.9204255318134389,
            "categorial_accuracy": 0.8082978723404255,
            "loss": 0.6810198854385539,
            "epoch": 2,
            "task": 0
        },
        {
            "samples_seens": 188361,
            "top_2_accuracy": 0.9226063830801782,
            "categorial_accuracy": 0.8170744681358337,
            "loss": 0.6462000440536662,
            "epoch": 2,
            "task": 1
        },
        {
            "samples_seens": 191982,
            "top_2_accuracy": 0.9287234044075012,
            "categorial_accuracy": 0.8229787234549827,
            "loss": 0.5983839613072416,
            "epoch": 2,
            "task": 2
        },
        {
            "samples_seens": 195604,
            "top_2_accuracy": 0.9285638298886888,
            "categorial_accuracy": 0.8217021278117566,
            "loss": 0.6137229763954244,
            "epoch": 2,
            "task": 3
        },
        {
            "samples_seens": 199226,
            "top_2_accuracy": 0.9248404254811875,
            "categorial_accuracy": 0.816489361752855,
            "loss": 0.6280290105748684,
            "epoch": 2,
            "task": 4
        },
        {
            "samples_seens": 202848,
            "top_2_accuracy": 0.9282978722896982,
            "categorial_accuracy": 0.8212234044075012,
            "loss": 0.6093773498940975,
            "epoch": 2,
            "task": 5
        },
        {
            "samples_seens": 206469,
            "top_2_accuracy": 0.9314361701620386,
            "categorial_accuracy": 0.8277127661096289,
            "loss": 0.5670461938482649,
            "epoch": 2,
            "task": 6
        },
        {
            "samples_seens": 210091,
            "top_2_accuracy": 0.9318617022291142,
            "categorial_accuracy": 0.8306914892095201,
            "loss": 0.564595062149332,
            "epoch": 2,
            "task": 7
        },
        {
            "samples_seens": 213715,
            "top_2_accuracy": 0.9292021277610292,
            "categorial_accuracy": 0.8268085105368431,
            "loss": 0.5762798188087788,
            "epoch": 2,
            "task": 8
        },
        {
            "samples_seens": 217346,
            "top_2_accuracy": 0.9249468086628204,
            "categorial_accuracy": 0.8218617020262049,
            "loss": 0.5859027811567834,
            "epoch": 2,
            "task": 9
        },
        {
            "samples_seens": 220967,
            "top_2_accuracy": 0.93297872350571,
            "categorial_accuracy": 0.8306914893617021,
            "loss": 0.5718072758076039,
            "epoch": 2,
            "task": 10
        },
        {
            "samples_seens": 224588,
            "top_2_accuracy": 0.9343085105875705,
            "categorial_accuracy": 0.8341489360687581,
            "loss": 0.5429093078603136,
            "epoch": 2,
            "task": 11
        },
        {
            "samples_seens": 228211,
            "top_2_accuracy": 0.9328191488854428,
            "categorial_accuracy": 0.8304787232520733,
            "loss": 0.5289996296040556,
            "epoch": 2,
            "task": 12
        },
        {
            "samples_seens": 231828,
            "top_2_accuracy": 0.9346276594730134,
            "categorial_accuracy": 0.8388297872340426,
            "loss": 0.5237645162927344,
            "epoch": 2,
            "task": 13
        },
        {
            "samples_seens": 235450,
            "top_2_accuracy": 0.9326063830801781,
            "categorial_accuracy": 0.8322340424010094,
            "loss": 0.5182304108142852,
            "epoch": 2,
            "task": 14
        },
        {
            "samples_seens": 239081,
            "top_2_accuracy": 0.9372872339410985,
            "categorial_accuracy": 0.8368085106382979,
            "loss": 0.5016578451876945,
            "epoch": 2,
            "task": 15
        },
        {
            "samples_seens": 242704,
            "top_2_accuracy": 0.9338829786726769,
            "categorial_accuracy": 0.8356382980245225,
            "loss": 0.5286731629168734,
            "epoch": 2,
            "task": 16
        },
        {
            "samples_seens": 246326,
            "top_2_accuracy": 0.9372872339410985,
            "categorial_accuracy": 0.8376063829787234,
            "loss": 0.5076527600085482,
            "epoch": 2,
            "task": 17
        },
        {
            "samples_seens": 249947,
            "top_2_accuracy": 0.9363297871325879,
            "categorial_accuracy": 0.835904255471331,
            "loss": 0.49882505881025435,
            "epoch": 2,
            "task": 18
        },
        {
            "samples_seens": 253569,
            "top_2_accuracy": 0.9372872339410985,
            "categorial_accuracy": 0.8356382978723405,
            "loss": 0.5048404636535239,
            "epoch": 2,
            "task": 19
        },
        {
            "samples_seens": 257191,
            "top_2_accuracy": 0.9383510639312419,
            "categorial_accuracy": 0.8320744679836517,
            "loss": 0.5107619345949052,
            "epoch": 2,
            "task": 20
        },
        {
            "samples_seens": 260812,
            "top_2_accuracy": 0.9384042554206037,
            "categorial_accuracy": 0.8374468085106384,
            "loss": 0.5074223390031368,
            "epoch": 2,
            "task": 21
        },
        {
            "samples_seens": 264433,
            "top_2_accuracy": 0.9312234042553191,
            "categorial_accuracy": 0.8177659575482632,
            "loss": 0.5755233740299306,
            "epoch": 2,
            "task": 22
        },
        {
            "samples_seens": 268054,
            "top_2_accuracy": 0.9249999998478179,
            "categorial_accuracy": 0.8043617021276596,
            "loss": 0.6383321150313033,
            "epoch": 2,
            "task": 23
        },
        {
            "samples_seens": 271677,
            "top_2_accuracy": 0.9045212764942899,
            "categorial_accuracy": 0.7602659575482632,
            "loss": 0.7889233330970115,
            "epoch": 2,
            "task": 24
        }
    ],
    "id": 2,
    "name": "id2_t25_dp0.1_dc0.7_df0.2"
}