{
    "task_count": 25,
    "results": [
        {
            "samples_seens": 3609,
            "top_2_accuracy": 0.44930851058757054,
            "categorial_accuracy": 0.31186170212765957,
            "loss": 2.728665020922397,
            "epoch": 0,
            "task": 0
        },
        {
            "samples_seens": 7218,
            "top_2_accuracy": 0.5823936169705493,
            "categorial_accuracy": 0.42946808503029194,
            "loss": 2.431093526596719,
            "epoch": 0,
            "task": 1
        },
        {
            "samples_seens": 10827,
            "top_2_accuracy": 0.637021276646472,
            "categorial_accuracy": 0.48792553186416626,
            "loss": 2.160976458813282,
            "epoch": 0,
            "task": 2
        },
        {
            "samples_seens": 14436,
            "top_2_accuracy": 0.6745744679836516,
            "categorial_accuracy": 0.5228191489361702,
            "loss": 1.8305303411280855,
            "epoch": 0,
            "task": 3
        },
        {
            "samples_seens": 18045,
            "top_2_accuracy": 0.7137765957446809,
            "categorial_accuracy": 0.5679255317627115,
            "loss": 1.7091863032604786,
            "epoch": 0,
            "task": 4
        },
        {
            "samples_seens": 21654,
            "top_2_accuracy": 0.7263297871833152,
            "categorial_accuracy": 0.5855851062307966,
            "loss": 1.7067197118921482,
            "epoch": 0,
            "task": 5
        },
        {
            "samples_seens": 25263,
            "top_2_accuracy": 0.7587234042045918,
            "categorial_accuracy": 0.6235638298379614,
            "loss": 1.5833929191751683,
            "epoch": 0,
            "task": 6
        },
        {
            "samples_seens": 28872,
            "top_2_accuracy": 0.7795212764435626,
            "categorial_accuracy": 0.6417553190982088,
            "loss": 1.4428169820663777,
            "epoch": 0,
            "task": 7
        },
        {
            "samples_seens": 32481,
            "top_2_accuracy": 0.7878191488854429,
            "categorial_accuracy": 0.6466489360180306,
            "loss": 1.3471690318939533,
            "epoch": 0,
            "task": 8
        },
        {
            "samples_seens": 36090,
            "top_2_accuracy": 0.7942021276595744,
            "categorial_accuracy": 0.661595744528669,
            "loss": 1.284360158189814,
            "epoch": 0,
            "task": 9
        },
        {
            "samples_seens": 39699,
            "top_2_accuracy": 0.8206914892095201,
            "categorial_accuracy": 0.690053191540089,
            "loss": 1.2160083901628536,
            "epoch": 0,
            "task": 10
        },
        {
            "samples_seens": 43308,
            "top_2_accuracy": 0.80952127649429,
            "categorial_accuracy": 0.6793085106890252,
            "loss": 1.2585760462537725,
            "epoch": 0,
            "task": 11
        },
        {
            "samples_seens": 46917,
            "top_2_accuracy": 0.845,
            "categorial_accuracy": 0.7148936169705492,
            "loss": 1.057393229870086,
            "epoch": 0,
            "task": 12
        },
        {
            "samples_seens": 50526,
            "top_2_accuracy": 0.8314893618543098,
            "categorial_accuracy": 0.7033510637790599,
            "loss": 1.1379386481832952,
            "epoch": 0,
            "task": 13
        },
        {
            "samples_seens": 54135,
            "top_2_accuracy": 0.8519148936170213,
            "categorial_accuracy": 0.7274468085613657,
            "loss": 1.0283658889506726,
            "epoch": 0,
            "task": 14
        },
        {
            "samples_seens": 57744,
            "top_2_accuracy": 0.8661170214287778,
            "categorial_accuracy": 0.7467553191996635,
            "loss": 0.9367892235390683,
            "epoch": 0,
            "task": 15
        },
        {
            "samples_seens": 61353,
            "top_2_accuracy": 0.8746276594730134,
            "categorial_accuracy": 0.7471808509116478,
            "loss": 0.8848111546800491,
            "epoch": 0,
            "task": 16
        },
        {
            "samples_seens": 64962,
            "top_2_accuracy": 0.8813297871325878,
            "categorial_accuracy": 0.7581382979737952,
            "loss": 0.8459420665274275,
            "epoch": 0,
            "task": 17
        },
        {
            "samples_seens": 68571,
            "top_2_accuracy": 0.888989361752855,
            "categorial_accuracy": 0.763882978824859,
            "loss": 0.800771445467117,
            "epoch": 0,
            "task": 18
        },
        {
            "samples_seens": 72180,
            "top_2_accuracy": 0.8923936170720039,
            "categorial_accuracy": 0.7658510639819693,
            "loss": 0.7981677888302093,
            "epoch": 0,
            "task": 19
        },
        {
            "samples_seens": 75789,
            "top_2_accuracy": 0.9030851064337061,
            "categorial_accuracy": 0.7786702127152301,
            "loss": 0.744907973573563,
            "epoch": 0,
            "task": 20
        },
        {
            "samples_seens": 79398,
            "top_2_accuracy": 0.8857978723404255,
            "categorial_accuracy": 0.7479787234549827,
            "loss": 0.8629267094997649,
            "epoch": 0,
            "task": 21
        },
        {
            "samples_seens": 83007,
            "top_2_accuracy": 0.8919680852585651,
            "categorial_accuracy": 0.7573404255826423,
            "loss": 0.8392009484007004,
            "epoch": 0,
            "task": 22
        },
        {
            "samples_seens": 86616,
            "top_2_accuracy": 0.893989361752855,
            "categorial_accuracy": 0.745531914741435,
            "loss": 0.8585213345162412,
            "epoch": 0,
            "task": 23
        },
        {
            "samples_seens": 90225,
            "top_2_accuracy": 0.7940425530900347,
            "categorial_accuracy": 0.6066489361194854,
            "loss": 1.3833165208329545,
            "epoch": 0,
            "task": 24
        },
        {
            "samples_seens": 93834,
            "top_2_accuracy": 0.8849468085106383,
            "categorial_accuracy": 0.7635106384500544,
            "loss": 0.8994649047039924,
            "epoch": 1,
            "task": 0
        },
        {
            "samples_seens": 97443,
            "top_2_accuracy": 0.886436170212766,
            "categorial_accuracy": 0.7561702126137754,
            "loss": 0.9358273470148127,
            "epoch": 1,
            "task": 1
        },
        {
            "samples_seens": 101052,
            "top_2_accuracy": 0.8868617022798416,
            "categorial_accuracy": 0.7687234044075012,
            "loss": 0.897755451557484,
            "epoch": 1,
            "task": 2
        },
        {
            "samples_seens": 104661,
            "top_2_accuracy": 0.885531914741435,
            "categorial_accuracy": 0.7685106381456903,
            "loss": 0.9577270945082319,
            "epoch": 1,
            "task": 3
        },
        {
            "samples_seens": 108270,
            "top_2_accuracy": 0.8750531915400891,
            "categorial_accuracy": 0.7560638298886888,
            "loss": 1.0167857941668084,
            "epoch": 1,
            "task": 4
        },
        {
            "samples_seens": 111879,
            "top_2_accuracy": 0.8941489360180307,
            "categorial_accuracy": 0.7668617022798416,
            "loss": 0.8744065688011494,
            "epoch": 1,
            "task": 5
        },
        {
            "samples_seens": 115488,
            "top_2_accuracy": 0.8987234041031371,
            "categorial_accuracy": 0.7805851064844335,
            "loss": 0.8332857031517841,
            "epoch": 1,
            "task": 6
        },
        {
            "samples_seens": 119097,
            "top_2_accuracy": 0.8997340426039189,
            "categorial_accuracy": 0.7859574466563286,
            "loss": 0.8194676435754654,
            "epoch": 1,
            "task": 7
        },
        {
            "samples_seens": 122706,
            "top_2_accuracy": 0.8966489360687581,
            "categorial_accuracy": 0.7817553191996636,
            "loss": 0.8048221249783293,
            "epoch": 1,
            "task": 8
        },
        {
            "samples_seens": 126315,
            "top_2_accuracy": 0.903563829787234,
            "categorial_accuracy": 0.7912234042045918,
            "loss": 0.7576076077907643,
            "epoch": 1,
            "task": 9
        },
        {
            "samples_seens": 129924,
            "top_2_accuracy": 0.8887234041538644,
            "categorial_accuracy": 0.7708510639819693,
            "loss": 0.849271711795888,
            "epoch": 1,
            "task": 10
        },
        {
            "samples_seens": 133533,
            "top_2_accuracy": 0.905372340577714,
            "categorial_accuracy": 0.793085106281524,
            "loss": 0.7602565621822438,
            "epoch": 1,
            "task": 11
        },
        {
            "samples_seens": 137142,
            "top_2_accuracy": 0.9087765958968629,
            "categorial_accuracy": 0.8012765958461355,
            "loss": 0.6969575229350556,
            "epoch": 1,
            "task": 12
        },
        {
            "samples_seens": 140751,
            "top_2_accuracy": 0.9093085105875706,
            "categorial_accuracy": 0.8038829786219496,
            "loss": 0.7029823046795866,
            "epoch": 1,
            "task": 13
        },
        {
            "samples_seens": 144360,
            "top_2_accuracy": 0.9122340426546462,
            "categorial_accuracy": 0.8068617021783869,
            "loss": 0.6539173441237591,
            "epoch": 1,
            "task": 14
        },
        {
            "samples_seens": 147969,
            "top_2_accuracy": 0.9164361703142206,
            "categorial_accuracy": 0.8132978721882435,
            "loss": 0.6210414916150113,
            "epoch": 1,
            "task": 15
        },
        {
            "samples_seens": 151578,
            "top_2_accuracy": 0.9160106383993271,
            "categorial_accuracy": 0.8096808509623751,
            "loss": 0.6359717133451015,
            "epoch": 1,
            "task": 16
        },
        {
            "samples_seens": 155187,
            "top_2_accuracy": 0.9198404256333697,
            "categorial_accuracy": 0.8096808511652845,
            "loss": 0.6209139703436101,
            "epoch": 1,
            "task": 17
        },
        {
            "samples_seens": 158796,
            "top_2_accuracy": 0.9225531914386343,
            "categorial_accuracy": 0.8139893615499456,
            "loss": 0.606290411213611,
            "epoch": 1,
            "task": 18
        },
        {
            "samples_seens": 162405,
            "top_2_accuracy": 0.9176595746202671,
            "categorial_accuracy": 0.8036702127152301,
            "loss": 0.6396846955887815,
            "epoch": 1,
            "task": 19
        },
        {
            "samples_seens": 166014,
            "top_2_accuracy": 0.9257446808510639,
            "categorial_accuracy": 0.8158510638297872,
            "loss": 0.5977995174235486,
            "epoch": 1,
            "task": 20
        },
        {
            "samples_seens": 169623,
            "top_2_accuracy": 0.9218617021276596,
            "categorial_accuracy": 0.8018617021783869,
            "loss": 0.6374765383436325,
            "epoch": 1,
            "task": 21
        },
        {
            "samples_seens": 173232,
            "top_2_accuracy": 0.9194148936170212,
            "categorial_accuracy": 0.7904787233028006,
            "loss": 0.6759771348567719,
            "epoch": 1,
            "task": 22
        },
        {
            "samples_seens": 176841,
            "top_2_accuracy": 0.8922872339918259,
            "categorial_accuracy": 0.7390425530393073,
            "loss": 0.875581613855159,
            "epoch": 1,
            "task": 23
        },
        {
            "samples_seens": 180450,
            "top_2_accuracy": 0.8767553191996635,
            "categorial_accuracy": 0.705531914741435,
            "loss": 1.029344714144443,
            "epoch": 1,
            "task": 24
        },
        {
            "samples_seens": 184059,
            "top_2_accuracy": 0.8899468083584562,
            "categorial_accuracy": 0.7702127659067195,
            "loss": 0.9609366316490985,
            "epoch": 2,
            "task": 0
        },
        {
            "samples_seens": 187668,
            "top_2_accuracy": 0.8918617021276596,
            "categorial_accuracy": 0.7756382979230678,
            "loss": 0.9714351714925563,
            "epoch": 2,
            "task": 1
        },
        {
            "samples_seens": 191277,
            "top_2_accuracy": 0.905904255471331,
            "categorial_accuracy": 0.7937234043060465,
            "loss": 0.8450649317781976,
            "epoch": 2,
            "task": 2
        },
        {
            "samples_seens": 194886,
            "top_2_accuracy": 0.9147872340425532,
            "categorial_accuracy": 0.8063297870818604,
            "loss": 0.7150461012759107,
            "epoch": 2,
            "task": 3
        },
        {
            "samples_seens": 198495,
            "top_2_accuracy": 0.9052659572946264,
            "categorial_accuracy": 0.7965425532929441,
            "loss": 0.8296396781535859,
            "epoch": 2,
            "task": 4
        },
        {
            "samples_seens": 202104,
            "top_2_accuracy": 0.9088829786726769,
            "categorial_accuracy": 0.7973404255319149,
            "loss": 0.8162888614167558,
            "epoch": 2,
            "task": 5
        },
        {
            "samples_seens": 205713,
            "top_2_accuracy": 0.9122872341947352,
            "categorial_accuracy": 0.8044148934648392,
            "loss": 0.7644484247552588,
            "epoch": 2,
            "task": 6
        },
        {
            "samples_seens": 209322,
            "top_2_accuracy": 0.9138829786726769,
            "categorial_accuracy": 0.8076063830294508,
            "loss": 0.758660034093451,
            "epoch": 2,
            "task": 7
        },
        {
            "samples_seens": 212931,
            "top_2_accuracy": 0.9121808509116477,
            "categorial_accuracy": 0.8047340425024642,
            "loss": 0.7496875037030971,
            "epoch": 2,
            "task": 8
        },
        {
            "samples_seens": 216540,
            "top_2_accuracy": 0.9147340427053735,
            "categorial_accuracy": 0.8075000001014547,
            "loss": 0.7134774175349702,
            "epoch": 2,
            "task": 9
        },
        {
            "samples_seens": 220149,
            "top_2_accuracy": 0.9192553189967541,
            "categorial_accuracy": 0.8128191488347155,
            "loss": 0.6776120907448707,
            "epoch": 2,
            "task": 10
        },
        {
            "samples_seens": 223758,
            "top_2_accuracy": 0.922606382927996,
            "categorial_accuracy": 0.8210638296857793,
            "loss": 0.6246494478114107,
            "epoch": 2,
            "task": 11
        },
        {
            "samples_seens": 227367,
            "top_2_accuracy": 0.9188829786726769,
            "categorial_accuracy": 0.8170744681358337,
            "loss": 0.6843593562410233,
            "epoch": 2,
            "task": 12
        },
        {
            "samples_seens": 230976,
            "top_2_accuracy": 0.9157978722896982,
            "categorial_accuracy": 0.8091489363223948,
            "loss": 0.6953136933610794,
            "epoch": 2,
            "task": 13
        },
        {
            "samples_seens": 234585,
            "top_2_accuracy": 0.9253191490376249,
            "categorial_accuracy": 0.8213297873354972,
            "loss": 0.5937888581448413,
            "epoch": 2,
            "task": 14
        },
        {
            "samples_seens": 238194,
            "top_2_accuracy": 0.9222340426546463,
            "categorial_accuracy": 0.8191489362209401,
            "loss": 0.6271519250565387,
            "epoch": 2,
            "task": 15
        },
        {
            "samples_seens": 241803,
            "top_2_accuracy": 0.9254255320163484,
            "categorial_accuracy": 0.819148936068758,
            "loss": 0.6034566151081248,
            "epoch": 2,
            "task": 16
        },
        {
            "samples_seens": 245412,
            "top_2_accuracy": 0.929946808612093,
            "categorial_accuracy": 0.8229255317627115,
            "loss": 0.5703324312352119,
            "epoch": 2,
            "task": 17
        },
        {
            "samples_seens": 249021,
            "top_2_accuracy": 0.9295212766971994,
            "categorial_accuracy": 0.8243617021276596,
            "loss": 0.5745679120814546,
            "epoch": 2,
            "task": 18
        },
        {
            "samples_seens": 252630,
            "top_2_accuracy": 0.9303723405269866,
            "categorial_accuracy": 0.8190957447823057,
            "loss": 0.5722519636407811,
            "epoch": 2,
            "task": 19
        },
        {
            "samples_seens": 256239,
            "top_2_accuracy": 0.9303723403748045,
            "categorial_accuracy": 0.8248936169705492,
            "loss": 0.5645779942958913,
            "epoch": 2,
            "task": 20
        },
        {
            "samples_seens": 259848,
            "top_2_accuracy": 0.9337234042045918,
            "categorial_accuracy": 0.8186702126645027,
            "loss": 0.590108143471657,
            "epoch": 2,
            "task": 21
        },
        {
            "samples_seens": 263457,
            "top_2_accuracy": 0.9245212764435626,
            "categorial_accuracy": 0.8038829788248589,
            "loss": 0.6500589696397172,
            "epoch": 2,
            "task": 22
        },
        {
            "samples_seens": 267066,
            "top_2_accuracy": 0.916489361600673,
            "categorial_accuracy": 0.7826063830294507,
            "loss": 0.729466026082952,
            "epoch": 2,
            "task": 23
        },
        {
            "samples_seens": 270675,
            "top_2_accuracy": 0.873563829635052,
            "categorial_accuracy": 0.6978723403748046,
            "loss": 1.0216410136730112,
            "epoch": 2,
            "task": 24
        }
    ],
    "id": 2,
    "name": "id2_t25_dp0.0_dc1.0_df0.0"
}