{
    "task_count": 25,
    "results": [
        {
            "samples_seens": 3629,
            "top_2_accuracy": 0.48845744680851066,
            "categorial_accuracy": 0.34510638292799606,
            "loss": 2.508674972412434,
            "epoch": 0,
            "task": 0
        },
        {
            "samples_seens": 7250,
            "top_2_accuracy": 0.6193085106890253,
            "categorial_accuracy": 0.47260638292799606,
            "loss": 1.977773054001179,
            "epoch": 0,
            "task": 1
        },
        {
            "samples_seens": 10870,
            "top_2_accuracy": 0.6738297871833152,
            "categorial_accuracy": 0.5157978724418802,
            "loss": 1.764670067645134,
            "epoch": 0,
            "task": 2
        },
        {
            "samples_seens": 14490,
            "top_2_accuracy": 0.7330319147921623,
            "categorial_accuracy": 0.5864361700605839,
            "loss": 1.5126645262697909,
            "epoch": 0,
            "task": 3
        },
        {
            "samples_seens": 18109,
            "top_2_accuracy": 0.7807978722389708,
            "categorial_accuracy": 0.6285638298379614,
            "loss": 1.3470969450727421,
            "epoch": 0,
            "task": 4
        },
        {
            "samples_seens": 21724,
            "top_2_accuracy": 0.7923936168690945,
            "categorial_accuracy": 0.6466489361702128,
            "loss": 1.250394114737815,
            "epoch": 0,
            "task": 5
        },
        {
            "samples_seens": 25342,
            "top_2_accuracy": 0.81452127649429,
            "categorial_accuracy": 0.6739893615499456,
            "loss": 1.1302744363216644,
            "epoch": 0,
            "task": 6
        },
        {
            "samples_seens": 28959,
            "top_2_accuracy": 0.8238829786726769,
            "categorial_accuracy": 0.6870212765957446,
            "loss": 1.0878873372585216,
            "epoch": 0,
            "task": 7
        },
        {
            "samples_seens": 32577,
            "top_2_accuracy": 0.8487765957446809,
            "categorial_accuracy": 0.7109574468085106,
            "loss": 0.9963213905375055,
            "epoch": 0,
            "task": 8
        },
        {
            "samples_seens": 36197,
            "top_2_accuracy": 0.8517553192503908,
            "categorial_accuracy": 0.7195212765450173,
            "loss": 0.9675845569245358,
            "epoch": 0,
            "task": 9
        },
        {
            "samples_seens": 39814,
            "top_2_accuracy": 0.8686170212258684,
            "categorial_accuracy": 0.7355851064337061,
            "loss": 0.882168908322111,
            "epoch": 0,
            "task": 10
        },
        {
            "samples_seens": 43429,
            "top_2_accuracy": 0.8742553189967541,
            "categorial_accuracy": 0.7452659575482632,
            "loss": 0.8545931053668895,
            "epoch": 0,
            "task": 11
        },
        {
            "samples_seens": 47045,
            "top_2_accuracy": 0.8837234041538644,
            "categorial_accuracy": 0.7561702127659574,
            "loss": 0.8313831764079155,
            "epoch": 0,
            "task": 12
        },
        {
            "samples_seens": 50661,
            "top_2_accuracy": 0.8885106383485997,
            "categorial_accuracy": 0.7652127658052648,
            "loss": 0.7800933859196115,
            "epoch": 0,
            "task": 13
        },
        {
            "samples_seens": 54276,
            "top_2_accuracy": 0.890957446859238,
            "categorial_accuracy": 0.7728723403240771,
            "loss": 0.7694787848249395,
            "epoch": 0,
            "task": 14
        },
        {
            "samples_seens": 57890,
            "top_2_accuracy": 0.8997340425531914,
            "categorial_accuracy": 0.7796276595237407,
            "loss": 0.726878267095444,
            "epoch": 0,
            "task": 15
        },
        {
            "samples_seens": 61503,
            "top_2_accuracy": 0.9000000000507273,
            "categorial_accuracy": 0.7776595743666304,
            "loss": 0.7514785331360837,
            "epoch": 0,
            "task": 16
        },
        {
            "samples_seens": 65116,
            "top_2_accuracy": 0.9039361702634933,
            "categorial_accuracy": 0.7856382978723404,
            "loss": 0.7106409546669493,
            "epoch": 0,
            "task": 17
        },
        {
            "samples_seens": 68727,
            "top_2_accuracy": 0.9015425532422168,
            "categorial_accuracy": 0.782340425684097,
            "loss": 0.7207847513036525,
            "epoch": 0,
            "task": 18
        },
        {
            "samples_seens": 72339,
            "top_2_accuracy": 0.9080851065351608,
            "categorial_accuracy": 0.7795212766464721,
            "loss": 0.7276427955830351,
            "epoch": 0,
            "task": 19
        },
        {
            "samples_seens": 75950,
            "top_2_accuracy": 0.8951595744173577,
            "categorial_accuracy": 0.7626595743666303,
            "loss": 0.7905002551890434,
            "epoch": 0,
            "task": 20
        },
        {
            "samples_seens": 79561,
            "top_2_accuracy": 0.9068617021783869,
            "categorial_accuracy": 0.7754255319148936,
            "loss": 0.7292530875003084,
            "epoch": 0,
            "task": 21
        },
        {
            "samples_seens": 83171,
            "top_2_accuracy": 0.8935106383993271,
            "categorial_accuracy": 0.7503191487839881,
            "loss": 0.88945685554058,
            "epoch": 0,
            "task": 22
        },
        {
            "samples_seens": 86781,
            "top_2_accuracy": 0.8743617022291142,
            "categorial_accuracy": 0.7158510638297872,
            "loss": 0.9535931255462322,
            "epoch": 0,
            "task": 23
        },
        {
            "samples_seens": 90390,
            "top_2_accuracy": 0.8556382978723405,
            "categorial_accuracy": 0.6778191488347155,
            "loss": 1.0644214338444649,
            "epoch": 0,
            "task": 24
        },
        {
            "samples_seens": 94019,
            "top_2_accuracy": 0.9114361703649481,
            "categorial_accuracy": 0.7993617020262048,
            "loss": 0.6475581007054512,
            "epoch": 1,
            "task": 0
        },
        {
            "samples_seens": 97640,
            "top_2_accuracy": 0.9177659574468086,
            "categorial_accuracy": 0.8023936171227313,
            "loss": 0.6332999690289193,
            "epoch": 1,
            "task": 1
        },
        {
            "samples_seens": 101260,
            "top_2_accuracy": 0.9209574468085107,
            "categorial_accuracy": 0.8105851063829788,
            "loss": 0.6148790148978538,
            "epoch": 1,
            "task": 2
        },
        {
            "samples_seens": 104880,
            "top_2_accuracy": 0.9221276594730133,
            "categorial_accuracy": 0.8108510637283325,
            "loss": 0.6056120378666736,
            "epoch": 1,
            "task": 3
        },
        {
            "samples_seens": 108499,
            "top_2_accuracy": 0.9235638298379614,
            "categorial_accuracy": 0.8132446808003365,
            "loss": 0.6138188847582391,
            "epoch": 1,
            "task": 4
        },
        {
            "samples_seens": 112114,
            "top_2_accuracy": 0.9242553193011183,
            "categorial_accuracy": 0.8147340424010094,
            "loss": 0.5877862361644177,
            "epoch": 1,
            "task": 5
        },
        {
            "samples_seens": 115732,
            "top_2_accuracy": 0.9252127659067194,
            "categorial_accuracy": 0.815372340577714,
            "loss": 0.5816549136790824,
            "epoch": 1,
            "task": 6
        },
        {
            "samples_seens": 119349,
            "top_2_accuracy": 0.9278723403748046,
            "categorial_accuracy": 0.8174468085613656,
            "loss": 0.572387066927362,
            "epoch": 1,
            "task": 7
        },
        {
            "samples_seens": 122967,
            "top_2_accuracy": 0.9278191488854428,
            "categorial_accuracy": 0.8211170214287778,
            "loss": 0.5740098375462471,
            "epoch": 1,
            "task": 8
        },
        {
            "samples_seens": 126587,
            "top_2_accuracy": 0.9293085107904799,
            "categorial_accuracy": 0.8226063828772687,
            "loss": 0.5640216206236088,
            "epoch": 1,
            "task": 9
        },
        {
            "samples_seens": 130204,
            "top_2_accuracy": 0.9318085105875705,
            "categorial_accuracy": 0.8257446809525185,
            "loss": 0.5425922257595874,
            "epoch": 1,
            "task": 10
        },
        {
            "samples_seens": 133819,
            "top_2_accuracy": 0.9287234042045918,
            "categorial_accuracy": 0.8170744679836517,
            "loss": 0.571844232234549,
            "epoch": 1,
            "task": 11
        },
        {
            "samples_seens": 137435,
            "top_2_accuracy": 0.929042553140762,
            "categorial_accuracy": 0.8190425533436715,
            "loss": 0.553124977426326,
            "epoch": 1,
            "task": 12
        },
        {
            "samples_seens": 141051,
            "top_2_accuracy": 0.9283510639312419,
            "categorial_accuracy": 0.8227659574975359,
            "loss": 0.561558416676014,
            "epoch": 1,
            "task": 13
        },
        {
            "samples_seens": 144666,
            "top_2_accuracy": 0.9296276596759228,
            "categorial_accuracy": 0.823617021175141,
            "loss": 0.5538595014683744,
            "epoch": 1,
            "task": 14
        },
        {
            "samples_seens": 148280,
            "top_2_accuracy": 0.9343617022291143,
            "categorial_accuracy": 0.8327127660589015,
            "loss": 0.5344410244962002,
            "epoch": 1,
            "task": 15
        },
        {
            "samples_seens": 151893,
            "top_2_accuracy": 0.9306914893109748,
            "categorial_accuracy": 0.8259042552176942,
            "loss": 0.5436534394101894,
            "epoch": 1,
            "task": 16
        },
        {
            "samples_seens": 155506,
            "top_2_accuracy": 0.93297872350571,
            "categorial_accuracy": 0.823085106433706,
            "loss": 0.5397364767815205,
            "epoch": 1,
            "task": 17
        },
        {
            "samples_seens": 159117,
            "top_2_accuracy": 0.9320212765450173,
            "categorial_accuracy": 0.824468085106383,
            "loss": 0.5474957839986111,
            "epoch": 1,
            "task": 18
        },
        {
            "samples_seens": 162729,
            "top_2_accuracy": 0.9298936171734586,
            "categorial_accuracy": 0.815,
            "loss": 0.5718185286319002,
            "epoch": 1,
            "task": 19
        },
        {
            "samples_seens": 166340,
            "top_2_accuracy": 0.9281382980245225,
            "categorial_accuracy": 0.8109574468085107,
            "loss": 0.6124504669169162,
            "epoch": 1,
            "task": 20
        },
        {
            "samples_seens": 169951,
            "top_2_accuracy": 0.9278191489361702,
            "categorial_accuracy": 0.8076595744173577,
            "loss": 0.6198920554810382,
            "epoch": 1,
            "task": 21
        },
        {
            "samples_seens": 173561,
            "top_2_accuracy": 0.9218085105875705,
            "categorial_accuracy": 0.791595744528669,
            "loss": 0.6628585125537629,
            "epoch": 1,
            "task": 22
        },
        {
            "samples_seens": 177171,
            "top_2_accuracy": 0.9055319149443444,
            "categorial_accuracy": 0.7627127658052647,
            "loss": 0.7849389232980444,
            "epoch": 1,
            "task": 23
        },
        {
            "samples_seens": 180780,
            "top_2_accuracy": 0.8832978722389708,
            "categorial_accuracy": 0.7236170213273231,
            "loss": 0.911464833097255,
            "epoch": 1,
            "task": 24
        },
        {
            "samples_seens": 184409,
            "top_2_accuracy": 0.9274468084091836,
            "categorial_accuracy": 0.8191489360180307,
            "loss": 0.5829602639218594,
            "epoch": 2,
            "task": 0
        },
        {
            "samples_seens": 188030,
            "top_2_accuracy": 0.9352659574975358,
            "categorial_accuracy": 0.8344680851063829,
            "loss": 0.5319526179800642,
            "epoch": 2,
            "task": 1
        },
        {
            "samples_seens": 191650,
            "top_2_accuracy": 0.9287765958461356,
            "categorial_accuracy": 0.8230851065351608,
            "loss": 0.5602731562421677,
            "epoch": 2,
            "task": 2
        },
        {
            "samples_seens": 195270,
            "top_2_accuracy": 0.935053191387907,
            "categorial_accuracy": 0.8325531916415437,
            "loss": 0.5436785898056437,
            "epoch": 2,
            "task": 3
        },
        {
            "samples_seens": 198889,
            "top_2_accuracy": 0.9294680850556556,
            "categorial_accuracy": 0.8251063829279961,
            "loss": 0.5845084859969768,
            "epoch": 2,
            "task": 4
        },
        {
            "samples_seens": 202504,
            "top_2_accuracy": 0.9307446807496091,
            "categorial_accuracy": 0.8277659574975359,
            "loss": 0.5557729834191343,
            "epoch": 2,
            "task": 5
        },
        {
            "samples_seens": 206122,
            "top_2_accuracy": 0.9322340425024641,
            "categorial_accuracy": 0.830585106281524,
            "loss": 0.5513668657617367,
            "epoch": 2,
            "task": 6
        },
        {
            "samples_seens": 209739,
            "top_2_accuracy": 0.9379255320163483,
            "categorial_accuracy": 0.835425531965621,
            "loss": 0.5168610087100496,
            "epoch": 2,
            "task": 7
        },
        {
            "samples_seens": 213357,
            "top_2_accuracy": 0.9387765958461356,
            "categorial_accuracy": 0.8404255318641662,
            "loss": 0.5044094923709301,
            "epoch": 2,
            "task": 8
        },
        {
            "samples_seens": 216977,
            "top_2_accuracy": 0.9376063830801781,
            "categorial_accuracy": 0.840159574315903,
            "loss": 0.5103880019644473,
            "epoch": 2,
            "task": 9
        },
        {
            "samples_seens": 220594,
            "top_2_accuracy": 0.9361170213780504,
            "categorial_accuracy": 0.8388297873354973,
            "loss": 0.5158177518337331,
            "epoch": 2,
            "task": 10
        },
        {
            "samples_seens": 224209,
            "top_2_accuracy": 0.9387234043567738,
            "categorial_accuracy": 0.839840425684097,
            "loss": 0.4993335445130125,
            "epoch": 2,
            "task": 11
        },
        {
            "samples_seens": 227825,
            "top_2_accuracy": 0.9309574469099654,
            "categorial_accuracy": 0.8304787232520733,
            "loss": 0.5560431888255667,
            "epoch": 2,
            "task": 12
        },
        {
            "samples_seens": 231441,
            "top_2_accuracy": 0.9356382979737952,
            "categorial_accuracy": 0.83819148920952,
            "loss": 0.5099635636806488,
            "epoch": 2,
            "task": 13
        },
        {
            "samples_seens": 235056,
            "top_2_accuracy": 0.9370744681865611,
            "categorial_accuracy": 0.8337234042045918,
            "loss": 0.5094095148431493,
            "epoch": 2,
            "task": 14
        },
        {
            "samples_seens": 238670,
            "top_2_accuracy": 0.9405319149443444,
            "categorial_accuracy": 0.8446276595744681,
            "loss": 0.4848030735584016,
            "epoch": 2,
            "task": 15
        },
        {
            "samples_seens": 242283,
            "top_2_accuracy": 0.9387765958461356,
            "categorial_accuracy": 0.8404787234549826,
            "loss": 0.49750472253941475,
            "epoch": 2,
            "task": 16
        },
        {
            "samples_seens": 245896,
            "top_2_accuracy": 0.9405319148428897,
            "categorial_accuracy": 0.8327127660081741,
            "loss": 0.5034852073801325,
            "epoch": 2,
            "task": 17
        },
        {
            "samples_seens": 249507,
            "top_2_accuracy": 0.9387765956432261,
            "categorial_accuracy": 0.8303723404255319,
            "loss": 0.5094085633247457,
            "epoch": 2,
            "task": 18
        },
        {
            "samples_seens": 253119,
            "top_2_accuracy": 0.9346276595237407,
            "categorial_accuracy": 0.8313829785712222,
            "loss": 0.5300457729430909,
            "epoch": 2,
            "task": 19
        },
        {
            "samples_seens": 256730,
            "top_2_accuracy": 0.9368617020769322,
            "categorial_accuracy": 0.8332978721882435,
            "loss": 0.5305185269802175,
            "epoch": 2,
            "task": 20
        },
        {
            "samples_seens": 260341,
            "top_2_accuracy": 0.9276063831309055,
            "categorial_accuracy": 0.8036702128674121,
            "loss": 0.6166519971096769,
            "epoch": 2,
            "task": 21
        },
        {
            "samples_seens": 263951,
            "top_2_accuracy": 0.9255851065351608,
            "categorial_accuracy": 0.8012234042553191,
            "loss": 0.6347490353279925,
            "epoch": 2,
            "task": 22
        },
        {
            "samples_seens": 267561,
            "top_2_accuracy": 0.8957446807496091,
            "categorial_accuracy": 0.7475531915908165,
            "loss": 0.8071183771782733,
            "epoch": 2,
            "task": 23
        },
        {
            "samples_seens": 271170,
            "top_2_accuracy": 0.899999999847818,
            "categorial_accuracy": 0.7497340426546462,
            "loss": 0.812838764495038,
            "epoch": 2,
            "task": 24
        }
    ],
    "id": 2,
    "name": "id2_t25_dp0.0_dc0.5_df0.5"
}