{
    "task_count": 25,
    "results": [
        {
            "samples_seens": 3622,
            "top_2_accuracy": 0.4472340425531915,
            "categorial_accuracy": 0.316542553140762,
            "loss": 2.6332295385320137,
            "epoch": 0,
            "task": 0
        },
        {
            "samples_seens": 7242,
            "top_2_accuracy": 0.5931382978216131,
            "categorial_accuracy": 0.4467021277356655,
            "loss": 2.1331255200568666,
            "epoch": 0,
            "task": 1
        },
        {
            "samples_seens": 10863,
            "top_2_accuracy": 0.6942021278117565,
            "categorial_accuracy": 0.5400531915908164,
            "loss": 1.7235127076696841,
            "epoch": 0,
            "task": 2
        },
        {
            "samples_seens": 14483,
            "top_2_accuracy": 0.7360638296857793,
            "categorial_accuracy": 0.578510638247145,
            "loss": 1.583577244738315,
            "epoch": 0,
            "task": 3
        },
        {
            "samples_seens": 18103,
            "top_2_accuracy": 0.755585106281524,
            "categorial_accuracy": 0.6062234041538644,
            "loss": 1.5073934592591955,
            "epoch": 0,
            "task": 4
        },
        {
            "samples_seens": 21722,
            "top_2_accuracy": 0.7862765958461355,
            "categorial_accuracy": 0.6440957446808511,
            "loss": 1.2882384122686183,
            "epoch": 0,
            "task": 5
        },
        {
            "samples_seens": 25338,
            "top_2_accuracy": 0.8031914892095201,
            "categorial_accuracy": 0.6703191490883523,
            "loss": 1.2097570826144928,
            "epoch": 0,
            "task": 6
        },
        {
            "samples_seens": 28957,
            "top_2_accuracy": 0.8149468084091835,
            "categorial_accuracy": 0.6791489361702128,
            "loss": 1.168218774186804,
            "epoch": 0,
            "task": 7
        },
        {
            "samples_seens": 32572,
            "top_2_accuracy": 0.8373936169198218,
            "categorial_accuracy": 0.7042021275581197,
            "loss": 1.0465726194990441,
            "epoch": 0,
            "task": 8
        },
        {
            "samples_seens": 36194,
            "top_2_accuracy": 0.8482978723911528,
            "categorial_accuracy": 0.7122340424517368,
            "loss": 1.007748880741444,
            "epoch": 0,
            "task": 9
        },
        {
            "samples_seens": 39811,
            "top_2_accuracy": 0.8531382977201584,
            "categorial_accuracy": 0.7232978722389708,
            "loss": 0.9648879866904401,
            "epoch": 0,
            "task": 10
        },
        {
            "samples_seens": 43426,
            "top_2_accuracy": 0.858404255471331,
            "categorial_accuracy": 0.7341489361194854,
            "loss": 0.9297431085972075,
            "epoch": 0,
            "task": 11
        },
        {
            "samples_seens": 47041,
            "top_2_accuracy": 0.873085106281524,
            "categorial_accuracy": 0.754574468186561,
            "loss": 0.8535927333223059,
            "epoch": 0,
            "task": 12
        },
        {
            "samples_seens": 50657,
            "top_2_accuracy": 0.8766489361194854,
            "categorial_accuracy": 0.7568085106890252,
            "loss": 0.8458946979806778,
            "epoch": 0,
            "task": 13
        },
        {
            "samples_seens": 54272,
            "top_2_accuracy": 0.8836170212765957,
            "categorial_accuracy": 0.7632446806988817,
            "loss": 0.7976026290021044,
            "epoch": 0,
            "task": 14
        },
        {
            "samples_seens": 57888,
            "top_2_accuracy": 0.8922872341947352,
            "categorial_accuracy": 0.7767021275073924,
            "loss": 0.7535057238822288,
            "epoch": 0,
            "task": 15
        },
        {
            "samples_seens": 61503,
            "top_2_accuracy": 0.8968085106382979,
            "categorial_accuracy": 0.7797872339918258,
            "loss": 0.7356458673578627,
            "epoch": 0,
            "task": 16
        },
        {
            "samples_seens": 65117,
            "top_2_accuracy": 0.9019148936170213,
            "categorial_accuracy": 0.7836702128674121,
            "loss": 0.7296161336087166,
            "epoch": 0,
            "task": 17
        },
        {
            "samples_seens": 68730,
            "top_2_accuracy": 0.9013297872340426,
            "categorial_accuracy": 0.7800531913371797,
            "loss": 0.7174156733776661,
            "epoch": 0,
            "task": 18
        },
        {
            "samples_seens": 72342,
            "top_2_accuracy": 0.908138297821613,
            "categorial_accuracy": 0.7902659573960812,
            "loss": 0.6890067952237231,
            "epoch": 0,
            "task": 19
        },
        {
            "samples_seens": 75954,
            "top_2_accuracy": 0.8973936169705492,
            "categorial_accuracy": 0.770478723353528,
            "loss": 0.7892272944653288,
            "epoch": 0,
            "task": 20
        },
        {
            "samples_seens": 79565,
            "top_2_accuracy": 0.9105319147414349,
            "categorial_accuracy": 0.780904255471331,
            "loss": 0.7443077697145178,
            "epoch": 0,
            "task": 21
        },
        {
            "samples_seens": 83175,
            "top_2_accuracy": 0.8952659575989906,
            "categorial_accuracy": 0.7528723405269866,
            "loss": 0.8254072787406597,
            "epoch": 0,
            "task": 22
        },
        {
            "samples_seens": 86785,
            "top_2_accuracy": 0.8667021276088471,
            "categorial_accuracy": 0.7079255319148936,
            "loss": 1.0475400858737052,
            "epoch": 0,
            "task": 23
        },
        {
            "samples_seens": 90394,
            "top_2_accuracy": 0.8616489363223948,
            "categorial_accuracy": 0.6840425533436715,
            "loss": 1.1399833612239108,
            "epoch": 0,
            "task": 24
        },
        {
            "samples_seens": 94016,
            "top_2_accuracy": 0.9174468085106383,
            "categorial_accuracy": 0.8027127660081742,
            "loss": 0.6536320804027801,
            "epoch": 1,
            "task": 0
        },
        {
            "samples_seens": 97636,
            "top_2_accuracy": 0.9104255318641663,
            "categorial_accuracy": 0.7966489362209401,
            "loss": 0.6712225779066695,
            "epoch": 1,
            "task": 1
        },
        {
            "samples_seens": 101257,
            "top_2_accuracy": 0.9119148934648392,
            "categorial_accuracy": 0.7979255319148936,
            "loss": 0.6479410964884657,
            "epoch": 1,
            "task": 2
        },
        {
            "samples_seens": 104877,
            "top_2_accuracy": 0.9057978721882435,
            "categorial_accuracy": 0.7932978721882434,
            "loss": 0.6833665181220846,
            "epoch": 1,
            "task": 3
        },
        {
            "samples_seens": 108497,
            "top_2_accuracy": 0.9073404256333696,
            "categorial_accuracy": 0.7922872339918259,
            "loss": 0.7199900265450173,
            "epoch": 1,
            "task": 4
        },
        {
            "samples_seens": 112116,
            "top_2_accuracy": 0.9182446807496091,
            "categorial_accuracy": 0.8095212767479267,
            "loss": 0.6434214008108099,
            "epoch": 1,
            "task": 5
        },
        {
            "samples_seens": 115732,
            "top_2_accuracy": 0.9188297873862247,
            "categorial_accuracy": 0.813510638399327,
            "loss": 0.6238186489774826,
            "epoch": 1,
            "task": 6
        },
        {
            "samples_seens": 119351,
            "top_2_accuracy": 0.9214361701620386,
            "categorial_accuracy": 0.8130319149443443,
            "loss": 0.6156471564921927,
            "epoch": 1,
            "task": 7
        },
        {
            "samples_seens": 122966,
            "top_2_accuracy": 0.9227659573960811,
            "categorial_accuracy": 0.8153191487839881,
            "loss": 0.6043777356502857,
            "epoch": 1,
            "task": 8
        },
        {
            "samples_seens": 126588,
            "top_2_accuracy": 0.9236170213780505,
            "categorial_accuracy": 0.8137234041538645,
            "loss": 0.601941349836106,
            "epoch": 1,
            "task": 9
        },
        {
            "samples_seens": 130205,
            "top_2_accuracy": 0.9206914894631568,
            "categorial_accuracy": 0.8148936169198219,
            "loss": 0.6140430230029086,
            "epoch": 1,
            "task": 10
        },
        {
            "samples_seens": 133820,
            "top_2_accuracy": 0.9130319150457991,
            "categorial_accuracy": 0.8055851065351608,
            "loss": 0.6391649698703847,
            "epoch": 1,
            "task": 11
        },
        {
            "samples_seens": 137435,
            "top_2_accuracy": 0.9235638298886888,
            "categorial_accuracy": 0.8178191488347155,
            "loss": 0.6039021132601068,
            "epoch": 1,
            "task": 12
        },
        {
            "samples_seens": 141051,
            "top_2_accuracy": 0.9284574469099653,
            "categorial_accuracy": 0.8213297872340426,
            "loss": 0.5627428219927119,
            "epoch": 1,
            "task": 13
        },
        {
            "samples_seens": 144666,
            "top_2_accuracy": 0.926914893718476,
            "categorial_accuracy": 0.8212234043060465,
            "loss": 0.5606219509307374,
            "epoch": 1,
            "task": 14
        },
        {
            "samples_seens": 148282,
            "top_2_accuracy": 0.9223936171227313,
            "categorial_accuracy": 0.8185106384500545,
            "loss": 0.5836904147838025,
            "epoch": 1,
            "task": 15
        },
        {
            "samples_seens": 151897,
            "top_2_accuracy": 0.929148936068758,
            "categorial_accuracy": 0.8253723404762593,
            "loss": 0.558631736699571,
            "epoch": 1,
            "task": 16
        },
        {
            "samples_seens": 155511,
            "top_2_accuracy": 0.9301595744173577,
            "categorial_accuracy": 0.8240957446808511,
            "loss": 0.5530020854067296,
            "epoch": 1,
            "task": 17
        },
        {
            "samples_seens": 159124,
            "top_2_accuracy": 0.9290957447823058,
            "categorial_accuracy": 0.8217553193011182,
            "loss": 0.5540065680666173,
            "epoch": 1,
            "task": 18
        },
        {
            "samples_seens": 162736,
            "top_2_accuracy": 0.9307446809525185,
            "categorial_accuracy": 0.8205851063829788,
            "loss": 0.5630649180868839,
            "epoch": 1,
            "task": 19
        },
        {
            "samples_seens": 166348,
            "top_2_accuracy": 0.9289361703142207,
            "categorial_accuracy": 0.8163297871833152,
            "loss": 0.5822327997329387,
            "epoch": 1,
            "task": 20
        },
        {
            "samples_seens": 169959,
            "top_2_accuracy": 0.9264361701620386,
            "categorial_accuracy": 0.8086170213780505,
            "loss": 0.6118907212196513,
            "epoch": 1,
            "task": 21
        },
        {
            "samples_seens": 173569,
            "top_2_accuracy": 0.925372340577714,
            "categorial_accuracy": 0.7997340426546462,
            "loss": 0.6439297167798306,
            "epoch": 1,
            "task": 22
        },
        {
            "samples_seens": 177179,
            "top_2_accuracy": 0.8873936171734587,
            "categorial_accuracy": 0.7432978722389708,
            "loss": 0.8738855279252884,
            "epoch": 1,
            "task": 23
        },
        {
            "samples_seens": 180788,
            "top_2_accuracy": 0.8863829787741316,
            "categorial_accuracy": 0.7412765956939535,
            "loss": 0.8636951781841035,
            "epoch": 1,
            "task": 24
        },
        {
            "samples_seens": 184410,
            "top_2_accuracy": 0.9282446809525186,
            "categorial_accuracy": 0.8233510639819693,
            "loss": 0.6018714172028481,
            "epoch": 2,
            "task": 0
        },
        {
            "samples_seens": 188030,
            "top_2_accuracy": 0.9234574469099653,
            "categorial_accuracy": 0.8203191487839882,
            "loss": 0.6168633468607638,
            "epoch": 2,
            "task": 1
        },
        {
            "samples_seens": 191651,
            "top_2_accuracy": 0.9311170213780504,
            "categorial_accuracy": 0.8285106384500545,
            "loss": 0.552589301378169,
            "epoch": 2,
            "task": 2
        },
        {
            "samples_seens": 195271,
            "top_2_accuracy": 0.9253191488854429,
            "categorial_accuracy": 0.8203723402733498,
            "loss": 0.6114952776026219,
            "epoch": 2,
            "task": 3
        },
        {
            "samples_seens": 198891,
            "top_2_accuracy": 0.9327659573453538,
            "categorial_accuracy": 0.8322872341947353,
            "loss": 0.5403819350232469,
            "epoch": 2,
            "task": 4
        },
        {
            "samples_seens": 202510,
            "top_2_accuracy": 0.9292021275581197,
            "categorial_accuracy": 0.8274468084599109,
            "loss": 0.5678529960551161,
            "epoch": 2,
            "task": 5
        },
        {
            "samples_seens": 206126,
            "top_2_accuracy": 0.9333510639312419,
            "categorial_accuracy": 0.8257446808003365,
            "loss": 0.5522565092431738,
            "epoch": 2,
            "task": 6
        },
        {
            "samples_seens": 209745,
            "top_2_accuracy": 0.9340957447823057,
            "categorial_accuracy": 0.8290957447315784,
            "loss": 0.548945253225083,
            "epoch": 2,
            "task": 7
        },
        {
            "samples_seens": 213360,
            "top_2_accuracy": 0.9301595745695398,
            "categorial_accuracy": 0.8252127661096289,
            "loss": 0.5735495573155424,
            "epoch": 2,
            "task": 8
        },
        {
            "samples_seens": 216982,
            "top_2_accuracy": 0.9350531914386343,
            "categorial_accuracy": 0.8257978721882434,
            "loss": 0.5258434964748139,
            "epoch": 2,
            "task": 9
        },
        {
            "samples_seens": 220599,
            "top_2_accuracy": 0.9319680850049282,
            "categorial_accuracy": 0.8288297870818605,
            "loss": 0.563836558169507,
            "epoch": 2,
            "task": 10
        },
        {
            "samples_seens": 224214,
            "top_2_accuracy": 0.9338297871325878,
            "categorial_accuracy": 0.8346276597266502,
            "loss": 0.5138420431918286,
            "epoch": 2,
            "task": 11
        },
        {
            "samples_seens": 227829,
            "top_2_accuracy": 0.9360638298379614,
            "categorial_accuracy": 0.8332978723404255,
            "loss": 0.5142803696875876,
            "epoch": 2,
            "task": 12
        },
        {
            "samples_seens": 231445,
            "top_2_accuracy": 0.9349999998985453,
            "categorial_accuracy": 0.8328191490883523,
            "loss": 0.5084156179174464,
            "epoch": 2,
            "task": 13
        },
        {
            "samples_seens": 235060,
            "top_2_accuracy": 0.9350000001014547,
            "categorial_accuracy": 0.8348936168690946,
            "loss": 0.5133499699196917,
            "epoch": 2,
            "task": 14
        },
        {
            "samples_seens": 238676,
            "top_2_accuracy": 0.9366489362209401,
            "categorial_accuracy": 0.8348404255319148,
            "loss": 0.5057755575281508,
            "epoch": 2,
            "task": 15
        },
        {
            "samples_seens": 242291,
            "top_2_accuracy": 0.9369680850049282,
            "categorial_accuracy": 0.8366489361194854,
            "loss": 0.5150140900307514,
            "epoch": 2,
            "task": 16
        },
        {
            "samples_seens": 245905,
            "top_2_accuracy": 0.9377659575482632,
            "categorial_accuracy": 0.8347340424010095,
            "loss": 0.5055534959093053,
            "epoch": 2,
            "task": 17
        },
        {
            "samples_seens": 249518,
            "top_2_accuracy": 0.936489361600673,
            "categorial_accuracy": 0.8312765957446808,
            "loss": 0.5164827442422826,
            "epoch": 2,
            "task": 18
        },
        {
            "samples_seens": 253130,
            "top_2_accuracy": 0.936382978824859,
            "categorial_accuracy": 0.8310106381456903,
            "loss": 0.5296965824543162,
            "epoch": 2,
            "task": 19
        },
        {
            "samples_seens": 256742,
            "top_2_accuracy": 0.9334574467070559,
            "categorial_accuracy": 0.8232978724926076,
            "loss": 0.5578571549628644,
            "epoch": 2,
            "task": 20
        },
        {
            "samples_seens": 260353,
            "top_2_accuracy": 0.9385638298886888,
            "categorial_accuracy": 0.8279255320670756,
            "loss": 0.5363836522051628,
            "epoch": 2,
            "task": 21
        },
        {
            "samples_seens": 263963,
            "top_2_accuracy": 0.9342553190474815,
            "categorial_accuracy": 0.8180851064337061,
            "loss": 0.5692526226094429,
            "epoch": 2,
            "task": 22
        },
        {
            "samples_seens": 267573,
            "top_2_accuracy": 0.9148936171734586,
            "categorial_accuracy": 0.7788829786726769,
            "loss": 0.7369114030168411,
            "epoch": 2,
            "task": 23
        },
        {
            "samples_seens": 271182,
            "top_2_accuracy": 0.9047340426546462,
            "categorial_accuracy": 0.7615957445793964,
            "loss": 0.8179161243235811,
            "epoch": 2,
            "task": 24
        }
    ],
    "id": 2,
    "name": "id2_t25_dp0.0_dc0.7_df0.3"
}