{
    "task_count": 25,
    "results": [
        {
            "samples_seens": 3622,
            "top_2_accuracy": 0.475531914893617,
            "categorial_accuracy": 0.34095744678314693,
            "loss": 2.5205184678828463,
            "epoch": 0,
            "task": 0
        },
        {
            "samples_seens": 7242,
            "top_2_accuracy": 0.6188829786219495,
            "categorial_accuracy": 0.4673936171734587,
            "loss": 2.1227942539783236,
            "epoch": 0,
            "task": 1
        },
        {
            "samples_seens": 10863,
            "top_2_accuracy": 0.6661170212258684,
            "categorial_accuracy": 0.5068617020262048,
            "loss": 1.8682103247338153,
            "epoch": 0,
            "task": 2
        },
        {
            "samples_seens": 14484,
            "top_2_accuracy": 0.7167021276595744,
            "categorial_accuracy": 0.5674468085106383,
            "loss": 1.6270678522231732,
            "epoch": 0,
            "task": 3
        },
        {
            "samples_seens": 18105,
            "top_2_accuracy": 0.7506382977708858,
            "categorial_accuracy": 0.5987234042553191,
            "loss": 1.5295617295326072,
            "epoch": 0,
            "task": 4
        },
        {
            "samples_seens": 21726,
            "top_2_accuracy": 0.7687234041538644,
            "categorial_accuracy": 0.6251063830294508,
            "loss": 1.381673478775836,
            "epoch": 0,
            "task": 5
        },
        {
            "samples_seens": 25343,
            "top_2_accuracy": 0.799468085106383,
            "categorial_accuracy": 0.6617553189967541,
            "loss": 1.2155249653471276,
            "epoch": 0,
            "task": 6
        },
        {
            "samples_seens": 28965,
            "top_2_accuracy": 0.8001595745188125,
            "categorial_accuracy": 0.6521808509623751,
            "loss": 1.2467242931812368,
            "epoch": 0,
            "task": 7
        },
        {
            "samples_seens": 32583,
            "top_2_accuracy": 0.8183510637283326,
            "categorial_accuracy": 0.6726595743159031,
            "loss": 1.1726078345927786,
            "epoch": 0,
            "task": 8
        },
        {
            "samples_seens": 36209,
            "top_2_accuracy": 0.8282446808003364,
            "categorial_accuracy": 0.6927127659067195,
            "loss": 1.0824230811951008,
            "epoch": 0,
            "task": 9
        },
        {
            "samples_seens": 39831,
            "top_2_accuracy": 0.8522872341440079,
            "categorial_accuracy": 0.7173936171227313,
            "loss": 0.9790330054404888,
            "epoch": 0,
            "task": 10
        },
        {
            "samples_seens": 43452,
            "top_2_accuracy": 0.8588297870818605,
            "categorial_accuracy": 0.7262234042553192,
            "loss": 0.9304877283725332,
            "epoch": 0,
            "task": 11
        },
        {
            "samples_seens": 47073,
            "top_2_accuracy": 0.8661170212258684,
            "categorial_accuracy": 0.7390425530900346,
            "loss": 0.9161365137201675,
            "epoch": 0,
            "task": 12
        },
        {
            "samples_seens": 50694,
            "top_2_accuracy": 0.8763829786219496,
            "categorial_accuracy": 0.7497340425531915,
            "loss": 0.8441426945239939,
            "epoch": 0,
            "task": 13
        },
        {
            "samples_seens": 54316,
            "top_2_accuracy": 0.8810106383485997,
            "categorial_accuracy": 0.7589893618035823,
            "loss": 0.8197445622910845,
            "epoch": 0,
            "task": 14
        },
        {
            "samples_seens": 57942,
            "top_2_accuracy": 0.8882446806988817,
            "categorial_accuracy": 0.7688829787234043,
            "loss": 0.7709031130405183,
            "epoch": 0,
            "task": 15
        },
        {
            "samples_seens": 61565,
            "top_2_accuracy": 0.896595744528669,
            "categorial_accuracy": 0.7795212767479267,
            "loss": 0.7355807505769932,
            "epoch": 0,
            "task": 16
        },
        {
            "samples_seens": 65186,
            "top_2_accuracy": 0.8942553190474815,
            "categorial_accuracy": 0.7646808510638298,
            "loss": 0.7593630118572966,
            "epoch": 0,
            "task": 17
        },
        {
            "samples_seens": 68807,
            "top_2_accuracy": 0.9029255319148937,
            "categorial_accuracy": 0.7893085105875706,
            "loss": 0.6907433038062237,
            "epoch": 0,
            "task": 18
        },
        {
            "samples_seens": 72424,
            "top_2_accuracy": 0.9078191490883523,
            "categorial_accuracy": 0.7977659575989906,
            "loss": 0.6817576071049305,
            "epoch": 0,
            "task": 19
        },
        {
            "samples_seens": 76045,
            "top_2_accuracy": 0.9028191489361702,
            "categorial_accuracy": 0.7863297871833151,
            "loss": 0.7113220668853597,
            "epoch": 0,
            "task": 20
        },
        {
            "samples_seens": 79666,
            "top_2_accuracy": 0.9136702129181395,
            "categorial_accuracy": 0.792606382927996,
            "loss": 0.6479987267737694,
            "epoch": 0,
            "task": 21
        },
        {
            "samples_seens": 83286,
            "top_2_accuracy": 0.9119680852585651,
            "categorial_accuracy": 0.7859042553698763,
            "loss": 0.7175384865923131,
            "epoch": 0,
            "task": 22
        },
        {
            "samples_seens": 86907,
            "top_2_accuracy": 0.9222340424010094,
            "categorial_accuracy": 0.8046808510131024,
            "loss": 0.6729255330308955,
            "epoch": 0,
            "task": 23
        },
        {
            "samples_seens": 90536,
            "top_2_accuracy": 0.9227659573960811,
            "categorial_accuracy": 0.8080319149443443,
            "loss": 0.6327119667986606,
            "epoch": 0,
            "task": 24
        },
        {
            "samples_seens": 94158,
            "top_2_accuracy": 0.9093617022798417,
            "categorial_accuracy": 0.7926063828772687,
            "loss": 0.6664042905036439,
            "epoch": 1,
            "task": 0
        },
        {
            "samples_seens": 97778,
            "top_2_accuracy": 0.9157446808510639,
            "categorial_accuracy": 0.8038297873354973,
            "loss": 0.6259088915459653,
            "epoch": 1,
            "task": 1
        },
        {
            "samples_seens": 101399,
            "top_2_accuracy": 0.9133510639819693,
            "categorial_accuracy": 0.80069148920952,
            "loss": 0.6682586757172929,
            "epoch": 1,
            "task": 2
        },
        {
            "samples_seens": 105020,
            "top_2_accuracy": 0.9161702128674122,
            "categorial_accuracy": 0.8049468084091835,
            "loss": 0.642089235884078,
            "epoch": 1,
            "task": 3
        },
        {
            "samples_seens": 108641,
            "top_2_accuracy": 0.9158510636776052,
            "categorial_accuracy": 0.8030851064337061,
            "loss": 0.6378263001239046,
            "epoch": 1,
            "task": 4
        },
        {
            "samples_seens": 112262,
            "top_2_accuracy": 0.9169148936170213,
            "categorial_accuracy": 0.8042553190474815,
            "loss": 0.6562171953282457,
            "epoch": 1,
            "task": 5
        },
        {
            "samples_seens": 115879,
            "top_2_accuracy": 0.9171276597266501,
            "categorial_accuracy": 0.8039361701620386,
            "loss": 0.6505606161279881,
            "epoch": 1,
            "task": 6
        },
        {
            "samples_seens": 119501,
            "top_2_accuracy": 0.9193085106382979,
            "categorial_accuracy": 0.8128723403240772,
            "loss": 0.6172547361191283,
            "epoch": 1,
            "task": 7
        },
        {
            "samples_seens": 123119,
            "top_2_accuracy": 0.9193617021276596,
            "categorial_accuracy": 0.8076595744680851,
            "loss": 0.6322805549743328,
            "epoch": 1,
            "task": 8
        },
        {
            "samples_seens": 126745,
            "top_2_accuracy": 0.9174468086628204,
            "categorial_accuracy": 0.8088297873354973,
            "loss": 0.6291597012256054,
            "epoch": 1,
            "task": 9
        },
        {
            "samples_seens": 130367,
            "top_2_accuracy": 0.9211702129181395,
            "categorial_accuracy": 0.8099468083584562,
            "loss": 0.6176086974397619,
            "epoch": 1,
            "task": 10
        },
        {
            "samples_seens": 133988,
            "top_2_accuracy": 0.9226063829787234,
            "categorial_accuracy": 0.8137234043060465,
            "loss": 0.606663787415687,
            "epoch": 1,
            "task": 11
        },
        {
            "samples_seens": 137609,
            "top_2_accuracy": 0.9220744680851064,
            "categorial_accuracy": 0.814946808459911,
            "loss": 0.6003485466064291,
            "epoch": 1,
            "task": 12
        },
        {
            "samples_seens": 141230,
            "top_2_accuracy": 0.923723404103137,
            "categorial_accuracy": 0.8154787234549826,
            "loss": 0.5934101227496533,
            "epoch": 1,
            "task": 13
        },
        {
            "samples_seens": 144852,
            "top_2_accuracy": 0.9274999999492727,
            "categorial_accuracy": 0.8192553190474815,
            "loss": 0.5751834732420901,
            "epoch": 1,
            "task": 14
        },
        {
            "samples_seens": 148478,
            "top_2_accuracy": 0.926914893566294,
            "categorial_accuracy": 0.8237765957954082,
            "loss": 0.5709488937448948,
            "epoch": 1,
            "task": 15
        },
        {
            "samples_seens": 152101,
            "top_2_accuracy": 0.9290957447823058,
            "categorial_accuracy": 0.8240957445793964,
            "loss": 0.5625971650062723,
            "epoch": 1,
            "task": 16
        },
        {
            "samples_seens": 155722,
            "top_2_accuracy": 0.9278191488854428,
            "categorial_accuracy": 0.8196808510638298,
            "loss": 0.5660460368369488,
            "epoch": 1,
            "task": 17
        },
        {
            "samples_seens": 159343,
            "top_2_accuracy": 0.9315957446301237,
            "categorial_accuracy": 0.8287234042553191,
            "loss": 0.5475122110894386,
            "epoch": 1,
            "task": 18
        },
        {
            "samples_seens": 162960,
            "top_2_accuracy": 0.9287765958968629,
            "categorial_accuracy": 0.8247872341440079,
            "loss": 0.5514423459641477,
            "epoch": 1,
            "task": 19
        },
        {
            "samples_seens": 166581,
            "top_2_accuracy": 0.9319148935662939,
            "categorial_accuracy": 0.8275000000507273,
            "loss": 0.5353241231847317,
            "epoch": 1,
            "task": 20
        },
        {
            "samples_seens": 170202,
            "top_2_accuracy": 0.9318617022798417,
            "categorial_accuracy": 0.8272340426546462,
            "loss": 0.5296582704148394,
            "epoch": 1,
            "task": 21
        },
        {
            "samples_seens": 173822,
            "top_2_accuracy": 0.9326063829787234,
            "categorial_accuracy": 0.8233510636776051,
            "loss": 0.5373344336164758,
            "epoch": 1,
            "task": 22
        },
        {
            "samples_seens": 177443,
            "top_2_accuracy": 0.9376595746202672,
            "categorial_accuracy": 0.8251063828265414,
            "loss": 0.5398439555979789,
            "epoch": 1,
            "task": 23
        },
        {
            "samples_seens": 181072,
            "top_2_accuracy": 0.9301063828265413,
            "categorial_accuracy": 0.8132446807496091,
            "loss": 0.6175445423227676,
            "epoch": 1,
            "task": 24
        },
        {
            "samples_seens": 184694,
            "top_2_accuracy": 0.9337234044075012,
            "categorial_accuracy": 0.8281382977201583,
            "loss": 0.5670770040217866,
            "epoch": 2,
            "task": 0
        },
        {
            "samples_seens": 188314,
            "top_2_accuracy": 0.9342553190982088,
            "categorial_accuracy": 0.8288297871833152,
            "loss": 0.5511623360501959,
            "epoch": 2,
            "task": 1
        },
        {
            "samples_seens": 191935,
            "top_2_accuracy": 0.9278723403748046,
            "categorial_accuracy": 0.8191489361702128,
            "loss": 0.5977975468432649,
            "epoch": 2,
            "task": 2
        },
        {
            "samples_seens": 195556,
            "top_2_accuracy": 0.9272340426546462,
            "categorial_accuracy": 0.8218085107397526,
            "loss": 0.6046500991253143,
            "epoch": 2,
            "task": 3
        },
        {
            "samples_seens": 199177,
            "top_2_accuracy": 0.93180851079048,
            "categorial_accuracy": 0.8303191490883522,
            "loss": 0.5490229044062026,
            "epoch": 2,
            "task": 4
        },
        {
            "samples_seens": 202798,
            "top_2_accuracy": 0.9327659573960811,
            "categorial_accuracy": 0.8273936170212766,
            "loss": 0.5532947644274285,
            "epoch": 2,
            "task": 5
        },
        {
            "samples_seens": 206415,
            "top_2_accuracy": 0.935585106281524,
            "categorial_accuracy": 0.8311702126137753,
            "loss": 0.5481555796937739,
            "epoch": 2,
            "task": 6
        },
        {
            "samples_seens": 210037,
            "top_2_accuracy": 0.9336170213780505,
            "categorial_accuracy": 0.8303723402733498,
            "loss": 0.5489990229048628,
            "epoch": 2,
            "task": 7
        },
        {
            "samples_seens": 213655,
            "top_2_accuracy": 0.9322872339918258,
            "categorial_accuracy": 0.8303191490883522,
            "loss": 0.5611019534760333,
            "epoch": 2,
            "task": 8
        },
        {
            "samples_seens": 217281,
            "top_2_accuracy": 0.9318617020769322,
            "categorial_accuracy": 0.8273404253797328,
            "loss": 0.5667914580537918,
            "epoch": 2,
            "task": 9
        },
        {
            "samples_seens": 220903,
            "top_2_accuracy": 0.9297340425024642,
            "categorial_accuracy": 0.8239893618035824,
            "loss": 0.5615612445739989,
            "epoch": 2,
            "task": 10
        },
        {
            "samples_seens": 224524,
            "top_2_accuracy": 0.9359042552684216,
            "categorial_accuracy": 0.8343617021783869,
            "loss": 0.5361043035730403,
            "epoch": 2,
            "task": 11
        },
        {
            "samples_seens": 228145,
            "top_2_accuracy": 0.9346808511652845,
            "categorial_accuracy": 0.8321808509116477,
            "loss": 0.5281334663705622,
            "epoch": 2,
            "task": 12
        },
        {
            "samples_seens": 231766,
            "top_2_accuracy": 0.9374468084599109,
            "categorial_accuracy": 0.8375,
            "loss": 0.5178348150912752,
            "epoch": 2,
            "task": 13
        },
        {
            "samples_seens": 235388,
            "top_2_accuracy": 0.9322872341440079,
            "categorial_accuracy": 0.8319680849542009,
            "loss": 0.5523612310784929,
            "epoch": 2,
            "task": 14
        },
        {
            "samples_seens": 239014,
            "top_2_accuracy": 0.9394680850049283,
            "categorial_accuracy": 0.8386170212258683,
            "loss": 0.5148242918734854,
            "epoch": 2,
            "task": 15
        },
        {
            "samples_seens": 242637,
            "top_2_accuracy": 0.9404255320163484,
            "categorial_accuracy": 0.8392021278117565,
            "loss": 0.5001408837703948,
            "epoch": 2,
            "task": 16
        },
        {
            "samples_seens": 246258,
            "top_2_accuracy": 0.9382978724418802,
            "categorial_accuracy": 0.8373936171734586,
            "loss": 0.5030239321576788,
            "epoch": 2,
            "task": 17
        },
        {
            "samples_seens": 249879,
            "top_2_accuracy": 0.9400000001014547,
            "categorial_accuracy": 0.8415957448330331,
            "loss": 0.49109554940081657,
            "epoch": 2,
            "task": 18
        },
        {
            "samples_seens": 253496,
            "top_2_accuracy": 0.9380319149950718,
            "categorial_accuracy": 0.840957446859238,
            "loss": 0.4942184537522336,
            "epoch": 2,
            "task": 19
        },
        {
            "samples_seens": 257117,
            "top_2_accuracy": 0.9431382979737951,
            "categorial_accuracy": 0.8464893615499456,
            "loss": 0.4716763423605168,
            "epoch": 2,
            "task": 20
        },
        {
            "samples_seens": 260738,
            "top_2_accuracy": 0.9418617022798417,
            "categorial_accuracy": 0.8423404254811875,
            "loss": 0.4766862202705221,
            "epoch": 2,
            "task": 21
        },
        {
            "samples_seens": 264358,
            "top_2_accuracy": 0.9447340426546462,
            "categorial_accuracy": 0.8420212765957447,
            "loss": 0.47364628195762637,
            "epoch": 2,
            "task": 22
        },
        {
            "samples_seens": 267979,
            "top_2_accuracy": 0.942287234144008,
            "categorial_accuracy": 0.829840425684097,
            "loss": 0.5207244215620325,
            "epoch": 2,
            "task": 23
        },
        {
            "samples_seens": 271608,
            "top_2_accuracy": 0.9378191488854428,
            "categorial_accuracy": 0.8271808512160118,
            "loss": 0.5635491144910771,
            "epoch": 2,
            "task": 24
        }
    ],
    "id": 2,
    "name": "id2_t25_dp0.5_dc0.2_df0.3"
}