{
    "task_count": 25,
    "results": [
        {
            "samples_seens": 3623,
            "top_2_accuracy": 0.4996808509623751,
            "categorial_accuracy": 0.34723404247710044,
            "loss": 2.5473025628353687,
            "epoch": 0,
            "task": 0
        },
        {
            "samples_seens": 7244,
            "top_2_accuracy": 0.6185638298886887,
            "categorial_accuracy": 0.4778723404508956,
            "loss": 2.0814889982913405,
            "epoch": 0,
            "task": 1
        },
        {
            "samples_seens": 10865,
            "top_2_accuracy": 0.6532446808510638,
            "categorial_accuracy": 0.4994680851317467,
            "loss": 2.0680719698236345,
            "epoch": 0,
            "task": 2
        },
        {
            "samples_seens": 14486,
            "top_2_accuracy": 0.710106382927996,
            "categorial_accuracy": 0.5606382978216131,
            "loss": 1.7757237040742915,
            "epoch": 0,
            "task": 3
        },
        {
            "samples_seens": 18108,
            "top_2_accuracy": 0.7352659574468086,
            "categorial_accuracy": 0.5890957447315784,
            "loss": 1.6162053801151033,
            "epoch": 0,
            "task": 4
        },
        {
            "samples_seens": 21730,
            "top_2_accuracy": 0.7535106382978723,
            "categorial_accuracy": 0.6164893618035824,
            "loss": 1.5867968029671526,
            "epoch": 0,
            "task": 5
        },
        {
            "samples_seens": 25351,
            "top_2_accuracy": 0.7678723403748046,
            "categorial_accuracy": 0.6247340426546462,
            "loss": 1.4243431441327359,
            "epoch": 0,
            "task": 6
        },
        {
            "samples_seens": 28973,
            "top_2_accuracy": 0.7820212764435626,
            "categorial_accuracy": 0.6315957447823057,
            "loss": 1.3309680656676597,
            "epoch": 0,
            "task": 7
        },
        {
            "samples_seens": 32596,
            "top_2_accuracy": 0.8048936169198219,
            "categorial_accuracy": 0.6661702126645027,
            "loss": 1.2355243069060304,
            "epoch": 0,
            "task": 8
        },
        {
            "samples_seens": 36227,
            "top_2_accuracy": 0.8186170213273231,
            "categorial_accuracy": 0.6885106384500544,
            "loss": 1.1734812415914333,
            "epoch": 0,
            "task": 9
        },
        {
            "samples_seens": 39849,
            "top_2_accuracy": 0.8270212765957446,
            "categorial_accuracy": 0.696063829787234,
            "loss": 1.138997918595659,
            "epoch": 0,
            "task": 10
        },
        {
            "samples_seens": 43466,
            "top_2_accuracy": 0.8453723405269866,
            "categorial_accuracy": 0.7164893616006729,
            "loss": 1.0268132364496272,
            "epoch": 0,
            "task": 11
        },
        {
            "samples_seens": 47089,
            "top_2_accuracy": 0.8548404254811875,
            "categorial_accuracy": 0.725531914893617,
            "loss": 0.972350709438324,
            "epoch": 0,
            "task": 12
        },
        {
            "samples_seens": 50710,
            "top_2_accuracy": 0.8578723402733498,
            "categorial_accuracy": 0.7290957447823058,
            "loss": 0.9493536904517641,
            "epoch": 0,
            "task": 13
        },
        {
            "samples_seens": 54331,
            "top_2_accuracy": 0.8711170213780505,
            "categorial_accuracy": 0.7461702127152301,
            "loss": 0.8763194308382399,
            "epoch": 0,
            "task": 14
        },
        {
            "samples_seens": 57962,
            "top_2_accuracy": 0.8832978724926076,
            "categorial_accuracy": 0.7618617020262048,
            "loss": 0.8109064581039104,
            "epoch": 0,
            "task": 15
        },
        {
            "samples_seens": 61586,
            "top_2_accuracy": 0.8837234044075012,
            "categorial_accuracy": 0.7681914895138842,
            "loss": 0.795091345005847,
            "epoch": 0,
            "task": 16
        },
        {
            "samples_seens": 65208,
            "top_2_accuracy": 0.8920744680851064,
            "categorial_accuracy": 0.7743617021276595,
            "loss": 0.7564704683993725,
            "epoch": 0,
            "task": 17
        },
        {
            "samples_seens": 68829,
            "top_2_accuracy": 0.8907446806988818,
            "categorial_accuracy": 0.7684574468085107,
            "loss": 0.7619273085797087,
            "epoch": 0,
            "task": 18
        },
        {
            "samples_seens": 72451,
            "top_2_accuracy": 0.8910106381964177,
            "categorial_accuracy": 0.7650531914386344,
            "loss": 0.7804826404186005,
            "epoch": 0,
            "task": 19
        },
        {
            "samples_seens": 76073,
            "top_2_accuracy": 0.9059574466563286,
            "categorial_accuracy": 0.7882978724926076,
            "loss": 0.7103488374770955,
            "epoch": 0,
            "task": 20
        },
        {
            "samples_seens": 79695,
            "top_2_accuracy": 0.9109042553698763,
            "categorial_accuracy": 0.7976595743159031,
            "loss": 0.6730181254731847,
            "epoch": 0,
            "task": 21
        },
        {
            "samples_seens": 83316,
            "top_2_accuracy": 0.9110106383485997,
            "categorial_accuracy": 0.793563829787234,
            "loss": 0.6902139194468234,
            "epoch": 0,
            "task": 22
        },
        {
            "samples_seens": 86937,
            "top_2_accuracy": 0.9062234042045918,
            "categorial_accuracy": 0.7771808512160119,
            "loss": 0.7597507213024383,
            "epoch": 0,
            "task": 23
        },
        {
            "samples_seens": 90559,
            "top_2_accuracy": 0.8820744680343791,
            "categorial_accuracy": 0.7344148936677486,
            "loss": 0.9793016134424413,
            "epoch": 0,
            "task": 24
        },
        {
            "samples_seens": 94182,
            "top_2_accuracy": 0.9135106381456902,
            "categorial_accuracy": 0.8002127658052648,
            "loss": 0.6860340840258496,
            "epoch": 1,
            "task": 0
        },
        {
            "samples_seens": 97803,
            "top_2_accuracy": 0.9089361701620386,
            "categorial_accuracy": 0.7947340424010094,
            "loss": 0.7050834675291752,
            "epoch": 1,
            "task": 1
        },
        {
            "samples_seens": 101424,
            "top_2_accuracy": 0.9029787233535279,
            "categorial_accuracy": 0.791063829787234,
            "loss": 0.7314460801570973,
            "epoch": 1,
            "task": 2
        },
        {
            "samples_seens": 105045,
            "top_2_accuracy": 0.9120744679329243,
            "categorial_accuracy": 0.8009042553191489,
            "loss": 0.6784395874307511,
            "epoch": 1,
            "task": 3
        },
        {
            "samples_seens": 108667,
            "top_2_accuracy": 0.9089893616514003,
            "categorial_accuracy": 0.7953191487839881,
            "loss": 0.735346888988576,
            "epoch": 1,
            "task": 4
        },
        {
            "samples_seens": 112289,
            "top_2_accuracy": 0.9144148937692034,
            "categorial_accuracy": 0.8020744679329244,
            "loss": 0.6556822927454684,
            "epoch": 1,
            "task": 5
        },
        {
            "samples_seens": 115910,
            "top_2_accuracy": 0.9127127661096289,
            "categorial_accuracy": 0.7973404255319149,
            "loss": 0.6993537886092004,
            "epoch": 1,
            "task": 6
        },
        {
            "samples_seens": 119532,
            "top_2_accuracy": 0.9131382980245225,
            "categorial_accuracy": 0.8050531914386343,
            "loss": 0.668758252275751,
            "epoch": 1,
            "task": 7
        },
        {
            "samples_seens": 123155,
            "top_2_accuracy": 0.9118617019754776,
            "categorial_accuracy": 0.7986702128166848,
            "loss": 0.6980535001957671,
            "epoch": 1,
            "task": 8
        },
        {
            "samples_seens": 126786,
            "top_2_accuracy": 0.9112234042553191,
            "categorial_accuracy": 0.7945744679836517,
            "loss": 0.7021870810934838,
            "epoch": 1,
            "task": 9
        },
        {
            "samples_seens": 130408,
            "top_2_accuracy": 0.9156914894631568,
            "categorial_accuracy": 0.8067553193011182,
            "loss": 0.6603032443117588,
            "epoch": 1,
            "task": 10
        },
        {
            "samples_seens": 134025,
            "top_2_accuracy": 0.9138829785712221,
            "categorial_accuracy": 0.8083510639312419,
            "loss": 0.6564921052658812,
            "epoch": 1,
            "task": 11
        },
        {
            "samples_seens": 137648,
            "top_2_accuracy": 0.9112765956939535,
            "categorial_accuracy": 0.80297872350571,
            "loss": 0.682167503580134,
            "epoch": 1,
            "task": 12
        },
        {
            "samples_seens": 141269,
            "top_2_accuracy": 0.9161702128674122,
            "categorial_accuracy": 0.806968085258565,
            "loss": 0.6504639928391639,
            "epoch": 1,
            "task": 13
        },
        {
            "samples_seens": 144890,
            "top_2_accuracy": 0.9170744679329244,
            "categorial_accuracy": 0.8115425532929441,
            "loss": 0.6173833003196311,
            "epoch": 1,
            "task": 14
        },
        {
            "samples_seens": 148521,
            "top_2_accuracy": 0.9227127659067195,
            "categorial_accuracy": 0.8189893616514003,
            "loss": 0.5821799774880105,
            "epoch": 1,
            "task": 15
        },
        {
            "samples_seens": 152145,
            "top_2_accuracy": 0.9187765956939535,
            "categorial_accuracy": 0.8151063828772687,
            "loss": 0.6060275861303857,
            "epoch": 1,
            "task": 16
        },
        {
            "samples_seens": 155767,
            "top_2_accuracy": 0.9257446809525185,
            "categorial_accuracy": 0.8211170212765957,
            "loss": 0.5718714874856016,
            "epoch": 1,
            "task": 17
        },
        {
            "samples_seens": 159388,
            "top_2_accuracy": 0.9272872341440079,
            "categorial_accuracy": 0.8182446807496091,
            "loss": 0.5659471053772784,
            "epoch": 1,
            "task": 18
        },
        {
            "samples_seens": 163010,
            "top_2_accuracy": 0.9286170212258684,
            "categorial_accuracy": 0.8183510637790599,
            "loss": 0.5630682886915004,
            "epoch": 1,
            "task": 19
        },
        {
            "samples_seens": 166632,
            "top_2_accuracy": 0.9306382979737952,
            "categorial_accuracy": 0.8215957446301237,
            "loss": 0.5549540075849979,
            "epoch": 1,
            "task": 20
        },
        {
            "samples_seens": 170254,
            "top_2_accuracy": 0.9312234042553191,
            "categorial_accuracy": 0.8276595746202672,
            "loss": 0.5433052610590103,
            "epoch": 1,
            "task": 21
        },
        {
            "samples_seens": 173875,
            "top_2_accuracy": 0.92797872350571,
            "categorial_accuracy": 0.8220744682372885,
            "loss": 0.5641760090817797,
            "epoch": 1,
            "task": 22
        },
        {
            "samples_seens": 177496,
            "top_2_accuracy": 0.928031914893617,
            "categorial_accuracy": 0.8167021277610291,
            "loss": 0.5921733009054305,
            "epoch": 1,
            "task": 23
        },
        {
            "samples_seens": 181118,
            "top_2_accuracy": 0.9204255319148936,
            "categorial_accuracy": 0.7903191490883523,
            "loss": 0.7050443386017008,
            "epoch": 1,
            "task": 24
        },
        {
            "samples_seens": 184741,
            "top_2_accuracy": 0.9207978722896982,
            "categorial_accuracy": 0.8090425531914893,
            "loss": 0.6595024492892814,
            "epoch": 2,
            "task": 0
        },
        {
            "samples_seens": 188362,
            "top_2_accuracy": 0.9203723403240772,
            "categorial_accuracy": 0.8082978724926076,
            "loss": 0.6639997002926279,
            "epoch": 2,
            "task": 1
        },
        {
            "samples_seens": 191983,
            "top_2_accuracy": 0.921010638247145,
            "categorial_accuracy": 0.8145212767479267,
            "loss": 0.6852773864218529,
            "epoch": 2,
            "task": 2
        },
        {
            "samples_seens": 195604,
            "top_2_accuracy": 0.9218617022291143,
            "categorial_accuracy": 0.8173404253797328,
            "loss": 0.6614396099080431,
            "epoch": 2,
            "task": 3
        },
        {
            "samples_seens": 199226,
            "top_2_accuracy": 0.9253191488854429,
            "categorial_accuracy": 0.816276595896863,
            "loss": 0.6317590739118292,
            "epoch": 2,
            "task": 4
        },
        {
            "samples_seens": 202848,
            "top_2_accuracy": 0.9251063830801781,
            "categorial_accuracy": 0.8234042551669669,
            "loss": 0.6339978796370486,
            "epoch": 2,
            "task": 5
        },
        {
            "samples_seens": 206469,
            "top_2_accuracy": 0.9251595744173577,
            "categorial_accuracy": 0.819627659422286,
            "loss": 0.6543825480278502,
            "epoch": 2,
            "task": 6
        },
        {
            "samples_seens": 210091,
            "top_2_accuracy": 0.9267021276088471,
            "categorial_accuracy": 0.8235106381456903,
            "loss": 0.6195321226627268,
            "epoch": 2,
            "task": 7
        },
        {
            "samples_seens": 213714,
            "top_2_accuracy": 0.9257978724418803,
            "categorial_accuracy": 0.8214361701620386,
            "loss": 0.6311779443000225,
            "epoch": 2,
            "task": 8
        },
        {
            "samples_seens": 217345,
            "top_2_accuracy": 0.9281914894631569,
            "categorial_accuracy": 0.826489361752855,
            "loss": 0.5724307823942063,
            "epoch": 2,
            "task": 9
        },
        {
            "samples_seens": 220967,
            "top_2_accuracy": 0.9245212766971994,
            "categorial_accuracy": 0.822553191387907,
            "loss": 0.605173356964233,
            "epoch": 2,
            "task": 10
        },
        {
            "samples_seens": 224584,
            "top_2_accuracy": 0.9259042554206036,
            "categorial_accuracy": 0.8232978721882435,
            "loss": 0.5970742160208682,
            "epoch": 2,
            "task": 11
        },
        {
            "samples_seens": 228207,
            "top_2_accuracy": 0.928617021175141,
            "categorial_accuracy": 0.8264893617021276,
            "loss": 0.577262615979986,
            "epoch": 2,
            "task": 12
        },
        {
            "samples_seens": 231828,
            "top_2_accuracy": 0.9250531915908164,
            "categorial_accuracy": 0.8248404253797328,
            "loss": 0.596352792014467,
            "epoch": 2,
            "task": 13
        },
        {
            "samples_seens": 235449,
            "top_2_accuracy": 0.9319680852078377,
            "categorial_accuracy": 0.830053191540089,
            "loss": 0.5455133702399882,
            "epoch": 2,
            "task": 14
        },
        {
            "samples_seens": 239080,
            "top_2_accuracy": 0.9350000001014547,
            "categorial_accuracy": 0.8332978723404255,
            "loss": 0.5190620161371028,
            "epoch": 2,
            "task": 15
        },
        {
            "samples_seens": 242704,
            "top_2_accuracy": 0.9328723405269866,
            "categorial_accuracy": 0.8344680852585651,
            "loss": 0.5262987431820403,
            "epoch": 2,
            "task": 16
        },
        {
            "samples_seens": 246326,
            "top_2_accuracy": 0.9345212766971994,
            "categorial_accuracy": 0.8331914894124295,
            "loss": 0.5219407618045807,
            "epoch": 2,
            "task": 17
        },
        {
            "samples_seens": 249947,
            "top_2_accuracy": 0.9343617020262048,
            "categorial_accuracy": 0.8301063829787234,
            "loss": 0.5150071046200204,
            "epoch": 2,
            "task": 18
        },
        {
            "samples_seens": 253569,
            "top_2_accuracy": 0.9313297871833152,
            "categorial_accuracy": 0.828989361752855,
            "loss": 0.5374779604343658,
            "epoch": 2,
            "task": 19
        },
        {
            "samples_seens": 257191,
            "top_2_accuracy": 0.9383510637790599,
            "categorial_accuracy": 0.8352659574975358,
            "loss": 0.5049136867929013,
            "epoch": 2,
            "task": 20
        },
        {
            "samples_seens": 260813,
            "top_2_accuracy": 0.9371276595237408,
            "categorial_accuracy": 0.8323404256333696,
            "loss": 0.514391756717195,
            "epoch": 2,
            "task": 21
        },
        {
            "samples_seens": 264434,
            "top_2_accuracy": 0.9282446810032459,
            "categorial_accuracy": 0.8219680850049282,
            "loss": 0.5812091417769168,
            "epoch": 2,
            "task": 22
        },
        {
            "samples_seens": 268055,
            "top_2_accuracy": 0.9352659573960812,
            "categorial_accuracy": 0.8278723404255319,
            "loss": 0.5406335686369145,
            "epoch": 2,
            "task": 23
        },
        {
            "samples_seens": 271677,
            "top_2_accuracy": 0.9297872338903711,
            "categorial_accuracy": 0.8022872339410985,
            "loss": 0.6368960088871894,
            "epoch": 2,
            "task": 24
        }
    ],
    "id": 2,
    "name": "id2_t25_dp0.2_dc0.7_df0.1"
}