{
    "task_count": 25,
    "results": [
        {
            "samples_seens": 3609,
            "top_2_accuracy": 0.44143617023812964,
            "categorial_accuracy": 0.30436170212765956,
            "loss": 2.7597988627819303,
            "epoch": 0,
            "task": 0
        },
        {
            "samples_seens": 7219,
            "top_2_accuracy": 0.5686170214287778,
            "categorial_accuracy": 0.4167553191996635,
            "loss": 2.473212230357718,
            "epoch": 0,
            "task": 1
        },
        {
            "samples_seens": 10829,
            "top_2_accuracy": 0.6462765958968629,
            "categorial_accuracy": 0.49452127674792673,
            "loss": 2.118934277067793,
            "epoch": 0,
            "task": 2
        },
        {
            "samples_seens": 14440,
            "top_2_accuracy": 0.6742021277610292,
            "categorial_accuracy": 0.5331382978723405,
            "loss": 2.022127962112427,
            "epoch": 0,
            "task": 3
        },
        {
            "samples_seens": 18052,
            "top_2_accuracy": 0.7077659575482632,
            "categorial_accuracy": 0.5689361703142207,
            "loss": 1.9866051682005537,
            "epoch": 0,
            "task": 4
        },
        {
            "samples_seens": 21664,
            "top_2_accuracy": 0.7286702126137754,
            "categorial_accuracy": 0.5831914893109748,
            "loss": 1.6210383720600858,
            "epoch": 0,
            "task": 5
        },
        {
            "samples_seens": 25277,
            "top_2_accuracy": 0.7418085107397526,
            "categorial_accuracy": 0.6064361700605839,
            "loss": 1.7047484635292216,
            "epoch": 0,
            "task": 6
        },
        {
            "samples_seens": 28891,
            "top_2_accuracy": 0.7712765956432261,
            "categorial_accuracy": 0.6359574467070559,
            "loss": 1.4601903683073978,
            "epoch": 0,
            "task": 7
        },
        {
            "samples_seens": 32506,
            "top_2_accuracy": 0.7760638298379614,
            "categorial_accuracy": 0.6412234043060465,
            "loss": 1.335812725716449,
            "epoch": 0,
            "task": 8
        },
        {
            "samples_seens": 36122,
            "top_2_accuracy": 0.7954787234549827,
            "categorial_accuracy": 0.6595744681358338,
            "loss": 1.3435670336256635,
            "epoch": 0,
            "task": 9
        },
        {
            "samples_seens": 39737,
            "top_2_accuracy": 0.8120212765450173,
            "categorial_accuracy": 0.6839361700605839,
            "loss": 1.2199289181891908,
            "epoch": 0,
            "task": 10
        },
        {
            "samples_seens": 43353,
            "top_2_accuracy": 0.8212765957446808,
            "categorial_accuracy": 0.6937765958968629,
            "loss": 1.1720009551149733,
            "epoch": 0,
            "task": 11
        },
        {
            "samples_seens": 46968,
            "top_2_accuracy": 0.8392553190982088,
            "categorial_accuracy": 0.7109042552684216,
            "loss": 1.101359382487358,
            "epoch": 0,
            "task": 12
        },
        {
            "samples_seens": 50583,
            "top_2_accuracy": 0.8466489363223948,
            "categorial_accuracy": 0.7171276595744681,
            "loss": 1.0347687245937105,
            "epoch": 0,
            "task": 13
        },
        {
            "samples_seens": 54200,
            "top_2_accuracy": 0.8436170212765958,
            "categorial_accuracy": 0.7181382977708857,
            "loss": 1.0528846516000463,
            "epoch": 0,
            "task": 14
        },
        {
            "samples_seens": 57822,
            "top_2_accuracy": 0.8673936170720039,
            "categorial_accuracy": 0.7471808512160119,
            "loss": 0.8946405342284669,
            "epoch": 0,
            "task": 15
        },
        {
            "samples_seens": 61437,
            "top_2_accuracy": 0.8743085107397526,
            "categorial_accuracy": 0.7568085106382979,
            "loss": 0.8671273731170817,
            "epoch": 0,
            "task": 16
        },
        {
            "samples_seens": 65056,
            "top_2_accuracy": 0.8771808511652845,
            "categorial_accuracy": 0.7561170213273231,
            "loss": 0.8713047286804686,
            "epoch": 0,
            "task": 17
        },
        {
            "samples_seens": 68672,
            "top_2_accuracy": 0.8860638299394161,
            "categorial_accuracy": 0.7691489362209402,
            "loss": 0.8009604596584401,
            "epoch": 0,
            "task": 18
        },
        {
            "samples_seens": 72291,
            "top_2_accuracy": 0.891595744528669,
            "categorial_accuracy": 0.7690425533436714,
            "loss": 0.775432826508867,
            "epoch": 0,
            "task": 19
        },
        {
            "samples_seens": 75911,
            "top_2_accuracy": 0.9005851062307967,
            "categorial_accuracy": 0.7830319148428897,
            "loss": 0.7329379887783781,
            "epoch": 0,
            "task": 20
        },
        {
            "samples_seens": 79531,
            "top_2_accuracy": 0.9032446808510638,
            "categorial_accuracy": 0.7865425530900346,
            "loss": 0.7102230143547058,
            "epoch": 0,
            "task": 21
        },
        {
            "samples_seens": 83152,
            "top_2_accuracy": 0.9002659574468085,
            "categorial_accuracy": 0.7718085104861158,
            "loss": 0.754148586760176,
            "epoch": 0,
            "task": 22
        },
        {
            "samples_seens": 86772,
            "top_2_accuracy": 0.9099468083584562,
            "categorial_accuracy": 0.781436170212766,
            "loss": 0.7191993168059816,
            "epoch": 0,
            "task": 23
        },
        {
            "samples_seens": 90394,
            "top_2_accuracy": 0.8948404256333696,
            "categorial_accuracy": 0.7554787232520732,
            "loss": 0.9501743638769109,
            "epoch": 0,
            "task": 24
        },
        {
            "samples_seens": 94003,
            "top_2_accuracy": 0.8954255319148936,
            "categorial_accuracy": 0.7727127660081742,
            "loss": 0.8251989276358421,
            "epoch": 1,
            "task": 0
        },
        {
            "samples_seens": 97613,
            "top_2_accuracy": 0.8923936170212766,
            "categorial_accuracy": 0.777127659574468,
            "loss": 0.8399950014783981,
            "epoch": 1,
            "task": 1
        },
        {
            "samples_seens": 101223,
            "top_2_accuracy": 0.8895744679329243,
            "categorial_accuracy": 0.7718085106382979,
            "loss": 0.8741524558878959,
            "epoch": 1,
            "task": 2
        },
        {
            "samples_seens": 104834,
            "top_2_accuracy": 0.8859574466563286,
            "categorial_accuracy": 0.7687765956939535,
            "loss": 0.9297570623742774,
            "epoch": 1,
            "task": 3
        },
        {
            "samples_seens": 108446,
            "top_2_accuracy": 0.8943617022798417,
            "categorial_accuracy": 0.7776063828265414,
            "loss": 0.8345681802262651,
            "epoch": 1,
            "task": 4
        },
        {
            "samples_seens": 112058,
            "top_2_accuracy": 0.9019148935155665,
            "categorial_accuracy": 0.7848404254304602,
            "loss": 0.7705281213496594,
            "epoch": 1,
            "task": 5
        },
        {
            "samples_seens": 115671,
            "top_2_accuracy": 0.894946808612093,
            "categorial_accuracy": 0.778085106281524,
            "loss": 0.8209317231685557,
            "epoch": 1,
            "task": 6
        },
        {
            "samples_seens": 119285,
            "top_2_accuracy": 0.9016489362209401,
            "categorial_accuracy": 0.7907978721882435,
            "loss": 0.7546976889955237,
            "epoch": 1,
            "task": 7
        },
        {
            "samples_seens": 122900,
            "top_2_accuracy": 0.8993085104861158,
            "categorial_accuracy": 0.7860106383485997,
            "loss": 0.7580027286549832,
            "epoch": 1,
            "task": 8
        },
        {
            "samples_seens": 126516,
            "top_2_accuracy": 0.8943617019754775,
            "categorial_accuracy": 0.7810638296350519,
            "loss": 0.8564759235686444,
            "epoch": 1,
            "task": 9
        },
        {
            "samples_seens": 130131,
            "top_2_accuracy": 0.8943085106382979,
            "categorial_accuracy": 0.7820744681865611,
            "loss": 0.805805305521539,
            "epoch": 1,
            "task": 10
        },
        {
            "samples_seens": 133747,
            "top_2_accuracy": 0.9011702128166849,
            "categorial_accuracy": 0.7917553191489362,
            "loss": 0.7356876175961596,
            "epoch": 1,
            "task": 11
        },
        {
            "samples_seens": 137362,
            "top_2_accuracy": 0.8990957445793963,
            "categorial_accuracy": 0.7882446809525185,
            "loss": 0.7728792867254703,
            "epoch": 1,
            "task": 12
        },
        {
            "samples_seens": 140977,
            "top_2_accuracy": 0.9101595745695398,
            "categorial_accuracy": 0.8051063831309054,
            "loss": 0.6684582670191501,
            "epoch": 1,
            "task": 13
        },
        {
            "samples_seens": 144594,
            "top_2_accuracy": 0.9073936169705492,
            "categorial_accuracy": 0.802021276646472,
            "loss": 0.7117314882988626,
            "epoch": 1,
            "task": 14
        },
        {
            "samples_seens": 148216,
            "top_2_accuracy": 0.9156382979737951,
            "categorial_accuracy": 0.805478723353528,
            "loss": 0.6352292049184759,
            "epoch": 1,
            "task": 15
        },
        {
            "samples_seens": 151831,
            "top_2_accuracy": 0.9109574468085107,
            "categorial_accuracy": 0.8064893616514003,
            "loss": 0.6779318024249787,
            "epoch": 1,
            "task": 16
        },
        {
            "samples_seens": 155450,
            "top_2_accuracy": 0.9161702127152301,
            "categorial_accuracy": 0.8129787233028006,
            "loss": 0.6153081354942728,
            "epoch": 1,
            "task": 17
        },
        {
            "samples_seens": 159066,
            "top_2_accuracy": 0.9181382979737951,
            "categorial_accuracy": 0.8080851064337061,
            "loss": 0.6139596029799035,
            "epoch": 1,
            "task": 18
        },
        {
            "samples_seens": 162685,
            "top_2_accuracy": 0.9230319150457991,
            "categorial_accuracy": 0.8148404256333696,
            "loss": 0.5935401404411235,
            "epoch": 1,
            "task": 19
        },
        {
            "samples_seens": 166305,
            "top_2_accuracy": 0.9268085107397526,
            "categorial_accuracy": 0.8194680850049283,
            "loss": 0.5723069288882804,
            "epoch": 1,
            "task": 20
        },
        {
            "samples_seens": 169925,
            "top_2_accuracy": 0.928510638399327,
            "categorial_accuracy": 0.8213297873862246,
            "loss": 0.5908614582203804,
            "epoch": 1,
            "task": 21
        },
        {
            "samples_seens": 173546,
            "top_2_accuracy": 0.9274468085106383,
            "categorial_accuracy": 0.8211170212258684,
            "loss": 0.5749507465261094,
            "epoch": 1,
            "task": 22
        },
        {
            "samples_seens": 177166,
            "top_2_accuracy": 0.8984574467577833,
            "categorial_accuracy": 0.7695212766971994,
            "loss": 0.7645379931876,
            "epoch": 1,
            "task": 23
        },
        {
            "samples_seens": 180788,
            "top_2_accuracy": 0.9239893617021276,
            "categorial_accuracy": 0.7999999998985453,
            "loss": 0.6988710624106387,
            "epoch": 1,
            "task": 24
        },
        {
            "samples_seens": 184397,
            "top_2_accuracy": 0.9064361703649481,
            "categorial_accuracy": 0.796968085106383,
            "loss": 0.8044268227130809,
            "epoch": 2,
            "task": 0
        },
        {
            "samples_seens": 188007,
            "top_2_accuracy": 0.9043617022798417,
            "categorial_accuracy": 0.7870744682372884,
            "loss": 0.8971378957971613,
            "epoch": 2,
            "task": 1
        },
        {
            "samples_seens": 191617,
            "top_2_accuracy": 0.916010638247145,
            "categorial_accuracy": 0.806063829635052,
            "loss": 0.7229587741608315,
            "epoch": 2,
            "task": 2
        },
        {
            "samples_seens": 195228,
            "top_2_accuracy": 0.9160638298886887,
            "categorial_accuracy": 0.8040425530900347,
            "loss": 0.7431403528375828,
            "epoch": 2,
            "task": 3
        },
        {
            "samples_seens": 198840,
            "top_2_accuracy": 0.8984042553191489,
            "categorial_accuracy": 0.7844680850556556,
            "loss": 0.8669964804547898,
            "epoch": 2,
            "task": 4
        },
        {
            "samples_seens": 202452,
            "top_2_accuracy": 0.9096276595744681,
            "categorial_accuracy": 0.7988297871833152,
            "loss": 0.7796637385449511,
            "epoch": 2,
            "task": 5
        },
        {
            "samples_seens": 206065,
            "top_2_accuracy": 0.9127659573960811,
            "categorial_accuracy": 0.8051595746202672,
            "loss": 0.7628514202604902,
            "epoch": 2,
            "task": 6
        },
        {
            "samples_seens": 209679,
            "top_2_accuracy": 0.9150531916415438,
            "categorial_accuracy": 0.8084574469099653,
            "loss": 0.7376946278328591,
            "epoch": 2,
            "task": 7
        },
        {
            "samples_seens": 213294,
            "top_2_accuracy": 0.9180319148428897,
            "categorial_accuracy": 0.810851063931242,
            "loss": 0.6919437495191046,
            "epoch": 2,
            "task": 8
        },
        {
            "samples_seens": 216910,
            "top_2_accuracy": 0.9171808511652845,
            "categorial_accuracy": 0.8122872341947353,
            "loss": 0.7082420992090347,
            "epoch": 2,
            "task": 9
        },
        {
            "samples_seens": 220525,
            "top_2_accuracy": 0.9168617020769322,
            "categorial_accuracy": 0.81117021271523,
            "loss": 0.680761771709361,
            "epoch": 2,
            "task": 10
        },
        {
            "samples_seens": 224141,
            "top_2_accuracy": 0.9207978724926076,
            "categorial_accuracy": 0.8169680850049282,
            "loss": 0.6616768345173369,
            "epoch": 2,
            "task": 11
        },
        {
            "samples_seens": 227756,
            "top_2_accuracy": 0.9207446809525185,
            "categorial_accuracy": 0.8173936169705492,
            "loss": 0.6578988451399702,
            "epoch": 2,
            "task": 12
        },
        {
            "samples_seens": 231371,
            "top_2_accuracy": 0.9227659575482632,
            "categorial_accuracy": 0.8212234043060465,
            "loss": 0.6012511969373582,
            "epoch": 2,
            "task": 13
        },
        {
            "samples_seens": 234988,
            "top_2_accuracy": 0.9193085107397526,
            "categorial_accuracy": 0.8219680849542009,
            "loss": 0.6424719904077814,
            "epoch": 2,
            "task": 14
        },
        {
            "samples_seens": 238610,
            "top_2_accuracy": 0.9205319149950717,
            "categorial_accuracy": 0.8202659573960811,
            "loss": 0.6343527751019661,
            "epoch": 2,
            "task": 15
        },
        {
            "samples_seens": 242225,
            "top_2_accuracy": 0.921968085258565,
            "categorial_accuracy": 0.8181914894631569,
            "loss": 0.5960323640640746,
            "epoch": 2,
            "task": 16
        },
        {
            "samples_seens": 245844,
            "top_2_accuracy": 0.9222340426546463,
            "categorial_accuracy": 0.8161170213780504,
            "loss": 0.5967177465621462,
            "epoch": 2,
            "task": 17
        },
        {
            "samples_seens": 249460,
            "top_2_accuracy": 0.9291489362716675,
            "categorial_accuracy": 0.8284042551669669,
            "loss": 0.553003234178462,
            "epoch": 2,
            "task": 18
        },
        {
            "samples_seens": 253079,
            "top_2_accuracy": 0.9284042552684216,
            "categorial_accuracy": 0.8274468085106383,
            "loss": 0.5614043778307894,
            "epoch": 2,
            "task": 19
        },
        {
            "samples_seens": 256699,
            "top_2_accuracy": 0.9325000001014547,
            "categorial_accuracy": 0.826861702178387,
            "loss": 0.5339415459429964,
            "epoch": 2,
            "task": 20
        },
        {
            "samples_seens": 260319,
            "top_2_accuracy": 0.9344148937692034,
            "categorial_accuracy": 0.8287234044075013,
            "loss": 0.5265995498667372,
            "epoch": 2,
            "task": 21
        },
        {
            "samples_seens": 263940,
            "top_2_accuracy": 0.9345212765450174,
            "categorial_accuracy": 0.8306382979737952,
            "loss": 0.5256135208302356,
            "epoch": 2,
            "task": 22
        },
        {
            "samples_seens": 267560,
            "top_2_accuracy": 0.9326063830801781,
            "categorial_accuracy": 0.8197340427053735,
            "loss": 0.574377016564633,
            "epoch": 2,
            "task": 23
        },
        {
            "samples_seens": 271182,
            "top_2_accuracy": 0.9099999999492726,
            "categorial_accuracy": 0.7753723402733499,
            "loss": 0.7444685408409606,
            "epoch": 2,
            "task": 24
        }
    ],
    "id": 2,
    "name": "id2_t25_dp0.3_dc0.7_df0.0"
}