{
    "task_count": 25,
    "results": [
        {
            "samples_seens": 3609,
            "top_2_accuracy": 0.4037765957193172,
            "categorial_accuracy": 0.26484042545582387,
            "loss": 2.9560187126727815,
            "epoch": 0,
            "task": 0
        },
        {
            "samples_seens": 7219,
            "top_2_accuracy": 0.5942553191489361,
            "categorial_accuracy": 0.4437234042045918,
            "loss": 2.4106956705133964,
            "epoch": 0,
            "task": 1
        },
        {
            "samples_seens": 10829,
            "top_2_accuracy": 0.6360638297365067,
            "categorial_accuracy": 0.4882978724418802,
            "loss": 2.1567600507939115,
            "epoch": 0,
            "task": 2
        },
        {
            "samples_seens": 14440,
            "top_2_accuracy": 0.667446808612093,
            "categorial_accuracy": 0.5234042552684216,
            "loss": 2.1160422635585703,
            "epoch": 0,
            "task": 3
        },
        {
            "samples_seens": 18051,
            "top_2_accuracy": 0.6873404253797328,
            "categorial_accuracy": 0.5401063830801781,
            "loss": 2.013536308775557,
            "epoch": 0,
            "task": 4
        },
        {
            "samples_seens": 21663,
            "top_2_accuracy": 0.7172872340425532,
            "categorial_accuracy": 0.5810106383485997,
            "loss": 1.8355120690325473,
            "epoch": 0,
            "task": 5
        },
        {
            "samples_seens": 25274,
            "top_2_accuracy": 0.7316489363223948,
            "categorial_accuracy": 0.5954787235564374,
            "loss": 1.8628492037793423,
            "epoch": 0,
            "task": 6
        },
        {
            "samples_seens": 28887,
            "top_2_accuracy": 0.7622872341947352,
            "categorial_accuracy": 0.6261702126645027,
            "loss": 1.566578858456713,
            "epoch": 0,
            "task": 7
        },
        {
            "samples_seens": 32500,
            "top_2_accuracy": 0.7673936170720039,
            "categorial_accuracy": 0.6322872340425532,
            "loss": 1.5609595229777884,
            "epoch": 0,
            "task": 8
        },
        {
            "samples_seens": 36114,
            "top_2_accuracy": 0.7819148936677486,
            "categorial_accuracy": 0.6487234042553192,
            "loss": 1.3907207673661253,
            "epoch": 0,
            "task": 9
        },
        {
            "samples_seens": 39729,
            "top_2_accuracy": 0.8044680849542009,
            "categorial_accuracy": 0.671489361752855,
            "loss": 1.3397385584039891,
            "epoch": 0,
            "task": 10
        },
        {
            "samples_seens": 43345,
            "top_2_accuracy": 0.8201063828265414,
            "categorial_accuracy": 0.6895212766971994,
            "loss": 1.2260195835600507,
            "epoch": 0,
            "task": 11
        },
        {
            "samples_seens": 46961,
            "top_2_accuracy": 0.826968085106383,
            "categorial_accuracy": 0.6997340424517368,
            "loss": 1.1721546901540554,
            "epoch": 0,
            "task": 12
        },
        {
            "samples_seens": 50576,
            "top_2_accuracy": 0.8395744682372884,
            "categorial_accuracy": 0.7117553192503909,
            "loss": 1.131257872175663,
            "epoch": 0,
            "task": 13
        },
        {
            "samples_seens": 54193,
            "top_2_accuracy": 0.8429787234549827,
            "categorial_accuracy": 0.7201595744680851,
            "loss": 1.047817836619438,
            "epoch": 0,
            "task": 14
        },
        {
            "samples_seens": 57813,
            "top_2_accuracy": 0.8598404255319149,
            "categorial_accuracy": 0.7364893616006729,
            "loss": 0.9506110311569052,
            "epoch": 0,
            "task": 15
        },
        {
            "samples_seens": 61431,
            "top_2_accuracy": 0.8681914894631568,
            "categorial_accuracy": 0.7467553191489362,
            "loss": 0.9269998737091714,
            "epoch": 0,
            "task": 16
        },
        {
            "samples_seens": 65048,
            "top_2_accuracy": 0.8757446809525186,
            "categorial_accuracy": 0.7547340424517368,
            "loss": 0.8757482274542464,
            "epoch": 0,
            "task": 17
        },
        {
            "samples_seens": 68666,
            "top_2_accuracy": 0.8831914894631568,
            "categorial_accuracy": 0.7667553191489361,
            "loss": 0.8164633016383395,
            "epoch": 0,
            "task": 18
        },
        {
            "samples_seens": 72281,
            "top_2_accuracy": 0.8878723403748046,
            "categorial_accuracy": 0.7598404255319149,
            "loss": 0.8460231565921864,
            "epoch": 0,
            "task": 19
        },
        {
            "samples_seens": 75900,
            "top_2_accuracy": 0.8980851063322514,
            "categorial_accuracy": 0.7843617021276595,
            "loss": 0.7306360289391051,
            "epoch": 0,
            "task": 20
        },
        {
            "samples_seens": 79520,
            "top_2_accuracy": 0.9022340424517368,
            "categorial_accuracy": 0.7818617019754776,
            "loss": 0.7143426445697216,
            "epoch": 0,
            "task": 21
        },
        {
            "samples_seens": 83140,
            "top_2_accuracy": 0.8993085107397526,
            "categorial_accuracy": 0.7770744679329243,
            "loss": 0.7460568153604548,
            "epoch": 0,
            "task": 22
        },
        {
            "samples_seens": 86761,
            "top_2_accuracy": 0.9105319147921623,
            "categorial_accuracy": 0.7887234041538644,
            "loss": 0.6866120972531907,
            "epoch": 0,
            "task": 23
        },
        {
            "samples_seens": 90390,
            "top_2_accuracy": 0.9135106383485997,
            "categorial_accuracy": 0.7908510637790599,
            "loss": 0.7098952770740428,
            "epoch": 0,
            "task": 24
        },
        {
            "samples_seens": 93999,
            "top_2_accuracy": 0.883085106281524,
            "categorial_accuracy": 0.7608510638297873,
            "loss": 0.8985455598729722,
            "epoch": 1,
            "task": 0
        },
        {
            "samples_seens": 97609,
            "top_2_accuracy": 0.8891489363223949,
            "categorial_accuracy": 0.7707446810032459,
            "loss": 0.8698045813276413,
            "epoch": 1,
            "task": 1
        },
        {
            "samples_seens": 101219,
            "top_2_accuracy": 0.8876595746202672,
            "categorial_accuracy": 0.7736170212258684,
            "loss": 0.9175216889381409,
            "epoch": 1,
            "task": 2
        },
        {
            "samples_seens": 104830,
            "top_2_accuracy": 0.8948404254811876,
            "categorial_accuracy": 0.7835106382978724,
            "loss": 0.8152652867804182,
            "epoch": 1,
            "task": 3
        },
        {
            "samples_seens": 108441,
            "top_2_accuracy": 0.8845744681358337,
            "categorial_accuracy": 0.7674999998478179,
            "loss": 0.9038540518030207,
            "epoch": 1,
            "task": 4
        },
        {
            "samples_seens": 112053,
            "top_2_accuracy": 0.8992553189967541,
            "categorial_accuracy": 0.7842553192503909,
            "loss": 0.7775380182266235,
            "epoch": 1,
            "task": 5
        },
        {
            "samples_seens": 115664,
            "top_2_accuracy": 0.9006382978723404,
            "categorial_accuracy": 0.7855851062307967,
            "loss": 0.7879223029664222,
            "epoch": 1,
            "task": 6
        },
        {
            "samples_seens": 119277,
            "top_2_accuracy": 0.8876063828265414,
            "categorial_accuracy": 0.7685106381964176,
            "loss": 0.9174475208241889,
            "epoch": 1,
            "task": 7
        },
        {
            "samples_seens": 122890,
            "top_2_accuracy": 0.894999999847818,
            "categorial_accuracy": 0.7852659574468085,
            "loss": 0.8093167754437061,
            "epoch": 1,
            "task": 8
        },
        {
            "samples_seens": 126504,
            "top_2_accuracy": 0.8993617022798417,
            "categorial_accuracy": 0.7881382980245225,
            "loss": 0.7981035320809547,
            "epoch": 1,
            "task": 9
        },
        {
            "samples_seens": 130119,
            "top_2_accuracy": 0.9023936171734587,
            "categorial_accuracy": 0.788457446859238,
            "loss": 0.7614832980074782,
            "epoch": 1,
            "task": 10
        },
        {
            "samples_seens": 133735,
            "top_2_accuracy": 0.9037234043060465,
            "categorial_accuracy": 0.7938297872847699,
            "loss": 0.7432204860829292,
            "epoch": 1,
            "task": 11
        },
        {
            "samples_seens": 137351,
            "top_2_accuracy": 0.9036702129181395,
            "categorial_accuracy": 0.7956914893617021,
            "loss": 0.7467784776078894,
            "epoch": 1,
            "task": 12
        },
        {
            "samples_seens": 140966,
            "top_2_accuracy": 0.9022340424010095,
            "categorial_accuracy": 0.7961702126645027,
            "loss": 0.7425065224221412,
            "epoch": 1,
            "task": 13
        },
        {
            "samples_seens": 144583,
            "top_2_accuracy": 0.9044148935662939,
            "categorial_accuracy": 0.797340425684097,
            "loss": 0.7234521569089687,
            "epoch": 1,
            "task": 14
        },
        {
            "samples_seens": 148203,
            "top_2_accuracy": 0.9129255320670757,
            "categorial_accuracy": 0.8055319147921624,
            "loss": 0.6634453325068697,
            "epoch": 1,
            "task": 15
        },
        {
            "samples_seens": 151821,
            "top_2_accuracy": 0.9129787233535279,
            "categorial_accuracy": 0.8067553190982089,
            "loss": 0.6481416258152495,
            "epoch": 1,
            "task": 16
        },
        {
            "samples_seens": 155438,
            "top_2_accuracy": 0.9135638298886888,
            "categorial_accuracy": 0.8107446807496091,
            "loss": 0.6339716587168105,
            "epoch": 1,
            "task": 17
        },
        {
            "samples_seens": 159056,
            "top_2_accuracy": 0.9164893618543097,
            "categorial_accuracy": 0.8021276596759228,
            "loss": 0.6441868319917232,
            "epoch": 1,
            "task": 18
        },
        {
            "samples_seens": 162671,
            "top_2_accuracy": 0.9168617022291143,
            "categorial_accuracy": 0.8131914895138842,
            "loss": 0.6264034066808984,
            "epoch": 1,
            "task": 19
        },
        {
            "samples_seens": 166290,
            "top_2_accuracy": 0.9186702127659574,
            "categorial_accuracy": 0.8158510639819693,
            "loss": 0.5921903065924948,
            "epoch": 1,
            "task": 20
        },
        {
            "samples_seens": 169910,
            "top_2_accuracy": 0.9236170213780505,
            "categorial_accuracy": 0.8168617020262049,
            "loss": 0.5768605166800479,
            "epoch": 1,
            "task": 21
        },
        {
            "samples_seens": 173530,
            "top_2_accuracy": 0.9278723404255319,
            "categorial_accuracy": 0.8170744682372885,
            "loss": 0.5680268511366336,
            "epoch": 1,
            "task": 22
        },
        {
            "samples_seens": 177151,
            "top_2_accuracy": 0.9285106382978724,
            "categorial_accuracy": 0.8203191490376249,
            "loss": 0.5700338342849245,
            "epoch": 1,
            "task": 23
        },
        {
            "samples_seens": 180780,
            "top_2_accuracy": 0.9281382977201583,
            "categorial_accuracy": 0.8105319148428897,
            "loss": 0.6161780755570594,
            "epoch": 1,
            "task": 24
        },
        {
            "samples_seens": 184389,
            "top_2_accuracy": 0.9102127659574468,
            "categorial_accuracy": 0.7935106381964177,
            "loss": 0.8011513555303533,
            "epoch": 2,
            "task": 0
        },
        {
            "samples_seens": 187999,
            "top_2_accuracy": 0.9136702127152301,
            "categorial_accuracy": 0.7997872339410985,
            "loss": 0.7910691341948002,
            "epoch": 2,
            "task": 1
        },
        {
            "samples_seens": 191609,
            "top_2_accuracy": 0.9149468085106383,
            "categorial_accuracy": 0.8095744679836516,
            "loss": 0.7177744722873607,
            "epoch": 2,
            "task": 2
        },
        {
            "samples_seens": 195220,
            "top_2_accuracy": 0.904574468034379,
            "categorial_accuracy": 0.7946808511145571,
            "loss": 0.8327468078694445,
            "epoch": 2,
            "task": 3
        },
        {
            "samples_seens": 198831,
            "top_2_accuracy": 0.9112234044075013,
            "categorial_accuracy": 0.8043617022798416,
            "loss": 0.7789883786566714,
            "epoch": 2,
            "task": 4
        },
        {
            "samples_seens": 202443,
            "top_2_accuracy": 0.911010638399327,
            "categorial_accuracy": 0.7993085105368432,
            "loss": 0.7801140295191014,
            "epoch": 2,
            "task": 5
        },
        {
            "samples_seens": 206054,
            "top_2_accuracy": 0.9096276596759229,
            "categorial_accuracy": 0.8006382978723404,
            "loss": 0.7983253539876735,
            "epoch": 2,
            "task": 6
        },
        {
            "samples_seens": 209667,
            "top_2_accuracy": 0.9167553190982088,
            "categorial_accuracy": 0.8114361703142207,
            "loss": 0.6706431030466201,
            "epoch": 2,
            "task": 7
        },
        {
            "samples_seens": 213280,
            "top_2_accuracy": 0.9150531914893617,
            "categorial_accuracy": 0.8092553191996635,
            "loss": 0.7146187510896236,
            "epoch": 2,
            "task": 8
        },
        {
            "samples_seens": 216894,
            "top_2_accuracy": 0.9169148936170213,
            "categorial_accuracy": 0.8111170211751411,
            "loss": 0.6805848811027851,
            "epoch": 2,
            "task": 9
        },
        {
            "samples_seens": 220509,
            "top_2_accuracy": 0.9185106384500544,
            "categorial_accuracy": 0.814042553140762,
            "loss": 0.6737455743678072,
            "epoch": 2,
            "task": 10
        },
        {
            "samples_seens": 224125,
            "top_2_accuracy": 0.9150000001521821,
            "categorial_accuracy": 0.8107978722389708,
            "loss": 0.6823140720610923,
            "epoch": 2,
            "task": 11
        },
        {
            "samples_seens": 227741,
            "top_2_accuracy": 0.9174468084599109,
            "categorial_accuracy": 0.8118617019754775,
            "loss": 0.6591496727314401,
            "epoch": 2,
            "task": 12
        },
        {
            "samples_seens": 231356,
            "top_2_accuracy": 0.9146276595237407,
            "categorial_accuracy": 0.8093617020262048,
            "loss": 0.6999925691016177,
            "epoch": 2,
            "task": 13
        },
        {
            "samples_seens": 234973,
            "top_2_accuracy": 0.9217553193011182,
            "categorial_accuracy": 0.8236702127152301,
            "loss": 0.6003090087403642,
            "epoch": 2,
            "task": 14
        },
        {
            "samples_seens": 238593,
            "top_2_accuracy": 0.9222872339918259,
            "categorial_accuracy": 0.8202659573453538,
            "loss": 0.594059766023717,
            "epoch": 2,
            "task": 15
        },
        {
            "samples_seens": 242211,
            "top_2_accuracy": 0.9251063830801781,
            "categorial_accuracy": 0.8220212766971994,
            "loss": 0.5856689986269524,
            "epoch": 2,
            "task": 16
        },
        {
            "samples_seens": 245828,
            "top_2_accuracy": 0.9267553190474814,
            "categorial_accuracy": 0.8254787233028006,
            "loss": 0.5634854623611937,
            "epoch": 2,
            "task": 17
        },
        {
            "samples_seens": 249446,
            "top_2_accuracy": 0.9280319149950718,
            "categorial_accuracy": 0.8243085107397526,
            "loss": 0.55304920401979,
            "epoch": 2,
            "task": 18
        },
        {
            "samples_seens": 253061,
            "top_2_accuracy": 0.9260106383993271,
            "categorial_accuracy": 0.8224468085613656,
            "loss": 0.5812495130934614,
            "epoch": 2,
            "task": 19
        },
        {
            "samples_seens": 256680,
            "top_2_accuracy": 0.9311702128674122,
            "categorial_accuracy": 0.8320212766464721,
            "loss": 0.523581182373331,
            "epoch": 2,
            "task": 20
        },
        {
            "samples_seens": 260300,
            "top_2_accuracy": 0.9306382978216131,
            "categorial_accuracy": 0.8288829787741316,
            "loss": 0.5340422727199311,
            "epoch": 2,
            "task": 21
        },
        {
            "samples_seens": 263920,
            "top_2_accuracy": 0.9356382980245225,
            "categorial_accuracy": 0.8338829787741316,
            "loss": 0.50862512712783,
            "epoch": 2,
            "task": 22
        },
        {
            "samples_seens": 267541,
            "top_2_accuracy": 0.9362234041031371,
            "categorial_accuracy": 0.8345212766971994,
            "loss": 0.5136290717378575,
            "epoch": 2,
            "task": 23
        },
        {
            "samples_seens": 271170,
            "top_2_accuracy": 0.9359042551669668,
            "categorial_accuracy": 0.8244148935662939,
            "loss": 0.5563665437698364,
            "epoch": 2,
            "task": 24
        }
    ],
    "id": 2,
    "name": "id2_t25_dp0.5_dc0.5_df0.0"
}