{
    "task_count": 25,
    "results": [
        {
            "samples_seens": 3609,
            "top_2_accuracy": 0.47521276590671946,
            "categorial_accuracy": 0.3291489360941217,
            "loss": 2.9931135863446174,
            "epoch": 0,
            "task": 0
        },
        {
            "samples_seens": 7219,
            "top_2_accuracy": 0.543457446859238,
            "categorial_accuracy": 0.3936702128166848,
            "loss": 2.6220481489059773,
            "epoch": 0,
            "task": 1
        },
        {
            "samples_seens": 10830,
            "top_2_accuracy": 0.6261170214287778,
            "categorial_accuracy": 0.4837765957700445,
            "loss": 2.2584245184634595,
            "epoch": 0,
            "task": 2
        },
        {
            "samples_seens": 14442,
            "top_2_accuracy": 0.6640957447823058,
            "categorial_accuracy": 0.5225531915400891,
            "loss": 2.071566658831657,
            "epoch": 0,
            "task": 3
        },
        {
            "samples_seens": 18053,
            "top_2_accuracy": 0.6838829787234042,
            "categorial_accuracy": 0.5454255319656209,
            "loss": 1.9181140063671356,
            "epoch": 0,
            "task": 4
        },
        {
            "samples_seens": 21665,
            "top_2_accuracy": 0.7163829787234043,
            "categorial_accuracy": 0.5740425532422168,
            "loss": 1.8673524767287235,
            "epoch": 0,
            "task": 5
        },
        {
            "samples_seens": 25277,
            "top_2_accuracy": 0.7382978722896981,
            "categorial_accuracy": 0.596117021175141,
            "loss": 1.6856081661264948,
            "epoch": 0,
            "task": 6
        },
        {
            "samples_seens": 28890,
            "top_2_accuracy": 0.745531914893617,
            "categorial_accuracy": 0.6044680849542009,
            "loss": 1.6201145227919234,
            "epoch": 0,
            "task": 7
        },
        {
            "samples_seens": 32504,
            "top_2_accuracy": 0.7531914892095201,
            "categorial_accuracy": 0.6072872341440079,
            "loss": 1.5048246586576421,
            "epoch": 0,
            "task": 8
        },
        {
            "samples_seens": 36118,
            "top_2_accuracy": 0.7715957448330332,
            "categorial_accuracy": 0.643936170212766,
            "loss": 1.4596492669937458,
            "epoch": 0,
            "task": 9
        },
        {
            "samples_seens": 39731,
            "top_2_accuracy": 0.7988829786219496,
            "categorial_accuracy": 0.6647872339410985,
            "loss": 1.3156253715271646,
            "epoch": 0,
            "task": 10
        },
        {
            "samples_seens": 43346,
            "top_2_accuracy": 0.7992553190982088,
            "categorial_accuracy": 0.6666489362716674,
            "loss": 1.3988141075093696,
            "epoch": 0,
            "task": 11
        },
        {
            "samples_seens": 46961,
            "top_2_accuracy": 0.8115425531914894,
            "categorial_accuracy": 0.68382978728477,
            "loss": 1.278434702893521,
            "epoch": 0,
            "task": 12
        },
        {
            "samples_seens": 50577,
            "top_2_accuracy": 0.82797872350571,
            "categorial_accuracy": 0.6982446807496091,
            "loss": 1.2045761072889287,
            "epoch": 0,
            "task": 13
        },
        {
            "samples_seens": 54194,
            "top_2_accuracy": 0.8396808510638298,
            "categorial_accuracy": 0.7099468083584562,
            "loss": 1.097059840445823,
            "epoch": 0,
            "task": 14
        },
        {
            "samples_seens": 57812,
            "top_2_accuracy": 0.8490957447823058,
            "categorial_accuracy": 0.7233510638297872,
            "loss": 1.0218813639498772,
            "epoch": 0,
            "task": 15
        },
        {
            "samples_seens": 61430,
            "top_2_accuracy": 0.8589361701113113,
            "categorial_accuracy": 0.7333510639312419,
            "loss": 0.955197925719809,
            "epoch": 0,
            "task": 16
        },
        {
            "samples_seens": 65050,
            "top_2_accuracy": 0.866117021175141,
            "categorial_accuracy": 0.7438297870818604,
            "loss": 0.9186891556293406,
            "epoch": 0,
            "task": 17
        },
        {
            "samples_seens": 68668,
            "top_2_accuracy": 0.8761170212258684,
            "categorial_accuracy": 0.7549999999492727,
            "loss": 0.8557754118899081,
            "epoch": 0,
            "task": 18
        },
        {
            "samples_seens": 72287,
            "top_2_accuracy": 0.8861170211244137,
            "categorial_accuracy": 0.7689893618035823,
            "loss": 0.802226869197602,
            "epoch": 0,
            "task": 19
        },
        {
            "samples_seens": 75910,
            "top_2_accuracy": 0.8918617021276596,
            "categorial_accuracy": 0.7771276595237407,
            "loss": 0.7648528770182995,
            "epoch": 0,
            "task": 20
        },
        {
            "samples_seens": 79528,
            "top_2_accuracy": 0.8935106381456903,
            "categorial_accuracy": 0.778457446707056,
            "loss": 0.7563086131785778,
            "epoch": 0,
            "task": 21
        },
        {
            "samples_seens": 83141,
            "top_2_accuracy": 0.9001063828265413,
            "categorial_accuracy": 0.7805851063829787,
            "loss": 0.7287995935500936,
            "epoch": 0,
            "task": 22
        },
        {
            "samples_seens": 86762,
            "top_2_accuracy": 0.9051595746202672,
            "categorial_accuracy": 0.7900531916415438,
            "loss": 0.7258419581677051,
            "epoch": 0,
            "task": 23
        },
        {
            "samples_seens": 90383,
            "top_2_accuracy": 0.9142021278117566,
            "categorial_accuracy": 0.7944148935662939,
            "loss": 0.6889530051008184,
            "epoch": 0,
            "task": 24
        },
        {
            "samples_seens": 93992,
            "top_2_accuracy": 0.8941489362209402,
            "categorial_accuracy": 0.7764361703142206,
            "loss": 0.8312160758769258,
            "epoch": 1,
            "task": 0
        },
        {
            "samples_seens": 97602,
            "top_2_accuracy": 0.8937765957954082,
            "categorial_accuracy": 0.7744680852078377,
            "loss": 0.8324446381406582,
            "epoch": 1,
            "task": 1
        },
        {
            "samples_seens": 101213,
            "top_2_accuracy": 0.8819148935155665,
            "categorial_accuracy": 0.7619680851571103,
            "loss": 0.950232656762955,
            "epoch": 1,
            "task": 2
        },
        {
            "samples_seens": 104825,
            "top_2_accuracy": 0.883457446859238,
            "categorial_accuracy": 0.763085106281524,
            "loss": 0.917911211531213,
            "epoch": 1,
            "task": 3
        },
        {
            "samples_seens": 108436,
            "top_2_accuracy": 0.8877659574975358,
            "categorial_accuracy": 0.7693085104861158,
            "loss": 0.9202978636356111,
            "epoch": 1,
            "task": 4
        },
        {
            "samples_seens": 112048,
            "top_2_accuracy": 0.884946808612093,
            "categorial_accuracy": 0.7641489361194854,
            "loss": 0.9413828104607602,
            "epoch": 1,
            "task": 5
        },
        {
            "samples_seens": 115660,
            "top_2_accuracy": 0.8836170213273231,
            "categorial_accuracy": 0.7658510638805146,
            "loss": 0.9408227859659398,
            "epoch": 1,
            "task": 6
        },
        {
            "samples_seens": 119273,
            "top_2_accuracy": 0.8857978724418802,
            "categorial_accuracy": 0.767553191387907,
            "loss": 0.9441847743886582,
            "epoch": 1,
            "task": 7
        },
        {
            "samples_seens": 122887,
            "top_2_accuracy": 0.8882978724926076,
            "categorial_accuracy": 0.768563829635052,
            "loss": 0.8859356781776915,
            "epoch": 1,
            "task": 8
        },
        {
            "samples_seens": 126501,
            "top_2_accuracy": 0.8858510636776051,
            "categorial_accuracy": 0.7701595744173577,
            "loss": 0.9058463889487246,
            "epoch": 1,
            "task": 9
        },
        {
            "samples_seens": 130114,
            "top_2_accuracy": 0.893936170212766,
            "categorial_accuracy": 0.7745744679329243,
            "loss": 0.8633420116850671,
            "epoch": 1,
            "task": 10
        },
        {
            "samples_seens": 133729,
            "top_2_accuracy": 0.8936702126137753,
            "categorial_accuracy": 0.7755319147414349,
            "loss": 0.8070509812679697,
            "epoch": 1,
            "task": 11
        },
        {
            "samples_seens": 137344,
            "top_2_accuracy": 0.8940425530393072,
            "categorial_accuracy": 0.780053191387907,
            "loss": 0.8279821935105831,
            "epoch": 1,
            "task": 12
        },
        {
            "samples_seens": 140960,
            "top_2_accuracy": 0.898989361600673,
            "categorial_accuracy": 0.7860638299394161,
            "loss": 0.7727631819501837,
            "epoch": 1,
            "task": 13
        },
        {
            "samples_seens": 144577,
            "top_2_accuracy": 0.9007978721882435,
            "categorial_accuracy": 0.785904255471331,
            "loss": 0.7766917570093845,
            "epoch": 1,
            "task": 14
        },
        {
            "samples_seens": 148195,
            "top_2_accuracy": 0.9051063828265413,
            "categorial_accuracy": 0.7954787232520732,
            "loss": 0.7143484511781246,
            "epoch": 1,
            "task": 15
        },
        {
            "samples_seens": 151813,
            "top_2_accuracy": 0.9059574467577833,
            "categorial_accuracy": 0.801489361600673,
            "loss": 0.7122213994188512,
            "epoch": 1,
            "task": 16
        },
        {
            "samples_seens": 155433,
            "top_2_accuracy": 0.9066489361702128,
            "categorial_accuracy": 0.7989893617528551,
            "loss": 0.6946269769364215,
            "epoch": 1,
            "task": 17
        },
        {
            "samples_seens": 159051,
            "top_2_accuracy": 0.9104255318641663,
            "categorial_accuracy": 0.8078723404762592,
            "loss": 0.6556172610090134,
            "epoch": 1,
            "task": 18
        },
        {
            "samples_seens": 162670,
            "top_2_accuracy": 0.9110638297365067,
            "categorial_accuracy": 0.8085106381964177,
            "loss": 0.6556701956911289,
            "epoch": 1,
            "task": 19
        },
        {
            "samples_seens": 166293,
            "top_2_accuracy": 0.9161702127152301,
            "categorial_accuracy": 0.810957446859238,
            "loss": 0.6233431870379347,
            "epoch": 1,
            "task": 20
        },
        {
            "samples_seens": 169911,
            "top_2_accuracy": 0.9155851063829787,
            "categorial_accuracy": 0.8045212766971994,
            "loss": 0.6204505614524192,
            "epoch": 1,
            "task": 21
        },
        {
            "samples_seens": 173524,
            "top_2_accuracy": 0.9242021278117566,
            "categorial_accuracy": 0.8173936169705492,
            "loss": 0.5702434611066859,
            "epoch": 1,
            "task": 22
        },
        {
            "samples_seens": 177145,
            "top_2_accuracy": 0.9234574467577833,
            "categorial_accuracy": 0.81930851079048,
            "loss": 0.5680868560963489,
            "epoch": 1,
            "task": 23
        },
        {
            "samples_seens": 180766,
            "top_2_accuracy": 0.9256914895138842,
            "categorial_accuracy": 0.813510638247145,
            "loss": 0.6384359916727593,
            "epoch": 1,
            "task": 24
        },
        {
            "samples_seens": 184375,
            "top_2_accuracy": 0.9065425530393073,
            "categorial_accuracy": 0.7985106382978724,
            "loss": 0.7958211043540467,
            "epoch": 2,
            "task": 0
        },
        {
            "samples_seens": 187985,
            "top_2_accuracy": 0.9040957446808511,
            "categorial_accuracy": 0.7947340425024642,
            "loss": 0.8564382720500865,
            "epoch": 2,
            "task": 1
        },
        {
            "samples_seens": 191596,
            "top_2_accuracy": 0.9060638299394161,
            "categorial_accuracy": 0.7936702126645028,
            "loss": 0.8417102629580396,
            "epoch": 2,
            "task": 2
        },
        {
            "samples_seens": 195208,
            "top_2_accuracy": 0.9063829788755863,
            "categorial_accuracy": 0.7993617022291143,
            "loss": 0.7722047055528519,
            "epoch": 2,
            "task": 3
        },
        {
            "samples_seens": 198819,
            "top_2_accuracy": 0.9056382978723404,
            "categorial_accuracy": 0.7911702129181395,
            "loss": 0.8155390938799432,
            "epoch": 2,
            "task": 4
        },
        {
            "samples_seens": 202431,
            "top_2_accuracy": 0.9042021277103018,
            "categorial_accuracy": 0.7967021275073924,
            "loss": 0.812729457388533,
            "epoch": 2,
            "task": 5
        },
        {
            "samples_seens": 206043,
            "top_2_accuracy": 0.9052127659574468,
            "categorial_accuracy": 0.795372340425532,
            "loss": 0.7932857883230169,
            "epoch": 2,
            "task": 6
        },
        {
            "samples_seens": 209656,
            "top_2_accuracy": 0.9055851063322514,
            "categorial_accuracy": 0.7960106383993271,
            "loss": 0.7976977245351101,
            "epoch": 2,
            "task": 7
        },
        {
            "samples_seens": 213270,
            "top_2_accuracy": 0.9061170211244137,
            "categorial_accuracy": 0.7934574466563286,
            "loss": 0.8023885269367949,
            "epoch": 2,
            "task": 8
        },
        {
            "samples_seens": 216884,
            "top_2_accuracy": 0.9116489361702128,
            "categorial_accuracy": 0.8046808509116478,
            "loss": 0.7031367084320556,
            "epoch": 2,
            "task": 9
        },
        {
            "samples_seens": 220497,
            "top_2_accuracy": 0.9104787234042553,
            "categorial_accuracy": 0.8005851063322513,
            "loss": 0.7440471471624172,
            "epoch": 2,
            "task": 10
        },
        {
            "samples_seens": 224112,
            "top_2_accuracy": 0.9105319150457991,
            "categorial_accuracy": 0.802925531813439,
            "loss": 0.7331861423431559,
            "epoch": 2,
            "task": 11
        },
        {
            "samples_seens": 227727,
            "top_2_accuracy": 0.9157446810032459,
            "categorial_accuracy": 0.8097872341947353,
            "loss": 0.6692677800198819,
            "epoch": 2,
            "task": 12
        },
        {
            "samples_seens": 231343,
            "top_2_accuracy": 0.9153723404762593,
            "categorial_accuracy": 0.8075531915400891,
            "loss": 0.6782021377949005,
            "epoch": 2,
            "task": 13
        },
        {
            "samples_seens": 234960,
            "top_2_accuracy": 0.9139361701620387,
            "categorial_accuracy": 0.8075531916415438,
            "loss": 0.6839928091840541,
            "epoch": 2,
            "task": 14
        },
        {
            "samples_seens": 238578,
            "top_2_accuracy": 0.9165957448330332,
            "categorial_accuracy": 0.8132978722896982,
            "loss": 0.6633036502371443,
            "epoch": 2,
            "task": 15
        },
        {
            "samples_seens": 242196,
            "top_2_accuracy": 0.9184574467577833,
            "categorial_accuracy": 0.8172872339410985,
            "loss": 0.6242638130390897,
            "epoch": 2,
            "task": 16
        },
        {
            "samples_seens": 245816,
            "top_2_accuracy": 0.9179787233535279,
            "categorial_accuracy": 0.8140957445793964,
            "loss": 0.6503480998505937,
            "epoch": 2,
            "task": 17
        },
        {
            "samples_seens": 249434,
            "top_2_accuracy": 0.9240957446301237,
            "categorial_accuracy": 0.8206914892602474,
            "loss": 0.5841364566823269,
            "epoch": 2,
            "task": 18
        },
        {
            "samples_seens": 253053,
            "top_2_accuracy": 0.924042553292944,
            "categorial_accuracy": 0.8253723403240772,
            "loss": 0.5640846217946803,
            "epoch": 2,
            "task": 19
        },
        {
            "samples_seens": 256676,
            "top_2_accuracy": 0.9272340426546462,
            "categorial_accuracy": 0.8271276594730134,
            "loss": 0.5503519534557424,
            "epoch": 2,
            "task": 20
        },
        {
            "samples_seens": 260294,
            "top_2_accuracy": 0.9290425533436715,
            "categorial_accuracy": 0.8267021275073924,
            "loss": 0.5443688525798472,
            "epoch": 2,
            "task": 21
        },
        {
            "samples_seens": 263907,
            "top_2_accuracy": 0.9324468086120931,
            "categorial_accuracy": 0.8328191487839881,
            "loss": 0.5246866274387278,
            "epoch": 2,
            "task": 22
        },
        {
            "samples_seens": 267528,
            "top_2_accuracy": 0.934946808612093,
            "categorial_accuracy": 0.834042553140762,
            "loss": 0.5124522919604119,
            "epoch": 2,
            "task": 23
        },
        {
            "samples_seens": 271149,
            "top_2_accuracy": 0.9365957446301237,
            "categorial_accuracy": 0.830957446707056,
            "loss": 0.5628969787536784,
            "epoch": 2,
            "task": 24
        }
    ],
    "id": 2,
    "name": "id2_t25_dp0.7_dc0.3_df0.0"
}