{
    "task_count": 25,
    "name": "id2_t25_dp0.3_dc0.2_df0.5",
    "id": 2,
    "results": [
        {
            "categorial_accuracy": 0.2653723404255319,
            "samples_seens": 3629,
            "loss": 2.9248340537700246,
            "top_2_accuracy": 0.42271276588135576,
            "task": 0,
            "epoch": 0
        },
        {
            "categorial_accuracy": 0.4449468084852746,
            "samples_seens": 7250,
            "loss": 2.091181239675968,
            "top_2_accuracy": 0.6011170213780505,
            "task": 1,
            "epoch": 0
        },
        {
            "categorial_accuracy": 0.5460106382978723,
            "samples_seens": 10870,
            "loss": 1.7303317380458751,
            "top_2_accuracy": 0.6960638296857793,
            "task": 2,
            "epoch": 0
        },
        {
            "categorial_accuracy": 0.5947872340932806,
            "samples_seens": 14491,
            "loss": 1.4940400357956582,
            "top_2_accuracy": 0.7393617020262049,
            "task": 3,
            "epoch": 0
        },
        {
            "categorial_accuracy": 0.6231914893109748,
            "samples_seens": 18112,
            "loss": 1.431426895730039,
            "top_2_accuracy": 0.7647340424517368,
            "task": 4,
            "epoch": 0
        },
        {
            "categorial_accuracy": 0.6290957448330331,
            "samples_seens": 21729,
            "loss": 1.3676191040810117,
            "top_2_accuracy": 0.7737765957954083,
            "task": 5,
            "epoch": 0
        },
        {
            "categorial_accuracy": 0.6453723403240772,
            "samples_seens": 25350,
            "loss": 1.2466459661849,
            "top_2_accuracy": 0.7846276594730134,
            "task": 6,
            "epoch": 0
        },
        {
            "categorial_accuracy": 0.6934574469606927,
            "samples_seens": 28971,
            "loss": 1.0671604350272645,
            "top_2_accuracy": 0.8294148936677487,
            "task": 7,
            "epoch": 0
        },
        {
            "categorial_accuracy": 0.7012765958461356,
            "samples_seens": 32594,
            "loss": 1.0227199795398307,
            "top_2_accuracy": 0.8379255318134389,
            "task": 8,
            "epoch": 0
        },
        {
            "categorial_accuracy": 0.7288297871833151,
            "samples_seens": 36220,
            "loss": 0.9323306989162526,
            "top_2_accuracy": 0.8552127660081742,
            "task": 9,
            "epoch": 0
        },
        {
            "categorial_accuracy": 0.7338297872847699,
            "samples_seens": 39842,
            "loss": 0.9131397873290041,
            "top_2_accuracy": 0.8664361703142207,
            "task": 10,
            "epoch": 0
        },
        {
            "categorial_accuracy": 0.7377659573453538,
            "samples_seens": 43463,
            "loss": 0.8965894119282987,
            "top_2_accuracy": 0.8644148934648392,
            "task": 11,
            "epoch": 0
        },
        {
            "categorial_accuracy": 0.7596276594730134,
            "samples_seens": 47084,
            "loss": 0.8065036781290744,
            "top_2_accuracy": 0.8808510639819693,
            "task": 12,
            "epoch": 0
        },
        {
            "categorial_accuracy": 0.7589361701620386,
            "samples_seens": 50705,
            "loss": 0.806527072926785,
            "top_2_accuracy": 0.8810638296857793,
            "task": 13,
            "epoch": 0
        },
        {
            "categorial_accuracy": 0.7642021277610291,
            "samples_seens": 54327,
            "loss": 0.7870647389838036,
            "top_2_accuracy": 0.8865957447315784,
            "task": 14,
            "epoch": 0
        },
        {
            "categorial_accuracy": 0.7823936171734587,
            "samples_seens": 57953,
            "loss": 0.7056711873095086,
            "top_2_accuracy": 0.8962234044075013,
            "task": 15,
            "epoch": 0
        },
        {
            "categorial_accuracy": 0.7871276594730133,
            "samples_seens": 61571,
            "loss": 0.6877692898790887,
            "top_2_accuracy": 0.9022340425531915,
            "task": 16,
            "epoch": 0
        },
        {
            "categorial_accuracy": 0.7849468086628204,
            "samples_seens": 65193,
            "loss": 0.6953474455184125,
            "top_2_accuracy": 0.903031915045799,
            "task": 17,
            "epoch": 0
        },
        {
            "categorial_accuracy": 0.8037234044075012,
            "samples_seens": 68810,
            "loss": 0.644140531002207,
            "top_2_accuracy": 0.9146276595744681,
            "task": 18,
            "epoch": 0
        },
        {
            "categorial_accuracy": 0.7956914895138842,
            "samples_seens": 72431,
            "loss": 0.6615543974206802,
            "top_2_accuracy": 0.913936170364948,
            "task": 19,
            "epoch": 0
        },
        {
            "categorial_accuracy": 0.7999468083584562,
            "samples_seens": 76052,
            "loss": 0.6620195677939882,
            "top_2_accuracy": 0.9158510636776052,
            "task": 20,
            "epoch": 0
        },
        {
            "categorial_accuracy": 0.7934574469099653,
            "samples_seens": 79673,
            "loss": 0.657415015240933,
            "top_2_accuracy": 0.9172872341947352,
            "task": 21,
            "epoch": 0
        },
        {
            "categorial_accuracy": 0.802500000152182,
            "samples_seens": 83294,
            "loss": 0.6591690965916248,
            "top_2_accuracy": 0.921595744680851,
            "task": 22,
            "epoch": 0
        },
        {
            "categorial_accuracy": 0.787074468034379,
            "samples_seens": 86914,
            "loss": 0.7408091822076351,
            "top_2_accuracy": 0.9172340425531915,
            "task": 23,
            "epoch": 0
        },
        {
            "categorial_accuracy": 0.7755319149950717,
            "samples_seens": 90536,
            "loss": 0.7577494153570622,
            "top_2_accuracy": 0.9106382978723404,
            "task": 24,
            "epoch": 0
        },
        {
            "categorial_accuracy": 0.8109574469099654,
            "samples_seens": 94165,
            "loss": 0.6005682153651055,
            "top_2_accuracy": 0.9225531915908164,
            "task": 0,
            "epoch": 1
        },
        {
            "categorial_accuracy": 0.7997340424517367,
            "samples_seens": 97786,
            "loss": 0.6384936150337788,
            "top_2_accuracy": 0.9164893618035824,
            "task": 1,
            "epoch": 1
        },
        {
            "categorial_accuracy": 0.8092021277103019,
            "samples_seens": 101406,
            "loss": 0.6071553377902255,
            "top_2_accuracy": 0.9203723403748045,
            "task": 2,
            "epoch": 1
        },
        {
            "categorial_accuracy": 0.8136170211244137,
            "samples_seens": 105027,
            "loss": 0.6012998202760169,
            "top_2_accuracy": 0.9229787233535279,
            "task": 3,
            "epoch": 1
        },
        {
            "categorial_accuracy": 0.8056914893617021,
            "samples_seens": 108648,
            "loss": 0.6335480783087142,
            "top_2_accuracy": 0.9180319148428897,
            "task": 4,
            "epoch": 1
        },
        {
            "categorial_accuracy": 0.8078191488347155,
            "samples_seens": 112265,
            "loss": 0.606003812272498,
            "top_2_accuracy": 0.9214893616514003,
            "task": 5,
            "epoch": 1
        },
        {
            "categorial_accuracy": 0.8095212767479267,
            "samples_seens": 115886,
            "loss": 0.6124415322313917,
            "top_2_accuracy": 0.9222872341440079,
            "task": 6,
            "epoch": 1
        },
        {
            "categorial_accuracy": 0.8150531914386343,
            "samples_seens": 119507,
            "loss": 0.5866067736706835,
            "top_2_accuracy": 0.9253191490376249,
            "task": 7,
            "epoch": 1
        },
        {
            "categorial_accuracy": 0.8164361702634934,
            "samples_seens": 123130,
            "loss": 0.5793245429434675,
            "top_2_accuracy": 0.9274999999492727,
            "task": 8,
            "epoch": 1
        },
        {
            "categorial_accuracy": 0.816489361600673,
            "samples_seens": 126756,
            "loss": 0.593326835251869,
            "top_2_accuracy": 0.9256382977708857,
            "task": 9,
            "epoch": 1
        },
        {
            "categorial_accuracy": 0.8235638296350519,
            "samples_seens": 130378,
            "loss": 0.5451887431550533,
            "top_2_accuracy": 0.9308510637790599,
            "task": 10,
            "epoch": 1
        },
        {
            "categorial_accuracy": 0.8231914894124295,
            "samples_seens": 133999,
            "loss": 0.5680555146805784,
            "top_2_accuracy": 0.9277659575482632,
            "task": 11,
            "epoch": 1
        },
        {
            "categorial_accuracy": 0.8188829786219496,
            "samples_seens": 137620,
            "loss": 0.5671091942584261,
            "top_2_accuracy": 0.9283510639312419,
            "task": 12,
            "epoch": 1
        },
        {
            "categorial_accuracy": 0.8296276597266502,
            "samples_seens": 141241,
            "loss": 0.5290149159127093,
            "top_2_accuracy": 0.9314893616514003,
            "task": 13,
            "epoch": 1
        },
        {
            "categorial_accuracy": 0.8300531915908164,
            "samples_seens": 144863,
            "loss": 0.5341404268082152,
            "top_2_accuracy": 0.9322872341440079,
            "task": 14,
            "epoch": 1
        },
        {
            "categorial_accuracy": 0.8313297872847699,
            "samples_seens": 148489,
            "loss": 0.5300373142577233,
            "top_2_accuracy": 0.9333510637790599,
            "task": 15,
            "epoch": 1
        },
        {
            "categorial_accuracy": 0.8372340424010094,
            "samples_seens": 152107,
            "loss": 0.5050292413031802,
            "top_2_accuracy": 0.9384574469099654,
            "task": 16,
            "epoch": 1
        },
        {
            "categorial_accuracy": 0.8311170213273231,
            "samples_seens": 155729,
            "loss": 0.5210717279860314,
            "top_2_accuracy": 0.9371808511652845,
            "task": 17,
            "epoch": 1
        },
        {
            "categorial_accuracy": 0.8277127659067195,
            "samples_seens": 159346,
            "loss": 0.5191690593577446,
            "top_2_accuracy": 0.9345744679836516,
            "task": 18,
            "epoch": 1
        },
        {
            "categorial_accuracy": 0.83319148920952,
            "samples_seens": 162967,
            "loss": 0.5216779967064553,
            "top_2_accuracy": 0.9375000001014547,
            "task": 19,
            "epoch": 1
        },
        {
            "categorial_accuracy": 0.83430851079048,
            "samples_seens": 166588,
            "loss": 0.5021986892882814,
            "top_2_accuracy": 0.9402659573960811,
            "task": 20,
            "epoch": 1
        },
        {
            "categorial_accuracy": 0.8243085105875705,
            "samples_seens": 170209,
            "loss": 0.5514468389876346,
            "top_2_accuracy": 0.9327127660589015,
            "task": 21,
            "epoch": 1
        },
        {
            "categorial_accuracy": 0.8269148935155666,
            "samples_seens": 173830,
            "loss": 0.5266988832646228,
            "top_2_accuracy": 0.9394680852585651,
            "task": 22,
            "epoch": 1
        },
        {
            "categorial_accuracy": 0.8214361703142207,
            "samples_seens": 177450,
            "loss": 0.5687510806702553,
            "top_2_accuracy": 0.9340957448330331,
            "task": 23,
            "epoch": 1
        },
        {
            "categorial_accuracy": 0.8222340427053736,
            "samples_seens": 181072,
            "loss": 0.5581604538318958,
            "top_2_accuracy": 0.9381914895138842,
            "task": 24,
            "epoch": 1
        },
        {
            "categorial_accuracy": 0.8298936170212766,
            "samples_seens": 184701,
            "loss": 0.5157237425002646,
            "top_2_accuracy": 0.9382978724418802,
            "task": 0,
            "epoch": 2
        },
        {
            "categorial_accuracy": 0.8334042552684215,
            "samples_seens": 188322,
            "loss": 0.5249768359356738,
            "top_2_accuracy": 0.9353723405269866,
            "task": 1,
            "epoch": 2
        },
        {
            "categorial_accuracy": 0.8283510637790599,
            "samples_seens": 191942,
            "loss": 0.56755527945275,
            "top_2_accuracy": 0.9322340426546462,
            "task": 2,
            "epoch": 2
        },
        {
            "categorial_accuracy": 0.8289893616006729,
            "samples_seens": 195563,
            "loss": 0.5563618290424347,
            "top_2_accuracy": 0.9342553190982088,
            "task": 3,
            "epoch": 2
        },
        {
            "categorial_accuracy": 0.835,
            "samples_seens": 199184,
            "loss": 0.5251451743156352,
            "top_2_accuracy": 0.9380851064844334,
            "task": 4,
            "epoch": 2
        },
        {
            "categorial_accuracy": 0.8353191490883523,
            "samples_seens": 202801,
            "loss": 0.517427740959411,
            "top_2_accuracy": 0.93797872350571,
            "task": 5,
            "epoch": 2
        },
        {
            "categorial_accuracy": 0.8344148934648392,
            "samples_seens": 206422,
            "loss": 0.5258466135948262,
            "top_2_accuracy": 0.9367021277610292,
            "task": 6,
            "epoch": 2
        },
        {
            "categorial_accuracy": 0.8413829786726769,
            "samples_seens": 210043,
            "loss": 0.4910369328488695,
            "top_2_accuracy": 0.9380319148428896,
            "task": 7,
            "epoch": 2
        },
        {
            "categorial_accuracy": 0.8409574469606927,
            "samples_seens": 213666,
            "loss": 0.5067452173030123,
            "top_2_accuracy": 0.9393085107397526,
            "task": 8,
            "epoch": 2
        },
        {
            "categorial_accuracy": 0.8390957447823058,
            "samples_seens": 217292,
            "loss": 0.4966016844992942,
            "top_2_accuracy": 0.940053191387907,
            "task": 9,
            "epoch": 2
        },
        {
            "categorial_accuracy": 0.8399468086628203,
            "samples_seens": 220914,
            "loss": 0.5103185803839501,
            "top_2_accuracy": 0.9399999998985453,
            "task": 10,
            "epoch": 2
        },
        {
            "categorial_accuracy": 0.843510638399327,
            "samples_seens": 224535,
            "loss": 0.4987098421949021,
            "top_2_accuracy": 0.9386170213780505,
            "task": 11,
            "epoch": 2
        },
        {
            "categorial_accuracy": 0.8444148937692033,
            "samples_seens": 228156,
            "loss": 0.4784486780014444,
            "top_2_accuracy": 0.9417553190982089,
            "task": 12,
            "epoch": 2
        },
        {
            "categorial_accuracy": 0.8377659573960812,
            "samples_seens": 231777,
            "loss": 0.49703098715619837,
            "top_2_accuracy": 0.9398936169705492,
            "task": 13,
            "epoch": 2
        },
        {
            "categorial_accuracy": 0.8391489360687581,
            "samples_seens": 235399,
            "loss": 0.500919832041923,
            "top_2_accuracy": 0.9406914894631568,
            "task": 14,
            "epoch": 2
        },
        {
            "categorial_accuracy": 0.8430319149950717,
            "samples_seens": 239025,
            "loss": 0.4772061769252128,
            "top_2_accuracy": 0.9424468086120931,
            "task": 15,
            "epoch": 2
        },
        {
            "categorial_accuracy": 0.8395744682372884,
            "samples_seens": 242643,
            "loss": 0.4911697611402958,
            "top_2_accuracy": 0.9379787233535279,
            "task": 16,
            "epoch": 2
        },
        {
            "categorial_accuracy": 0.8437765955924987,
            "samples_seens": 246265,
            "loss": 0.4768055361128868,
            "top_2_accuracy": 0.9443617020769323,
            "task": 17,
            "epoch": 2
        },
        {
            "categorial_accuracy": 0.8435638299394161,
            "samples_seens": 249882,
            "loss": 0.4685050260513387,
            "top_2_accuracy": 0.9426063828772687,
            "task": 18,
            "epoch": 2
        },
        {
            "categorial_accuracy": 0.8420212765957447,
            "samples_seens": 253503,
            "loss": 0.4824216409693373,
            "top_2_accuracy": 0.9428723403240772,
            "task": 19,
            "epoch": 2
        },
        {
            "categorial_accuracy": 0.840425531965621,
            "samples_seens": 257124,
            "loss": 0.4765642215343232,
            "top_2_accuracy": 0.9415425532929441,
            "task": 20,
            "epoch": 2
        },
        {
            "categorial_accuracy": 0.8350531915400891,
            "samples_seens": 260745,
            "loss": 0.4906172111186575,
            "top_2_accuracy": 0.9432978722896982,
            "task": 21,
            "epoch": 2
        },
        {
            "categorial_accuracy": 0.8384042551669668,
            "samples_seens": 264366,
            "loss": 0.4807102846845667,
            "top_2_accuracy": 0.9438297873354973,
            "task": 22,
            "epoch": 2
        },
        {
            "categorial_accuracy": 0.8308510638805146,
            "samples_seens": 267986,
            "loss": 0.5155092229995322,
            "top_2_accuracy": 0.9430319148428896,
            "task": 23,
            "epoch": 2
        },
        {
            "categorial_accuracy": 0.8047872340425531,
            "samples_seens": 271608,
            "loss": 0.6618709035122649,
            "top_2_accuracy": 0.9247340425531915,
            "task": 24,
            "epoch": 2
        }
    ]
}