{
    "task_count": 25,
    "name": "id2_t25_dp0.3_dc0.6_df0.1",
    "id": 2,
    "results": [
        {
            "categorial_accuracy": 0.3489361701620386,
            "samples_seens": 3623,
            "loss": 2.419670643299184,
            "top_2_accuracy": 0.5144680850049282,
            "task": 0,
            "epoch": 0
        },
        {
            "categorial_accuracy": 0.42882978720867887,
            "samples_seens": 7244,
            "loss": 2.3478550880513294,
            "top_2_accuracy": 0.5871276596759228,
            "task": 1,
            "epoch": 0
        },
        {
            "categorial_accuracy": 0.49420212781175654,
            "samples_seens": 10864,
            "loss": 2.0289138453057474,
            "top_2_accuracy": 0.6518617020262049,
            "task": 2,
            "epoch": 0
        },
        {
            "categorial_accuracy": 0.5459574469099654,
            "samples_seens": 14485,
            "loss": 1.757375613780732,
            "top_2_accuracy": 0.6990957448330332,
            "task": 3,
            "epoch": 0
        },
        {
            "categorial_accuracy": 0.5643617020262048,
            "samples_seens": 18107,
            "loss": 1.6817619950720604,
            "top_2_accuracy": 0.7137234042045918,
            "task": 4,
            "epoch": 0
        },
        {
            "categorial_accuracy": 0.6069148934648392,
            "samples_seens": 21728,
            "loss": 1.4811001945049205,
            "top_2_accuracy": 0.7461702126645028,
            "task": 5,
            "epoch": 0
        },
        {
            "categorial_accuracy": 0.6323936169198219,
            "samples_seens": 25349,
            "loss": 1.4228974042040237,
            "top_2_accuracy": 0.76702127649429,
            "task": 6,
            "epoch": 0
        },
        {
            "categorial_accuracy": 0.653563829635052,
            "samples_seens": 28972,
            "loss": 1.2922459987883872,
            "top_2_accuracy": 0.7915425530900346,
            "task": 7,
            "epoch": 0
        },
        {
            "categorial_accuracy": 0.669042553140762,
            "samples_seens": 32594,
            "loss": 1.2162768683534988,
            "top_2_accuracy": 0.8047872341947353,
            "task": 8,
            "epoch": 0
        },
        {
            "categorial_accuracy": 0.6794148934648392,
            "samples_seens": 36224,
            "loss": 1.2570692265287358,
            "top_2_accuracy": 0.8139361701620386,
            "task": 9,
            "epoch": 0
        },
        {
            "categorial_accuracy": 0.68547872350571,
            "samples_seens": 39846,
            "loss": 1.2009698818085042,
            "top_2_accuracy": 0.8194148935662939,
            "task": 10,
            "epoch": 0
        },
        {
            "categorial_accuracy": 0.7061170213780504,
            "samples_seens": 43465,
            "loss": 1.07734381756884,
            "top_2_accuracy": 0.8380319147414349,
            "task": 11,
            "epoch": 0
        },
        {
            "categorial_accuracy": 0.7218617020262048,
            "samples_seens": 47086,
            "loss": 1.0314983113268588,
            "top_2_accuracy": 0.850531914741435,
            "task": 12,
            "epoch": 0
        },
        {
            "categorial_accuracy": 0.733404255319149,
            "samples_seens": 50706,
            "loss": 0.9404277562587819,
            "top_2_accuracy": 0.8567553190474815,
            "task": 13,
            "epoch": 0
        },
        {
            "categorial_accuracy": 0.741914893718476,
            "samples_seens": 54328,
            "loss": 0.8943581545606573,
            "top_2_accuracy": 0.8661702127659574,
            "task": 14,
            "epoch": 0
        },
        {
            "categorial_accuracy": 0.7479255318134389,
            "samples_seens": 57958,
            "loss": 0.8659207502831804,
            "top_2_accuracy": 0.8725,
            "task": 15,
            "epoch": 0
        },
        {
            "categorial_accuracy": 0.761010638247145,
            "samples_seens": 61580,
            "loss": 0.8217626932326784,
            "top_2_accuracy": 0.8780319149950717,
            "task": 16,
            "epoch": 0
        },
        {
            "categorial_accuracy": 0.7710638298886887,
            "samples_seens": 65202,
            "loss": 0.7759980019609979,
            "top_2_accuracy": 0.8878723402733498,
            "task": 17,
            "epoch": 0
        },
        {
            "categorial_accuracy": 0.7436170213780504,
            "samples_seens": 68821,
            "loss": 0.8682299399375916,
            "top_2_accuracy": 0.8701063828265413,
            "task": 18,
            "epoch": 0
        },
        {
            "categorial_accuracy": 0.7854787235564374,
            "samples_seens": 72444,
            "loss": 0.7060635902526531,
            "top_2_accuracy": 0.9003191490883523,
            "task": 19,
            "epoch": 0
        },
        {
            "categorial_accuracy": 0.7825000000507274,
            "samples_seens": 76067,
            "loss": 0.7286228516761293,
            "top_2_accuracy": 0.9028191489868975,
            "task": 20,
            "epoch": 0
        },
        {
            "categorial_accuracy": 0.7875531915400891,
            "samples_seens": 79689,
            "loss": 0.7063754578346901,
            "top_2_accuracy": 0.9073936168690945,
            "task": 21,
            "epoch": 0
        },
        {
            "categorial_accuracy": 0.7900531916415438,
            "samples_seens": 83311,
            "loss": 0.7012705992130523,
            "top_2_accuracy": 0.9108510638297872,
            "task": 22,
            "epoch": 0
        },
        {
            "categorial_accuracy": 0.7784042553698763,
            "samples_seens": 86931,
            "loss": 0.7222789626933158,
            "top_2_accuracy": 0.9148404255826422,
            "task": 23,
            "epoch": 0
        },
        {
            "categorial_accuracy": 0.7702659573960812,
            "samples_seens": 90553,
            "loss": 0.8270647506510957,
            "top_2_accuracy": 0.9071276595744681,
            "task": 24,
            "epoch": 0
        },
        {
            "categorial_accuracy": 0.7899468085106383,
            "samples_seens": 94176,
            "loss": 0.7470956240816319,
            "top_2_accuracy": 0.9067553191996636,
            "task": 0,
            "epoch": 1
        },
        {
            "categorial_accuracy": 0.7871276597266501,
            "samples_seens": 97797,
            "loss": 0.7407192444294057,
            "top_2_accuracy": 0.9027127659574468,
            "task": 1,
            "epoch": 1
        },
        {
            "categorial_accuracy": 0.7951595744680852,
            "samples_seens": 101417,
            "loss": 0.6733280230583029,
            "top_2_accuracy": 0.9116489361702128,
            "task": 2,
            "epoch": 1
        },
        {
            "categorial_accuracy": 0.7893617022291143,
            "samples_seens": 105038,
            "loss": 0.7272773990732558,
            "top_2_accuracy": 0.9042553193011182,
            "task": 3,
            "epoch": 1
        },
        {
            "categorial_accuracy": 0.7906382977201584,
            "samples_seens": 108660,
            "loss": 0.7199959268975765,
            "top_2_accuracy": 0.9071808511145572,
            "task": 4,
            "epoch": 1
        },
        {
            "categorial_accuracy": 0.7883510638297873,
            "samples_seens": 112281,
            "loss": 0.7655221175132914,
            "top_2_accuracy": 0.9015425533436714,
            "task": 5,
            "epoch": 1
        },
        {
            "categorial_accuracy": 0.7889893618035824,
            "samples_seens": 115902,
            "loss": 0.7324610642676658,
            "top_2_accuracy": 0.9070744681358337,
            "task": 6,
            "epoch": 1
        },
        {
            "categorial_accuracy": 0.7926595743159031,
            "samples_seens": 119525,
            "loss": 0.7295456452065325,
            "top_2_accuracy": 0.9057978724926076,
            "task": 7,
            "epoch": 1
        },
        {
            "categorial_accuracy": 0.7967021276088471,
            "samples_seens": 123147,
            "loss": 0.702268134837455,
            "top_2_accuracy": 0.9081382979737952,
            "task": 8,
            "epoch": 1
        },
        {
            "categorial_accuracy": 0.7988297872340425,
            "samples_seens": 126777,
            "loss": 0.6983509079446184,
            "top_2_accuracy": 0.909946808612093,
            "task": 9,
            "epoch": 1
        },
        {
            "categorial_accuracy": 0.7981382979737951,
            "samples_seens": 130399,
            "loss": 0.6940060750474321,
            "top_2_accuracy": 0.9093617022798417,
            "task": 10,
            "epoch": 1
        },
        {
            "categorial_accuracy": 0.8024468084091836,
            "samples_seens": 134018,
            "loss": 0.688051316941038,
            "top_2_accuracy": 0.9123936169705492,
            "task": 11,
            "epoch": 1
        },
        {
            "categorial_accuracy": 0.8075531913879069,
            "samples_seens": 137639,
            "loss": 0.638701148591143,
            "top_2_accuracy": 0.9167021278117565,
            "task": 12,
            "epoch": 1
        },
        {
            "categorial_accuracy": 0.8049468084091835,
            "samples_seens": 141259,
            "loss": 0.6451927296658779,
            "top_2_accuracy": 0.9136170212258684,
            "task": 13,
            "epoch": 1
        },
        {
            "categorial_accuracy": 0.8137234041538645,
            "samples_seens": 144881,
            "loss": 0.5899155708576771,
            "top_2_accuracy": 0.9208510637790599,
            "task": 14,
            "epoch": 1
        },
        {
            "categorial_accuracy": 0.816968085106383,
            "samples_seens": 148511,
            "loss": 0.592889413453163,
            "top_2_accuracy": 0.9201595745695398,
            "task": 15,
            "epoch": 1
        },
        {
            "categorial_accuracy": 0.8138829787234042,
            "samples_seens": 152133,
            "loss": 0.5937540129144141,
            "top_2_accuracy": 0.9213297873354973,
            "task": 16,
            "epoch": 1
        },
        {
            "categorial_accuracy": 0.8169680852078377,
            "samples_seens": 155755,
            "loss": 0.581550478909878,
            "top_2_accuracy": 0.9231382979737951,
            "task": 17,
            "epoch": 1
        },
        {
            "categorial_accuracy": 0.8167553193011182,
            "samples_seens": 159374,
            "loss": 0.5764142391022216,
            "top_2_accuracy": 0.9226595745695398,
            "task": 18,
            "epoch": 1
        },
        {
            "categorial_accuracy": 0.8218617020769322,
            "samples_seens": 162997,
            "loss": 0.5629800016068398,
            "top_2_accuracy": 0.9247872341440079,
            "task": 19,
            "epoch": 1
        },
        {
            "categorial_accuracy": 0.82297872350571,
            "samples_seens": 166620,
            "loss": 0.5622103634032797,
            "top_2_accuracy": 0.9264361701620386,
            "task": 20,
            "epoch": 1
        },
        {
            "categorial_accuracy": 0.8254787233028006,
            "samples_seens": 170242,
            "loss": 0.5494435753213598,
            "top_2_accuracy": 0.9313297871833152,
            "task": 21,
            "epoch": 1
        },
        {
            "categorial_accuracy": 0.8176063830801781,
            "samples_seens": 173864,
            "loss": 0.5662387926527794,
            "top_2_accuracy": 0.9310106384500544,
            "task": 22,
            "epoch": 1
        },
        {
            "categorial_accuracy": 0.8072340426546462,
            "samples_seens": 177484,
            "loss": 0.6096180905179774,
            "top_2_accuracy": 0.9256914895138842,
            "task": 23,
            "epoch": 1
        },
        {
            "categorial_accuracy": 0.8112234041538644,
            "samples_seens": 181106,
            "loss": 0.6103272145859738,
            "top_2_accuracy": 0.932074468034379,
            "task": 24,
            "epoch": 1
        },
        {
            "categorial_accuracy": 0.8146276594730134,
            "samples_seens": 184729,
            "loss": 0.6489483243353823,
            "top_2_accuracy": 0.9216489361194854,
            "task": 0,
            "epoch": 2
        },
        {
            "categorial_accuracy": 0.8033510639819693,
            "samples_seens": 188350,
            "loss": 0.7492956299984709,
            "top_2_accuracy": 0.9150531914386344,
            "task": 1,
            "epoch": 2
        },
        {
            "categorial_accuracy": 0.8114361703142207,
            "samples_seens": 191970,
            "loss": 0.6518801444642087,
            "top_2_accuracy": 0.9232446809525185,
            "task": 2,
            "epoch": 2
        },
        {
            "categorial_accuracy": 0.8213297873354972,
            "samples_seens": 195591,
            "loss": 0.6316468423985421,
            "top_2_accuracy": 0.9267021276088471,
            "task": 3,
            "epoch": 2
        },
        {
            "categorial_accuracy": 0.8171276595237408,
            "samples_seens": 199213,
            "loss": 0.6539396657842271,
            "top_2_accuracy": 0.9243085107904799,
            "task": 4,
            "epoch": 2
        },
        {
            "categorial_accuracy": 0.8194148936677487,
            "samples_seens": 202834,
            "loss": 0.6344162472004586,
            "top_2_accuracy": 0.9231382979737951,
            "task": 5,
            "epoch": 2
        },
        {
            "categorial_accuracy": 0.816436170364948,
            "samples_seens": 206455,
            "loss": 0.6321807042842216,
            "top_2_accuracy": 0.9255319150457991,
            "task": 6,
            "epoch": 2
        },
        {
            "categorial_accuracy": 0.8178191488347155,
            "samples_seens": 210078,
            "loss": 0.6197585657556006,
            "top_2_accuracy": 0.923510638247145,
            "task": 7,
            "epoch": 2
        },
        {
            "categorial_accuracy": 0.8204787234549826,
            "samples_seens": 213700,
            "loss": 0.62075274203686,
            "top_2_accuracy": 0.925478723353528,
            "task": 8,
            "epoch": 2
        },
        {
            "categorial_accuracy": 0.8173404256840969,
            "samples_seens": 217330,
            "loss": 0.6028999209150355,
            "top_2_accuracy": 0.92569148920952,
            "task": 9,
            "epoch": 2
        },
        {
            "categorial_accuracy": 0.8258510637283325,
            "samples_seens": 220952,
            "loss": 0.584445386440196,
            "top_2_accuracy": 0.9304255320163484,
            "task": 10,
            "epoch": 2
        },
        {
            "categorial_accuracy": 0.8237765957954082,
            "samples_seens": 224571,
            "loss": 0.5826297179942436,
            "top_2_accuracy": 0.928510638399327,
            "task": 11,
            "epoch": 2
        },
        {
            "categorial_accuracy": 0.8251063829787234,
            "samples_seens": 228192,
            "loss": 0.5801145795558361,
            "top_2_accuracy": 0.9288297871833152,
            "task": 12,
            "epoch": 2
        },
        {
            "categorial_accuracy": 0.8278723402733499,
            "samples_seens": 231812,
            "loss": 0.5679960349772839,
            "top_2_accuracy": 0.9297340426546462,
            "task": 13,
            "epoch": 2
        },
        {
            "categorial_accuracy": 0.8248404254304602,
            "samples_seens": 235434,
            "loss": 0.5720391499488912,
            "top_2_accuracy": 0.9249999999492726,
            "task": 14,
            "epoch": 2
        },
        {
            "categorial_accuracy": 0.8290425532422168,
            "samples_seens": 239064,
            "loss": 0.5440394473329504,
            "top_2_accuracy": 0.9304255320163484,
            "task": 15,
            "epoch": 2
        },
        {
            "categorial_accuracy": 0.8309042552684216,
            "samples_seens": 242686,
            "loss": 0.5386361860721669,
            "top_2_accuracy": 0.9311702128674122,
            "task": 16,
            "epoch": 2
        },
        {
            "categorial_accuracy": 0.832925531965621,
            "samples_seens": 246308,
            "loss": 0.5337241388128159,
            "top_2_accuracy": 0.9337765958461356,
            "task": 17,
            "epoch": 2
        },
        {
            "categorial_accuracy": 0.832287234144008,
            "samples_seens": 249927,
            "loss": 0.5227023200532224,
            "top_2_accuracy": 0.9344680850556556,
            "task": 18,
            "epoch": 2
        },
        {
            "categorial_accuracy": 0.8342553191489361,
            "samples_seens": 253550,
            "loss": 0.5160568361586713,
            "top_2_accuracy": 0.934946808612093,
            "task": 19,
            "epoch": 2
        },
        {
            "categorial_accuracy": 0.8363297873354972,
            "samples_seens": 257173,
            "loss": 0.5098607035139774,
            "top_2_accuracy": 0.935904255471331,
            "task": 20,
            "epoch": 2
        },
        {
            "categorial_accuracy": 0.8342553189967541,
            "samples_seens": 260795,
            "loss": 0.5085477362795079,
            "top_2_accuracy": 0.9351063829279961,
            "task": 21,
            "epoch": 2
        },
        {
            "categorial_accuracy": 0.8350000000507274,
            "samples_seens": 264417,
            "loss": 0.5068449145428677,
            "top_2_accuracy": 0.9370212767479268,
            "task": 22,
            "epoch": 2
        },
        {
            "categorial_accuracy": 0.8280851062307967,
            "samples_seens": 268037,
            "loss": 0.5193119297382679,
            "top_2_accuracy": 0.9390957446301237,
            "task": 23,
            "epoch": 2
        },
        {
            "categorial_accuracy": 0.8170212766464721,
            "samples_seens": 271659,
            "loss": 0.5939177883432266,
            "top_2_accuracy": 0.9329255320670757,
            "task": 24,
            "epoch": 2
        }
    ]
}