{
    "task_count": 25,
    "results": [
        {
            "samples_seens": 3622,
            "top_2_accuracy": 0.45962765959983176,
            "categorial_accuracy": 0.3054255318895299,
            "loss": 2.665446920597807,
            "epoch": 0,
            "task": 0
        },
        {
            "samples_seens": 7242,
            "top_2_accuracy": 0.6341489362209402,
            "categorial_accuracy": 0.4739361701874023,
            "loss": 1.95550111192338,
            "epoch": 0,
            "task": 1
        },
        {
            "samples_seens": 10864,
            "top_2_accuracy": 0.6839361702634933,
            "categorial_accuracy": 0.5226063830294507,
            "loss": 1.8182435152378489,
            "epoch": 0,
            "task": 2
        },
        {
            "samples_seens": 14485,
            "top_2_accuracy": 0.7127127661096289,
            "categorial_accuracy": 0.5460106383485998,
            "loss": 1.6404019182286365,
            "epoch": 0,
            "task": 3
        },
        {
            "samples_seens": 18107,
            "top_2_accuracy": 0.784468085106383,
            "categorial_accuracy": 0.6391489363223949,
            "loss": 1.2882377058394412,
            "epoch": 0,
            "task": 4
        },
        {
            "samples_seens": 21729,
            "top_2_accuracy": 0.7933510636776052,
            "categorial_accuracy": 0.6486170211751411,
            "loss": 1.2631048441947774,
            "epoch": 0,
            "task": 5
        },
        {
            "samples_seens": 25348,
            "top_2_accuracy": 0.8286702126645027,
            "categorial_accuracy": 0.6947340425531915,
            "loss": 1.0874251186086776,
            "epoch": 0,
            "task": 6
        },
        {
            "samples_seens": 28969,
            "top_2_accuracy": 0.8457978724418802,
            "categorial_accuracy": 0.7101595746202671,
            "loss": 0.9987849543449726,
            "epoch": 0,
            "task": 7
        },
        {
            "samples_seens": 32592,
            "top_2_accuracy": 0.8436702126645027,
            "categorial_accuracy": 0.712446808612093,
            "loss": 0.9856536352380794,
            "epoch": 0,
            "task": 8
        },
        {
            "samples_seens": 36219,
            "top_2_accuracy": 0.8659042552684216,
            "categorial_accuracy": 0.7324468084091836,
            "loss": 0.9052895741767072,
            "epoch": 0,
            "task": 9
        },
        {
            "samples_seens": 39840,
            "top_2_accuracy": 0.8646276595744681,
            "categorial_accuracy": 0.7359574468085106,
            "loss": 0.8919945664608733,
            "epoch": 0,
            "task": 10
        },
        {
            "samples_seens": 43460,
            "top_2_accuracy": 0.8786170213780504,
            "categorial_accuracy": 0.753351063931242,
            "loss": 0.8300471044601279,
            "epoch": 0,
            "task": 11
        },
        {
            "samples_seens": 47082,
            "top_2_accuracy": 0.8887765956432261,
            "categorial_accuracy": 0.7655319149443444,
            "loss": 0.78005095857255,
            "epoch": 0,
            "task": 12
        },
        {
            "samples_seens": 50700,
            "top_2_accuracy": 0.8842021275581198,
            "categorial_accuracy": 0.7640957447823058,
            "loss": 0.7939572323636805,
            "epoch": 0,
            "task": 13
        },
        {
            "samples_seens": 54321,
            "top_2_accuracy": 0.8964361700605838,
            "categorial_accuracy": 0.7744148935662939,
            "loss": 0.7582278812185247,
            "epoch": 0,
            "task": 14
        },
        {
            "samples_seens": 57949,
            "top_2_accuracy": 0.8998936168690945,
            "categorial_accuracy": 0.7796808511145571,
            "loss": 0.7275090090771938,
            "epoch": 0,
            "task": 15
        },
        {
            "samples_seens": 61570,
            "top_2_accuracy": 0.9069680850556556,
            "categorial_accuracy": 0.7917021278117565,
            "loss": 0.6919843024903155,
            "epoch": 0,
            "task": 16
        },
        {
            "samples_seens": 65193,
            "top_2_accuracy": 0.9077127659574468,
            "categorial_accuracy": 0.7907978724926076,
            "loss": 0.6929810209984475,
            "epoch": 0,
            "task": 17
        },
        {
            "samples_seens": 68814,
            "top_2_accuracy": 0.9061702128166848,
            "categorial_accuracy": 0.7864893618543097,
            "loss": 0.7298736051295666,
            "epoch": 0,
            "task": 18
        },
        {
            "samples_seens": 72435,
            "top_2_accuracy": 0.9123404253797328,
            "categorial_accuracy": 0.7924468083584563,
            "loss": 0.6773471522838511,
            "epoch": 0,
            "task": 19
        },
        {
            "samples_seens": 76057,
            "top_2_accuracy": 0.916595744680851,
            "categorial_accuracy": 0.7909042553698763,
            "loss": 0.7038409005327427,
            "epoch": 0,
            "task": 20
        },
        {
            "samples_seens": 79677,
            "top_2_accuracy": 0.9109574466563286,
            "categorial_accuracy": 0.7812234042045918,
            "loss": 0.7113013556663026,
            "epoch": 0,
            "task": 21
        },
        {
            "samples_seens": 83297,
            "top_2_accuracy": 0.9027659575989906,
            "categorial_accuracy": 0.7642021278117566,
            "loss": 0.7922813729529685,
            "epoch": 0,
            "task": 22
        },
        {
            "samples_seens": 86918,
            "top_2_accuracy": 0.9084574468085106,
            "categorial_accuracy": 0.7618617021783869,
            "loss": 0.8233402325751934,
            "epoch": 0,
            "task": 23
        },
        {
            "samples_seens": 90541,
            "top_2_accuracy": 0.8907446809525186,
            "categorial_accuracy": 0.7284574469606927,
            "loss": 0.8879872947550834,
            "epoch": 0,
            "task": 24
        },
        {
            "samples_seens": 94163,
            "top_2_accuracy": 0.9215957448330331,
            "categorial_accuracy": 0.8075000000507273,
            "loss": 0.5967646053243191,
            "epoch": 1,
            "task": 0
        },
        {
            "samples_seens": 97783,
            "top_2_accuracy": 0.9232446807496091,
            "categorial_accuracy": 0.8131382979230678,
            "loss": 0.5900453860455371,
            "epoch": 1,
            "task": 1
        },
        {
            "samples_seens": 101405,
            "top_2_accuracy": 0.9230319150457991,
            "categorial_accuracy": 0.8126063830294508,
            "loss": 0.597514066772258,
            "epoch": 1,
            "task": 2
        },
        {
            "samples_seens": 105026,
            "top_2_accuracy": 0.9276595744173578,
            "categorial_accuracy": 0.8186170213780505,
            "loss": 0.5728160257796023,
            "epoch": 1,
            "task": 3
        },
        {
            "samples_seens": 108648,
            "top_2_accuracy": 0.9243617020262048,
            "categorial_accuracy": 0.8166489360687581,
            "loss": 0.5844456995801722,
            "epoch": 1,
            "task": 4
        },
        {
            "samples_seens": 112270,
            "top_2_accuracy": 0.9242021277610292,
            "categorial_accuracy": 0.8138829787741316,
            "loss": 0.6045181629251927,
            "epoch": 1,
            "task": 5
        },
        {
            "samples_seens": 115889,
            "top_2_accuracy": 0.9273936171734587,
            "categorial_accuracy": 0.8203723402733498,
            "loss": 0.5655499940476519,
            "epoch": 1,
            "task": 6
        },
        {
            "samples_seens": 119510,
            "top_2_accuracy": 0.9282446808003365,
            "categorial_accuracy": 0.8196808509116477,
            "loss": 0.5644125623905912,
            "epoch": 1,
            "task": 7
        },
        {
            "samples_seens": 123133,
            "top_2_accuracy": 0.92952127649429,
            "categorial_accuracy": 0.8198936170720039,
            "loss": 0.5640515912340043,
            "epoch": 1,
            "task": 8
        },
        {
            "samples_seens": 126760,
            "top_2_accuracy": 0.9271808510131024,
            "categorial_accuracy": 0.8225000001014547,
            "loss": 0.5668893759808642,
            "epoch": 1,
            "task": 9
        },
        {
            "samples_seens": 130381,
            "top_2_accuracy": 0.9338297873354973,
            "categorial_accuracy": 0.8270212766971994,
            "loss": 0.5398881658594659,
            "epoch": 1,
            "task": 10
        },
        {
            "samples_seens": 134001,
            "top_2_accuracy": 0.931914893718476,
            "categorial_accuracy": 0.8198404256333696,
            "loss": 0.5502784012987258,
            "epoch": 1,
            "task": 11
        },
        {
            "samples_seens": 137623,
            "top_2_accuracy": 0.932819149037625,
            "categorial_accuracy": 0.8277659574975359,
            "loss": 0.5331216971924965,
            "epoch": 1,
            "task": 12
        },
        {
            "samples_seens": 141241,
            "top_2_accuracy": 0.9333510639312419,
            "categorial_accuracy": 0.8251063831309055,
            "loss": 0.5339464540177203,
            "epoch": 1,
            "task": 13
        },
        {
            "samples_seens": 144862,
            "top_2_accuracy": 0.9296808509623751,
            "categorial_accuracy": 0.8269680849542009,
            "loss": 0.5377620504764801,
            "epoch": 1,
            "task": 14
        },
        {
            "samples_seens": 148490,
            "top_2_accuracy": 0.9313829786219495,
            "categorial_accuracy": 0.8307978722389708,
            "loss": 0.5216284122111949,
            "epoch": 1,
            "task": 15
        },
        {
            "samples_seens": 152111,
            "top_2_accuracy": 0.9331382977708857,
            "categorial_accuracy": 0.8307978724926076,
            "loss": 0.5288752239562096,
            "epoch": 1,
            "task": 16
        },
        {
            "samples_seens": 155734,
            "top_2_accuracy": 0.9376595744173577,
            "categorial_accuracy": 0.8267553191996635,
            "loss": 0.5274812313597254,
            "epoch": 1,
            "task": 17
        },
        {
            "samples_seens": 159355,
            "top_2_accuracy": 0.9346808509623751,
            "categorial_accuracy": 0.8286702126137754,
            "loss": 0.520820252286627,
            "epoch": 1,
            "task": 18
        },
        {
            "samples_seens": 162976,
            "top_2_accuracy": 0.9285106384500544,
            "categorial_accuracy": 0.8186702128674122,
            "loss": 0.56489357050429,
            "epoch": 1,
            "task": 19
        },
        {
            "samples_seens": 166598,
            "top_2_accuracy": 0.932872340577714,
            "categorial_accuracy": 0.8226595746202672,
            "loss": 0.5663868374266523,
            "epoch": 1,
            "task": 20
        },
        {
            "samples_seens": 170218,
            "top_2_accuracy": 0.9315425531914894,
            "categorial_accuracy": 0.8170212767479268,
            "loss": 0.6006048050839851,
            "epoch": 1,
            "task": 21
        },
        {
            "samples_seens": 173838,
            "top_2_accuracy": 0.9314361703649481,
            "categorial_accuracy": 0.8070212767479268,
            "loss": 0.6034747993185166,
            "epoch": 1,
            "task": 22
        },
        {
            "samples_seens": 177459,
            "top_2_accuracy": 0.9253723403240772,
            "categorial_accuracy": 0.7956382977708857,
            "loss": 0.6365438809800655,
            "epoch": 1,
            "task": 23
        },
        {
            "samples_seens": 181082,
            "top_2_accuracy": 0.9070744682372884,
            "categorial_accuracy": 0.758989361600673,
            "loss": 0.7569486949798908,
            "epoch": 1,
            "task": 24
        },
        {
            "samples_seens": 184704,
            "top_2_accuracy": 0.936382978672677,
            "categorial_accuracy": 0.831382978824859,
            "loss": 0.5361949546793674,
            "epoch": 2,
            "task": 0
        },
        {
            "samples_seens": 188324,
            "top_2_accuracy": 0.9374468086120931,
            "categorial_accuracy": 0.833936170364948,
            "loss": 0.5277272574191397,
            "epoch": 2,
            "task": 1
        },
        {
            "samples_seens": 191946,
            "top_2_accuracy": 0.9364893616514003,
            "categorial_accuracy": 0.8332446808003364,
            "loss": 0.535424227131174,
            "epoch": 2,
            "task": 2
        },
        {
            "samples_seens": 195567,
            "top_2_accuracy": 0.9398404254811875,
            "categorial_accuracy": 0.8382978724926076,
            "loss": 0.5079211276896456,
            "epoch": 2,
            "task": 3
        },
        {
            "samples_seens": 199189,
            "top_2_accuracy": 0.9377127659067195,
            "categorial_accuracy": 0.838936170212766,
            "loss": 0.5083811072339403,
            "epoch": 2,
            "task": 4
        },
        {
            "samples_seens": 202811,
            "top_2_accuracy": 0.936382978672677,
            "categorial_accuracy": 0.8348936168690946,
            "loss": 0.5127352928100748,
            "epoch": 2,
            "task": 5
        },
        {
            "samples_seens": 206430,
            "top_2_accuracy": 0.9351595745695398,
            "categorial_accuracy": 0.8373404255319149,
            "loss": 0.5138433841948814,
            "epoch": 2,
            "task": 6
        },
        {
            "samples_seens": 210051,
            "top_2_accuracy": 0.9401595745695398,
            "categorial_accuracy": 0.8406914895138842,
            "loss": 0.49312698904504165,
            "epoch": 2,
            "task": 7
        },
        {
            "samples_seens": 213674,
            "top_2_accuracy": 0.9414361703142207,
            "categorial_accuracy": 0.8430319148936171,
            "loss": 0.48188822274512433,
            "epoch": 2,
            "task": 8
        },
        {
            "samples_seens": 217301,
            "top_2_accuracy": 0.9345212766971994,
            "categorial_accuracy": 0.833404255319149,
            "loss": 0.5459385489910207,
            "epoch": 2,
            "task": 9
        },
        {
            "samples_seens": 220922,
            "top_2_accuracy": 0.9380851064844334,
            "categorial_accuracy": 0.8392553193011183,
            "loss": 0.5130669244806817,
            "epoch": 2,
            "task": 10
        },
        {
            "samples_seens": 224542,
            "top_2_accuracy": 0.9414893618035823,
            "categorial_accuracy": 0.8407978724926076,
            "loss": 0.4835624837114456,
            "epoch": 2,
            "task": 11
        },
        {
            "samples_seens": 228164,
            "top_2_accuracy": 0.9398936171227313,
            "categorial_accuracy": 0.8425000001521821,
            "loss": 0.49554669397942563,
            "epoch": 2,
            "task": 12
        },
        {
            "samples_seens": 231782,
            "top_2_accuracy": 0.9414361703142207,
            "categorial_accuracy": 0.8445212765450173,
            "loss": 0.47786070174359263,
            "epoch": 2,
            "task": 13
        },
        {
            "samples_seens": 235403,
            "top_2_accuracy": 0.9403723405269866,
            "categorial_accuracy": 0.8402659574975359,
            "loss": 0.4873343605437177,
            "epoch": 2,
            "task": 14
        },
        {
            "samples_seens": 239031,
            "top_2_accuracy": 0.9401595745695398,
            "categorial_accuracy": 0.8406914894124294,
            "loss": 0.4801106239886994,
            "epoch": 2,
            "task": 15
        },
        {
            "samples_seens": 242652,
            "top_2_accuracy": 0.9409042554206036,
            "categorial_accuracy": 0.8413829787234043,
            "loss": 0.49232749867946546,
            "epoch": 2,
            "task": 16
        },
        {
            "samples_seens": 246275,
            "top_2_accuracy": 0.9436170212258684,
            "categorial_accuracy": 0.8424468085613657,
            "loss": 0.4811382881123969,
            "epoch": 2,
            "task": 17
        },
        {
            "samples_seens": 249896,
            "top_2_accuracy": 0.9421276594730134,
            "categorial_accuracy": 0.8404787235057101,
            "loss": 0.48020075171551807,
            "epoch": 2,
            "task": 18
        },
        {
            "samples_seens": 253517,
            "top_2_accuracy": 0.9408510637790599,
            "categorial_accuracy": 0.836063829635052,
            "loss": 0.48947725585166446,
            "epoch": 2,
            "task": 19
        },
        {
            "samples_seens": 257139,
            "top_2_accuracy": 0.9406382977708857,
            "categorial_accuracy": 0.8320744682372885,
            "loss": 0.505924132174634,
            "epoch": 2,
            "task": 20
        },
        {
            "samples_seens": 260759,
            "top_2_accuracy": 0.9386170212258684,
            "categorial_accuracy": 0.8283510639819693,
            "loss": 0.5125435563858519,
            "epoch": 2,
            "task": 21
        },
        {
            "samples_seens": 264379,
            "top_2_accuracy": 0.9251063830294508,
            "categorial_accuracy": 0.8029787233535279,
            "loss": 0.6250791350831377,
            "epoch": 2,
            "task": 22
        },
        {
            "samples_seens": 268000,
            "top_2_accuracy": 0.9282446810032459,
            "categorial_accuracy": 0.7999468084091835,
            "loss": 0.622951783981729,
            "epoch": 2,
            "task": 23
        },
        {
            "samples_seens": 271623,
            "top_2_accuracy": 0.9258510636776052,
            "categorial_accuracy": 0.7929787232520732,
            "loss": 0.6549260400203948,
            "epoch": 2,
            "task": 24
        }
    ],
    "id": 2,
    "name": "id2_t25_dp0.1_dc0.3_df0.6"
}