{
    "task_count": 25,
    "results": [
        {
            "samples_seens": 3623,
            "top_2_accuracy": 0.4807446809271549,
            "categorial_accuracy": 0.3230851063068877,
            "loss": 2.636099964304173,
            "epoch": 0,
            "task": 0
        },
        {
            "samples_seens": 7244,
            "top_2_accuracy": 0.6026595745188125,
            "categorial_accuracy": 0.4528723404508956,
            "loss": 2.275986476045974,
            "epoch": 0,
            "task": 1
        },
        {
            "samples_seens": 10864,
            "top_2_accuracy": 0.666117021175141,
            "categorial_accuracy": 0.5218617020262049,
            "loss": 1.8805661508884837,
            "epoch": 0,
            "task": 2
        },
        {
            "samples_seens": 14484,
            "top_2_accuracy": 0.6853191490376249,
            "categorial_accuracy": 0.5402127661096289,
            "loss": 1.8578459481990084,
            "epoch": 0,
            "task": 3
        },
        {
            "samples_seens": 18106,
            "top_2_accuracy": 0.7260638296857793,
            "categorial_accuracy": 0.5795744679329243,
            "loss": 1.637014314063052,
            "epoch": 0,
            "task": 4
        },
        {
            "samples_seens": 21727,
            "top_2_accuracy": 0.743031914893617,
            "categorial_accuracy": 0.6007446809017912,
            "loss": 1.5746016730653478,
            "epoch": 0,
            "task": 5
        },
        {
            "samples_seens": 25348,
            "top_2_accuracy": 0.765053191387907,
            "categorial_accuracy": 0.6246276596251954,
            "loss": 1.4687415450684567,
            "epoch": 0,
            "task": 6
        },
        {
            "samples_seens": 28971,
            "top_2_accuracy": 0.7846276596759229,
            "categorial_accuracy": 0.6478723403240771,
            "loss": 1.308932349225308,
            "epoch": 0,
            "task": 7
        },
        {
            "samples_seens": 32592,
            "top_2_accuracy": 0.7913829786726769,
            "categorial_accuracy": 0.6571276597266501,
            "loss": 1.317039806589167,
            "epoch": 0,
            "task": 8
        },
        {
            "samples_seens": 36220,
            "top_2_accuracy": 0.8161702128674122,
            "categorial_accuracy": 0.6816489361194854,
            "loss": 1.1539518621120046,
            "epoch": 0,
            "task": 9
        },
        {
            "samples_seens": 39841,
            "top_2_accuracy": 0.821914893718476,
            "categorial_accuracy": 0.687606382927996,
            "loss": 1.1543250235090865,
            "epoch": 0,
            "task": 10
        },
        {
            "samples_seens": 43459,
            "top_2_accuracy": 0.8326063828772687,
            "categorial_accuracy": 0.6961702127659575,
            "loss": 1.0831827040936084,
            "epoch": 0,
            "task": 11
        },
        {
            "samples_seens": 47081,
            "top_2_accuracy": 0.8428723402733499,
            "categorial_accuracy": 0.7116489360180307,
            "loss": 1.0133001464478513,
            "epoch": 0,
            "task": 12
        },
        {
            "samples_seens": 50701,
            "top_2_accuracy": 0.8462234043060465,
            "categorial_accuracy": 0.7159574468085106,
            "loss": 0.999319543990683,
            "epoch": 0,
            "task": 13
        },
        {
            "samples_seens": 54322,
            "top_2_accuracy": 0.8560106384500544,
            "categorial_accuracy": 0.7310638298379614,
            "loss": 0.9546784782409667,
            "epoch": 0,
            "task": 14
        },
        {
            "samples_seens": 57949,
            "top_2_accuracy": 0.8707978722896982,
            "categorial_accuracy": 0.7486702129181395,
            "loss": 0.8729094392188051,
            "epoch": 0,
            "task": 15
        },
        {
            "samples_seens": 61572,
            "top_2_accuracy": 0.8717021276595744,
            "categorial_accuracy": 0.7519680852585651,
            "loss": 0.8493369572720629,
            "epoch": 0,
            "task": 16
        },
        {
            "samples_seens": 65193,
            "top_2_accuracy": 0.8819680850049283,
            "categorial_accuracy": 0.7543617020262049,
            "loss": 0.8380291764786902,
            "epoch": 0,
            "task": 17
        },
        {
            "samples_seens": 68812,
            "top_2_accuracy": 0.8868085105875705,
            "categorial_accuracy": 0.7687765956939535,
            "loss": 0.7850446241459947,
            "epoch": 0,
            "task": 18
        },
        {
            "samples_seens": 72434,
            "top_2_accuracy": 0.885585106281524,
            "categorial_accuracy": 0.7667553193011183,
            "loss": 0.7679258496203321,
            "epoch": 0,
            "task": 19
        },
        {
            "samples_seens": 76056,
            "top_2_accuracy": 0.8997872341440079,
            "categorial_accuracy": 0.7854255317627116,
            "loss": 0.7384374192927746,
            "epoch": 0,
            "task": 20
        },
        {
            "samples_seens": 79677,
            "top_2_accuracy": 0.9049468086628204,
            "categorial_accuracy": 0.7899999998478179,
            "loss": 0.6957407699240015,
            "epoch": 0,
            "task": 21
        },
        {
            "samples_seens": 83299,
            "top_2_accuracy": 0.9078723402733498,
            "categorial_accuracy": 0.788031914741435,
            "loss": 0.6996067545769062,
            "epoch": 0,
            "task": 22
        },
        {
            "samples_seens": 86919,
            "top_2_accuracy": 0.9185638299394161,
            "categorial_accuracy": 0.8003723404762593,
            "loss": 0.6383563994854055,
            "epoch": 0,
            "task": 23
        },
        {
            "samples_seens": 90541,
            "top_2_accuracy": 0.9180851063829787,
            "categorial_accuracy": 0.799627659422286,
            "loss": 0.6890865516662598,
            "epoch": 0,
            "task": 24
        },
        {
            "samples_seens": 94164,
            "top_2_accuracy": 0.9070744680851064,
            "categorial_accuracy": 0.790585106281524,
            "loss": 0.7426500596898667,
            "epoch": 1,
            "task": 0
        },
        {
            "samples_seens": 97785,
            "top_2_accuracy": 0.899999999847818,
            "categorial_accuracy": 0.7784042554206037,
            "loss": 0.7862484893900283,
            "epoch": 1,
            "task": 1
        },
        {
            "samples_seens": 101405,
            "top_2_accuracy": 0.9017553191489361,
            "categorial_accuracy": 0.7853191490883523,
            "loss": 0.7774489955191917,
            "epoch": 1,
            "task": 2
        },
        {
            "samples_seens": 105025,
            "top_2_accuracy": 0.8968085106382979,
            "categorial_accuracy": 0.7822340426546462,
            "loss": 0.7404113914611492,
            "epoch": 1,
            "task": 3
        },
        {
            "samples_seens": 108647,
            "top_2_accuracy": 0.9029787234042553,
            "categorial_accuracy": 0.7845212765957447,
            "loss": 0.7391874412780113,
            "epoch": 1,
            "task": 4
        },
        {
            "samples_seens": 112268,
            "top_2_accuracy": 0.8993617021276595,
            "categorial_accuracy": 0.7828723402733498,
            "loss": 0.780084673800367,
            "epoch": 1,
            "task": 5
        },
        {
            "samples_seens": 115889,
            "top_2_accuracy": 0.902872340577714,
            "categorial_accuracy": 0.7901595744680852,
            "loss": 0.7523636930039589,
            "epoch": 1,
            "task": 6
        },
        {
            "samples_seens": 119512,
            "top_2_accuracy": 0.9030851063829787,
            "categorial_accuracy": 0.7904255319656209,
            "loss": 0.7513339366304114,
            "epoch": 1,
            "task": 7
        },
        {
            "samples_seens": 123133,
            "top_2_accuracy": 0.9064893615499456,
            "categorial_accuracy": 0.79547872350571,
            "loss": 0.7023090095722929,
            "epoch": 1,
            "task": 8
        },
        {
            "samples_seens": 126761,
            "top_2_accuracy": 0.9056914893617021,
            "categorial_accuracy": 0.7935106382978724,
            "loss": 0.7169440525136095,
            "epoch": 1,
            "task": 9
        },
        {
            "samples_seens": 130382,
            "top_2_accuracy": 0.9099468086628204,
            "categorial_accuracy": 0.7963829786219495,
            "loss": 0.6689956873528501,
            "epoch": 1,
            "task": 10
        },
        {
            "samples_seens": 134000,
            "top_2_accuracy": 0.9073404255319149,
            "categorial_accuracy": 0.7943085107397526,
            "loss": 0.7105905215790931,
            "epoch": 1,
            "task": 11
        },
        {
            "samples_seens": 137622,
            "top_2_accuracy": 0.9102659575482632,
            "categorial_accuracy": 0.8009042552176943,
            "loss": 0.6533560509884611,
            "epoch": 1,
            "task": 12
        },
        {
            "samples_seens": 141242,
            "top_2_accuracy": 0.9107446807496091,
            "categorial_accuracy": 0.8026063828265413,
            "loss": 0.6590986629749866,
            "epoch": 1,
            "task": 13
        },
        {
            "samples_seens": 144863,
            "top_2_accuracy": 0.9118085107397526,
            "categorial_accuracy": 0.8002659575989906,
            "loss": 0.6559118147606545,
            "epoch": 1,
            "task": 14
        },
        {
            "samples_seens": 148490,
            "top_2_accuracy": 0.9152127660589016,
            "categorial_accuracy": 0.8085106383485997,
            "loss": 0.6300165862986382,
            "epoch": 1,
            "task": 15
        },
        {
            "samples_seens": 152113,
            "top_2_accuracy": 0.9158510639819694,
            "categorial_accuracy": 0.8090425533436715,
            "loss": 0.6241971278190612,
            "epoch": 1,
            "task": 16
        },
        {
            "samples_seens": 155734,
            "top_2_accuracy": 0.9218617020769322,
            "categorial_accuracy": 0.8152127660589015,
            "loss": 0.5910490098405392,
            "epoch": 1,
            "task": 17
        },
        {
            "samples_seens": 159353,
            "top_2_accuracy": 0.921914893718476,
            "categorial_accuracy": 0.8188297870818605,
            "loss": 0.5809277240012555,
            "epoch": 1,
            "task": 18
        },
        {
            "samples_seens": 162975,
            "top_2_accuracy": 0.9221808510131024,
            "categorial_accuracy": 0.8182446809525186,
            "loss": 0.588214485264839,
            "epoch": 1,
            "task": 19
        },
        {
            "samples_seens": 166597,
            "top_2_accuracy": 0.9244680852078377,
            "categorial_accuracy": 0.8145212767479267,
            "loss": 0.5841405135519961,
            "epoch": 1,
            "task": 20
        },
        {
            "samples_seens": 170218,
            "top_2_accuracy": 0.9272340424517368,
            "categorial_accuracy": 0.8206914893617021,
            "loss": 0.5591835146001045,
            "epoch": 1,
            "task": 21
        },
        {
            "samples_seens": 173840,
            "top_2_accuracy": 0.9314361701113112,
            "categorial_accuracy": 0.8303191489868975,
            "loss": 0.5406547431235618,
            "epoch": 1,
            "task": 22
        },
        {
            "samples_seens": 177460,
            "top_2_accuracy": 0.9251063829279961,
            "categorial_accuracy": 0.8126063828772687,
            "loss": 0.6133215789084739,
            "epoch": 1,
            "task": 23
        },
        {
            "samples_seens": 181082,
            "top_2_accuracy": 0.9251595745188125,
            "categorial_accuracy": 0.8062765955924988,
            "loss": 0.6658256874693201,
            "epoch": 1,
            "task": 24
        },
        {
            "samples_seens": 184705,
            "top_2_accuracy": 0.9289361703142207,
            "categorial_accuracy": 0.82430851079048,
            "loss": 0.6066723518929583,
            "epoch": 2,
            "task": 0
        },
        {
            "samples_seens": 188326,
            "top_2_accuracy": 0.9214893618035823,
            "categorial_accuracy": 0.815053191387907,
            "loss": 0.6535919581829234,
            "epoch": 2,
            "task": 1
        },
        {
            "samples_seens": 191946,
            "top_2_accuracy": 0.9213829788755863,
            "categorial_accuracy": 0.8160638297365067,
            "loss": 0.65254372812332,
            "epoch": 2,
            "task": 2
        },
        {
            "samples_seens": 195566,
            "top_2_accuracy": 0.9174468084599109,
            "categorial_accuracy": 0.8069680851571104,
            "loss": 0.6680736997026078,
            "epoch": 2,
            "task": 3
        },
        {
            "samples_seens": 199188,
            "top_2_accuracy": 0.9214893616514003,
            "categorial_accuracy": 0.8106914894124295,
            "loss": 0.6585650543963656,
            "epoch": 2,
            "task": 4
        },
        {
            "samples_seens": 202809,
            "top_2_accuracy": 0.9232446808003365,
            "categorial_accuracy": 0.8132978722389708,
            "loss": 0.6666978609308284,
            "epoch": 2,
            "task": 5
        },
        {
            "samples_seens": 206430,
            "top_2_accuracy": 0.9201063830801781,
            "categorial_accuracy": 0.8122340426546462,
            "loss": 0.6623536357473819,
            "epoch": 2,
            "task": 6
        },
        {
            "samples_seens": 210053,
            "top_2_accuracy": 0.9162765956939535,
            "categorial_accuracy": 0.8086702128674121,
            "loss": 0.7005045608256726,
            "epoch": 2,
            "task": 7
        },
        {
            "samples_seens": 213674,
            "top_2_accuracy": 0.9209574469099654,
            "categorial_accuracy": 0.8181914892602474,
            "loss": 0.6234435456357104,
            "epoch": 2,
            "task": 8
        },
        {
            "samples_seens": 217302,
            "top_2_accuracy": 0.9227127660589015,
            "categorial_accuracy": 0.8178191489868976,
            "loss": 0.6201496783215948,
            "epoch": 2,
            "task": 9
        },
        {
            "samples_seens": 220923,
            "top_2_accuracy": 0.921968085258565,
            "categorial_accuracy": 0.8212765957446808,
            "loss": 0.606417468050693,
            "epoch": 2,
            "task": 10
        },
        {
            "samples_seens": 224541,
            "top_2_accuracy": 0.9244148937692034,
            "categorial_accuracy": 0.8196276596759228,
            "loss": 0.5986767746793463,
            "epoch": 2,
            "task": 11
        },
        {
            "samples_seens": 228163,
            "top_2_accuracy": 0.9252659575482632,
            "categorial_accuracy": 0.8212765956432261,
            "loss": 0.597709147245326,
            "epoch": 2,
            "task": 12
        },
        {
            "samples_seens": 231783,
            "top_2_accuracy": 0.9244148935155666,
            "categorial_accuracy": 0.8221808509116477,
            "loss": 0.5872033051987912,
            "epoch": 2,
            "task": 13
        },
        {
            "samples_seens": 235404,
            "top_2_accuracy": 0.9264361701620386,
            "categorial_accuracy": 0.8230851063829787,
            "loss": 0.5631210299248391,
            "epoch": 2,
            "task": 14
        },
        {
            "samples_seens": 239031,
            "top_2_accuracy": 0.9282978722896982,
            "categorial_accuracy": 0.8253723404762593,
            "loss": 0.5768464466358753,
            "epoch": 2,
            "task": 15
        },
        {
            "samples_seens": 242654,
            "top_2_accuracy": 0.9301595743666304,
            "categorial_accuracy": 0.8267021275073924,
            "loss": 0.5509920726938451,
            "epoch": 2,
            "task": 16
        },
        {
            "samples_seens": 246275,
            "top_2_accuracy": 0.9305319147921624,
            "categorial_accuracy": 0.8284574467577833,
            "loss": 0.5429944818324232,
            "epoch": 2,
            "task": 17
        },
        {
            "samples_seens": 249894,
            "top_2_accuracy": 0.9316489362716674,
            "categorial_accuracy": 0.8302127661096289,
            "loss": 0.5345087749907311,
            "epoch": 2,
            "task": 18
        },
        {
            "samples_seens": 253516,
            "top_2_accuracy": 0.9338829786219496,
            "categorial_accuracy": 0.8343617022798416,
            "loss": 0.5166101730123479,
            "epoch": 2,
            "task": 19
        },
        {
            "samples_seens": 257138,
            "top_2_accuracy": 0.935585106281524,
            "categorial_accuracy": 0.8379255319148936,
            "loss": 0.502889264289369,
            "epoch": 2,
            "task": 20
        },
        {
            "samples_seens": 260759,
            "top_2_accuracy": 0.935053191387907,
            "categorial_accuracy": 0.8340425531914893,
            "loss": 0.5134591031581798,
            "epoch": 2,
            "task": 21
        },
        {
            "samples_seens": 264381,
            "top_2_accuracy": 0.9401063830801781,
            "categorial_accuracy": 0.8396276595237407,
            "loss": 0.49971377943424466,
            "epoch": 2,
            "task": 22
        },
        {
            "samples_seens": 268001,
            "top_2_accuracy": 0.938510638399327,
            "categorial_accuracy": 0.8328723404762592,
            "loss": 0.5176851732426502,
            "epoch": 2,
            "task": 23
        },
        {
            "samples_seens": 271623,
            "top_2_accuracy": 0.9373404255826423,
            "categorial_accuracy": 0.8281914894631568,
            "loss": 0.5256467451440527,
            "epoch": 2,
            "task": 24
        }
    ],
    "id": 2,
    "name": "id2_t25_dp0.6_dc0.3_df0.1"
}