{
    "name": "id2_t5_dp0.3_dc0.7_df0.0",
    "id": 2,
    "results": [
        {
            "categorial_accuracy": 0.5599999999492726,
            "epoch": 0,
            "loss": 1.8706649602727687,
            "samples_seens": 18047,
            "top_2_accuracy": 0.7057446808510638,
            "task": 0
        },
        {
            "categorial_accuracy": 0.6687234042045918,
            "epoch": 0,
            "loss": 1.343337342992742,
            "samples_seens": 36095,
            "top_2_accuracy": 0.8014893616514003,
            "task": 1
        },
        {
            "categorial_accuracy": 0.7356382979737951,
            "epoch": 0,
            "loss": 0.9829727948472855,
            "samples_seens": 54143,
            "top_2_accuracy": 0.8571808510638298,
            "task": 2
        },
        {
            "categorial_accuracy": 0.7727127659067194,
            "epoch": 0,
            "loss": 0.8012482445290748,
            "samples_seens": 72192,
            "top_2_accuracy": 0.8892021276595745,
            "task": 3
        },
        {
            "categorial_accuracy": 0.7851595744680852,
            "epoch": 0,
            "loss": 0.6872385064591753,
            "samples_seens": 90241,
            "top_2_accuracy": 0.9097872338903711,
            "task": 4
        },
        {
            "categorial_accuracy": 0.7765425532422168,
            "epoch": 1,
            "loss": 0.8646120798334163,
            "samples_seens": 108288,
            "top_2_accuracy": 0.8937765955924988,
            "task": 0
        },
        {
            "categorial_accuracy": 0.7870744681865611,
            "epoch": 1,
            "loss": 0.7900964372208777,
            "samples_seens": 126336,
            "top_2_accuracy": 0.9034042552684216,
            "task": 1
        },
        {
            "categorial_accuracy": 0.8013297872340426,
            "epoch": 1,
            "loss": 0.7114109890004422,
            "samples_seens": 144384,
            "top_2_accuracy": 0.9086170212258684,
            "task": 2
        },
        {
            "categorial_accuracy": 0.8222340424517368,
            "epoch": 1,
            "loss": 0.5908095399623221,
            "samples_seens": 162433,
            "top_2_accuracy": 0.9215957447823058,
            "task": 3
        },
        {
            "categorial_accuracy": 0.8127659574468085,
            "epoch": 1,
            "loss": 0.603217165013577,
            "samples_seens": 180482,
            "top_2_accuracy": 0.925,
            "task": 4
        },
        {
            "categorial_accuracy": 0.7981382977708857,
            "epoch": 2,
            "loss": 0.7780754543365316,
            "samples_seens": 198529,
            "top_2_accuracy": 0.9097340427053736,
            "task": 0
        },
        {
            "categorial_accuracy": 0.8077659573960811,
            "epoch": 2,
            "loss": 0.7100879284676085,
            "samples_seens": 216577,
            "top_2_accuracy": 0.9152127661096289,
            "task": 1
        },
        {
            "categorial_accuracy": 0.8268085107397526,
            "epoch": 2,
            "loss": 0.5847056863916681,
            "samples_seens": 234625,
            "top_2_accuracy": 0.9271276596759228,
            "task": 2
        },
        {
            "categorial_accuracy": 0.8326595745695399,
            "epoch": 2,
            "loss": 0.5207227622194494,
            "samples_seens": 252674,
            "top_2_accuracy": 0.9356914894631568,
            "task": 3
        },
        {
            "categorial_accuracy": 0.8362234043060465,
            "epoch": 2,
            "loss": 0.4943329387776395,
            "samples_seens": 270723,
            "top_2_accuracy": 0.9392553190982088,
            "task": 4
        }
    ],
    "task_count": 5
}