{
    "name": "id2_t5_dp0.7_dc0.3_df0.0",
    "id": 2,
    "results": [
        {
            "categorial_accuracy": 0.5694680849542009,
            "epoch": 0,
            "loss": 1.7705364662535648,
            "samples_seens": 18047,
            "top_2_accuracy": 0.7216489360180307,
            "task": 0
        },
        {
            "categorial_accuracy": 0.6320744681865611,
            "epoch": 0,
            "loss": 1.6372319044965378,
            "samples_seens": 36095,
            "top_2_accuracy": 0.7696808509116477,
            "task": 1
        },
        {
            "categorial_accuracy": 0.6978723404255319,
            "epoch": 0,
            "loss": 1.1723800569899538,
            "samples_seens": 54143,
            "top_2_accuracy": 0.8265957448330331,
            "task": 2
        },
        {
            "categorial_accuracy": 0.6985106383485997,
            "epoch": 0,
            "loss": 1.1394873908225527,
            "samples_seens": 72192,
            "top_2_accuracy": 0.8282446810032459,
            "task": 3
        },
        {
            "categorial_accuracy": 0.7989361703142207,
            "epoch": 0,
            "loss": 0.6547828389735932,
            "samples_seens": 90242,
            "top_2_accuracy": 0.911010638247145,
            "task": 4
        },
        {
            "categorial_accuracy": 0.7601595744173577,
            "epoch": 1,
            "loss": 0.9709276829881871,
            "samples_seens": 108289,
            "top_2_accuracy": 0.8788829786219495,
            "task": 0
        },
        {
            "categorial_accuracy": 0.7617553191996635,
            "epoch": 1,
            "loss": 0.9849244065487639,
            "samples_seens": 126337,
            "top_2_accuracy": 0.8787234043060465,
            "task": 1
        },
        {
            "categorial_accuracy": 0.783563829787234,
            "epoch": 1,
            "loss": 0.8135018707336263,
            "samples_seens": 144385,
            "top_2_accuracy": 0.8949468085106383,
            "task": 2
        },
        {
            "categorial_accuracy": 0.7986170213780505,
            "epoch": 1,
            "loss": 0.7034364052021758,
            "samples_seens": 162434,
            "top_2_accuracy": 0.9067021278117565,
            "task": 3
        },
        {
            "categorial_accuracy": 0.8126063828265413,
            "epoch": 1,
            "loss": 0.5839446270973124,
            "samples_seens": 180484,
            "top_2_accuracy": 0.9242553193011183,
            "task": 4
        },
        {
            "categorial_accuracy": 0.7912234042553191,
            "epoch": 2,
            "loss": 0.8649101078256648,
            "samples_seens": 198531,
            "top_2_accuracy": 0.9025531916415438,
            "task": 0
        },
        {
            "categorial_accuracy": 0.7906382978723404,
            "epoch": 2,
            "loss": 0.8053861780369536,
            "samples_seens": 216579,
            "top_2_accuracy": 0.9043085106890252,
            "task": 1
        },
        {
            "categorial_accuracy": 0.8010638299394162,
            "epoch": 2,
            "loss": 0.7668925967115037,
            "samples_seens": 234627,
            "top_2_accuracy": 0.908936170364948,
            "task": 2
        },
        {
            "categorial_accuracy": 0.8086702126137754,
            "epoch": 2,
            "loss": 0.7007403049570449,
            "samples_seens": 252676,
            "top_2_accuracy": 0.9145212767479267,
            "task": 3
        },
        {
            "categorial_accuracy": 0.8357446809017912,
            "epoch": 2,
            "loss": 0.5135126335570153,
            "samples_seens": 270726,
            "top_2_accuracy": 0.9342021276088471,
            "task": 4
        }
    ],
    "task_count": 5
}