{
    "name": "id2_t5_dp0.1_dc0.6_df0.3",
    "id": 2,
    "results": [
        {
            "categorial_accuracy": 0.5507446808510639,
            "epoch": 0,
            "loss": 1.690518248334844,
            "samples_seens": 18049,
            "top_2_accuracy": 0.7187234041538645,
            "task": 0
        },
        {
            "categorial_accuracy": 0.7117021275073924,
            "epoch": 0,
            "loss": 1.0245395779102406,
            "samples_seens": 36099,
            "top_2_accuracy": 0.8428191488347155,
            "task": 1
        },
        {
            "categorial_accuracy": 0.7718085106382979,
            "epoch": 0,
            "loss": 0.755232911059197,
            "samples_seens": 54149,
            "top_2_accuracy": 0.8919148936677487,
            "task": 2
        },
        {
            "categorial_accuracy": 0.762553191540089,
            "epoch": 0,
            "loss": 0.7461205987220115,
            "samples_seens": 72199,
            "top_2_accuracy": 0.8940957448330331,
            "task": 3
        },
        {
            "categorial_accuracy": 0.7770744681358337,
            "epoch": 0,
            "loss": 0.7391231063578991,
            "samples_seens": 90248,
            "top_2_accuracy": 0.9042021275073924,
            "task": 4
        },
        {
            "categorial_accuracy": 0.8112765956939535,
            "epoch": 1,
            "loss": 0.6003699728275868,
            "samples_seens": 108297,
            "top_2_accuracy": 0.9214893618035823,
            "task": 0
        },
        {
            "categorial_accuracy": 0.8156914892602474,
            "epoch": 1,
            "loss": 0.5958662599959272,
            "samples_seens": 126347,
            "top_2_accuracy": 0.9240957448330331,
            "task": 1
        },
        {
            "categorial_accuracy": 0.8198936169198219,
            "epoch": 1,
            "loss": 0.5618217088060176,
            "samples_seens": 144397,
            "top_2_accuracy": 0.9280851065351607,
            "task": 2
        },
        {
            "categorial_accuracy": 0.8278191489361703,
            "epoch": 1,
            "loss": 0.5337870301845226,
            "samples_seens": 162447,
            "top_2_accuracy": 0.9343617022291143,
            "task": 3
        },
        {
            "categorial_accuracy": 0.8159574467070559,
            "epoch": 1,
            "loss": 0.5820572316900213,
            "samples_seens": 180496,
            "top_2_accuracy": 0.9294148936170212,
            "task": 4
        },
        {
            "categorial_accuracy": 0.8335638297872341,
            "epoch": 2,
            "loss": 0.5534911686562477,
            "samples_seens": 198545,
            "top_2_accuracy": 0.9344680850049283,
            "task": 0
        },
        {
            "categorial_accuracy": 0.8401063829787234,
            "epoch": 2,
            "loss": 0.49839886305180003,
            "samples_seens": 216595,
            "top_2_accuracy": 0.9388829788248589,
            "task": 1
        },
        {
            "categorial_accuracy": 0.8396808509623751,
            "epoch": 2,
            "loss": 0.4962385867758,
            "samples_seens": 234645,
            "top_2_accuracy": 0.9400531915908165,
            "task": 2
        },
        {
            "categorial_accuracy": 0.844840425684097,
            "epoch": 2,
            "loss": 0.467482839518405,
            "samples_seens": 252695,
            "top_2_accuracy": 0.9428723403240772,
            "task": 3
        },
        {
            "categorial_accuracy": 0.8028191489868975,
            "epoch": 2,
            "loss": 0.6223681171904218,
            "samples_seens": 270744,
            "top_2_accuracy": 0.9221808510638297,
            "task": 4
        }
    ],
    "task_count": 5
}