{
    "name": "id2_t5_dp0.0_dc0.3_df0.7",
    "id": 2,
    "results": [
        {
            "categorial_accuracy": 0.6351595744173577,
            "epoch": 0,
            "loss": 1.2813524965529746,
            "samples_seens": 18050,
            "top_2_accuracy": 0.7888829787234043,
            "task": 0
        },
        {
            "categorial_accuracy": 0.74367021271523,
            "epoch": 0,
            "loss": 0.8517550842812721,
            "samples_seens": 36099,
            "top_2_accuracy": 0.8730851063829788,
            "task": 1
        },
        {
            "categorial_accuracy": 0.7930319149443443,
            "epoch": 0,
            "loss": 0.6687891957100401,
            "samples_seens": 54147,
            "top_2_accuracy": 0.910957446859238,
            "task": 2
        },
        {
            "categorial_accuracy": 0.7950531913371797,
            "epoch": 0,
            "loss": 0.6489758852187624,
            "samples_seens": 72195,
            "top_2_accuracy": 0.9190957448330331,
            "task": 3
        },
        {
            "categorial_accuracy": 0.7861170213780505,
            "epoch": 0,
            "loss": 0.7215661219840354,
            "samples_seens": 90242,
            "top_2_accuracy": 0.9155319149950717,
            "task": 4
        },
        {
            "categorial_accuracy": 0.8046808511652845,
            "epoch": 1,
            "loss": 0.5841304050861521,
            "samples_seens": 108292,
            "top_2_accuracy": 0.9232446809525185,
            "task": 0
        },
        {
            "categorial_accuracy": 0.8353191489868975,
            "epoch": 1,
            "loss": 0.507077179436988,
            "samples_seens": 126341,
            "top_2_accuracy": 0.9382978724418802,
            "task": 1
        },
        {
            "categorial_accuracy": 0.8380319149950717,
            "epoch": 1,
            "loss": 0.4915132820098958,
            "samples_seens": 144389,
            "top_2_accuracy": 0.9392553192503909,
            "task": 2
        },
        {
            "categorial_accuracy": 0.8254787235564374,
            "epoch": 1,
            "loss": 0.5289742216404448,
            "samples_seens": 162437,
            "top_2_accuracy": 0.9342553190982088,
            "task": 3
        },
        {
            "categorial_accuracy": 0.803617021175141,
            "epoch": 1,
            "loss": 0.6167702560729169,
            "samples_seens": 180484,
            "top_2_accuracy": 0.9276595744173578,
            "task": 4
        },
        {
            "categorial_accuracy": 0.8487234043567738,
            "epoch": 2,
            "loss": 0.4634510896560994,
            "samples_seens": 198534,
            "top_2_accuracy": 0.9455319148428897,
            "task": 0
        },
        {
            "categorial_accuracy": 0.8465425533436715,
            "epoch": 2,
            "loss": 0.46198765544181175,
            "samples_seens": 216583,
            "top_2_accuracy": 0.9447872339918258,
            "task": 1
        },
        {
            "categorial_accuracy": 0.8468617020769322,
            "epoch": 2,
            "loss": 0.45546554073374323,
            "samples_seens": 234631,
            "top_2_accuracy": 0.9446808509623751,
            "task": 2
        },
        {
            "categorial_accuracy": 0.8362765958461356,
            "epoch": 2,
            "loss": 0.4995496971810118,
            "samples_seens": 252679,
            "top_2_accuracy": 0.9403191490376249,
            "task": 3
        },
        {
            "categorial_accuracy": 0.8123936169705492,
            "epoch": 2,
            "loss": 0.5724073754726572,
            "samples_seens": 270726,
            "top_2_accuracy": 0.9327659575989906,
            "task": 4
        }
    ],
    "task_count": 5
}