{
    "name": "id2_t5_dp0.1_dc0.3_df0.6",
    "id": 2,
    "results": [
        {
            "categorial_accuracy": 0.6416489362716675,
            "epoch": 0,
            "loss": 1.2567612921937983,
            "samples_seens": 18049,
            "top_2_accuracy": 0.7872872340932805,
            "task": 0
        },
        {
            "categorial_accuracy": 0.7381914893617021,
            "epoch": 0,
            "loss": 0.860672190392271,
            "samples_seens": 36099,
            "top_2_accuracy": 0.8706382977708857,
            "task": 1
        },
        {
            "categorial_accuracy": 0.7931382979737951,
            "epoch": 0,
            "loss": 0.6633263810137485,
            "samples_seens": 54149,
            "top_2_accuracy": 0.9092553191489362,
            "task": 2
        },
        {
            "categorial_accuracy": 0.7460638298886888,
            "epoch": 0,
            "loss": 0.8688534096454053,
            "samples_seens": 72199,
            "top_2_accuracy": 0.879999999847818,
            "task": 3
        },
        {
            "categorial_accuracy": 0.7955319149443444,
            "epoch": 0,
            "loss": 0.6480360950814916,
            "samples_seens": 90248,
            "top_2_accuracy": 0.9176595744680851,
            "task": 4
        },
        {
            "categorial_accuracy": 0.8237234043060465,
            "epoch": 1,
            "loss": 0.5471028398452921,
            "samples_seens": 108297,
            "top_2_accuracy": 0.9313829786219495,
            "task": 0
        },
        {
            "categorial_accuracy": 0.8142021277610292,
            "epoch": 1,
            "loss": 0.5873469965255007,
            "samples_seens": 126347,
            "top_2_accuracy": 0.9246276595237407,
            "task": 1
        },
        {
            "categorial_accuracy": 0.8192021277103019,
            "epoch": 1,
            "loss": 0.5693764693432666,
            "samples_seens": 144397,
            "top_2_accuracy": 0.9244680852078377,
            "task": 2
        },
        {
            "categorial_accuracy": 0.8167021277610291,
            "epoch": 1,
            "loss": 0.5570669371523755,
            "samples_seens": 162447,
            "top_2_accuracy": 0.9298936170212766,
            "task": 3
        },
        {
            "categorial_accuracy": 0.8148936169705492,
            "epoch": 1,
            "loss": 0.5536667854988828,
            "samples_seens": 180496,
            "top_2_accuracy": 0.9335638298886888,
            "task": 4
        },
        {
            "categorial_accuracy": 0.8397340425024641,
            "epoch": 2,
            "loss": 0.4822077986280969,
            "samples_seens": 198545,
            "top_2_accuracy": 0.9436702126645027,
            "task": 0
        },
        {
            "categorial_accuracy": 0.8371276594222861,
            "epoch": 2,
            "loss": 0.5059279007860955,
            "samples_seens": 216595,
            "top_2_accuracy": 0.9385638299394161,
            "task": 1
        },
        {
            "categorial_accuracy": 0.8372872338903711,
            "epoch": 2,
            "loss": 0.48903512493092965,
            "samples_seens": 234645,
            "top_2_accuracy": 0.9404255318134389,
            "task": 2
        },
        {
            "categorial_accuracy": 0.8333510637283326,
            "epoch": 2,
            "loss": 0.4965475779898623,
            "samples_seens": 252695,
            "top_2_accuracy": 0.9413297871325879,
            "task": 3
        },
        {
            "categorial_accuracy": 0.8086170213780505,
            "epoch": 2,
            "loss": 0.5840427143269397,
            "samples_seens": 270744,
            "top_2_accuracy": 0.925372340577714,
            "task": 4
        }
    ],
    "task_count": 5
}