{
    "name": "id2_t5_dp0.1_dc0.8_df0.1",
    "id": 2,
    "results": [
        {
            "categorial_accuracy": 0.5907446807496091,
            "epoch": 0,
            "loss": 1.6137301717920507,
            "samples_seens": 18049,
            "top_2_accuracy": 0.7291489361194854,
            "task": 0
        },
        {
            "categorial_accuracy": 0.6117021276088471,
            "epoch": 0,
            "loss": 1.4876802561130928,
            "samples_seens": 36098,
            "top_2_accuracy": 0.752659574315903,
            "task": 1
        },
        {
            "categorial_accuracy": 0.7462765956939535,
            "epoch": 0,
            "loss": 0.8711057064888326,
            "samples_seens": 54148,
            "top_2_accuracy": 0.871968085106383,
            "task": 2
        },
        {
            "categorial_accuracy": 0.7797340425024641,
            "epoch": 0,
            "loss": 0.7177812888774466,
            "samples_seens": 72197,
            "top_2_accuracy": 0.8976063829787234,
            "task": 3
        },
        {
            "categorial_accuracy": 0.7277127658559921,
            "epoch": 0,
            "loss": 1.030397088476952,
            "samples_seens": 90246,
            "top_2_accuracy": 0.8739361702127659,
            "task": 4
        },
        {
            "categorial_accuracy": 0.7835106383993271,
            "epoch": 1,
            "loss": 0.7914441940124999,
            "samples_seens": 108295,
            "top_2_accuracy": 0.8992021276595744,
            "task": 0
        },
        {
            "categorial_accuracy": 0.795372340577714,
            "epoch": 1,
            "loss": 0.653478487907572,
            "samples_seens": 126344,
            "top_2_accuracy": 0.9131382977201583,
            "task": 1
        },
        {
            "categorial_accuracy": 0.79952127649429,
            "epoch": 1,
            "loss": 0.6607439614864106,
            "samples_seens": 144394,
            "top_2_accuracy": 0.9132978722896982,
            "task": 2
        },
        {
            "categorial_accuracy": 0.8103191488854429,
            "epoch": 1,
            "loss": 0.6077062671235267,
            "samples_seens": 162443,
            "top_2_accuracy": 0.918563829787234,
            "task": 3
        },
        {
            "categorial_accuracy": 0.8129787235564374,
            "epoch": 1,
            "loss": 0.6129828626044254,
            "samples_seens": 180492,
            "top_2_accuracy": 0.9247340427053735,
            "task": 4
        },
        {
            "categorial_accuracy": 0.8155851063322513,
            "epoch": 2,
            "loss": 0.6359813857078552,
            "samples_seens": 198541,
            "top_2_accuracy": 0.9243085105875705,
            "task": 0
        },
        {
            "categorial_accuracy": 0.8229787233028006,
            "epoch": 2,
            "loss": 0.6006306779384613,
            "samples_seens": 216590,
            "top_2_accuracy": 0.9270212765450173,
            "task": 1
        },
        {
            "categorial_accuracy": 0.8277127661096289,
            "epoch": 2,
            "loss": 0.5638934036772302,
            "samples_seens": 234640,
            "top_2_accuracy": 0.929946808459911,
            "task": 2
        },
        {
            "categorial_accuracy": 0.8331382978723404,
            "epoch": 2,
            "loss": 0.5142484895472831,
            "samples_seens": 252689,
            "top_2_accuracy": 0.9345212765450174,
            "task": 3
        },
        {
            "categorial_accuracy": 0.8228191489868976,
            "epoch": 2,
            "loss": 0.5280913715413276,
            "samples_seens": 270738,
            "top_2_accuracy": 0.9360638298886887,
            "task": 4
        }
    ],
    "task_count": 5
}