{
    "name": "id2_t5_dp0.5_dc0.5_df0.0",
    "id": 2,
    "results": [
        {
            "categorial_accuracy": 0.5694680849542009,
            "epoch": 0,
            "loss": 1.877905179997708,
            "samples_seens": 18047,
            "top_2_accuracy": 0.7153191489361702,
            "task": 0
        },
        {
            "categorial_accuracy": 0.6547340426039189,
            "epoch": 0,
            "loss": 1.4123623655197468,
            "samples_seens": 36095,
            "top_2_accuracy": 0.7919680850556556,
            "task": 1
        },
        {
            "categorial_accuracy": 0.7268617022798416,
            "epoch": 0,
            "loss": 0.9963895587210959,
            "samples_seens": 54143,
            "top_2_accuracy": 0.8524999998985453,
            "task": 2
        },
        {
            "categorial_accuracy": 0.7785638298886888,
            "epoch": 0,
            "loss": 0.7555703024661288,
            "samples_seens": 72191,
            "top_2_accuracy": 0.8945212764435626,
            "task": 3
        },
        {
            "categorial_accuracy": 0.801595744680851,
            "epoch": 0,
            "loss": 0.6317859979386026,
            "samples_seens": 90241,
            "top_2_accuracy": 0.9143617020769322,
            "task": 4
        },
        {
            "categorial_accuracy": 0.7818617022798416,
            "epoch": 1,
            "loss": 0.8091428203785673,
            "samples_seens": 108288,
            "top_2_accuracy": 0.8973404253797328,
            "task": 0
        },
        {
            "categorial_accuracy": 0.7861702126137754,
            "epoch": 1,
            "loss": 0.7840330367392682,
            "samples_seens": 126336,
            "top_2_accuracy": 0.8994148934648392,
            "task": 1
        },
        {
            "categorial_accuracy": 0.7975531914893617,
            "epoch": 1,
            "loss": 0.7038146806777792,
            "samples_seens": 144384,
            "top_2_accuracy": 0.9077659573960811,
            "task": 2
        },
        {
            "categorial_accuracy": 0.8145212765957447,
            "epoch": 1,
            "loss": 0.6131446329329876,
            "samples_seens": 162432,
            "top_2_accuracy": 0.9194680852078377,
            "task": 3
        },
        {
            "categorial_accuracy": 0.8322872339410985,
            "epoch": 1,
            "loss": 0.5201174827332192,
            "samples_seens": 180482,
            "top_2_accuracy": 0.936382978672677,
            "task": 4
        },
        {
            "categorial_accuracy": 0.7997340425024642,
            "epoch": 2,
            "loss": 0.7839504854222561,
            "samples_seens": 198529,
            "top_2_accuracy": 0.908936170212766,
            "task": 0
        },
        {
            "categorial_accuracy": 0.8061702128674122,
            "epoch": 2,
            "loss": 0.7309807926035942,
            "samples_seens": 216577,
            "top_2_accuracy": 0.9124468086628204,
            "task": 1
        },
        {
            "categorial_accuracy": 0.8112765957954082,
            "epoch": 2,
            "loss": 0.6682649923639095,
            "samples_seens": 234625,
            "top_2_accuracy": 0.9197340424517367,
            "task": 2
        },
        {
            "categorial_accuracy": 0.8302127659574469,
            "epoch": 2,
            "loss": 0.5374036794520439,
            "samples_seens": 252673,
            "top_2_accuracy": 0.9320212766971994,
            "task": 3
        },
        {
            "categorial_accuracy": 0.8411170211244137,
            "epoch": 2,
            "loss": 0.4863338049929193,
            "samples_seens": 270723,
            "top_2_accuracy": 0.9412765956939535,
            "task": 4
        }
    ],
    "task_count": 5
}