{
    "name": "id2_t5_dp0.1_dc0.7_df0.2",
    "id": 2,
    "results": [
        {
            "categorial_accuracy": 0.6097340425024641,
            "epoch": 0,
            "loss": 1.4460216121470675,
            "samples_seens": 18048,
            "top_2_accuracy": 0.7537765958461355,
            "task": 0
        },
        {
            "categorial_accuracy": 0.6935638296857793,
            "epoch": 0,
            "loss": 1.1182226325095967,
            "samples_seens": 36097,
            "top_2_accuracy": 0.8263297873354972,
            "task": 1
        },
        {
            "categorial_accuracy": 0.7669148937692033,
            "epoch": 0,
            "loss": 0.7681475593181366,
            "samples_seens": 54147,
            "top_2_accuracy": 0.8877659575989906,
            "task": 2
        },
        {
            "categorial_accuracy": 0.7629787235564374,
            "epoch": 0,
            "loss": 0.7706573949468897,
            "samples_seens": 72196,
            "top_2_accuracy": 0.889361702178387,
            "task": 3
        },
        {
            "categorial_accuracy": 0.7897872340425532,
            "epoch": 0,
            "loss": 0.6656933056040013,
            "samples_seens": 90245,
            "top_2_accuracy": 0.9179787233535279,
            "task": 4
        },
        {
            "categorial_accuracy": 0.8077127659574468,
            "epoch": 1,
            "loss": 0.6239286694374491,
            "samples_seens": 108293,
            "top_2_accuracy": 0.9187234042045918,
            "task": 0
        },
        {
            "categorial_accuracy": 0.8175000000507273,
            "epoch": 1,
            "loss": 0.5807503674131759,
            "samples_seens": 126342,
            "top_2_accuracy": 0.9242553190982088,
            "task": 1
        },
        {
            "categorial_accuracy": 0.8212234041538644,
            "epoch": 1,
            "loss": 0.5648645006849411,
            "samples_seens": 144392,
            "top_2_accuracy": 0.9249999999492726,
            "task": 2
        },
        {
            "categorial_accuracy": 0.822978723353528,
            "epoch": 1,
            "loss": 0.5407096252796498,
            "samples_seens": 162441,
            "top_2_accuracy": 0.9317021276088471,
            "task": 3
        },
        {
            "categorial_accuracy": 0.8023936171734587,
            "epoch": 1,
            "loss": 0.6297962697262459,
            "samples_seens": 180490,
            "top_2_accuracy": 0.9234574469606928,
            "task": 4
        },
        {
            "categorial_accuracy": 0.8247872340932806,
            "epoch": 2,
            "loss": 0.5774063328225562,
            "samples_seens": 198538,
            "top_2_accuracy": 0.9302659575482632,
            "task": 0
        },
        {
            "categorial_accuracy": 0.8317021275073924,
            "epoch": 2,
            "loss": 0.5344684481113515,
            "samples_seens": 216587,
            "top_2_accuracy": 0.9349468086628203,
            "task": 1
        },
        {
            "categorial_accuracy": 0.8410106383485997,
            "epoch": 2,
            "loss": 0.502851229525627,
            "samples_seens": 234637,
            "top_2_accuracy": 0.9390425532929441,
            "task": 2
        },
        {
            "categorial_accuracy": 0.8420212764435626,
            "epoch": 2,
            "loss": 0.46835262027192626,
            "samples_seens": 252686,
            "top_2_accuracy": 0.9448936169198219,
            "task": 3
        },
        {
            "categorial_accuracy": 0.8280319149950718,
            "epoch": 2,
            "loss": 0.5208529553261209,
            "samples_seens": 270735,
            "top_2_accuracy": 0.9397340426546462,
            "task": 4
        }
    ],
    "task_count": 5
}