{
    "name": "id2_t5_dp0.0_dc0.5_df0.5",
    "id": 2,
    "results": [
        {
            "categorial_accuracy": 0.5860638296857793,
            "epoch": 0,
            "loss": 1.4527852734099043,
            "samples_seens": 18050,
            "top_2_accuracy": 0.7543617022798417,
            "task": 0
        },
        {
            "categorial_accuracy": 0.7492553191996635,
            "epoch": 0,
            "loss": 0.8496439434112386,
            "samples_seens": 36098,
            "top_2_accuracy": 0.8706914892602474,
            "task": 1
        },
        {
            "categorial_accuracy": 0.7928723403240772,
            "epoch": 0,
            "loss": 0.6815618440445433,
            "samples_seens": 54146,
            "top_2_accuracy": 0.9090957446301237,
            "task": 2
        },
        {
            "categorial_accuracy": 0.8079255317627115,
            "epoch": 0,
            "loss": 0.6275384280022155,
            "samples_seens": 72194,
            "top_2_accuracy": 0.9215957445793963,
            "task": 3
        },
        {
            "categorial_accuracy": 0.7752659574975359,
            "epoch": 0,
            "loss": 0.7349852698407274,
            "samples_seens": 90241,
            "top_2_accuracy": 0.9088297872340425,
            "task": 4
        },
        {
            "categorial_accuracy": 0.8130851064337061,
            "epoch": 1,
            "loss": 0.5878556228952205,
            "samples_seens": 108291,
            "top_2_accuracy": 0.9236170213780505,
            "task": 0
        },
        {
            "categorial_accuracy": 0.8311702127659575,
            "epoch": 1,
            "loss": 0.5201557690792895,
            "samples_seens": 126339,
            "top_2_accuracy": 0.9346276594730134,
            "task": 1
        },
        {
            "categorial_accuracy": 0.8379255317627116,
            "epoch": 1,
            "loss": 0.4981269606377216,
            "samples_seens": 144387,
            "top_2_accuracy": 0.9381382977708858,
            "task": 2
        },
        {
            "categorial_accuracy": 0.830425531965621,
            "epoch": 1,
            "loss": 0.5125073619345402,
            "samples_seens": 162435,
            "top_2_accuracy": 0.9357978722896981,
            "task": 3
        },
        {
            "categorial_accuracy": 0.8132978722896982,
            "epoch": 1,
            "loss": 0.5771677341613364,
            "samples_seens": 180482,
            "top_2_accuracy": 0.9298936171734586,
            "task": 4
        },
        {
            "categorial_accuracy": 0.8392553193011183,
            "epoch": 2,
            "loss": 0.5054772292299473,
            "samples_seens": 198532,
            "top_2_accuracy": 0.9382446809017911,
            "task": 0
        },
        {
            "categorial_accuracy": 0.8428191489361702,
            "epoch": 2,
            "loss": 0.48878430445143517,
            "samples_seens": 216580,
            "top_2_accuracy": 0.9415425532422167,
            "task": 1
        },
        {
            "categorial_accuracy": 0.8479255320670757,
            "epoch": 2,
            "loss": 0.4609458733112254,
            "samples_seens": 234628,
            "top_2_accuracy": 0.9438297873354973,
            "task": 2
        },
        {
            "categorial_accuracy": 0.8373936168690945,
            "epoch": 2,
            "loss": 0.4966220184843591,
            "samples_seens": 252676,
            "top_2_accuracy": 0.9408510637790599,
            "task": 3
        },
        {
            "categorial_accuracy": 0.8151063830294507,
            "epoch": 2,
            "loss": 0.5567606625404764,
            "samples_seens": 270723,
            "top_2_accuracy": 0.933404255471331,
            "task": 4
        }
    ],
    "task_count": 5
}