{
    "name": "id2_t5_dp0.3_dc0.2_df0.5",
    "id": 2,
    "results": [
        {
            "categorial_accuracy": 0.6265425530393073,
            "epoch": 0,
            "loss": 1.3407720416657467,
            "samples_seens": 18050,
            "top_2_accuracy": 0.7701595743666304,
            "task": 0
        },
        {
            "categorial_accuracy": 0.7363297872847699,
            "epoch": 0,
            "loss": 0.880529857290552,
            "samples_seens": 36099,
            "top_2_accuracy": 0.8669680850556556,
            "task": 1
        },
        {
            "categorial_accuracy": 0.7672872341440079,
            "epoch": 0,
            "loss": 0.7555625798347149,
            "samples_seens": 54148,
            "top_2_accuracy": 0.891382978824859,
            "task": 2
        },
        {
            "categorial_accuracy": 0.7784042553698763,
            "epoch": 0,
            "loss": 0.7081749238359167,
            "samples_seens": 72198,
            "top_2_accuracy": 0.8997340426039189,
            "task": 3
        },
        {
            "categorial_accuracy": 0.8114893618035823,
            "epoch": 0,
            "loss": 0.5971819381510958,
            "samples_seens": 90247,
            "top_2_accuracy": 0.9284574469606927,
            "task": 4
        },
        {
            "categorial_accuracy": 0.8196808510131024,
            "epoch": 1,
            "loss": 0.5710663368093206,
            "samples_seens": 108297,
            "top_2_accuracy": 0.9294148935155666,
            "task": 0
        },
        {
            "categorial_accuracy": 0.825053191387907,
            "epoch": 1,
            "loss": 0.5362231287043145,
            "samples_seens": 126346,
            "top_2_accuracy": 0.9311170212258684,
            "task": 1
        },
        {
            "categorial_accuracy": 0.8184042552684215,
            "epoch": 1,
            "loss": 0.5561666781090675,
            "samples_seens": 144395,
            "top_2_accuracy": 0.9281914895138842,
            "task": 2
        },
        {
            "categorial_accuracy": 0.8344680850049283,
            "epoch": 1,
            "loss": 0.49762751794875937,
            "samples_seens": 162445,
            "top_2_accuracy": 0.9368617020262049,
            "task": 3
        },
        {
            "categorial_accuracy": 0.8238297871325878,
            "epoch": 1,
            "loss": 0.5365970335869079,
            "samples_seens": 180494,
            "top_2_accuracy": 0.9313829787234043,
            "task": 4
        },
        {
            "categorial_accuracy": 0.8394680852078377,
            "epoch": 2,
            "loss": 0.5204343700408935,
            "samples_seens": 198544,
            "top_2_accuracy": 0.9398404254304602,
            "task": 0
        },
        {
            "categorial_accuracy": 0.8370744679329243,
            "epoch": 2,
            "loss": 0.5176129075314136,
            "samples_seens": 216593,
            "top_2_accuracy": 0.9377659573453538,
            "task": 1
        },
        {
            "categorial_accuracy": 0.8360638299394161,
            "epoch": 2,
            "loss": 0.5027677645074561,
            "samples_seens": 234642,
            "top_2_accuracy": 0.9388297873354973,
            "task": 2
        },
        {
            "categorial_accuracy": 0.8498404256333696,
            "epoch": 2,
            "loss": 0.44367729501521336,
            "samples_seens": 252692,
            "top_2_accuracy": 0.9468085107397526,
            "task": 3
        },
        {
            "categorial_accuracy": 0.8468617022798417,
            "epoch": 2,
            "loss": 0.45007629615195255,
            "samples_seens": 270741,
            "top_2_accuracy": 0.9481382979737951,
            "task": 4
        }
    ],
    "task_count": 5
}