{
    "name": "id2_t5_dp0.2_dc0.7_df0.1",
    "id": 2,
    "results": [
        {
            "categorial_accuracy": 0.5460638296857794,
            "epoch": 0,
            "loss": 2.0376368082330583,
            "samples_seens": 18049,
            "top_2_accuracy": 0.7012765957446808,
            "task": 0
        },
        {
            "categorial_accuracy": 0.6878723403240772,
            "epoch": 0,
            "loss": 1.2057753207835746,
            "samples_seens": 36098,
            "top_2_accuracy": 0.8183510638805146,
            "task": 1
        },
        {
            "categorial_accuracy": 0.7374468083584562,
            "epoch": 0,
            "loss": 0.8933337538800341,
            "samples_seens": 54148,
            "top_2_accuracy": 0.866648936068758,
            "task": 2
        },
        {
            "categorial_accuracy": 0.760053191387907,
            "epoch": 0,
            "loss": 0.7978750684413504,
            "samples_seens": 72197,
            "top_2_accuracy": 0.882925531965621,
            "task": 3
        },
        {
            "categorial_accuracy": 0.7997872340425531,
            "epoch": 0,
            "loss": 0.6770698133428046,
            "samples_seens": 90245,
            "top_2_accuracy": 0.9207978723911528,
            "task": 4
        },
        {
            "categorial_accuracy": 0.7962765958461355,
            "epoch": 1,
            "loss": 0.6894396533357336,
            "samples_seens": 108294,
            "top_2_accuracy": 0.9108510639819694,
            "task": 0
        },
        {
            "categorial_accuracy": 0.8044148935155666,
            "epoch": 1,
            "loss": 0.6410216724872589,
            "samples_seens": 126343,
            "top_2_accuracy": 0.9178723403748046,
            "task": 1
        },
        {
            "categorial_accuracy": 0.8151595743666304,
            "epoch": 1,
            "loss": 0.5966366116544034,
            "samples_seens": 144393,
            "top_2_accuracy": 0.9229255320163483,
            "task": 2
        },
        {
            "categorial_accuracy": 0.8209042553698763,
            "epoch": 1,
            "loss": 0.5624631183451795,
            "samples_seens": 162442,
            "top_2_accuracy": 0.9260638297365067,
            "task": 3
        },
        {
            "categorial_accuracy": 0.8299468085106383,
            "epoch": 1,
            "loss": 0.5301597280705229,
            "samples_seens": 180490,
            "top_2_accuracy": 0.93617021271523,
            "task": 4
        },
        {
            "categorial_accuracy": 0.8161170212765958,
            "epoch": 2,
            "loss": 0.6233198833465576,
            "samples_seens": 198539,
            "top_2_accuracy": 0.9262765956939535,
            "task": 0
        },
        {
            "categorial_accuracy": 0.8167553190982089,
            "epoch": 2,
            "loss": 0.611397785658532,
            "samples_seens": 216588,
            "top_2_accuracy": 0.9280851065351607,
            "task": 1
        },
        {
            "categorial_accuracy": 0.833936170212766,
            "epoch": 2,
            "loss": 0.530928675215295,
            "samples_seens": 234638,
            "top_2_accuracy": 0.9362765958461355,
            "task": 2
        },
        {
            "categorial_accuracy": 0.8425531914386344,
            "epoch": 2,
            "loss": 0.4844462190283106,
            "samples_seens": 252687,
            "top_2_accuracy": 0.9395212766971994,
            "task": 3
        },
        {
            "categorial_accuracy": 0.8347872340932806,
            "epoch": 2,
            "loss": 0.512295505822973,
            "samples_seens": 270735,
            "top_2_accuracy": 0.9400531916415438,
            "task": 4
        }
    ],
    "task_count": 5
}