{
    "name": "id2_t5_dp0.3_dc0.6_df0.1",
    "id": 2,
    "results": [
        {
            "categorial_accuracy": 0.5432446809017912,
            "epoch": 0,
            "loss": 1.9772382109215918,
            "samples_seens": 18049,
            "top_2_accuracy": 0.6949468083584562,
            "task": 0
        },
        {
            "categorial_accuracy": 0.6593085106382979,
            "epoch": 0,
            "loss": 1.2299498920237764,
            "samples_seens": 36099,
            "top_2_accuracy": 0.8020212765957446,
            "task": 1
        },
        {
            "categorial_accuracy": 0.7311170213273231,
            "epoch": 0,
            "loss": 0.9137213750595742,
            "samples_seens": 54149,
            "top_2_accuracy": 0.8604787235057101,
            "task": 2
        },
        {
            "categorial_accuracy": 0.7881914894124294,
            "epoch": 0,
            "loss": 0.7014369374133171,
            "samples_seens": 72199,
            "top_2_accuracy": 0.9032446806988818,
            "task": 3
        },
        {
            "categorial_accuracy": 0.7815425532422167,
            "epoch": 0,
            "loss": 0.6799325423037752,
            "samples_seens": 90248,
            "top_2_accuracy": 0.9114893618543097,
            "task": 4
        },
        {
            "categorial_accuracy": 0.7873404253797328,
            "epoch": 1,
            "loss": 0.7313061703012345,
            "samples_seens": 108297,
            "top_2_accuracy": 0.9019148936170213,
            "task": 0
        },
        {
            "categorial_accuracy": 0.7942021275581198,
            "epoch": 1,
            "loss": 0.7305782174556813,
            "samples_seens": 126347,
            "top_2_accuracy": 0.9096276595237407,
            "task": 1
        },
        {
            "categorial_accuracy": 0.7979787234549827,
            "epoch": 1,
            "loss": 0.6668466948448344,
            "samples_seens": 144397,
            "top_2_accuracy": 0.9128191489361702,
            "task": 2
        },
        {
            "categorial_accuracy": 0.8116489360180307,
            "epoch": 1,
            "loss": 0.6524508400673562,
            "samples_seens": 162447,
            "top_2_accuracy": 0.9222872339918259,
            "task": 3
        },
        {
            "categorial_accuracy": 0.8202659575482633,
            "epoch": 1,
            "loss": 0.5535140307152525,
            "samples_seens": 180496,
            "top_2_accuracy": 0.9341489362716675,
            "task": 4
        },
        {
            "categorial_accuracy": 0.8105851063322513,
            "epoch": 2,
            "loss": 0.6777817528805834,
            "samples_seens": 198545,
            "top_2_accuracy": 0.9184042552176942,
            "task": 0
        },
        {
            "categorial_accuracy": 0.8147872341947353,
            "epoch": 2,
            "loss": 0.6254159612604913,
            "samples_seens": 216595,
            "top_2_accuracy": 0.9248404254811875,
            "task": 1
        },
        {
            "categorial_accuracy": 0.8217021277103018,
            "epoch": 2,
            "loss": 0.592263821211267,
            "samples_seens": 234645,
            "top_2_accuracy": 0.9257446808003365,
            "task": 2
        },
        {
            "categorial_accuracy": 0.8386170211244137,
            "epoch": 2,
            "loss": 0.5057840815503547,
            "samples_seens": 252695,
            "top_2_accuracy": 0.9378723405269866,
            "task": 3
        },
        {
            "categorial_accuracy": 0.8421808509116477,
            "epoch": 2,
            "loss": 0.47888027812572237,
            "samples_seens": 270744,
            "top_2_accuracy": 0.942606382927996,
            "task": 4
        }
    ],
    "task_count": 5
}