{
    "task_count": 10,
    "results": [
        {
            "top_2_accuracy": 0.6485638296857793,
            "task": 0,
            "loss": 2.0682028196213094,
            "epoch": 0,
            "samples_seens": 9030,
            "categorial_accuracy": 0.5044148936170213
        },
        {
            "top_2_accuracy": 0.7279255320670757,
            "task": 1,
            "loss": 1.6507130131822951,
            "epoch": 0,
            "samples_seens": 18059,
            "categorial_accuracy": 0.5846276594730133
        },
        {
            "top_2_accuracy": 0.7769148937692033,
            "task": 2,
            "loss": 1.3616422348834099,
            "epoch": 0,
            "samples_seens": 27087,
            "categorial_accuracy": 0.6378191489868976
        },
        {
            "top_2_accuracy": 0.8236702128166848,
            "task": 3,
            "loss": 1.1300137541141917,
            "epoch": 0,
            "samples_seens": 36113,
            "categorial_accuracy": 0.6947872338903711
        },
        {
            "top_2_accuracy": 0.8468617020262048,
            "task": 4,
            "loss": 1.0092852266798629,
            "epoch": 0,
            "samples_seens": 45141,
            "categorial_accuracy": 0.7225531913371797
        },
        {
            "top_2_accuracy": 0.8683510637790599,
            "task": 5,
            "loss": 0.873009330110347,
            "epoch": 0,
            "samples_seens": 54168,
            "categorial_accuracy": 0.7491489360180307
        },
        {
            "top_2_accuracy": 0.8878191488347155,
            "task": 6,
            "loss": 0.7718472793254446,
            "epoch": 0,
            "samples_seens": 63195,
            "categorial_accuracy": 0.7738297870818605
        },
        {
            "top_2_accuracy": 0.8997340427053736,
            "task": 7,
            "loss": 0.7121420554404563,
            "epoch": 0,
            "samples_seens": 72223,
            "categorial_accuracy": 0.7873936170212766
        },
        {
            "top_2_accuracy": 0.914095744528669,
            "task": 8,
            "loss": 0.6668087962840465,
            "epoch": 0,
            "samples_seens": 81251,
            "categorial_accuracy": 0.7948936169198219
        },
        {
            "top_2_accuracy": 0.9170212767479268,
            "task": 9,
            "loss": 0.710862470839886,
            "epoch": 0,
            "samples_seens": 90280,
            "categorial_accuracy": 0.7933510637790598
        },
        {
            "top_2_accuracy": 0.9048936171734586,
            "task": 0,
            "loss": 0.7343090045705755,
            "epoch": 1,
            "samples_seens": 99310,
            "categorial_accuracy": 0.7910106383993271
        },
        {
            "top_2_accuracy": 0.9014361700605839,
            "task": 1,
            "loss": 0.7474192389021529,
            "epoch": 1,
            "samples_seens": 108339,
            "categorial_accuracy": 0.7866489363223949
        },
        {
            "top_2_accuracy": 0.908936170212766,
            "task": 2,
            "loss": 0.6994441654327068,
            "epoch": 1,
            "samples_seens": 117367,
            "categorial_accuracy": 0.7932978721882434
        },
        {
            "top_2_accuracy": 0.9104787232520732,
            "task": 3,
            "loss": 0.6685363068986446,
            "epoch": 1,
            "samples_seens": 126393,
            "categorial_accuracy": 0.7975000000507274
        },
        {
            "top_2_accuracy": 0.9165425533436714,
            "task": 4,
            "loss": 0.6389346134155355,
            "epoch": 1,
            "samples_seens": 135421,
            "categorial_accuracy": 0.8072872341947352
        },
        {
            "top_2_accuracy": 0.9209574469606927,
            "task": 5,
            "loss": 0.6040321292014832,
            "epoch": 1,
            "samples_seens": 144448,
            "categorial_accuracy": 0.81452127649429
        },
        {
            "top_2_accuracy": 0.9255851064844335,
            "task": 6,
            "loss": 0.5769531055967858,
            "epoch": 1,
            "samples_seens": 153475,
            "categorial_accuracy": 0.8193085106890252
        },
        {
            "top_2_accuracy": 0.9325531915908164,
            "task": 7,
            "loss": 0.5425531732528768,
            "epoch": 1,
            "samples_seens": 162503,
            "categorial_accuracy": 0.8255319149443444
        },
        {
            "top_2_accuracy": 0.935851063931242,
            "task": 8,
            "loss": 0.5291816384234327,
            "epoch": 1,
            "samples_seens": 171531,
            "categorial_accuracy": 0.8287234044075013
        },
        {
            "top_2_accuracy": 0.9294148936170212,
            "task": 9,
            "loss": 0.5894550014049449,
            "epoch": 1,
            "samples_seens": 180560,
            "categorial_accuracy": 0.8153723403748045
        },
        {
            "top_2_accuracy": 0.9222340424010094,
            "task": 0,
            "loss": 0.6507885644283701,
            "epoch": 2,
            "samples_seens": 189590,
            "categorial_accuracy": 0.8130851065351608
        },
        {
            "top_2_accuracy": 0.9202127658052648,
            "task": 1,
            "loss": 0.6465377305162714,
            "epoch": 2,
            "samples_seens": 198619,
            "categorial_accuracy": 0.814414893718476
        },
        {
            "top_2_accuracy": 0.9257446808003365,
            "task": 2,
            "loss": 0.6106914002083718,
            "epoch": 2,
            "samples_seens": 207647,
            "categorial_accuracy": 0.8210638298886888
        },
        {
            "top_2_accuracy": 0.9288829788248589,
            "task": 3,
            "loss": 0.5733939100326376,
            "epoch": 2,
            "samples_seens": 216673,
            "categorial_accuracy": 0.8235638297365067
        },
        {
            "top_2_accuracy": 0.9307446809525185,
            "task": 4,
            "loss": 0.5565714277612402,
            "epoch": 2,
            "samples_seens": 225701,
            "categorial_accuracy": 0.8307446807496092
        },
        {
            "top_2_accuracy": 0.929946808612093,
            "task": 5,
            "loss": 0.566778816060817,
            "epoch": 2,
            "samples_seens": 234728,
            "categorial_accuracy": 0.8265957447823058
        },
        {
            "top_2_accuracy": 0.9356382979737952,
            "task": 6,
            "loss": 0.5217648450110821,
            "epoch": 2,
            "samples_seens": 243755,
            "categorial_accuracy": 0.8367021278117566
        },
        {
            "top_2_accuracy": 0.9387234043567738,
            "task": 7,
            "loss": 0.49780342824915624,
            "epoch": 2,
            "samples_seens": 252783,
            "categorial_accuracy": 0.8399999998478179
        },
        {
            "top_2_accuracy": 0.9422340424517368,
            "task": 8,
            "loss": 0.4820003014168841,
            "epoch": 2,
            "samples_seens": 261811,
            "categorial_accuracy": 0.8420212765957447
        },
        {
            "top_2_accuracy": 0.9360638299394161,
            "task": 9,
            "loss": 0.5423341660296663,
            "epoch": 2,
            "samples_seens": 270840,
            "categorial_accuracy": 0.8253723404255319
        }
    ],
    "id": 2,
    "name": "id2_t10_dp0.3_dc0.6_df0.1"
}