{
    "task_count": 10,
    "results": [
        {
            "top_2_accuracy": 0.6260638297872341,
            "task": 0,
            "loss": 1.97308425659829,
            "epoch": 0,
            "samples_seens": 9029,
            "categorial_accuracy": 0.47324468090179117
        },
        {
            "top_2_accuracy": 0.7572340424517368,
            "task": 1,
            "loss": 1.4305670554587182,
            "epoch": 0,
            "samples_seens": 18057,
            "categorial_accuracy": 0.6122340427053735
        },
        {
            "top_2_accuracy": 0.8115425531914894,
            "task": 2,
            "loss": 1.1806032906187343,
            "epoch": 0,
            "samples_seens": 27085,
            "categorial_accuracy": 0.6743085105875705
        },
        {
            "top_2_accuracy": 0.8447340427053736,
            "task": 3,
            "loss": 0.996805912484514,
            "epoch": 0,
            "samples_seens": 36111,
            "categorial_accuracy": 0.7116489360180307
        },
        {
            "top_2_accuracy": 0.8676063830801781,
            "task": 4,
            "loss": 0.8909014486251994,
            "epoch": 0,
            "samples_seens": 45139,
            "categorial_accuracy": 0.7386702128166848
        },
        {
            "top_2_accuracy": 0.8853723402733499,
            "task": 5,
            "loss": 0.7841590042317167,
            "epoch": 0,
            "samples_seens": 54167,
            "categorial_accuracy": 0.7624468084091836
        },
        {
            "top_2_accuracy": 0.9011170214287778,
            "task": 6,
            "loss": 0.7023429354200972,
            "epoch": 0,
            "samples_seens": 63195,
            "categorial_accuracy": 0.7831382979230678
        },
        {
            "top_2_accuracy": 0.9157978724418803,
            "task": 7,
            "loss": 0.6388464480511685,
            "epoch": 0,
            "samples_seens": 72223,
            "categorial_accuracy": 0.7990425530393073
        },
        {
            "top_2_accuracy": 0.9221808511652845,
            "task": 8,
            "loss": 0.6292735614675157,
            "epoch": 0,
            "samples_seens": 81250,
            "categorial_accuracy": 0.8073404256333696
        },
        {
            "top_2_accuracy": 0.9268085105875705,
            "task": 9,
            "loss": 0.6398550749332347,
            "epoch": 0,
            "samples_seens": 90279,
            "categorial_accuracy": 0.8106382978216131
        },
        {
            "top_2_accuracy": 0.9172340425024641,
            "task": 0,
            "loss": 0.638182725830281,
            "epoch": 1,
            "samples_seens": 99308,
            "categorial_accuracy": 0.8054255320670757
        },
        {
            "top_2_accuracy": 0.916968085106383,
            "task": 1,
            "loss": 0.6207661188409683,
            "epoch": 1,
            "samples_seens": 108336,
            "categorial_accuracy": 0.8107446807496091
        },
        {
            "top_2_accuracy": 0.9205319149950717,
            "task": 2,
            "loss": 0.6183894902087272,
            "epoch": 1,
            "samples_seens": 117364,
            "categorial_accuracy": 0.8111170212258684
        },
        {
            "top_2_accuracy": 0.9228723403748046,
            "task": 3,
            "loss": 0.5952626314822663,
            "epoch": 1,
            "samples_seens": 126390,
            "categorial_accuracy": 0.8136702129181396
        },
        {
            "top_2_accuracy": 0.9256914892602474,
            "task": 4,
            "loss": 0.5818519936723912,
            "epoch": 1,
            "samples_seens": 135418,
            "categorial_accuracy": 0.8191489362209401
        },
        {
            "top_2_accuracy": 0.9281914893109747,
            "task": 5,
            "loss": 0.5556572561822039,
            "epoch": 1,
            "samples_seens": 144446,
            "categorial_accuracy": 0.8187234041538645
        },
        {
            "top_2_accuracy": 0.9336170213780505,
            "task": 6,
            "loss": 0.5336993499005095,
            "epoch": 1,
            "samples_seens": 153474,
            "categorial_accuracy": 0.8294148935662939
        },
        {
            "top_2_accuracy": 0.9373936171227313,
            "task": 7,
            "loss": 0.5099991088217878,
            "epoch": 1,
            "samples_seens": 162502,
            "categorial_accuracy": 0.8354787235057101
        },
        {
            "top_2_accuracy": 0.9396808511652845,
            "task": 8,
            "loss": 0.5098770821855423,
            "epoch": 1,
            "samples_seens": 171529,
            "categorial_accuracy": 0.8304787232520733
        },
        {
            "top_2_accuracy": 0.9411702128674122,
            "task": 9,
            "loss": 0.5136660554307573,
            "epoch": 1,
            "samples_seens": 180558,
            "categorial_accuracy": 0.8368617021276595
        },
        {
            "top_2_accuracy": 0.9346808509623751,
            "task": 0,
            "loss": 0.5343157162818503,
            "epoch": 2,
            "samples_seens": 189587,
            "categorial_accuracy": 0.832553191387907
        },
        {
            "top_2_accuracy": 0.9304255318134389,
            "task": 1,
            "loss": 0.5920258392171657,
            "epoch": 2,
            "samples_seens": 198615,
            "categorial_accuracy": 0.8221276595744681
        },
        {
            "top_2_accuracy": 0.9324468084091836,
            "task": 2,
            "loss": 0.543600673447264,
            "epoch": 2,
            "samples_seens": 207643,
            "categorial_accuracy": 0.8304787232520733
        },
        {
            "top_2_accuracy": 0.9356382979737952,
            "task": 3,
            "loss": 0.5285591072478193,
            "epoch": 2,
            "samples_seens": 216669,
            "categorial_accuracy": 0.8352659574468085
        },
        {
            "top_2_accuracy": 0.9345744679836516,
            "task": 4,
            "loss": 0.5411199288926226,
            "epoch": 2,
            "samples_seens": 225697,
            "categorial_accuracy": 0.8308510638297872
        },
        {
            "top_2_accuracy": 0.9395212765450173,
            "task": 5,
            "loss": 0.5016182373432403,
            "epoch": 2,
            "samples_seens": 234725,
            "categorial_accuracy": 0.8415957447315784
        },
        {
            "top_2_accuracy": 0.9418617020262049,
            "task": 6,
            "loss": 0.4785972924942666,
            "epoch": 2,
            "samples_seens": 243753,
            "categorial_accuracy": 0.8418617021276595
        },
        {
            "top_2_accuracy": 0.942180850962375,
            "task": 7,
            "loss": 0.47535209265161066,
            "epoch": 2,
            "samples_seens": 252781,
            "categorial_accuracy": 0.8445212764435626
        },
        {
            "top_2_accuracy": 0.9443085107397526,
            "task": 8,
            "loss": 0.47114716727682887,
            "epoch": 2,
            "samples_seens": 261808,
            "categorial_accuracy": 0.8435638299394161
        },
        {
            "top_2_accuracy": 0.9461702126645027,
            "task": 9,
            "loss": 0.4768450076275684,
            "epoch": 2,
            "samples_seens": 270837,
            "categorial_accuracy": 0.8422872338903711
        }
    ],
    "id": 2,
    "name": "id2_t10_dp0.5_dc0.2_df0.3"
}