{
    "task_count": 10,
    "results": [
        {
            "top_2_accuracy": 0.6210638298886888,
            "task": 0,
            "loss": 2.245069616398913,
            "epoch": 0,
            "samples_seens": 9023,
            "categorial_accuracy": 0.48228723419473524
        },
        {
            "top_2_accuracy": 0.7078723403748045,
            "task": 1,
            "loss": 1.9092452171001029,
            "epoch": 0,
            "samples_seens": 18047,
            "categorial_accuracy": 0.5641489361194854
        },
        {
            "top_2_accuracy": 0.7547340427053736,
            "task": 2,
            "loss": 1.5746099217394565,
            "epoch": 0,
            "samples_seens": 27072,
            "categorial_accuracy": 0.6214893618543097
        },
        {
            "top_2_accuracy": 0.7895744679329243,
            "task": 3,
            "loss": 1.384845187816214,
            "epoch": 0,
            "samples_seens": 36098,
            "categorial_accuracy": 0.6567553189967541
        },
        {
            "top_2_accuracy": 0.8295212766971994,
            "task": 4,
            "loss": 1.1309793328224345,
            "epoch": 0,
            "samples_seens": 45124,
            "categorial_accuracy": 0.7016489360180307
        },
        {
            "top_2_accuracy": 0.848457446859238,
            "task": 5,
            "loss": 1.0558575734686344,
            "epoch": 0,
            "samples_seens": 54150,
            "categorial_accuracy": 0.7222340427053736
        },
        {
            "top_2_accuracy": 0.8709042551669669,
            "task": 6,
            "loss": 0.8939745911638788,
            "epoch": 0,
            "samples_seens": 63176,
            "categorial_accuracy": 0.753989361752855
        },
        {
            "top_2_accuracy": 0.8952659572946264,
            "task": 7,
            "loss": 0.7378778490107111,
            "epoch": 0,
            "samples_seens": 72204,
            "categorial_accuracy": 0.7805319147414349
        },
        {
            "top_2_accuracy": 0.9124468086628204,
            "task": 8,
            "loss": 0.706074707761724,
            "epoch": 0,
            "samples_seens": 81232,
            "categorial_accuracy": 0.7945744679836517
        },
        {
            "top_2_accuracy": 0.9163829787741317,
            "task": 9,
            "loss": 0.6883240254381869,
            "epoch": 0,
            "samples_seens": 90261,
            "categorial_accuracy": 0.7929787233028006
        },
        {
            "top_2_accuracy": 0.8922872338903711,
            "task": 0,
            "loss": 0.8448125442545464,
            "epoch": 1,
            "samples_seens": 99284,
            "categorial_accuracy": 0.7731914894124294
        },
        {
            "top_2_accuracy": 0.8922872339410984,
            "task": 1,
            "loss": 0.8409948552923,
            "epoch": 1,
            "samples_seens": 108308,
            "categorial_accuracy": 0.7764361702634933
        },
        {
            "top_2_accuracy": 0.8997340426039189,
            "task": 2,
            "loss": 0.7792775234770267,
            "epoch": 1,
            "samples_seens": 117333,
            "categorial_accuracy": 0.7877659573453538
        },
        {
            "top_2_accuracy": 0.9063297870818605,
            "task": 3,
            "loss": 0.7496329921357175,
            "epoch": 1,
            "samples_seens": 126359,
            "categorial_accuracy": 0.7929255319148936
        },
        {
            "top_2_accuracy": 0.9062765955924987,
            "task": 4,
            "loss": 0.7162503741649872,
            "epoch": 1,
            "samples_seens": 135385,
            "categorial_accuracy": 0.7961702127659575
        },
        {
            "top_2_accuracy": 0.9090957448330331,
            "task": 5,
            "loss": 0.7004997474081973,
            "epoch": 1,
            "samples_seens": 144411,
            "categorial_accuracy": 0.7987765955924988
        },
        {
            "top_2_accuracy": 0.9148404255319149,
            "task": 6,
            "loss": 0.6384277400057367,
            "epoch": 1,
            "samples_seens": 153437,
            "categorial_accuracy": 0.8110638299394161
        },
        {
            "top_2_accuracy": 0.9202659575482632,
            "task": 7,
            "loss": 0.588158177441739,
            "epoch": 1,
            "samples_seens": 162465,
            "categorial_accuracy": 0.8171276595744681
        },
        {
            "top_2_accuracy": 0.9322340427053736,
            "task": 8,
            "loss": 0.5450774855562981,
            "epoch": 1,
            "samples_seens": 171493,
            "categorial_accuracy": 0.8279787234549827
        },
        {
            "top_2_accuracy": 0.929946808612093,
            "task": 9,
            "loss": 0.6032207265306027,
            "epoch": 1,
            "samples_seens": 180522,
            "categorial_accuracy": 0.8140425531914893
        },
        {
            "top_2_accuracy": 0.9029787235564374,
            "task": 0,
            "loss": 0.8480401738146518,
            "epoch": 2,
            "samples_seens": 189545,
            "categorial_accuracy": 0.7928723403748046
        },
        {
            "top_2_accuracy": 0.913563829787234,
            "task": 1,
            "loss": 0.7474589580170652,
            "epoch": 2,
            "samples_seens": 198569,
            "categorial_accuracy": 0.8073404256333696
        },
        {
            "top_2_accuracy": 0.9139893618543097,
            "task": 2,
            "loss": 0.7326176470898568,
            "epoch": 2,
            "samples_seens": 207594,
            "categorial_accuracy": 0.8056914894631568
        },
        {
            "top_2_accuracy": 0.9151063828265413,
            "task": 3,
            "loss": 0.7255304114362027,
            "epoch": 2,
            "samples_seens": 216620,
            "categorial_accuracy": 0.8097872341440079
        },
        {
            "top_2_accuracy": 0.9170212765957447,
            "task": 4,
            "loss": 0.695258108199911,
            "epoch": 2,
            "samples_seens": 225646,
            "categorial_accuracy": 0.808404255319149
        },
        {
            "top_2_accuracy": 0.9228723405269866,
            "task": 5,
            "loss": 0.6053442987482599,
            "epoch": 2,
            "samples_seens": 234672,
            "categorial_accuracy": 0.8196808511145571
        },
        {
            "top_2_accuracy": 0.926382978824859,
            "task": 6,
            "loss": 0.5857293826214811,
            "epoch": 2,
            "samples_seens": 243698,
            "categorial_accuracy": 0.8242021275581197
        },
        {
            "top_2_accuracy": 0.9313829786726769,
            "task": 7,
            "loss": 0.5367290044084508,
            "epoch": 2,
            "samples_seens": 252726,
            "categorial_accuracy": 0.8298404254304602
        },
        {
            "top_2_accuracy": 0.9396276596759228,
            "task": 8,
            "loss": 0.5037586899767531,
            "epoch": 2,
            "samples_seens": 261754,
            "categorial_accuracy": 0.833085106281524
        },
        {
            "top_2_accuracy": 0.9412234041538644,
            "task": 9,
            "loss": 0.5442957131913367,
            "epoch": 2,
            "samples_seens": 270783,
            "categorial_accuracy": 0.8259042554713311
        }
    ],
    "id": 2,
    "name": "id2_t10_dp0.3_dc0.7_df0.0"
}