{
    "task_count": 10,
    "results": [
        {
            "top_2_accuracy": 0.688404255471331,
            "task": 0,
            "loss": 1.7920451697897404,
            "epoch": 0,
            "samples_seens": 9028,
            "categorial_accuracy": 0.5322340424517368
        },
        {
            "top_2_accuracy": 0.7640957447315784,
            "task": 1,
            "loss": 1.3526652997605344,
            "epoch": 0,
            "samples_seens": 18055,
            "categorial_accuracy": 0.6123404254811875
        },
        {
            "top_2_accuracy": 0.8487765957446809,
            "task": 2,
            "loss": 0.9829187702625356,
            "epoch": 0,
            "samples_seens": 27082,
            "categorial_accuracy": 0.7127127660589015
        },
        {
            "top_2_accuracy": 0.8751595743666304,
            "task": 3,
            "loss": 0.8592355515601787,
            "epoch": 0,
            "samples_seens": 36108,
            "categorial_accuracy": 0.7449468085106383
        },
        {
            "top_2_accuracy": 0.8935106382471449,
            "task": 4,
            "loss": 0.7554637043019559,
            "epoch": 0,
            "samples_seens": 45135,
            "categorial_accuracy": 0.7713829786219495
        },
        {
            "top_2_accuracy": 0.9015425533436714,
            "task": 5,
            "loss": 0.7006721704056923,
            "epoch": 0,
            "samples_seens": 54160,
            "categorial_accuracy": 0.7827659575989906
        },
        {
            "top_2_accuracy": 0.9110638299394161,
            "task": 6,
            "loss": 0.6794594801740443,
            "epoch": 0,
            "samples_seens": 63185,
            "categorial_accuracy": 0.7974468085613656
        },
        {
            "top_2_accuracy": 0.9149468085106383,
            "task": 7,
            "loss": 0.6713327181592901,
            "epoch": 0,
            "samples_seens": 72209,
            "categorial_accuracy": 0.7918617021276596
        },
        {
            "top_2_accuracy": 0.901595744680851,
            "task": 8,
            "loss": 0.8257897836604017,
            "epoch": 0,
            "samples_seens": 81233,
            "categorial_accuracy": 0.759946808612093
        },
        {
            "top_2_accuracy": 0.8945212764942899,
            "task": 9,
            "loss": 0.8726187124150865,
            "epoch": 0,
            "samples_seens": 90256,
            "categorial_accuracy": 0.7442553193011182
        },
        {
            "top_2_accuracy": 0.9290425530900347,
            "task": 0,
            "loss": 0.5545070036675067,
            "epoch": 1,
            "samples_seens": 99284,
            "categorial_accuracy": 0.8222872340932805
        },
        {
            "top_2_accuracy": 0.9277659573960811,
            "task": 1,
            "loss": 0.552611282556615,
            "epoch": 1,
            "samples_seens": 108311,
            "categorial_accuracy": 0.8255851063322514
        },
        {
            "top_2_accuracy": 0.9332978724418802,
            "task": 2,
            "loss": 0.5396964131263976,
            "epoch": 1,
            "samples_seens": 117338,
            "categorial_accuracy": 0.8269680851571103
        },
        {
            "top_2_accuracy": 0.9343617022291143,
            "task": 3,
            "loss": 0.5159479304831078,
            "epoch": 1,
            "samples_seens": 126364,
            "categorial_accuracy": 0.8311170212258684
        },
        {
            "top_2_accuracy": 0.9365957447823058,
            "task": 4,
            "loss": 0.5148628979794523,
            "epoch": 1,
            "samples_seens": 135391,
            "categorial_accuracy": 0.8312765957954082
        },
        {
            "top_2_accuracy": 0.9353191490376249,
            "task": 5,
            "loss": 0.5080506390459995,
            "epoch": 1,
            "samples_seens": 144416,
            "categorial_accuracy": 0.83319148920952
        },
        {
            "top_2_accuracy": 0.9353723403748045,
            "task": 6,
            "loss": 0.5300301001934296,
            "epoch": 1,
            "samples_seens": 153441,
            "categorial_accuracy": 0.8313297873354972
        },
        {
            "top_2_accuracy": 0.9320212766971994,
            "task": 7,
            "loss": 0.5588259222913295,
            "epoch": 1,
            "samples_seens": 162465,
            "categorial_accuracy": 0.8225531916415437
        },
        {
            "top_2_accuracy": 0.9266489362716674,
            "task": 8,
            "loss": 0.6311807885068528,
            "epoch": 1,
            "samples_seens": 171489,
            "categorial_accuracy": 0.8016489360180307
        },
        {
            "top_2_accuracy": 0.8969148937692033,
            "task": 9,
            "loss": 0.81170033282422,
            "epoch": 1,
            "samples_seens": 180512,
            "categorial_accuracy": 0.7484574466563285
        },
        {
            "top_2_accuracy": 0.9375531913879069,
            "task": 0,
            "loss": 0.49894523364432314,
            "epoch": 2,
            "samples_seens": 189540,
            "categorial_accuracy": 0.836063829635052
        },
        {
            "top_2_accuracy": 0.9399999998985453,
            "task": 1,
            "loss": 0.49692092606361876,
            "epoch": 2,
            "samples_seens": 198567,
            "categorial_accuracy": 0.8382978721882435
        },
        {
            "top_2_accuracy": 0.9451063830801781,
            "task": 2,
            "loss": 0.4674287202764065,
            "epoch": 2,
            "samples_seens": 207594,
            "categorial_accuracy": 0.8470212766971994
        },
        {
            "top_2_accuracy": 0.9434574469099654,
            "task": 3,
            "loss": 0.4732142834206845,
            "epoch": 2,
            "samples_seens": 216620,
            "categorial_accuracy": 0.8452659575989906
        },
        {
            "top_2_accuracy": 0.9442021277610292,
            "task": 4,
            "loss": 0.45816209975709304,
            "epoch": 2,
            "samples_seens": 225647,
            "categorial_accuracy": 0.8460106384500544
        },
        {
            "top_2_accuracy": 0.9429255320163483,
            "task": 5,
            "loss": 0.4658617187053599,
            "epoch": 2,
            "samples_seens": 234672,
            "categorial_accuracy": 0.8430851063829787
        },
        {
            "top_2_accuracy": 0.9435106381964177,
            "task": 6,
            "loss": 0.466376712880236,
            "epoch": 2,
            "samples_seens": 243697,
            "categorial_accuracy": 0.8407446806988818
        },
        {
            "top_2_accuracy": 0.9391489362716675,
            "task": 7,
            "loss": 0.5132927682298295,
            "epoch": 2,
            "samples_seens": 252721,
            "categorial_accuracy": 0.8278723405269867
        },
        {
            "top_2_accuracy": 0.930478723353528,
            "task": 8,
            "loss": 0.5971805004363364,
            "epoch": 2,
            "samples_seens": 261745,
            "categorial_accuracy": 0.8064893616514003
        },
        {
            "top_2_accuracy": 0.9228191490883523,
            "task": 9,
            "loss": 0.658839037063274,
            "epoch": 2,
            "samples_seens": 270768,
            "categorial_accuracy": 0.7887234044075012
        }
    ],
    "id": 2,
    "name": "id2_t10_dp0.0_dc0.3_df0.7"
}