{
    "task_count": 10,
    "results": [
        {
            "top_2_accuracy": 0.6646808510638298,
            "task": 0,
            "loss": 1.9585921823217514,
            "epoch": 0,
            "samples_seens": 9030,
            "categorial_accuracy": 0.5195744681358337
        },
        {
            "top_2_accuracy": 0.7225531913371797,
            "task": 1,
            "loss": 1.582314208619138,
            "epoch": 0,
            "samples_seens": 18060,
            "categorial_accuracy": 0.5743085105875705
        },
        {
            "top_2_accuracy": 0.7878191490883523,
            "task": 2,
            "loss": 1.3520650881909309,
            "epoch": 0,
            "samples_seens": 27088,
            "categorial_accuracy": 0.648989361752855
        },
        {
            "top_2_accuracy": 0.8262234043060465,
            "task": 3,
            "loss": 1.127467867567184,
            "epoch": 0,
            "samples_seens": 36114,
            "categorial_accuracy": 0.6889361703142207
        },
        {
            "top_2_accuracy": 0.8572340425531915,
            "task": 4,
            "loss": 0.9678651004649224,
            "epoch": 0,
            "samples_seens": 45142,
            "categorial_accuracy": 0.7312234044075012
        },
        {
            "top_2_accuracy": 0.8757446808003365,
            "task": 5,
            "loss": 0.8390645773360069,
            "epoch": 0,
            "samples_seens": 54170,
            "categorial_accuracy": 0.7530851063322513
        },
        {
            "top_2_accuracy": 0.8873936171227313,
            "task": 6,
            "loss": 0.7824030806155915,
            "epoch": 0,
            "samples_seens": 63196,
            "categorial_accuracy": 0.7661170213780505
        },
        {
            "top_2_accuracy": 0.9065957448330332,
            "task": 7,
            "loss": 0.7010848815897678,
            "epoch": 0,
            "samples_seens": 72224,
            "categorial_accuracy": 0.7843085106382979
        },
        {
            "top_2_accuracy": 0.9178191489361702,
            "task": 8,
            "loss": 0.6739404013309073,
            "epoch": 0,
            "samples_seens": 81254,
            "categorial_accuracy": 0.7986702126137754
        },
        {
            "top_2_accuracy": 0.8979787234042553,
            "task": 9,
            "loss": 0.8848216526559058,
            "epoch": 0,
            "samples_seens": 90284,
            "categorial_accuracy": 0.745531914893617
        },
        {
            "top_2_accuracy": 0.9035638298379614,
            "task": 0,
            "loss": 0.7436800464163436,
            "epoch": 1,
            "samples_seens": 99314,
            "categorial_accuracy": 0.7887234041538644
        },
        {
            "top_2_accuracy": 0.9063829786726769,
            "task": 1,
            "loss": 0.735535055170668,
            "epoch": 1,
            "samples_seens": 108344,
            "categorial_accuracy": 0.7914893617021277
        },
        {
            "top_2_accuracy": 0.9166489361194854,
            "task": 2,
            "loss": 0.6400419100801995,
            "epoch": 1,
            "samples_seens": 117372,
            "categorial_accuracy": 0.8061702126645027
        },
        {
            "top_2_accuracy": 0.9147872341947353,
            "task": 3,
            "loss": 0.659681177392919,
            "epoch": 1,
            "samples_seens": 126398,
            "categorial_accuracy": 0.8042553193011183
        },
        {
            "top_2_accuracy": 0.9158510637790599,
            "task": 4,
            "loss": 0.6507769177061447,
            "epoch": 1,
            "samples_seens": 135426,
            "categorial_accuracy": 0.8095744679836516
        },
        {
            "top_2_accuracy": 0.9213297871833152,
            "task": 5,
            "loss": 0.5944480898025188,
            "epoch": 1,
            "samples_seens": 144454,
            "categorial_accuracy": 0.8206382977708857
        },
        {
            "top_2_accuracy": 0.9254255318134389,
            "task": 6,
            "loss": 0.5735093979632601,
            "epoch": 1,
            "samples_seens": 153480,
            "categorial_accuracy": 0.8216489362209402
        },
        {
            "top_2_accuracy": 0.9276595745188124,
            "task": 7,
            "loss": 0.5585264821509097,
            "epoch": 1,
            "samples_seens": 162508,
            "categorial_accuracy": 0.8227127660081741
        },
        {
            "top_2_accuracy": 0.9268617022798417,
            "task": 8,
            "loss": 0.597945245605834,
            "epoch": 1,
            "samples_seens": 171538,
            "categorial_accuracy": 0.817287234144008
        },
        {
            "top_2_accuracy": 0.9178723404255319,
            "task": 9,
            "loss": 0.7227865507754874,
            "epoch": 1,
            "samples_seens": 180568,
            "categorial_accuracy": 0.7842021277103018
        },
        {
            "top_2_accuracy": 0.9228723403240772,
            "task": 0,
            "loss": 0.6771393983414833,
            "epoch": 2,
            "samples_seens": 189598,
            "categorial_accuracy": 0.8155319148428897
        },
        {
            "top_2_accuracy": 0.9222340425024641,
            "task": 1,
            "loss": 0.691331422328949,
            "epoch": 2,
            "samples_seens": 198628,
            "categorial_accuracy": 0.8144680852585651
        },
        {
            "top_2_accuracy": 0.9272872339918259,
            "task": 2,
            "loss": 0.6476469790935516,
            "epoch": 2,
            "samples_seens": 207656,
            "categorial_accuracy": 0.821276595896863
        },
        {
            "top_2_accuracy": 0.9288297871325878,
            "task": 3,
            "loss": 0.5931908808363245,
            "epoch": 2,
            "samples_seens": 216682,
            "categorial_accuracy": 0.8218617021276595
        },
        {
            "top_2_accuracy": 0.9301595745695398,
            "task": 4,
            "loss": 0.5776125029807395,
            "epoch": 2,
            "samples_seens": 225710,
            "categorial_accuracy": 0.8266489360180307
        },
        {
            "top_2_accuracy": 0.9346808510131024,
            "task": 5,
            "loss": 0.5217949305950327,
            "epoch": 2,
            "samples_seens": 234738,
            "categorial_accuracy": 0.8349999998478179
        },
        {
            "top_2_accuracy": 0.9343617021783869,
            "task": 6,
            "loss": 0.5145644947062148,
            "epoch": 2,
            "samples_seens": 243764,
            "categorial_accuracy": 0.8345212765957447
        },
        {
            "top_2_accuracy": 0.9346808509623751,
            "task": 7,
            "loss": 0.5092310689104365,
            "epoch": 2,
            "samples_seens": 252792,
            "categorial_accuracy": 0.8296808509116477
        },
        {
            "top_2_accuracy": 0.9399468084091835,
            "task": 8,
            "loss": 0.4915917232188773,
            "epoch": 2,
            "samples_seens": 261822,
            "categorial_accuracy": 0.83797872350571
        },
        {
            "top_2_accuracy": 0.9282446808510638,
            "task": 9,
            "loss": 0.6150674297961783,
            "epoch": 2,
            "samples_seens": 270852,
            "categorial_accuracy": 0.8025531914893617
        }
    ],
    "id": 2,
    "name": "id2_t10_dp0.1_dc0.8_df0.1"
}