{
    "task_count": 10,
    "results": [
        {
            "top_2_accuracy": 0.6921808512160118,
            "task": 0,
            "loss": 1.6930681237768619,
            "epoch": 0,
            "samples_seens": 9029,
            "categorial_accuracy": 0.5450000000760911
        },
        {
            "top_2_accuracy": 0.7771276596759228,
            "task": 1,
            "loss": 1.309139791346611,
            "epoch": 0,
            "samples_seens": 18056,
            "categorial_accuracy": 0.6292021277103018
        },
        {
            "top_2_accuracy": 0.8293617021783869,
            "task": 2,
            "loss": 1.052761331111827,
            "epoch": 0,
            "samples_seens": 27083,
            "categorial_accuracy": 0.6941489361194854
        },
        {
            "top_2_accuracy": 0.8569680851571103,
            "task": 3,
            "loss": 0.9259414363414683,
            "epoch": 0,
            "samples_seens": 36109,
            "categorial_accuracy": 0.7250531915908164
        },
        {
            "top_2_accuracy": 0.8777659575482633,
            "task": 4,
            "loss": 0.80388695772658,
            "epoch": 0,
            "samples_seens": 45137,
            "categorial_accuracy": 0.7571808511652846
        },
        {
            "top_2_accuracy": 0.8936702127659575,
            "task": 5,
            "loss": 0.7354577200970751,
            "epoch": 0,
            "samples_seens": 54165,
            "categorial_accuracy": 0.7729787232520733
        },
        {
            "top_2_accuracy": 0.9024468084091836,
            "task": 6,
            "loss": 0.6907918490247523,
            "epoch": 0,
            "samples_seens": 63191,
            "categorial_accuracy": 0.7840425530900347
        },
        {
            "top_2_accuracy": 0.9193085106382979,
            "task": 7,
            "loss": 0.6310677742450795,
            "epoch": 0,
            "samples_seens": 72218,
            "categorial_accuracy": 0.8072872341947352
        },
        {
            "top_2_accuracy": 0.9204787232520732,
            "task": 8,
            "loss": 0.6696262151636976,
            "epoch": 0,
            "samples_seens": 81245,
            "categorial_accuracy": 0.7998936169705493
        },
        {
            "top_2_accuracy": 0.9301595744173577,
            "task": 9,
            "loss": 0.5854811338668174,
            "epoch": 0,
            "samples_seens": 90274,
            "categorial_accuracy": 0.8173936168690945
        },
        {
            "top_2_accuracy": 0.9228723405269866,
            "task": 0,
            "loss": 0.592779338258378,
            "epoch": 1,
            "samples_seens": 99303,
            "categorial_accuracy": 0.8132978722896982
        },
        {
            "top_2_accuracy": 0.9270212767479268,
            "task": 1,
            "loss": 0.585965606557562,
            "epoch": 1,
            "samples_seens": 108330,
            "categorial_accuracy": 0.8176063830294508
        },
        {
            "top_2_accuracy": 0.9252127659067194,
            "task": 2,
            "loss": 0.5677989466646884,
            "epoch": 1,
            "samples_seens": 117357,
            "categorial_accuracy": 0.821436170364948
        },
        {
            "top_2_accuracy": 0.929042553140762,
            "task": 3,
            "loss": 0.5609664623027152,
            "epoch": 1,
            "samples_seens": 126383,
            "categorial_accuracy": 0.8193085107397526
        },
        {
            "top_2_accuracy": 0.9332978722896982,
            "task": 4,
            "loss": 0.5371459707047077,
            "epoch": 1,
            "samples_seens": 135411,
            "categorial_accuracy": 0.8319148934648392
        },
        {
            "top_2_accuracy": 0.9329255320163483,
            "task": 5,
            "loss": 0.5422852199635607,
            "epoch": 1,
            "samples_seens": 144439,
            "categorial_accuracy": 0.8289361701113113
        },
        {
            "top_2_accuracy": 0.9364361701620386,
            "task": 6,
            "loss": 0.5201522360203114,
            "epoch": 1,
            "samples_seens": 153465,
            "categorial_accuracy": 0.8309574467577833
        },
        {
            "top_2_accuracy": 0.9383510639819693,
            "task": 7,
            "loss": 0.5031793472107421,
            "epoch": 1,
            "samples_seens": 162492,
            "categorial_accuracy": 0.8376063828265413
        },
        {
            "top_2_accuracy": 0.9395744681865611,
            "task": 8,
            "loss": 0.5067709306706774,
            "epoch": 1,
            "samples_seens": 171519,
            "categorial_accuracy": 0.8342553190474814
        },
        {
            "top_2_accuracy": 0.9405319149950717,
            "task": 9,
            "loss": 0.5022924531520682,
            "epoch": 1,
            "samples_seens": 180548,
            "categorial_accuracy": 0.8351063829787234
        },
        {
            "top_2_accuracy": 0.9336702126645028,
            "task": 0,
            "loss": 0.5304946212058371,
            "epoch": 2,
            "samples_seens": 189577,
            "categorial_accuracy": 0.8313297871833152
        },
        {
            "top_2_accuracy": 0.9362234042045918,
            "task": 1,
            "loss": 0.5023566620907884,
            "epoch": 2,
            "samples_seens": 198604,
            "categorial_accuracy": 0.8371808509116477
        },
        {
            "top_2_accuracy": 0.9378191488347155,
            "task": 2,
            "loss": 0.5089374100654683,
            "epoch": 2,
            "samples_seens": 207631,
            "categorial_accuracy": 0.8394148937692033
        },
        {
            "top_2_accuracy": 0.9378723405269866,
            "task": 3,
            "loss": 0.5063410243835855,
            "epoch": 2,
            "samples_seens": 216657,
            "categorial_accuracy": 0.8375531913371796
        },
        {
            "top_2_accuracy": 0.938085106281524,
            "task": 4,
            "loss": 0.49601385641605295,
            "epoch": 2,
            "samples_seens": 225685,
            "categorial_accuracy": 0.8402127659067194
        },
        {
            "top_2_accuracy": 0.9410106383993271,
            "task": 5,
            "loss": 0.4880368653510479,
            "epoch": 2,
            "samples_seens": 234713,
            "categorial_accuracy": 0.845000000152182
        },
        {
            "top_2_accuracy": 0.9428723403748046,
            "task": 6,
            "loss": 0.469879662762297,
            "epoch": 2,
            "samples_seens": 243739,
            "categorial_accuracy": 0.8445744680343791
        },
        {
            "top_2_accuracy": 0.9447340424517368,
            "task": 7,
            "loss": 0.4627939090069304,
            "epoch": 2,
            "samples_seens": 252766,
            "categorial_accuracy": 0.8465425533436715
        },
        {
            "top_2_accuracy": 0.9468085107397526,
            "task": 8,
            "loss": 0.46174110744861846,
            "epoch": 2,
            "samples_seens": 261793,
            "categorial_accuracy": 0.8486170212765958
        },
        {
            "top_2_accuracy": 0.9465957446301237,
            "task": 9,
            "loss": 0.4672365225375967,
            "epoch": 2,
            "samples_seens": 270822,
            "categorial_accuracy": 0.8463297873354972
        }
    ],
    "id": 2,
    "name": "id2_t10_dp0.5_dc0.0_df0.5"
}