{
    "task_count": 10,
    "results": [
        {
            "top_2_accuracy": 0.6542021278117566,
            "task": 0,
            "loss": 1.9085825658351816,
            "epoch": 0,
            "samples_seens": 9029,
            "categorial_accuracy": 0.49765957441735775
        },
        {
            "top_2_accuracy": 0.75952127649429,
            "task": 1,
            "loss": 1.4308055242579034,
            "epoch": 0,
            "samples_seens": 18057,
            "categorial_accuracy": 0.6045744682372884
        },
        {
            "top_2_accuracy": 0.8176063830294508,
            "task": 2,
            "loss": 1.1329178327195188,
            "epoch": 0,
            "samples_seens": 27085,
            "categorial_accuracy": 0.6837234041538645
        },
        {
            "top_2_accuracy": 0.8507978723404256,
            "task": 3,
            "loss": 0.9599667602904299,
            "epoch": 0,
            "samples_seens": 36112,
            "categorial_accuracy": 0.7189893616514003
        },
        {
            "top_2_accuracy": 0.8688297872847699,
            "task": 4,
            "loss": 0.8693430363371017,
            "epoch": 0,
            "samples_seens": 45139,
            "categorial_accuracy": 0.7440957446301237
        },
        {
            "top_2_accuracy": 0.8902659574975359,
            "task": 5,
            "loss": 0.7560372467751199,
            "epoch": 0,
            "samples_seens": 54167,
            "categorial_accuracy": 0.7735638296857793
        },
        {
            "top_2_accuracy": 0.9053191490376249,
            "task": 6,
            "loss": 0.6842327604902552,
            "epoch": 0,
            "samples_seens": 63193,
            "categorial_accuracy": 0.7926063830294507
        },
        {
            "top_2_accuracy": 0.9156382979737951,
            "task": 7,
            "loss": 0.66390063777883,
            "epoch": 0,
            "samples_seens": 72221,
            "categorial_accuracy": 0.7973936170212766
        },
        {
            "top_2_accuracy": 0.9153723405269867,
            "task": 8,
            "loss": 0.6726233353006079,
            "epoch": 0,
            "samples_seens": 81250,
            "categorial_accuracy": 0.7905319147921623
        },
        {
            "top_2_accuracy": 0.9156382978723404,
            "task": 9,
            "loss": 0.704811999087638,
            "epoch": 0,
            "samples_seens": 90280,
            "categorial_accuracy": 0.7813297873354973
        },
        {
            "top_2_accuracy": 0.9209574469606927,
            "task": 0,
            "loss": 0.6279852009326854,
            "epoch": 1,
            "samples_seens": 99309,
            "categorial_accuracy": 0.8124468085106383
        },
        {
            "top_2_accuracy": 0.9205851065351608,
            "task": 1,
            "loss": 0.6279209186422064,
            "epoch": 1,
            "samples_seens": 108337,
            "categorial_accuracy": 0.814627659574468
        },
        {
            "top_2_accuracy": 0.9244148937692034,
            "task": 2,
            "loss": 0.5931424197998453,
            "epoch": 1,
            "samples_seens": 117365,
            "categorial_accuracy": 0.8205851062307966
        },
        {
            "top_2_accuracy": 0.9278723405269866,
            "task": 3,
            "loss": 0.5665111796653017,
            "epoch": 1,
            "samples_seens": 126392,
            "categorial_accuracy": 0.8243085105368432
        },
        {
            "top_2_accuracy": 0.9300000001014547,
            "task": 4,
            "loss": 0.5485373415084596,
            "epoch": 1,
            "samples_seens": 135419,
            "categorial_accuracy": 0.8261702127659575
        },
        {
            "top_2_accuracy": 0.93297872350571,
            "task": 5,
            "loss": 0.520267976649264,
            "epoch": 1,
            "samples_seens": 144447,
            "categorial_accuracy": 0.8335106381456903
        },
        {
            "top_2_accuracy": 0.9353723405269866,
            "task": 6,
            "loss": 0.5275967838155462,
            "epoch": 1,
            "samples_seens": 153473,
            "categorial_accuracy": 0.8324468084599109
        },
        {
            "top_2_accuracy": 0.9409574467070559,
            "task": 7,
            "loss": 0.5026967187130705,
            "epoch": 1,
            "samples_seens": 162501,
            "categorial_accuracy": 0.8370212765957447
        },
        {
            "top_2_accuracy": 0.9356914893109748,
            "task": 8,
            "loss": 0.5298596880030125,
            "epoch": 1,
            "samples_seens": 171530,
            "categorial_accuracy": 0.8301595744680851
        },
        {
            "top_2_accuracy": 0.9134574466563286,
            "task": 9,
            "loss": 0.770966697905926,
            "epoch": 1,
            "samples_seens": 180560,
            "categorial_accuracy": 0.7770212766971994
        },
        {
            "top_2_accuracy": 0.9369680852078377,
            "task": 0,
            "loss": 0.5258201797718698,
            "epoch": 2,
            "samples_seens": 189589,
            "categorial_accuracy": 0.8359574469606927
        },
        {
            "top_2_accuracy": 0.9331382978216131,
            "task": 1,
            "loss": 0.5447272371484878,
            "epoch": 2,
            "samples_seens": 198617,
            "categorial_accuracy": 0.8274468083584562
        },
        {
            "top_2_accuracy": 0.9342553192503908,
            "task": 2,
            "loss": 0.5608164994767372,
            "epoch": 2,
            "samples_seens": 207645,
            "categorial_accuracy": 0.831063829787234
        },
        {
            "top_2_accuracy": 0.9377659575482632,
            "task": 3,
            "loss": 0.5092831170558929,
            "epoch": 2,
            "samples_seens": 216672,
            "categorial_accuracy": 0.838404255471331
        },
        {
            "top_2_accuracy": 0.9409042552684216,
            "task": 4,
            "loss": 0.494671100733128,
            "epoch": 2,
            "samples_seens": 225699,
            "categorial_accuracy": 0.8359042554206036
        },
        {
            "top_2_accuracy": 0.9389893618035824,
            "task": 5,
            "loss": 0.4932560035776585,
            "epoch": 2,
            "samples_seens": 234727,
            "categorial_accuracy": 0.8372872341440079
        },
        {
            "top_2_accuracy": 0.9406914892602474,
            "task": 6,
            "loss": 0.47942058690050815,
            "epoch": 2,
            "samples_seens": 243753,
            "categorial_accuracy": 0.8445744680343791
        },
        {
            "top_2_accuracy": 0.940478723353528,
            "task": 7,
            "loss": 0.4812925933777018,
            "epoch": 2,
            "samples_seens": 252781,
            "categorial_accuracy": 0.8432978721882435
        },
        {
            "top_2_accuracy": 0.9406914893109748,
            "task": 8,
            "loss": 0.4950319866677548,
            "epoch": 2,
            "samples_seens": 261810,
            "categorial_accuracy": 0.8357446809017912
        },
        {
            "top_2_accuracy": 0.9338829787234042,
            "task": 9,
            "loss": 0.5473032594995296,
            "epoch": 2,
            "samples_seens": 270840,
            "categorial_accuracy": 0.8169680850556557
        }
    ],
    "id": 2,
    "name": "id2_t10_dp0.1_dc0.6_df0.3"
}