{
    "task_count": 10,
    "results": [
        {
            "top_2_accuracy": 0.6758510637790599,
            "task": 0,
            "loss": 1.813215993414534,
            "epoch": 0,
            "samples_seens": 9028,
            "categorial_accuracy": 0.5168617021530233
        },
        {
            "top_2_accuracy": 0.8007446809017912,
            "task": 1,
            "loss": 1.216681429173084,
            "epoch": 0,
            "samples_seens": 18056,
            "categorial_accuracy": 0.6578723404255319
        },
        {
            "top_2_accuracy": 0.8452659575989906,
            "task": 2,
            "loss": 0.989445278238743,
            "epoch": 0,
            "samples_seens": 27084,
            "categorial_accuracy": 0.7135638298379614
        },
        {
            "top_2_accuracy": 0.8629255319148936,
            "task": 3,
            "loss": 0.9117894417174319,
            "epoch": 0,
            "samples_seens": 36111,
            "categorial_accuracy": 0.7319680850556556
        },
        {
            "top_2_accuracy": 0.8909042551669669,
            "task": 4,
            "loss": 0.763715273217952,
            "epoch": 0,
            "samples_seens": 45137,
            "categorial_accuracy": 0.7702659574975359
        },
        {
            "top_2_accuracy": 0.9023936169705492,
            "task": 5,
            "loss": 0.7004776487451918,
            "epoch": 0,
            "samples_seens": 54165,
            "categorial_accuracy": 0.7809574467070559
        },
        {
            "top_2_accuracy": 0.9098404254811875,
            "task": 6,
            "loss": 0.6572235038939943,
            "epoch": 0,
            "samples_seens": 63190,
            "categorial_accuracy": 0.7971276596759228
        },
        {
            "top_2_accuracy": 0.915372340425532,
            "task": 7,
            "loss": 0.6798347179433133,
            "epoch": 0,
            "samples_seens": 72218,
            "categorial_accuracy": 0.7987234041538644
        },
        {
            "top_2_accuracy": 0.9163297872340426,
            "task": 8,
            "loss": 0.7016251978468387,
            "epoch": 0,
            "samples_seens": 81247,
            "categorial_accuracy": 0.7905319148936171
        },
        {
            "top_2_accuracy": 0.9186702127659574,
            "task": 9,
            "loss": 0.70759858202427,
            "epoch": 0,
            "samples_seens": 90277,
            "categorial_accuracy": 0.7782978723911529
        },
        {
            "top_2_accuracy": 0.9306382979737952,
            "task": 0,
            "loss": 0.5544439806836716,
            "epoch": 1,
            "samples_seens": 99305,
            "categorial_accuracy": 0.8219680850556557
        },
        {
            "top_2_accuracy": 0.9302127661096289,
            "task": 1,
            "loss": 0.5541725088434016,
            "epoch": 1,
            "samples_seens": 108333,
            "categorial_accuracy": 0.8229787234042554
        },
        {
            "top_2_accuracy": 0.9324468084091836,
            "task": 2,
            "loss": 0.5476589969878501,
            "epoch": 1,
            "samples_seens": 117361,
            "categorial_accuracy": 0.8247340426039188
        },
        {
            "top_2_accuracy": 0.9345212766971994,
            "task": 3,
            "loss": 0.5258665122123475,
            "epoch": 1,
            "samples_seens": 126388,
            "categorial_accuracy": 0.8315425531914894
        },
        {
            "top_2_accuracy": 0.9369680850556557,
            "task": 4,
            "loss": 0.5129710022946622,
            "epoch": 1,
            "samples_seens": 135414,
            "categorial_accuracy": 0.8348936168690946
        },
        {
            "top_2_accuracy": 0.9381382979737951,
            "task": 5,
            "loss": 0.5051710976945593,
            "epoch": 1,
            "samples_seens": 144442,
            "categorial_accuracy": 0.8356382979737952
        },
        {
            "top_2_accuracy": 0.9392553190474815,
            "task": 6,
            "loss": 0.4916468260389693,
            "epoch": 1,
            "samples_seens": 153467,
            "categorial_accuracy": 0.8398404256333696
        },
        {
            "top_2_accuracy": 0.93952127649429,
            "task": 7,
            "loss": 0.5200756754773729,
            "epoch": 1,
            "samples_seens": 162495,
            "categorial_accuracy": 0.8338297871833152
        },
        {
            "top_2_accuracy": 0.9381382978216131,
            "task": 8,
            "loss": 0.558613751238965,
            "epoch": 1,
            "samples_seens": 171524,
            "categorial_accuracy": 0.8242553190474815
        },
        {
            "top_2_accuracy": 0.9305319149950717,
            "task": 9,
            "loss": 0.5949176098438019,
            "epoch": 1,
            "samples_seens": 180554,
            "categorial_accuracy": 0.8073404254304601
        },
        {
            "top_2_accuracy": 0.9403723403748045,
            "task": 0,
            "loss": 0.49551532976170803,
            "epoch": 2,
            "samples_seens": 189582,
            "categorial_accuracy": 0.840531915045799
        },
        {
            "top_2_accuracy": 0.942287234144008,
            "task": 1,
            "loss": 0.49108824288591424,
            "epoch": 2,
            "samples_seens": 198610,
            "categorial_accuracy": 0.8418617022798417
        },
        {
            "top_2_accuracy": 0.9415957445793963,
            "task": 2,
            "loss": 0.49121238543632184,
            "epoch": 2,
            "samples_seens": 207638,
            "categorial_accuracy": 0.8436170212258683
        },
        {
            "top_2_accuracy": 0.9395212765450173,
            "task": 3,
            "loss": 0.49523764767545336,
            "epoch": 2,
            "samples_seens": 216665,
            "categorial_accuracy": 0.8427127661096289
        },
        {
            "top_2_accuracy": 0.944414893718476,
            "task": 4,
            "loss": 0.45943771803632694,
            "epoch": 2,
            "samples_seens": 225691,
            "categorial_accuracy": 0.8487234042553191
        },
        {
            "top_2_accuracy": 0.9459042554206036,
            "task": 5,
            "loss": 0.4580648059540607,
            "epoch": 2,
            "samples_seens": 234719,
            "categorial_accuracy": 0.8457446810032458
        },
        {
            "top_2_accuracy": 0.9425000001014547,
            "task": 6,
            "loss": 0.47055498952561237,
            "epoch": 2,
            "samples_seens": 243744,
            "categorial_accuracy": 0.8427659573960812
        },
        {
            "top_2_accuracy": 0.9401595744173578,
            "task": 7,
            "loss": 0.49779091959304,
            "epoch": 2,
            "samples_seens": 252772,
            "categorial_accuracy": 0.8363297870818605
        },
        {
            "top_2_accuracy": 0.9378191488854428,
            "task": 8,
            "loss": 0.5557503155190894,
            "epoch": 2,
            "samples_seens": 261801,
            "categorial_accuracy": 0.825372340577714
        },
        {
            "top_2_accuracy": 0.937500000152182,
            "task": 9,
            "loss": 0.5483689672642565,
            "epoch": 2,
            "samples_seens": 270831,
            "categorial_accuracy": 0.8146808510638298
        }
    ],
    "id": 2,
    "name": "id2_t10_dp0.1_dc0.3_df0.6"
}