{
    "task_count": 10,
    "results": [
        {
            "top_2_accuracy": 0.6485638298379613,
            "task": 0,
            "loss": 2.005681008075146,
            "epoch": 0,
            "samples_seens": 9030,
            "categorial_accuracy": 0.509893617072004
        },
        {
            "top_2_accuracy": 0.7204787234042553,
            "task": 1,
            "loss": 1.6847498105434662,
            "epoch": 0,
            "samples_seens": 18059,
            "categorial_accuracy": 0.5781914895138842
        },
        {
            "top_2_accuracy": 0.7615425531914893,
            "task": 2,
            "loss": 1.4820845687135737,
            "epoch": 0,
            "samples_seens": 27087,
            "categorial_accuracy": 0.6219680852078376
        },
        {
            "top_2_accuracy": 0.8094148935662939,
            "task": 3,
            "loss": 1.183286642723895,
            "epoch": 0,
            "samples_seens": 36112,
            "categorial_accuracy": 0.6747340424517367
        },
        {
            "top_2_accuracy": 0.8378723404762592,
            "task": 4,
            "loss": 1.0568974126653468,
            "epoch": 0,
            "samples_seens": 45140,
            "categorial_accuracy": 0.7110106381456903
        },
        {
            "top_2_accuracy": 0.8551595743666304,
            "task": 5,
            "loss": 0.987120550033894,
            "epoch": 0,
            "samples_seens": 54166,
            "categorial_accuracy": 0.7287234041538644
        },
        {
            "top_2_accuracy": 0.879627659422286,
            "task": 6,
            "loss": 0.8271346300713559,
            "epoch": 0,
            "samples_seens": 63193,
            "categorial_accuracy": 0.7591489362209402
        },
        {
            "top_2_accuracy": 0.8971808510131024,
            "task": 7,
            "loss": 0.7291671955331843,
            "epoch": 0,
            "samples_seens": 72221,
            "categorial_accuracy": 0.7792553191489362
        },
        {
            "top_2_accuracy": 0.9131914893109748,
            "task": 8,
            "loss": 0.6553212996239358,
            "epoch": 0,
            "samples_seens": 81249,
            "categorial_accuracy": 0.8014893617021277
        },
        {
            "top_2_accuracy": 0.9172340426039188,
            "task": 9,
            "loss": 0.6531382275642232,
            "epoch": 0,
            "samples_seens": 90277,
            "categorial_accuracy": 0.804468085106383
        },
        {
            "top_2_accuracy": 0.9045212766971994,
            "task": 0,
            "loss": 0.7318953661208457,
            "epoch": 1,
            "samples_seens": 99307,
            "categorial_accuracy": 0.7891489361702128
        },
        {
            "top_2_accuracy": 0.8992021276088471,
            "task": 1,
            "loss": 0.7711304400322285,
            "epoch": 1,
            "samples_seens": 108336,
            "categorial_accuracy": 0.7833510639819693
        },
        {
            "top_2_accuracy": 0.905904255471331,
            "task": 2,
            "loss": 0.6945153531115106,
            "epoch": 1,
            "samples_seens": 117364,
            "categorial_accuracy": 0.7915957448330332
        },
        {
            "top_2_accuracy": 0.905904255471331,
            "task": 3,
            "loss": 0.721854243633595,
            "epoch": 1,
            "samples_seens": 126389,
            "categorial_accuracy": 0.7888297871833152
        },
        {
            "top_2_accuracy": 0.9074468086628203,
            "task": 4,
            "loss": 0.7273275201371375,
            "epoch": 1,
            "samples_seens": 135417,
            "categorial_accuracy": 0.7951063828265413
        },
        {
            "top_2_accuracy": 0.9119680850556556,
            "task": 5,
            "loss": 0.6562724815277343,
            "epoch": 1,
            "samples_seens": 144443,
            "categorial_accuracy": 0.8025531914893617
        },
        {
            "top_2_accuracy": 0.9200531915908164,
            "task": 6,
            "loss": 0.6053868444422458,
            "epoch": 1,
            "samples_seens": 153470,
            "categorial_accuracy": 0.8147340424517368
        },
        {
            "top_2_accuracy": 0.9260638299394162,
            "task": 7,
            "loss": 0.5619613715689233,
            "epoch": 1,
            "samples_seens": 162498,
            "categorial_accuracy": 0.8229255318641663
        },
        {
            "top_2_accuracy": 0.9332978724926076,
            "task": 8,
            "loss": 0.5338410097487429,
            "epoch": 1,
            "samples_seens": 171526,
            "categorial_accuracy": 0.8293617022291143
        },
        {
            "top_2_accuracy": 0.9365425531914894,
            "task": 9,
            "loss": 0.5239529548807347,
            "epoch": 1,
            "samples_seens": 180554,
            "categorial_accuracy": 0.8332446809525186
        },
        {
            "top_2_accuracy": 0.9157978721882435,
            "task": 0,
            "loss": 0.7168857727405873,
            "epoch": 2,
            "samples_seens": 189584,
            "categorial_accuracy": 0.8094148935155666
        },
        {
            "top_2_accuracy": 0.9212765957446809,
            "task": 1,
            "loss": 0.6767641253674284,
            "epoch": 2,
            "samples_seens": 198613,
            "categorial_accuracy": 0.8126063829787235
        },
        {
            "top_2_accuracy": 0.9171276596759228,
            "task": 2,
            "loss": 0.684102904745873,
            "epoch": 2,
            "samples_seens": 207641,
            "categorial_accuracy": 0.8044148935662939
        },
        {
            "top_2_accuracy": 0.9261170213780504,
            "task": 3,
            "loss": 0.5990623504811144,
            "epoch": 2,
            "samples_seens": 216666,
            "categorial_accuracy": 0.8228723405269867
        },
        {
            "top_2_accuracy": 0.9243085105875705,
            "task": 4,
            "loss": 0.5953063622941362,
            "epoch": 2,
            "samples_seens": 225694,
            "categorial_accuracy": 0.8205851065351608
        },
        {
            "top_2_accuracy": 0.9259574469099654,
            "task": 5,
            "loss": 0.5896542694974453,
            "epoch": 2,
            "samples_seens": 234720,
            "categorial_accuracy": 0.8236702126645027
        },
        {
            "top_2_accuracy": 0.9303191488347154,
            "task": 6,
            "loss": 0.5413777554796098,
            "epoch": 2,
            "samples_seens": 243747,
            "categorial_accuracy": 0.8287765958461356
        },
        {
            "top_2_accuracy": 0.9353723405269866,
            "task": 7,
            "loss": 0.5099951243146937,
            "epoch": 2,
            "samples_seens": 252775,
            "categorial_accuracy": 0.8353723403748046
        },
        {
            "top_2_accuracy": 0.9365957448330331,
            "task": 8,
            "loss": 0.5005158483728449,
            "epoch": 2,
            "samples_seens": 261803,
            "categorial_accuracy": 0.8396808511145571
        },
        {
            "top_2_accuracy": 0.9420744682372885,
            "task": 9,
            "loss": 0.5167255620499874,
            "epoch": 2,
            "samples_seens": 270831,
            "categorial_accuracy": 0.8389361703142206
        }
    ],
    "id": 2,
    "name": "id2_t10_dp0.6_dc0.3_df0.1"
}