{
    "task_count": 10,
    "results": [
        {
            "top_2_accuracy": 0.6536170214287779,
            "task": 0,
            "loss": 1.9200531799235243,
            "epoch": 0,
            "samples_seens": 9029,
            "categorial_accuracy": 0.4920212766718357
        },
        {
            "top_2_accuracy": 0.7637765956939535,
            "task": 1,
            "loss": 1.3560817887935233,
            "epoch": 0,
            "samples_seens": 18057,
            "categorial_accuracy": 0.624893617072004
        },
        {
            "top_2_accuracy": 0.8002127658052648,
            "task": 2,
            "loss": 1.2019655812040289,
            "epoch": 0,
            "samples_seens": 27086,
            "categorial_accuracy": 0.6645744681865611
        },
        {
            "top_2_accuracy": 0.8485106381456903,
            "task": 3,
            "loss": 1.0050301363620353,
            "epoch": 0,
            "samples_seens": 36114,
            "categorial_accuracy": 0.7154255318641662
        },
        {
            "top_2_accuracy": 0.8680851063322513,
            "task": 4,
            "loss": 0.8584467483581381,
            "epoch": 0,
            "samples_seens": 45142,
            "categorial_accuracy": 0.7451063831309055
        },
        {
            "top_2_accuracy": 0.8877659572946265,
            "task": 5,
            "loss": 0.767134664870323,
            "epoch": 0,
            "samples_seens": 54170,
            "categorial_accuracy": 0.7693617022291143
        },
        {
            "top_2_accuracy": 0.8925531914386343,
            "task": 6,
            "loss": 0.757654690945402,
            "epoch": 0,
            "samples_seens": 63198,
            "categorial_accuracy": 0.7745744681358337
        },
        {
            "top_2_accuracy": 0.9061170214287778,
            "task": 7,
            "loss": 0.6716524080519981,
            "epoch": 0,
            "samples_seens": 72227,
            "categorial_accuracy": 0.7926063829787234
        },
        {
            "top_2_accuracy": 0.9164893618543097,
            "task": 8,
            "loss": 0.677415279479737,
            "epoch": 0,
            "samples_seens": 81255,
            "categorial_accuracy": 0.8031382979230678
        },
        {
            "top_2_accuracy": 0.9213297872847699,
            "task": 9,
            "loss": 0.698992051215882,
            "epoch": 0,
            "samples_seens": 90284,
            "categorial_accuracy": 0.7912765957446809
        },
        {
            "top_2_accuracy": 0.9167553193011182,
            "task": 0,
            "loss": 0.6471070540712235,
            "epoch": 1,
            "samples_seens": 99313,
            "categorial_accuracy": 0.8056382977708857
        },
        {
            "top_2_accuracy": 0.9105851063829787,
            "task": 1,
            "loss": 0.6782657457919831,
            "epoch": 1,
            "samples_seens": 108341,
            "categorial_accuracy": 0.7968617020262049
        },
        {
            "top_2_accuracy": 0.9175531914893617,
            "task": 2,
            "loss": 0.6519258358123454,
            "epoch": 1,
            "samples_seens": 117370,
            "categorial_accuracy": 0.8059574466563285
        },
        {
            "top_2_accuracy": 0.913510638247145,
            "task": 3,
            "loss": 0.6510067990232021,
            "epoch": 1,
            "samples_seens": 126398,
            "categorial_accuracy": 0.8039893616514003
        },
        {
            "top_2_accuracy": 0.9235638299394161,
            "task": 4,
            "loss": 0.5889837881859312,
            "epoch": 1,
            "samples_seens": 135426,
            "categorial_accuracy": 0.8163297872847699
        },
        {
            "top_2_accuracy": 0.9310106383993271,
            "task": 5,
            "loss": 0.5339034374470406,
            "epoch": 1,
            "samples_seens": 144454,
            "categorial_accuracy": 0.8298936168690946
        },
        {
            "top_2_accuracy": 0.93297872350571,
            "task": 6,
            "loss": 0.5260814175453592,
            "epoch": 1,
            "samples_seens": 153482,
            "categorial_accuracy": 0.8295744679329243
        },
        {
            "top_2_accuracy": 0.9356914894631568,
            "task": 7,
            "loss": 0.5145313818150379,
            "epoch": 1,
            "samples_seens": 162511,
            "categorial_accuracy": 0.8310106382978724
        },
        {
            "top_2_accuracy": 0.9376063828772687,
            "task": 8,
            "loss": 0.5187336410360134,
            "epoch": 1,
            "samples_seens": 171539,
            "categorial_accuracy": 0.8327659573960812
        },
        {
            "top_2_accuracy": 0.9351063831309054,
            "task": 9,
            "loss": 0.5631259750305339,
            "epoch": 1,
            "samples_seens": 180568,
            "categorial_accuracy": 0.8236702129181395
        },
        {
            "top_2_accuracy": 0.9367021275581198,
            "task": 0,
            "loss": 0.5309378414458417,
            "epoch": 2,
            "samples_seens": 189597,
            "categorial_accuracy": 0.8321808510638298
        },
        {
            "top_2_accuracy": 0.9336702128674121,
            "task": 1,
            "loss": 0.5344410890721261,
            "epoch": 2,
            "samples_seens": 198625,
            "categorial_accuracy": 0.8339893615499456
        },
        {
            "top_2_accuracy": 0.9321276596759228,
            "task": 2,
            "loss": 0.5570059418678284,
            "epoch": 2,
            "samples_seens": 207654,
            "categorial_accuracy": 0.8318617020262049
        },
        {
            "top_2_accuracy": 0.9362765958461355,
            "task": 3,
            "loss": 0.5229535937055628,
            "epoch": 2,
            "samples_seens": 216682,
            "categorial_accuracy": 0.8361702127152301
        },
        {
            "top_2_accuracy": 0.9361702128674122,
            "task": 4,
            "loss": 0.506462721672464,
            "epoch": 2,
            "samples_seens": 225710,
            "categorial_accuracy": 0.8355851064337061
        },
        {
            "top_2_accuracy": 0.9390425532929441,
            "task": 5,
            "loss": 0.49299275268899634,
            "epoch": 2,
            "samples_seens": 234738,
            "categorial_accuracy": 0.8419148937692034
        },
        {
            "top_2_accuracy": 0.9431382979737951,
            "task": 6,
            "loss": 0.4735194143589507,
            "epoch": 2,
            "samples_seens": 243766,
            "categorial_accuracy": 0.8427659575989905
        },
        {
            "top_2_accuracy": 0.9431382978216131,
            "task": 7,
            "loss": 0.48391612702227654,
            "epoch": 2,
            "samples_seens": 252795,
            "categorial_accuracy": 0.8398404253797328
        },
        {
            "top_2_accuracy": 0.9470212766971994,
            "task": 8,
            "loss": 0.4649650429918411,
            "epoch": 2,
            "samples_seens": 261823,
            "categorial_accuracy": 0.8399468083584563
        },
        {
            "top_2_accuracy": 0.9431914893109747,
            "task": 9,
            "loss": 0.5020812590832406,
            "epoch": 2,
            "samples_seens": 270852,
            "categorial_accuracy": 0.8329255318641663
        }
    ],
    "id": 2,
    "name": "id2_t10_dp0.3_dc0.4_df0.3"
}