{
    "task_count": 10,
    "results": [
        {
            "top_2_accuracy": 0.6551063829787234,
            "task": 0,
            "loss": 1.8786697815834208,
            "epoch": 0,
            "samples_seens": 9029,
            "categorial_accuracy": 0.5003191488854428
        },
        {
            "top_2_accuracy": 0.7743617022798417,
            "task": 1,
            "loss": 1.308986538521787,
            "epoch": 0,
            "samples_seens": 18056,
            "categorial_accuracy": 0.6328723404255319
        },
        {
            "top_2_accuracy": 0.8339361701620386,
            "task": 2,
            "loss": 1.06620628828698,
            "epoch": 0,
            "samples_seens": 27084,
            "categorial_accuracy": 0.6952659575989906
        },
        {
            "top_2_accuracy": 0.8662765955924988,
            "task": 3,
            "loss": 0.9026159423462888,
            "epoch": 0,
            "samples_seens": 36112,
            "categorial_accuracy": 0.7320212766971994
        },
        {
            "top_2_accuracy": 0.8866489362716675,
            "task": 4,
            "loss": 0.7838637776577726,
            "epoch": 0,
            "samples_seens": 45140,
            "categorial_accuracy": 0.7640425532929441
        },
        {
            "top_2_accuracy": 0.9001595745695398,
            "task": 5,
            "loss": 0.713812276150318,
            "epoch": 0,
            "samples_seens": 54168,
            "categorial_accuracy": 0.7807446808510639
        },
        {
            "top_2_accuracy": 0.9117553191489361,
            "task": 6,
            "loss": 0.6793341170980576,
            "epoch": 0,
            "samples_seens": 63194,
            "categorial_accuracy": 0.7993085106382979
        },
        {
            "top_2_accuracy": 0.9220212764435626,
            "task": 7,
            "loss": 0.6480640846617678,
            "epoch": 0,
            "samples_seens": 72222,
            "categorial_accuracy": 0.8019148934648392
        },
        {
            "top_2_accuracy": 0.9229787234042554,
            "task": 8,
            "loss": 0.645577588537906,
            "epoch": 0,
            "samples_seens": 81250,
            "categorial_accuracy": 0.805957446859238
        },
        {
            "top_2_accuracy": 0.9246808511652845,
            "task": 9,
            "loss": 0.6353280855746979,
            "epoch": 0,
            "samples_seens": 90279,
            "categorial_accuracy": 0.8023936171734587
        },
        {
            "top_2_accuracy": 0.9238297873354973,
            "task": 0,
            "loss": 0.5855171668022237,
            "epoch": 1,
            "samples_seens": 99308,
            "categorial_accuracy": 0.8145744679836516
        },
        {
            "top_2_accuracy": 0.92680851079048,
            "task": 1,
            "loss": 0.5711494616244701,
            "epoch": 1,
            "samples_seens": 108335,
            "categorial_accuracy": 0.8207446807496092
        },
        {
            "top_2_accuracy": 0.9271808511652845,
            "task": 2,
            "loss": 0.5883566045000198,
            "epoch": 1,
            "samples_seens": 117363,
            "categorial_accuracy": 0.8136170212258684
        },
        {
            "top_2_accuracy": 0.9311170214287778,
            "task": 3,
            "loss": 0.5502093415057405,
            "epoch": 1,
            "samples_seens": 126391,
            "categorial_accuracy": 0.8262234041538644
        },
        {
            "top_2_accuracy": 0.934574468034379,
            "task": 4,
            "loss": 0.5325429810615296,
            "epoch": 1,
            "samples_seens": 135419,
            "categorial_accuracy": 0.8295744681865611
        },
        {
            "top_2_accuracy": 0.9357978722896981,
            "task": 5,
            "loss": 0.5181101400040565,
            "epoch": 1,
            "samples_seens": 144447,
            "categorial_accuracy": 0.8345744680851064
        },
        {
            "top_2_accuracy": 0.935585106281524,
            "task": 6,
            "loss": 0.513560194588722,
            "epoch": 1,
            "samples_seens": 153473,
            "categorial_accuracy": 0.834840425684097
        },
        {
            "top_2_accuracy": 0.9421808511652845,
            "task": 7,
            "loss": 0.49181249902603474,
            "epoch": 1,
            "samples_seens": 162501,
            "categorial_accuracy": 0.8387234044075013
        },
        {
            "top_2_accuracy": 0.9407446808510638,
            "task": 8,
            "loss": 0.5252790657510149,
            "epoch": 1,
            "samples_seens": 171529,
            "categorial_accuracy": 0.8308510638805146
        },
        {
            "top_2_accuracy": 0.9409574469099653,
            "task": 9,
            "loss": 0.5239732636289394,
            "epoch": 1,
            "samples_seens": 180558,
            "categorial_accuracy": 0.8261170212258684
        },
        {
            "top_2_accuracy": 0.9373936169198219,
            "task": 0,
            "loss": 0.5304600593637913,
            "epoch": 2,
            "samples_seens": 189587,
            "categorial_accuracy": 0.8336170212765958
        },
        {
            "top_2_accuracy": 0.9344680852078376,
            "task": 1,
            "loss": 0.5316178626963433,
            "epoch": 2,
            "samples_seens": 198614,
            "categorial_accuracy": 0.8280319149950718
        },
        {
            "top_2_accuracy": 0.9395744681865611,
            "task": 2,
            "loss": 0.4953550888122396,
            "epoch": 2,
            "samples_seens": 207642,
            "categorial_accuracy": 0.8388829787234042
        },
        {
            "top_2_accuracy": 0.9407978724418803,
            "task": 3,
            "loss": 0.49062122555489235,
            "epoch": 2,
            "samples_seens": 216670,
            "categorial_accuracy": 0.8429255318641663
        },
        {
            "top_2_accuracy": 0.9384574467070559,
            "task": 4,
            "loss": 0.49744097433191664,
            "epoch": 2,
            "samples_seens": 225698,
            "categorial_accuracy": 0.8389893617021277
        },
        {
            "top_2_accuracy": 0.9426063828772687,
            "task": 5,
            "loss": 0.4770107801670724,
            "epoch": 2,
            "samples_seens": 234726,
            "categorial_accuracy": 0.8481382979230678
        },
        {
            "top_2_accuracy": 0.9455319149950717,
            "task": 6,
            "loss": 0.46872868086429353,
            "epoch": 2,
            "samples_seens": 243752,
            "categorial_accuracy": 0.8435638296350519
        },
        {
            "top_2_accuracy": 0.944414893718476,
            "task": 7,
            "loss": 0.46662782615803655,
            "epoch": 2,
            "samples_seens": 252780,
            "categorial_accuracy": 0.8460106384500544
        },
        {
            "top_2_accuracy": 0.9476063828772687,
            "task": 8,
            "loss": 0.46770360779254994,
            "epoch": 2,
            "samples_seens": 261808,
            "categorial_accuracy": 0.8416489362716675
        },
        {
            "top_2_accuracy": 0.9419148935155666,
            "task": 9,
            "loss": 0.49350882469339574,
            "epoch": 2,
            "samples_seens": 270837,
            "categorial_accuracy": 0.8342553191996636
        }
    ],
    "id": 2,
    "name": "id2_t10_dp0.3_dc0.2_df0.5"
}