{
    "task_count": 10,
    "results": [
        {
            "top_2_accuracy": 0.6865957447823058,
            "task": 0,
            "loss": 1.7104730062281832,
            "epoch": 0,
            "samples_seens": 9029,
            "categorial_accuracy": 0.5422872341440079
        },
        {
            "top_2_accuracy": 0.7828723403748046,
            "task": 1,
            "loss": 1.274358207925837,
            "epoch": 0,
            "samples_seens": 18056,
            "categorial_accuracy": 0.6427659572946265
        },
        {
            "top_2_accuracy": 0.8350000001521821,
            "task": 2,
            "loss": 1.056854695157802,
            "epoch": 0,
            "samples_seens": 27083,
            "categorial_accuracy": 0.7051063830294507
        },
        {
            "top_2_accuracy": 0.8677659573453538,
            "task": 3,
            "loss": 0.8798932225146192,
            "epoch": 0,
            "samples_seens": 36109,
            "categorial_accuracy": 0.745000000152182
        },
        {
            "top_2_accuracy": 0.8820212766971994,
            "task": 4,
            "loss": 0.80870565754302,
            "epoch": 0,
            "samples_seens": 45135,
            "categorial_accuracy": 0.7573404253797328
        },
        {
            "top_2_accuracy": 0.896595744680851,
            "task": 5,
            "loss": 0.7480670308052225,
            "epoch": 0,
            "samples_seens": 54161,
            "categorial_accuracy": 0.7808510638297872
        },
        {
            "top_2_accuracy": 0.9068617021276596,
            "task": 6,
            "loss": 0.6963088934472267,
            "epoch": 0,
            "samples_seens": 63185,
            "categorial_accuracy": 0.7892553190982088
        },
        {
            "top_2_accuracy": 0.9113297872340426,
            "task": 7,
            "loss": 0.6888428182297565,
            "epoch": 0,
            "samples_seens": 72209,
            "categorial_accuracy": 0.7947340426039189
        },
        {
            "top_2_accuracy": 0.8988829787741316,
            "task": 8,
            "loss": 0.7864392296811368,
            "epoch": 0,
            "samples_seens": 81233,
            "categorial_accuracy": 0.763351063931242
        },
        {
            "top_2_accuracy": 0.8832978724418803,
            "task": 9,
            "loss": 0.9359845197454412,
            "epoch": 0,
            "samples_seens": 90256,
            "categorial_accuracy": 0.7239893618543097
        },
        {
            "top_2_accuracy": 0.9227127661096289,
            "task": 0,
            "loss": 0.5897848898552833,
            "epoch": 1,
            "samples_seens": 99285,
            "categorial_accuracy": 0.8135106383485997
        },
        {
            "top_2_accuracy": 0.9239361701620386,
            "task": 1,
            "loss": 0.5877457878183812,
            "epoch": 1,
            "samples_seens": 108312,
            "categorial_accuracy": 0.8121808509116477
        },
        {
            "top_2_accuracy": 0.9296276594730134,
            "task": 2,
            "loss": 0.5610144082789725,
            "epoch": 1,
            "samples_seens": 117339,
            "categorial_accuracy": 0.8252659574468085
        },
        {
            "top_2_accuracy": 0.9319680852078377,
            "task": 3,
            "loss": 0.546094014390986,
            "epoch": 1,
            "samples_seens": 126365,
            "categorial_accuracy": 0.8270212765957446
        },
        {
            "top_2_accuracy": 0.9302127660589016,
            "task": 4,
            "loss": 0.5379495561883805,
            "epoch": 1,
            "samples_seens": 135391,
            "categorial_accuracy": 0.8260106381964176
        },
        {
            "top_2_accuracy": 0.9338829786219496,
            "task": 5,
            "loss": 0.5191089053356901,
            "epoch": 1,
            "samples_seens": 144417,
            "categorial_accuracy": 0.8333510639819693
        },
        {
            "top_2_accuracy": 0.9315425533436714,
            "task": 6,
            "loss": 0.527141112494976,
            "epoch": 1,
            "samples_seens": 153441,
            "categorial_accuracy": 0.8276063830294508
        },
        {
            "top_2_accuracy": 0.9313829786219495,
            "task": 7,
            "loss": 0.5448781326476564,
            "epoch": 1,
            "samples_seens": 162465,
            "categorial_accuracy": 0.8238829786219496
        },
        {
            "top_2_accuracy": 0.9305851063322513,
            "task": 8,
            "loss": 0.604981565069645,
            "epoch": 1,
            "samples_seens": 171489,
            "categorial_accuracy": 0.8091489361194855
        },
        {
            "top_2_accuracy": 0.9152659572946265,
            "task": 9,
            "loss": 0.7332563878627534,
            "epoch": 1,
            "samples_seens": 180512,
            "categorial_accuracy": 0.7756914892602474
        },
        {
            "top_2_accuracy": 0.9380851064337061,
            "task": 0,
            "loss": 0.5235997261392309,
            "epoch": 2,
            "samples_seens": 189541,
            "categorial_accuracy": 0.8341489361194854
        },
        {
            "top_2_accuracy": 0.9379787233028006,
            "task": 1,
            "loss": 0.5016821028831158,
            "epoch": 2,
            "samples_seens": 198568,
            "categorial_accuracy": 0.840053191387907
        },
        {
            "top_2_accuracy": 0.9393617022291143,
            "task": 2,
            "loss": 0.5038777491133264,
            "epoch": 2,
            "samples_seens": 207595,
            "categorial_accuracy": 0.8396276595237407
        },
        {
            "top_2_accuracy": 0.9415957445793963,
            "task": 3,
            "loss": 0.48464050500950917,
            "epoch": 2,
            "samples_seens": 216621,
            "categorial_accuracy": 0.8417553192503909
        },
        {
            "top_2_accuracy": 0.9399999998985453,
            "task": 4,
            "loss": 0.48043900885480517,
            "epoch": 2,
            "samples_seens": 225647,
            "categorial_accuracy": 0.8428191490883523
        },
        {
            "top_2_accuracy": 0.9420212766464721,
            "task": 5,
            "loss": 0.4730665657114475,
            "epoch": 2,
            "samples_seens": 234673,
            "categorial_accuracy": 0.8447340426546462
        },
        {
            "top_2_accuracy": 0.9431914894124295,
            "task": 6,
            "loss": 0.47000525705357815,
            "epoch": 2,
            "samples_seens": 243697,
            "categorial_accuracy": 0.8447340425531915
        },
        {
            "top_2_accuracy": 0.940585106281524,
            "task": 7,
            "loss": 0.4894714870351426,
            "epoch": 2,
            "samples_seens": 252721,
            "categorial_accuracy": 0.8426063828772687
        },
        {
            "top_2_accuracy": 0.9386170212258684,
            "task": 8,
            "loss": 0.5459094257304009,
            "epoch": 2,
            "samples_seens": 261745,
            "categorial_accuracy": 0.8243085107397526
        },
        {
            "top_2_accuracy": 0.9182978723911529,
            "task": 9,
            "loss": 0.6997329292398818,
            "epoch": 2,
            "samples_seens": 270768,
            "categorial_accuracy": 0.7809574469099654
        }
    ],
    "id": 2,
    "name": "id2_t10_dp0.0_dc0.5_df0.5"
}