{
    "task_count": 10,
    "results": [
        {
            "top_2_accuracy": 0.6422340425024642,
            "task": 0,
            "loss": 2.0216400518823177,
            "epoch": 0,
            "samples_seens": 9030,
            "categorial_accuracy": 0.49111702122586837
        },
        {
            "top_2_accuracy": 0.7212765957446808,
            "task": 1,
            "loss": 1.649392266070589,
            "epoch": 0,
            "samples_seens": 18060,
            "categorial_accuracy": 0.5738829786726769
        },
        {
            "top_2_accuracy": 0.7922872341947352,
            "task": 2,
            "loss": 1.3256993584937238,
            "epoch": 0,
            "samples_seens": 27089,
            "categorial_accuracy": 0.6520744681865611
        },
        {
            "top_2_accuracy": 0.8221808512160118,
            "task": 3,
            "loss": 1.1201391589387935,
            "epoch": 0,
            "samples_seens": 36115,
            "categorial_accuracy": 0.6853191488854429
        },
        {
            "top_2_accuracy": 0.8473404256333696,
            "task": 4,
            "loss": 1.0158027205061406,
            "epoch": 0,
            "samples_seens": 45143,
            "categorial_accuracy": 0.7217021276088471
        },
        {
            "top_2_accuracy": 0.8714893618035824,
            "task": 5,
            "loss": 0.8693512936855884,
            "epoch": 0,
            "samples_seens": 54171,
            "categorial_accuracy": 0.7498404255319149
        },
        {
            "top_2_accuracy": 0.8885106381964176,
            "task": 6,
            "loss": 0.7786611677737946,
            "epoch": 0,
            "samples_seens": 63198,
            "categorial_accuracy": 0.7673936169198219
        },
        {
            "top_2_accuracy": 0.9034042551669669,
            "task": 7,
            "loss": 0.6955286027522797,
            "epoch": 0,
            "samples_seens": 72226,
            "categorial_accuracy": 0.7863297873862246
        },
        {
            "top_2_accuracy": 0.9179255320670757,
            "task": 8,
            "loss": 0.6819908033026025,
            "epoch": 0,
            "samples_seens": 81255,
            "categorial_accuracy": 0.8023404254304601
        },
        {
            "top_2_accuracy": 0.9056914892602475,
            "task": 9,
            "loss": 0.8373033406886649,
            "epoch": 0,
            "samples_seens": 90283,
            "categorial_accuracy": 0.7745212766464721
        },
        {
            "top_2_accuracy": 0.9048936170212766,
            "task": 0,
            "loss": 0.7761475686316794,
            "epoch": 1,
            "samples_seens": 99313,
            "categorial_accuracy": 0.7885106381964176
        },
        {
            "top_2_accuracy": 0.911010638247145,
            "task": 1,
            "loss": 0.7182820560577068,
            "epoch": 1,
            "samples_seens": 108343,
            "categorial_accuracy": 0.7976063830294507
        },
        {
            "top_2_accuracy": 0.9117021276088471,
            "task": 2,
            "loss": 0.7057434547201116,
            "epoch": 1,
            "samples_seens": 117372,
            "categorial_accuracy": 0.7969680850556556
        },
        {
            "top_2_accuracy": 0.9143617020769322,
            "task": 3,
            "loss": 0.6687596119718349,
            "epoch": 1,
            "samples_seens": 126398,
            "categorial_accuracy": 0.8061170213780504
        },
        {
            "top_2_accuracy": 0.916914893718476,
            "task": 4,
            "loss": 0.6375408226124784,
            "epoch": 1,
            "samples_seens": 135426,
            "categorial_accuracy": 0.8127127658559921
        },
        {
            "top_2_accuracy": 0.9208510639312419,
            "task": 5,
            "loss": 0.6021785573249168,
            "epoch": 1,
            "samples_seens": 144454,
            "categorial_accuracy": 0.8136702128166848
        },
        {
            "top_2_accuracy": 0.9254255318641662,
            "task": 6,
            "loss": 0.5712945311881126,
            "epoch": 1,
            "samples_seens": 153481,
            "categorial_accuracy": 0.8215425533436714
        },
        {
            "top_2_accuracy": 0.9316489360687581,
            "task": 7,
            "loss": 0.5416441690160874,
            "epoch": 1,
            "samples_seens": 162509,
            "categorial_accuracy": 0.824840425531915
        },
        {
            "top_2_accuracy": 0.9311702126137754,
            "task": 8,
            "loss": 0.5478715484193031,
            "epoch": 1,
            "samples_seens": 171538,
            "categorial_accuracy": 0.826861702178387
        },
        {
            "top_2_accuracy": 0.9318617022798417,
            "task": 9,
            "loss": 0.6341949704352845,
            "epoch": 1,
            "samples_seens": 180566,
            "categorial_accuracy": 0.8084574469606927
        },
        {
            "top_2_accuracy": 0.9176063830801782,
            "task": 0,
            "loss": 0.6661196295251237,
            "epoch": 2,
            "samples_seens": 189596,
            "categorial_accuracy": 0.8076063830801781
        },
        {
            "top_2_accuracy": 0.9293085105875705,
            "task": 1,
            "loss": 0.6042309143441789,
            "epoch": 2,
            "samples_seens": 198626,
            "categorial_accuracy": 0.8198936169198219
        },
        {
            "top_2_accuracy": 0.9163829787234042,
            "task": 2,
            "loss": 0.6982017961461493,
            "epoch": 2,
            "samples_seens": 207655,
            "categorial_accuracy": 0.8056914894631568
        },
        {
            "top_2_accuracy": 0.9303191488854429,
            "task": 3,
            "loss": 0.5889864234214134,
            "epoch": 2,
            "samples_seens": 216681,
            "categorial_accuracy": 0.8211702129181395
        },
        {
            "top_2_accuracy": 0.9284042554206037,
            "task": 4,
            "loss": 0.5871125263102511,
            "epoch": 2,
            "samples_seens": 225709,
            "categorial_accuracy": 0.8210638298379614
        },
        {
            "top_2_accuracy": 0.930851063931242,
            "task": 5,
            "loss": 0.5688557282153597,
            "epoch": 2,
            "samples_seens": 234737,
            "categorial_accuracy": 0.8286170214287778
        },
        {
            "top_2_accuracy": 0.9355319147921624,
            "task": 6,
            "loss": 0.5086850667760727,
            "epoch": 2,
            "samples_seens": 243764,
            "categorial_accuracy": 0.8362234041031371
        },
        {
            "top_2_accuracy": 0.9382446809525186,
            "task": 7,
            "loss": 0.48628490714316674,
            "epoch": 2,
            "samples_seens": 252792,
            "categorial_accuracy": 0.8395212766971994
        },
        {
            "top_2_accuracy": 0.9378191490883523,
            "task": 8,
            "loss": 0.501820665090642,
            "epoch": 2,
            "samples_seens": 261821,
            "categorial_accuracy": 0.8378191489868976
        },
        {
            "top_2_accuracy": 0.9365957448330331,
            "task": 9,
            "loss": 0.5401910654788321,
            "epoch": 2,
            "samples_seens": 270849,
            "categorial_accuracy": 0.8227659573453538
        }
    ],
    "id": 2,
    "name": "id2_t10_dp0.2_dc0.7_df0.1"
}