{
    "task_count": 10,
    "results": [
        {
            "top_2_accuracy": 0.6438829788755863,
            "task": 0,
            "loss": 1.9715670446639366,
            "epoch": 0,
            "samples_seens": 9028,
            "categorial_accuracy": 0.4982978724165166
        },
        {
            "top_2_accuracy": 0.7491489362209401,
            "task": 1,
            "loss": 1.5109033368496185,
            "epoch": 0,
            "samples_seens": 18057,
            "categorial_accuracy": 0.6078723402733498
        },
        {
            "top_2_accuracy": 0.8010638299394162,
            "task": 2,
            "loss": 1.2262712506030469,
            "epoch": 0,
            "samples_seens": 27085,
            "categorial_accuracy": 0.6685638299394161
        },
        {
            "top_2_accuracy": 0.8325531914386344,
            "task": 3,
            "loss": 1.0776487277416473,
            "epoch": 0,
            "samples_seens": 36112,
            "categorial_accuracy": 0.6987234044075012
        },
        {
            "top_2_accuracy": 0.8637765957446808,
            "task": 4,
            "loss": 0.9097616312351633,
            "epoch": 0,
            "samples_seens": 45140,
            "categorial_accuracy": 0.736914893718476
        },
        {
            "top_2_accuracy": 0.8826595744680851,
            "task": 5,
            "loss": 0.8055486368118449,
            "epoch": 0,
            "samples_seens": 54168,
            "categorial_accuracy": 0.7632446808003365
        },
        {
            "top_2_accuracy": 0.8970212767479268,
            "task": 6,
            "loss": 0.7179959580238829,
            "epoch": 0,
            "samples_seens": 63194,
            "categorial_accuracy": 0.7851595743666304
        },
        {
            "top_2_accuracy": 0.9085638299394161,
            "task": 7,
            "loss": 0.6723415371204944,
            "epoch": 0,
            "samples_seens": 72223,
            "categorial_accuracy": 0.799042553292944
        },
        {
            "top_2_accuracy": 0.9182978723404255,
            "task": 8,
            "loss": 0.658732427383991,
            "epoch": 0,
            "samples_seens": 81253,
            "categorial_accuracy": 0.8001595743666304
        },
        {
            "top_2_accuracy": 0.9056382980245224,
            "task": 9,
            "loss": 0.7797985744983592,
            "epoch": 0,
            "samples_seens": 90283,
            "categorial_accuracy": 0.7663829787741316
        },
        {
            "top_2_accuracy": 0.9133510638297873,
            "task": 0,
            "loss": 0.6853917205587347,
            "epoch": 1,
            "samples_seens": 99311,
            "categorial_accuracy": 0.8007978724926076
        },
        {
            "top_2_accuracy": 0.9149468084599109,
            "task": 1,
            "loss": 0.6475873638721222,
            "epoch": 1,
            "samples_seens": 108340,
            "categorial_accuracy": 0.8093085107397526
        },
        {
            "top_2_accuracy": 0.9153191488347155,
            "task": 2,
            "loss": 0.6632253423142941,
            "epoch": 1,
            "samples_seens": 117368,
            "categorial_accuracy": 0.8017021277103018
        },
        {
            "top_2_accuracy": 0.9229787233535279,
            "task": 3,
            "loss": 0.6178429438712749,
            "epoch": 1,
            "samples_seens": 126395,
            "categorial_accuracy": 0.8157446809525185
        },
        {
            "top_2_accuracy": 0.9197340426546462,
            "task": 4,
            "loss": 0.6026997944141956,
            "epoch": 1,
            "samples_seens": 135423,
            "categorial_accuracy": 0.8158510636776052
        },
        {
            "top_2_accuracy": 0.9263297871325878,
            "task": 5,
            "loss": 0.5599716570529532,
            "epoch": 1,
            "samples_seens": 144451,
            "categorial_accuracy": 0.8240957447315784
        },
        {
            "top_2_accuracy": 0.9302127658559921,
            "task": 6,
            "loss": 0.5379284691810607,
            "epoch": 1,
            "samples_seens": 153477,
            "categorial_accuracy": 0.8289361702634933
        },
        {
            "top_2_accuracy": 0.9316489362716674,
            "task": 7,
            "loss": 0.5377064143343174,
            "epoch": 1,
            "samples_seens": 162506,
            "categorial_accuracy": 0.8296808511145571
        },
        {
            "top_2_accuracy": 0.9350000001521821,
            "task": 8,
            "loss": 0.532133538241082,
            "epoch": 1,
            "samples_seens": 171536,
            "categorial_accuracy": 0.829627659422286
        },
        {
            "top_2_accuracy": 0.9270212767479268,
            "task": 9,
            "loss": 0.6578786480680425,
            "epoch": 1,
            "samples_seens": 180566,
            "categorial_accuracy": 0.7972872338903711
        },
        {
            "top_2_accuracy": 0.9294148935662939,
            "task": 0,
            "loss": 0.5883942045556738,
            "epoch": 2,
            "samples_seens": 189594,
            "categorial_accuracy": 0.8252127661096289
        },
        {
            "top_2_accuracy": 0.9242021277610292,
            "task": 1,
            "loss": 0.6171130219165315,
            "epoch": 2,
            "samples_seens": 198623,
            "categorial_accuracy": 0.8186170213273231
        },
        {
            "top_2_accuracy": 0.9330851064844334,
            "task": 2,
            "loss": 0.5653031049637084,
            "epoch": 2,
            "samples_seens": 207651,
            "categorial_accuracy": 0.8287765955924988
        },
        {
            "top_2_accuracy": 0.9315957446301237,
            "task": 3,
            "loss": 0.5498342365660566,
            "epoch": 2,
            "samples_seens": 216678,
            "categorial_accuracy": 0.8285106381964177
        },
        {
            "top_2_accuracy": 0.9333510637283325,
            "task": 4,
            "loss": 0.5422051210352715,
            "epoch": 2,
            "samples_seens": 225706,
            "categorial_accuracy": 0.8337234044075013
        },
        {
            "top_2_accuracy": 0.9368085105368431,
            "task": 5,
            "loss": 0.5183538979165098,
            "epoch": 2,
            "samples_seens": 234734,
            "categorial_accuracy": 0.8346808510131024
        },
        {
            "top_2_accuracy": 0.9385638296857793,
            "task": 6,
            "loss": 0.4971396033814613,
            "epoch": 2,
            "samples_seens": 243760,
            "categorial_accuracy": 0.834840425684097
        },
        {
            "top_2_accuracy": 0.9412234043567739,
            "task": 7,
            "loss": 0.4883067415622955,
            "epoch": 2,
            "samples_seens": 252789,
            "categorial_accuracy": 0.8361702127659575
        },
        {
            "top_2_accuracy": 0.9405319148428897,
            "task": 8,
            "loss": 0.4969050607782729,
            "epoch": 2,
            "samples_seens": 261819,
            "categorial_accuracy": 0.8347872339410984
        },
        {
            "top_2_accuracy": 0.9321808509116477,
            "task": 9,
            "loss": 0.6024510251207554,
            "epoch": 2,
            "samples_seens": 270849,
            "categorial_accuracy": 0.8082978721882434
        }
    ],
    "id": 2,
    "name": "id2_t10_dp0.1_dc0.7_df0.2"
}