{
    "task_count": 10,
    "results": [
        {
            "top_2_accuracy": 0.6422872338903711,
            "task": 0,
            "loss": 1.9546559974995066,
            "epoch": 0,
            "samples_seens": 9029,
            "categorial_accuracy": 0.48914893622094013
        },
        {
            "top_2_accuracy": 0.7529255319148936,
            "task": 1,
            "loss": 1.484870892889956,
            "epoch": 0,
            "samples_seens": 18057,
            "categorial_accuracy": 0.6060638298379614
        },
        {
            "top_2_accuracy": 0.8268085106382979,
            "task": 2,
            "loss": 1.092176994465767,
            "epoch": 0,
            "samples_seens": 27085,
            "categorial_accuracy": 0.6910106381964176
        },
        {
            "top_2_accuracy": 0.8496808510131024,
            "task": 3,
            "loss": 0.9872935258074009,
            "epoch": 0,
            "samples_seens": 36111,
            "categorial_accuracy": 0.719042553140762
        },
        {
            "top_2_accuracy": 0.8669148934648392,
            "task": 4,
            "loss": 0.8902588328909367,
            "epoch": 0,
            "samples_seens": 45137,
            "categorial_accuracy": 0.7457978722389709
        },
        {
            "top_2_accuracy": 0.8871276596759228,
            "task": 5,
            "loss": 0.7831716189993189,
            "epoch": 0,
            "samples_seens": 54163,
            "categorial_accuracy": 0.7647872339918258
        },
        {
            "top_2_accuracy": 0.9005319148936171,
            "task": 6,
            "loss": 0.7124491472954446,
            "epoch": 0,
            "samples_seens": 63189,
            "categorial_accuracy": 0.7817021275581197
        },
        {
            "top_2_accuracy": 0.9123404255826423,
            "task": 7,
            "loss": 0.6855888566057733,
            "epoch": 0,
            "samples_seens": 72214,
            "categorial_accuracy": 0.7910638296857794
        },
        {
            "top_2_accuracy": 0.9121808511145572,
            "task": 8,
            "loss": 0.7036822117643153,
            "epoch": 0,
            "samples_seens": 81238,
            "categorial_accuracy": 0.7828723405777139
        },
        {
            "top_2_accuracy": 0.8867553190474815,
            "task": 9,
            "loss": 0.9517855497624012,
            "epoch": 0,
            "samples_seens": 90261,
            "categorial_accuracy": 0.7342021277610292
        },
        {
            "top_2_accuracy": 0.9176595746202671,
            "task": 0,
            "loss": 0.6560523136118626,
            "epoch": 1,
            "samples_seens": 99290,
            "categorial_accuracy": 0.8030319150457991
        },
        {
            "top_2_accuracy": 0.921276595896863,
            "task": 1,
            "loss": 0.6190407897563691,
            "epoch": 1,
            "samples_seens": 108318,
            "categorial_accuracy": 0.8112234043567739
        },
        {
            "top_2_accuracy": 0.922606382927996,
            "task": 2,
            "loss": 0.6234201404896188,
            "epoch": 1,
            "samples_seens": 117346,
            "categorial_accuracy": 0.8108510638805146
        },
        {
            "top_2_accuracy": 0.9270744682372885,
            "task": 3,
            "loss": 0.5677934362786882,
            "epoch": 1,
            "samples_seens": 126372,
            "categorial_accuracy": 0.8231914892602474
        },
        {
            "top_2_accuracy": 0.9263297871833152,
            "task": 4,
            "loss": 0.5753847509749392,
            "epoch": 1,
            "samples_seens": 135398,
            "categorial_accuracy": 0.8169680850049282
        },
        {
            "top_2_accuracy": 0.9285638298886888,
            "task": 5,
            "loss": 0.5638822976832695,
            "epoch": 1,
            "samples_seens": 144424,
            "categorial_accuracy": 0.8231382978216131
        },
        {
            "top_2_accuracy": 0.9310106383993271,
            "task": 6,
            "loss": 0.5278407629246408,
            "epoch": 1,
            "samples_seens": 153450,
            "categorial_accuracy": 0.8319148936677486
        },
        {
            "top_2_accuracy": 0.9312765958461355,
            "task": 7,
            "loss": 0.5553713384334077,
            "epoch": 1,
            "samples_seens": 162475,
            "categorial_accuracy": 0.825053191387907
        },
        {
            "top_2_accuracy": 0.9273936169705492,
            "task": 8,
            "loss": 0.6003536395316428,
            "epoch": 1,
            "samples_seens": 171499,
            "categorial_accuracy": 0.8071276595744681
        },
        {
            "top_2_accuracy": 0.9148404254304602,
            "task": 9,
            "loss": 0.7341598367183767,
            "epoch": 1,
            "samples_seens": 180522,
            "categorial_accuracy": 0.7727659572946265
        },
        {
            "top_2_accuracy": 0.931276595896863,
            "task": 0,
            "loss": 0.5595465520848619,
            "epoch": 2,
            "samples_seens": 189551,
            "categorial_accuracy": 0.8275531916415437
        },
        {
            "top_2_accuracy": 0.9344680852585651,
            "task": 1,
            "loss": 0.5607617237720084,
            "epoch": 2,
            "samples_seens": 198579,
            "categorial_accuracy": 0.8331914894631568
        },
        {
            "top_2_accuracy": 0.9376063831309055,
            "task": 2,
            "loss": 0.5375524855674582,
            "epoch": 2,
            "samples_seens": 207607,
            "categorial_accuracy": 0.8357978723404256
        },
        {
            "top_2_accuracy": 0.937819149037625,
            "task": 3,
            "loss": 0.5087812294351294,
            "epoch": 2,
            "samples_seens": 216633,
            "categorial_accuracy": 0.8377659574975359
        },
        {
            "top_2_accuracy": 0.9369680850556557,
            "task": 4,
            "loss": 0.5113744705534996,
            "epoch": 2,
            "samples_seens": 225659,
            "categorial_accuracy": 0.8368085106890252
        },
        {
            "top_2_accuracy": 0.9397340426546462,
            "task": 5,
            "loss": 0.49320132270772404,
            "epoch": 2,
            "samples_seens": 234685,
            "categorial_accuracy": 0.8420744679329243
        },
        {
            "top_2_accuracy": 0.9403191488854429,
            "task": 6,
            "loss": 0.4807491133568135,
            "epoch": 2,
            "samples_seens": 243711,
            "categorial_accuracy": 0.8420212765957447
        },
        {
            "top_2_accuracy": 0.9401595744173578,
            "task": 7,
            "loss": 0.4945205660576516,
            "epoch": 2,
            "samples_seens": 252736,
            "categorial_accuracy": 0.8388829787234042
        },
        {
            "top_2_accuracy": 0.9359574467577833,
            "task": 8,
            "loss": 0.5547053755344229,
            "epoch": 2,
            "samples_seens": 261760,
            "categorial_accuracy": 0.8246808509623751
        },
        {
            "top_2_accuracy": 0.9182446808510638,
            "task": 9,
            "loss": 0.7074093546765916,
            "epoch": 2,
            "samples_seens": 270783,
            "categorial_accuracy": 0.7822340426039188
        }
    ],
    "id": 2,
    "name": "id2_t10_dp0.0_dc0.7_df0.3"
}