{
    "task_count": 10,
    "results": [
        {
            "top_2_accuracy": 0.6381914892095201,
            "task": 0,
            "loss": 2.147705101865403,
            "epoch": 0,
            "samples_seens": 9023,
            "categorial_accuracy": 0.4934574468338743
        },
        {
            "top_2_accuracy": 0.6932446809017911,
            "task": 1,
            "loss": 2.0229086589813234,
            "epoch": 0,
            "samples_seens": 18047,
            "categorial_accuracy": 0.5525531913371796
        },
        {
            "top_2_accuracy": 0.7392021277610292,
            "task": 2,
            "loss": 1.8171368889098471,
            "epoch": 0,
            "samples_seens": 27071,
            "categorial_accuracy": 0.5980851063829787
        },
        {
            "top_2_accuracy": 0.77,
            "task": 3,
            "loss": 1.4604125844671372,
            "epoch": 0,
            "samples_seens": 36096,
            "categorial_accuracy": 0.636595744528669
        },
        {
            "top_2_accuracy": 0.8149999998478179,
            "task": 4,
            "loss": 1.2566343076178368,
            "epoch": 0,
            "samples_seens": 45121,
            "categorial_accuracy": 0.6779787233535279
        },
        {
            "top_2_accuracy": 0.8392553193011183,
            "task": 5,
            "loss": 1.126428722320719,
            "epoch": 0,
            "samples_seens": 54148,
            "categorial_accuracy": 0.7081914894631568
        },
        {
            "top_2_accuracy": 0.8672872340932806,
            "task": 6,
            "loss": 0.9518208175517143,
            "epoch": 0,
            "samples_seens": 63174,
            "categorial_accuracy": 0.7428191487839881
        },
        {
            "top_2_accuracy": 0.8757446809525186,
            "task": 7,
            "loss": 0.860400315497784,
            "epoch": 0,
            "samples_seens": 72201,
            "categorial_accuracy": 0.7545744680851064
        },
        {
            "top_2_accuracy": 0.9013829788755864,
            "task": 8,
            "loss": 0.7067887594852041,
            "epoch": 0,
            "samples_seens": 81228,
            "categorial_accuracy": 0.7845744679329243
        },
        {
            "top_2_accuracy": 0.9121808512160119,
            "task": 9,
            "loss": 0.6599869296398568,
            "epoch": 0,
            "samples_seens": 90256,
            "categorial_accuracy": 0.8001063830801781
        },
        {
            "top_2_accuracy": 0.8861702126137754,
            "task": 0,
            "loss": 0.8747153136578012,
            "epoch": 1,
            "samples_seens": 99279,
            "categorial_accuracy": 0.7737765958968629
        },
        {
            "top_2_accuracy": 0.881914893718476,
            "task": 1,
            "loss": 0.9350847487246736,
            "epoch": 1,
            "samples_seens": 108303,
            "categorial_accuracy": 0.7640957448330331
        },
        {
            "top_2_accuracy": 0.8827659574975358,
            "task": 2,
            "loss": 0.8810927757811039,
            "epoch": 1,
            "samples_seens": 117327,
            "categorial_accuracy": 0.7664361701113113
        },
        {
            "top_2_accuracy": 0.880957446859238,
            "task": 3,
            "loss": 0.9726231108827794,
            "epoch": 1,
            "samples_seens": 126352,
            "categorial_accuracy": 0.7650531916415437
        },
        {
            "top_2_accuracy": 0.8923936170212766,
            "task": 4,
            "loss": 0.8518024239134281,
            "epoch": 1,
            "samples_seens": 135377,
            "categorial_accuracy": 0.7815957447823058
        },
        {
            "top_2_accuracy": 0.9011702127659574,
            "task": 5,
            "loss": 0.7564115774885137,
            "epoch": 1,
            "samples_seens": 144404,
            "categorial_accuracy": 0.7880319148428897
        },
        {
            "top_2_accuracy": 0.9065425531914894,
            "task": 6,
            "loss": 0.7114610366111106,
            "epoch": 1,
            "samples_seens": 153430,
            "categorial_accuracy": 0.799414893718476
        },
        {
            "top_2_accuracy": 0.9102127659067194,
            "task": 7,
            "loss": 0.665721208795588,
            "epoch": 1,
            "samples_seens": 162457,
            "categorial_accuracy": 0.8011170214287778
        },
        {
            "top_2_accuracy": 0.9230851063322514,
            "task": 8,
            "loss": 0.5944737938870774,
            "epoch": 1,
            "samples_seens": 171484,
            "categorial_accuracy": 0.8152659575482633
        },
        {
            "top_2_accuracy": 0.930851063931242,
            "task": 9,
            "loss": 0.5625379674485389,
            "epoch": 1,
            "samples_seens": 180512,
            "categorial_accuracy": 0.8243085106890252
        },
        {
            "top_2_accuracy": 0.9103191490376249,
            "task": 0,
            "loss": 0.7737427175805924,
            "epoch": 2,
            "samples_seens": 189535,
            "categorial_accuracy": 0.8023404255826423
        },
        {
            "top_2_accuracy": 0.9055851065351608,
            "task": 1,
            "loss": 0.8297047105241329,
            "epoch": 2,
            "samples_seens": 198559,
            "categorial_accuracy": 0.7916489361194854
        },
        {
            "top_2_accuracy": 0.9087765956939535,
            "task": 2,
            "loss": 0.781006337886161,
            "epoch": 2,
            "samples_seens": 207583,
            "categorial_accuracy": 0.797606382927996
        },
        {
            "top_2_accuracy": 0.9108510639312419,
            "task": 3,
            "loss": 0.7410111342592443,
            "epoch": 2,
            "samples_seens": 216608,
            "categorial_accuracy": 0.7987234042553192
        },
        {
            "top_2_accuracy": 0.9086170213780504,
            "task": 4,
            "loss": 0.765749424112604,
            "epoch": 2,
            "samples_seens": 225633,
            "categorial_accuracy": 0.7986170211244137
        },
        {
            "top_2_accuracy": 0.9142553191489362,
            "task": 5,
            "loss": 0.7176487911508438,
            "epoch": 2,
            "samples_seens": 234660,
            "categorial_accuracy": 0.8056382978216131
        },
        {
            "top_2_accuracy": 0.9211170213780504,
            "task": 6,
            "loss": 0.625425754760174,
            "epoch": 2,
            "samples_seens": 243686,
            "categorial_accuracy": 0.8162234043567739
        },
        {
            "top_2_accuracy": 0.9198936171227313,
            "task": 7,
            "loss": 0.6105363006541069,
            "epoch": 2,
            "samples_seens": 252713,
            "categorial_accuracy": 0.8172340426039189
        },
        {
            "top_2_accuracy": 0.9318617022291142,
            "task": 8,
            "loss": 0.5511596691101155,
            "epoch": 2,
            "samples_seens": 261740,
            "categorial_accuracy": 0.830159574315903
        },
        {
            "top_2_accuracy": 0.9342021275581197,
            "task": 9,
            "loss": 0.520980548503551,
            "epoch": 2,
            "samples_seens": 270768,
            "categorial_accuracy": 0.8292021278117565
        }
    ],
    "id": 2,
    "name": "id2_t10_dp0.7_dc0.3_df0.0"
}