{
    "task_count": 10,
    "results": [
        {
            "top_2_accuracy": 0.6223936170720039,
            "task": 0,
            "loss": 2.255943193435669,
            "epoch": 0,
            "samples_seens": 9023,
            "categorial_accuracy": 0.4735638298886888
        },
        {
            "top_2_accuracy": 0.6917553190982089,
            "task": 1,
            "loss": 2.097878642183669,
            "epoch": 0,
            "samples_seens": 18047,
            "categorial_accuracy": 0.5409574467070559
        },
        {
            "top_2_accuracy": 0.748510638247145,
            "task": 2,
            "loss": 1.6979373235905424,
            "epoch": 0,
            "samples_seens": 27071,
            "categorial_accuracy": 0.6076595744680852
        },
        {
            "top_2_accuracy": 0.7868085107397526,
            "task": 3,
            "loss": 1.3781438842732856,
            "epoch": 0,
            "samples_seens": 36095,
            "categorial_accuracy": 0.6545212764435626
        },
        {
            "top_2_accuracy": 0.8224468085106383,
            "task": 4,
            "loss": 1.1839742637187876,
            "epoch": 0,
            "samples_seens": 45121,
            "categorial_accuracy": 0.6914893618035823
        },
        {
            "top_2_accuracy": 0.8476595745695398,
            "task": 5,
            "loss": 1.0256507109581157,
            "epoch": 0,
            "samples_seens": 54147,
            "categorial_accuracy": 0.7285638298379614
        },
        {
            "top_2_accuracy": 0.8672340425531915,
            "task": 6,
            "loss": 0.9125776744396129,
            "epoch": 0,
            "samples_seens": 63173,
            "categorial_accuracy": 0.7461702126137754
        },
        {
            "top_2_accuracy": 0.8912234042553191,
            "task": 7,
            "loss": 0.7643513495871361,
            "epoch": 0,
            "samples_seens": 72200,
            "categorial_accuracy": 0.7772872340425532
        },
        {
            "top_2_accuracy": 0.9059574468085106,
            "task": 8,
            "loss": 0.7006533011477044,
            "epoch": 0,
            "samples_seens": 81227,
            "categorial_accuracy": 0.7871808510638297
        },
        {
            "top_2_accuracy": 0.9163297871833151,
            "task": 9,
            "loss": 0.7065527535499411,
            "epoch": 0,
            "samples_seens": 90256,
            "categorial_accuracy": 0.7977127660081742
        },
        {
            "top_2_accuracy": 0.8854255317627115,
            "task": 0,
            "loss": 0.8880073527072339,
            "epoch": 1,
            "samples_seens": 99279,
            "categorial_accuracy": 0.7688297873862247
        },
        {
            "top_2_accuracy": 0.8877659572946265,
            "task": 1,
            "loss": 0.9287704347042327,
            "epoch": 1,
            "samples_seens": 108303,
            "categorial_accuracy": 0.7695744679329243
        },
        {
            "top_2_accuracy": 0.8886170211244137,
            "task": 2,
            "loss": 0.880266613655902,
            "epoch": 1,
            "samples_seens": 117327,
            "categorial_accuracy": 0.7712765956939535
        },
        {
            "top_2_accuracy": 0.9010106382978723,
            "task": 3,
            "loss": 0.7740205077414817,
            "epoch": 1,
            "samples_seens": 126351,
            "categorial_accuracy": 0.7855851065351608
        },
        {
            "top_2_accuracy": 0.8966489361702128,
            "task": 4,
            "loss": 0.7675551513408093,
            "epoch": 1,
            "samples_seens": 135377,
            "categorial_accuracy": 0.784840425684097
        },
        {
            "top_2_accuracy": 0.9070744680851064,
            "task": 5,
            "loss": 0.7043580510768485,
            "epoch": 1,
            "samples_seens": 144403,
            "categorial_accuracy": 0.8000531914893617
        },
        {
            "top_2_accuracy": 0.9168085107397526,
            "task": 6,
            "loss": 0.6449215582583813,
            "epoch": 1,
            "samples_seens": 153429,
            "categorial_accuracy": 0.8055851064844335
        },
        {
            "top_2_accuracy": 0.921117021175141,
            "task": 7,
            "loss": 0.5862962797854809,
            "epoch": 1,
            "samples_seens": 162456,
            "categorial_accuracy": 0.8201595743666303
        },
        {
            "top_2_accuracy": 0.9270212765450173,
            "task": 8,
            "loss": 0.5587849768425556,
            "epoch": 1,
            "samples_seens": 171483,
            "categorial_accuracy": 0.8248936171227313
        },
        {
            "top_2_accuracy": 0.9335638297365066,
            "task": 9,
            "loss": 0.5804202926919816,
            "epoch": 1,
            "samples_seens": 180512,
            "categorial_accuracy": 0.8269148935662939
        },
        {
            "top_2_accuracy": 0.899999999847818,
            "task": 0,
            "loss": 0.8355210139396343,
            "epoch": 2,
            "samples_seens": 189535,
            "categorial_accuracy": 0.7892553193011183
        },
        {
            "top_2_accuracy": 0.8987765957954083,
            "task": 1,
            "loss": 0.8702829784028073,
            "epoch": 2,
            "samples_seens": 198559,
            "categorial_accuracy": 0.7856382977201584
        },
        {
            "top_2_accuracy": 0.9115425533436714,
            "task": 2,
            "loss": 0.7603949796392563,
            "epoch": 2,
            "samples_seens": 207583,
            "categorial_accuracy": 0.802553191387907
        },
        {
            "top_2_accuracy": 0.9167553190982088,
            "task": 3,
            "loss": 0.7083033502355535,
            "epoch": 2,
            "samples_seens": 216607,
            "categorial_accuracy": 0.8107978721882435
        },
        {
            "top_2_accuracy": 0.9159574468085107,
            "task": 4,
            "loss": 0.6908432772819032,
            "epoch": 2,
            "samples_seens": 225633,
            "categorial_accuracy": 0.81180851079048
        },
        {
            "top_2_accuracy": 0.9206914895138842,
            "task": 5,
            "loss": 0.6243437344977196,
            "epoch": 2,
            "samples_seens": 234659,
            "categorial_accuracy": 0.8171276594730134
        },
        {
            "top_2_accuracy": 0.9251595744173577,
            "task": 6,
            "loss": 0.5990389882250035,
            "epoch": 2,
            "samples_seens": 243685,
            "categorial_accuracy": 0.8216489362716675
        },
        {
            "top_2_accuracy": 0.9303723403240772,
            "task": 7,
            "loss": 0.5377034149271377,
            "epoch": 2,
            "samples_seens": 252712,
            "categorial_accuracy": 0.832553191387907
        },
        {
            "top_2_accuracy": 0.9342553190982088,
            "task": 8,
            "loss": 0.5207161077539971,
            "epoch": 2,
            "samples_seens": 261739,
            "categorial_accuracy": 0.8351063830801781
        },
        {
            "top_2_accuracy": 0.9388829786726769,
            "task": 9,
            "loss": 0.5165078877895436,
            "epoch": 2,
            "samples_seens": 270768,
            "categorial_accuracy": 0.8317553192503909
        }
    ],
    "id": 2,
    "name": "id2_t10_dp0.5_dc0.5_df0.0"
}