{
    "task_count": 10,
    "results": [
        {
            "top_2_accuracy": 0.6390957445793963,
            "task": 0,
            "loss": 2.154935694349573,
            "epoch": 0,
            "samples_seens": 9023,
            "categorial_accuracy": 0.49393617023812963
        },
        {
            "top_2_accuracy": 0.7071276595237407,
            "task": 1,
            "loss": 1.8863672721132319,
            "epoch": 0,
            "samples_seens": 18046,
            "categorial_accuracy": 0.5677659572946264
        },
        {
            "top_2_accuracy": 0.770053191387907,
            "task": 2,
            "loss": 1.4775193700384586,
            "epoch": 0,
            "samples_seens": 27069,
            "categorial_accuracy": 0.6313297871325878
        },
        {
            "top_2_accuracy": 0.8066489360687581,
            "task": 3,
            "loss": 1.3587142604462643,
            "epoch": 0,
            "samples_seens": 36092,
            "categorial_accuracy": 0.6754255320670757
        },
        {
            "top_2_accuracy": 0.8407978722896982,
            "task": 4,
            "loss": 1.0649709296733776,
            "epoch": 0,
            "samples_seens": 45115,
            "categorial_accuracy": 0.7157446806988818
        },
        {
            "top_2_accuracy": 0.8591489360180307,
            "task": 5,
            "loss": 0.9994054561980227,
            "epoch": 0,
            "samples_seens": 54138,
            "categorial_accuracy": 0.7325531915908164
        },
        {
            "top_2_accuracy": 0.8842553191489362,
            "task": 6,
            "loss": 0.8220543999367572,
            "epoch": 0,
            "samples_seens": 63161,
            "categorial_accuracy": 0.7725531915400891
        },
        {
            "top_2_accuracy": 0.8960638297872341,
            "task": 7,
            "loss": 0.7656902390845278,
            "epoch": 0,
            "samples_seens": 72184,
            "categorial_accuracy": 0.7757978722389708
        },
        {
            "top_2_accuracy": 0.9068617021783869,
            "task": 8,
            "loss": 0.7427395298633169,
            "epoch": 0,
            "samples_seens": 81207,
            "categorial_accuracy": 0.7821276594730133
        },
        {
            "top_2_accuracy": 0.8927127660589015,
            "task": 9,
            "loss": 0.8843404598438993,
            "epoch": 0,
            "samples_seens": 90230,
            "categorial_accuracy": 0.740904255471331
        },
        {
            "top_2_accuracy": 0.8993617020262049,
            "task": 0,
            "loss": 0.8189311517045853,
            "epoch": 1,
            "samples_seens": 99253,
            "categorial_accuracy": 0.7829255318134389
        },
        {
            "top_2_accuracy": 0.8932446807496092,
            "task": 1,
            "loss": 0.8773759481754709,
            "epoch": 1,
            "samples_seens": 108276,
            "categorial_accuracy": 0.7744148935662939
        },
        {
            "top_2_accuracy": 0.8993085106890252,
            "task": 2,
            "loss": 0.8090420920798119,
            "epoch": 1,
            "samples_seens": 117299,
            "categorial_accuracy": 0.7894148934648392
        },
        {
            "top_2_accuracy": 0.9012765956432262,
            "task": 3,
            "loss": 0.7779551170734649,
            "epoch": 1,
            "samples_seens": 126322,
            "categorial_accuracy": 0.7924468085613656
        },
        {
            "top_2_accuracy": 0.9089361700605839,
            "task": 4,
            "loss": 0.7074340634143099,
            "epoch": 1,
            "samples_seens": 135345,
            "categorial_accuracy": 0.8016489362716674
        },
        {
            "top_2_accuracy": 0.9137765958968629,
            "task": 5,
            "loss": 0.647547690690832,
            "epoch": 1,
            "samples_seens": 144368,
            "categorial_accuracy": 0.8074468085106383
        },
        {
            "top_2_accuracy": 0.9204255320163484,
            "task": 6,
            "loss": 0.6145953769379474,
            "epoch": 1,
            "samples_seens": 153391,
            "categorial_accuracy": 0.8081382977708857
        },
        {
            "top_2_accuracy": 0.9250531915908164,
            "task": 7,
            "loss": 0.5980831937840644,
            "epoch": 1,
            "samples_seens": 162414,
            "categorial_accuracy": 0.8148936169198219
        },
        {
            "top_2_accuracy": 0.9281914893109747,
            "task": 8,
            "loss": 0.599679543921288,
            "epoch": 1,
            "samples_seens": 171437,
            "categorial_accuracy": 0.8114893618543098
        },
        {
            "top_2_accuracy": 0.9106382977201584,
            "task": 9,
            "loss": 0.7893757211908381,
            "epoch": 1,
            "samples_seens": 180460,
            "categorial_accuracy": 0.763031914741435
        },
        {
            "top_2_accuracy": 0.9088829787741316,
            "task": 0,
            "loss": 0.8070388338920917,
            "epoch": 2,
            "samples_seens": 189483,
            "categorial_accuracy": 0.798510638247145
        },
        {
            "top_2_accuracy": 0.9077659575989906,
            "task": 1,
            "loss": 0.7628321511694726,
            "epoch": 2,
            "samples_seens": 198506,
            "categorial_accuracy": 0.7997872339918258
        },
        {
            "top_2_accuracy": 0.9150000001014548,
            "task": 2,
            "loss": 0.7426120916833269,
            "epoch": 2,
            "samples_seens": 207529,
            "categorial_accuracy": 0.8071808511145572
        },
        {
            "top_2_accuracy": 0.9192021278117566,
            "task": 3,
            "loss": 0.6721905791252217,
            "epoch": 2,
            "samples_seens": 216552,
            "categorial_accuracy": 0.8156914894124295
        },
        {
            "top_2_accuracy": 0.9251595746202672,
            "task": 4,
            "loss": 0.6241358567806,
            "epoch": 2,
            "samples_seens": 225575,
            "categorial_accuracy": 0.815851063931242
        },
        {
            "top_2_accuracy": 0.9210638298886887,
            "task": 5,
            "loss": 0.6432150534873313,
            "epoch": 2,
            "samples_seens": 234598,
            "categorial_accuracy": 0.8193617020262048
        },
        {
            "top_2_accuracy": 0.9323936171227313,
            "task": 6,
            "loss": 0.5443316676261577,
            "epoch": 2,
            "samples_seens": 243621,
            "categorial_accuracy": 0.8284042553698763
        },
        {
            "top_2_accuracy": 0.9339361703142207,
            "task": 7,
            "loss": 0.5435971558854935,
            "epoch": 2,
            "samples_seens": 252644,
            "categorial_accuracy": 0.8233510637283326
        },
        {
            "top_2_accuracy": 0.9312234043567739,
            "task": 8,
            "loss": 0.5703184633052095,
            "epoch": 2,
            "samples_seens": 261667,
            "categorial_accuracy": 0.8211702127659575
        },
        {
            "top_2_accuracy": 0.9095212766464721,
            "task": 9,
            "loss": 0.7803954401422054,
            "epoch": 2,
            "samples_seens": 270690,
            "categorial_accuracy": 0.7638297872340426
        }
    ],
    "id": 2,
    "name": "id2_t10_dp0.0_dc1.0_df0.0"
}