{
    "name": "id1_t10_dp0.3_dc0.7_df0.0",
    "task_count": 10,
    "id": 1,
    "results": [
        {
            "loss": 2.0261754322052004,
            "categorial_accuracy": 0.5020212765957447,
            "top_2_accuracy": 0.649095744528669,
            "epoch": 0,
            "task": 0,
            "samples_seens": 9023
        },
        {
            "loss": 1.862372797702221,
            "categorial_accuracy": 0.5566489362716674,
            "top_2_accuracy": 0.7003723404255319,
            "epoch": 0,
            "task": 1,
            "samples_seens": 18047
        },
        {
            "loss": 1.493245491778597,
            "categorial_accuracy": 0.623457446859238,
            "top_2_accuracy": 0.7650531915400891,
            "epoch": 0,
            "task": 2,
            "samples_seens": 27072
        },
        {
            "loss": 1.3152447978486406,
            "categorial_accuracy": 0.6680851065351608,
            "top_2_accuracy": 0.8059042553191489,
            "epoch": 0,
            "task": 3,
            "samples_seens": 36098
        },
        {
            "loss": 1.1244041129376026,
            "categorial_accuracy": 0.6975,
            "top_2_accuracy": 0.8317553193011182,
            "epoch": 0,
            "task": 4,
            "samples_seens": 45124
        },
        {
            "loss": 0.9650876054865248,
            "categorial_accuracy": 0.7344148936677486,
            "top_2_accuracy": 0.8595212766971994,
            "epoch": 0,
            "task": 5,
            "samples_seens": 54150
        },
        {
            "loss": 0.8596382620486808,
            "categorial_accuracy": 0.7585106383993271,
            "top_2_accuracy": 0.879680850962375,
            "epoch": 0,
            "task": 6,
            "samples_seens": 63176
        },
        {
            "loss": 0.7589749629954075,
            "categorial_accuracy": 0.776117021175141,
            "top_2_accuracy": 0.8914893617021277,
            "epoch": 0,
            "task": 7,
            "samples_seens": 72204
        },
        {
            "loss": 0.6914506788963967,
            "categorial_accuracy": 0.7872340425531915,
            "top_2_accuracy": 0.9082446806988818,
            "epoch": 0,
            "task": 8,
            "samples_seens": 81232
        },
        {
            "loss": 0.7131077125224662,
            "categorial_accuracy": 0.7880319149443443,
            "top_2_accuracy": 0.9110638298379614,
            "epoch": 0,
            "task": 9,
            "samples_seens": 90261
        },
        {
            "loss": 0.873478799018454,
            "categorial_accuracy": 0.7756382978216131,
            "top_2_accuracy": 0.8936702128166848,
            "epoch": 1,
            "task": 0,
            "samples_seens": 99284
        },
        {
            "loss": 0.8311755445662965,
            "categorial_accuracy": 0.7759574466563286,
            "top_2_accuracy": 0.8964361701620386,
            "epoch": 1,
            "task": 1,
            "samples_seens": 108308
        },
        {
            "loss": 0.8319565076523638,
            "categorial_accuracy": 0.7813829787234042,
            "top_2_accuracy": 0.8987765958461356,
            "epoch": 1,
            "task": 2,
            "samples_seens": 117333
        },
        {
            "loss": 0.7381488379011762,
            "categorial_accuracy": 0.7893617020262048,
            "top_2_accuracy": 0.903563829787234,
            "epoch": 1,
            "task": 3,
            "samples_seens": 126359
        },
        {
            "loss": 0.692102236798469,
            "categorial_accuracy": 0.7956914893109748,
            "top_2_accuracy": 0.9067553193011182,
            "epoch": 1,
            "task": 4,
            "samples_seens": 135385
        },
        {
            "loss": 0.7249150282271365,
            "categorial_accuracy": 0.7972340426039188,
            "top_2_accuracy": 0.9073936171734587,
            "epoch": 1,
            "task": 5,
            "samples_seens": 144411
        },
        {
            "loss": 0.6684238597433618,
            "categorial_accuracy": 0.8037234041538645,
            "top_2_accuracy": 0.9114893618035824,
            "epoch": 1,
            "task": 6,
            "samples_seens": 153437
        },
        {
            "loss": 0.6025094047759442,
            "categorial_accuracy": 0.8126595743666304,
            "top_2_accuracy": 0.9219148937692033,
            "epoch": 1,
            "task": 7,
            "samples_seens": 162465
        },
        {
            "loss": 0.5447417842073643,
            "categorial_accuracy": 0.8253723403240772,
            "top_2_accuracy": 0.9311170213273231,
            "epoch": 1,
            "task": 8,
            "samples_seens": 171493
        },
        {
            "loss": 0.5924776836405409,
            "categorial_accuracy": 0.8201595746202672,
            "top_2_accuracy": 0.9297872338903711,
            "epoch": 1,
            "task": 9,
            "samples_seens": 180522
        },
        {
            "loss": 0.7741638349472209,
            "categorial_accuracy": 0.8001063829787234,
            "top_2_accuracy": 0.9079787233535279,
            "epoch": 2,
            "task": 0,
            "samples_seens": 189545
        },
        {
            "loss": 0.7969441049656969,
            "categorial_accuracy": 0.7972340424517368,
            "top_2_accuracy": 0.9081914893617021,
            "epoch": 2,
            "task": 1,
            "samples_seens": 198569
        },
        {
            "loss": 0.7693643379211426,
            "categorial_accuracy": 0.8023404256333696,
            "top_2_accuracy": 0.9148404254811875,
            "epoch": 2,
            "task": 2,
            "samples_seens": 207594
        },
        {
            "loss": 0.6618654236387699,
            "categorial_accuracy": 0.8119148937692033,
            "top_2_accuracy": 0.9178723402733499,
            "epoch": 2,
            "task": 3,
            "samples_seens": 216620
        },
        {
            "loss": 0.6147434337849312,
            "categorial_accuracy": 0.8177659575989906,
            "top_2_accuracy": 0.9228191488854428,
            "epoch": 2,
            "task": 4,
            "samples_seens": 225646
        },
        {
            "loss": 0.6366816640914754,
            "categorial_accuracy": 0.8168085105368431,
            "top_2_accuracy": 0.921914893566294,
            "epoch": 2,
            "task": 5,
            "samples_seens": 234672
        },
        {
            "loss": 0.5605481027542276,
            "categorial_accuracy": 0.8287234043060465,
            "top_2_accuracy": 0.9290425531914893,
            "epoch": 2,
            "task": 6,
            "samples_seens": 243698
        },
        {
            "loss": 0.5592486110393037,
            "categorial_accuracy": 0.8295744681865611,
            "top_2_accuracy": 0.9288829788248589,
            "epoch": 2,
            "task": 7,
            "samples_seens": 252726
        },
        {
            "loss": 0.5225052140114155,
            "categorial_accuracy": 0.8339893618035824,
            "top_2_accuracy": 0.9345212767479267,
            "epoch": 2,
            "task": 8,
            "samples_seens": 261754
        },
        {
            "loss": 0.5471548441876757,
            "categorial_accuracy": 0.830053191540089,
            "top_2_accuracy": 0.9371276595744681,
            "epoch": 2,
            "task": 9,
            "samples_seens": 270783
        }
    ]
}