{
    "name": "id1_t10_dp0.3_dc0.6_df0.1",
    "task_count": 10,
    "id": 1,
    "results": [
        {
            "loss": 1.9017194742852068,
            "categorial_accuracy": 0.5295212766464721,
            "top_2_accuracy": 0.6717021277610292,
            "epoch": 0,
            "task": 0,
            "samples_seens": 9030
        },
        {
            "loss": 1.639598578087827,
            "categorial_accuracy": 0.5904787233535279,
            "top_2_accuracy": 0.7325,
            "epoch": 0,
            "task": 1,
            "samples_seens": 18059
        },
        {
            "loss": 1.4148841325272905,
            "categorial_accuracy": 0.643031914893617,
            "top_2_accuracy": 0.7816489362716674,
            "epoch": 0,
            "task": 2,
            "samples_seens": 27087
        },
        {
            "loss": 1.198973945556803,
            "categorial_accuracy": 0.6811170211751411,
            "top_2_accuracy": 0.815425531965621,
            "epoch": 0,
            "task": 3,
            "samples_seens": 36113
        },
        {
            "loss": 0.9684102055367003,
            "categorial_accuracy": 0.7280319149443444,
            "top_2_accuracy": 0.8522872340932806,
            "epoch": 0,
            "task": 4,
            "samples_seens": 45141
        },
        {
            "loss": 0.8486160270711209,
            "categorial_accuracy": 0.7502127658559921,
            "top_2_accuracy": 0.8751063830801781,
            "epoch": 0,
            "task": 5,
            "samples_seens": 54168
        },
        {
            "loss": 0.7796643209457398,
            "categorial_accuracy": 0.7656914893109747,
            "top_2_accuracy": 0.8880319147921623,
            "epoch": 0,
            "task": 6,
            "samples_seens": 63195
        },
        {
            "loss": 0.6983484110426396,
            "categorial_accuracy": 0.7831914892602474,
            "top_2_accuracy": 0.9045212766464721,
            "epoch": 0,
            "task": 7,
            "samples_seens": 72223
        },
        {
            "loss": 0.640106744715508,
            "categorial_accuracy": 0.8039361703142207,
            "top_2_accuracy": 0.9174468085106383,
            "epoch": 0,
            "task": 8,
            "samples_seens": 81251
        },
        {
            "loss": 0.7437796617061534,
            "categorial_accuracy": 0.7898936170212766,
            "top_2_accuracy": 0.9149468085613657,
            "epoch": 0,
            "task": 9,
            "samples_seens": 90280
        },
        {
            "loss": 0.706766591985175,
            "categorial_accuracy": 0.7982978722389709,
            "top_2_accuracy": 0.9119680851063829,
            "epoch": 1,
            "task": 0,
            "samples_seens": 99310
        },
        {
            "loss": 0.7176873281154227,
            "categorial_accuracy": 0.7922872340932805,
            "top_2_accuracy": 0.908510638247145,
            "epoch": 1,
            "task": 1,
            "samples_seens": 108339
        },
        {
            "loss": 0.6874562393858078,
            "categorial_accuracy": 0.7965425532422167,
            "top_2_accuracy": 0.9112765957954082,
            "epoch": 1,
            "task": 2,
            "samples_seens": 117367
        },
        {
            "loss": 0.6733558935814715,
            "categorial_accuracy": 0.7992553191489362,
            "top_2_accuracy": 0.9087234043567739,
            "epoch": 1,
            "task": 3,
            "samples_seens": 126393
        },
        {
            "loss": 0.669513639186291,
            "categorial_accuracy": 0.7998936170720039,
            "top_2_accuracy": 0.9131382980245225,
            "epoch": 1,
            "task": 4,
            "samples_seens": 135421
        },
        {
            "loss": 0.6440627178232721,
            "categorial_accuracy": 0.8047340424010094,
            "top_2_accuracy": 0.9175531914386343,
            "epoch": 1,
            "task": 5,
            "samples_seens": 144448
        },
        {
            "loss": 0.5706320415659154,
            "categorial_accuracy": 0.8207446808003365,
            "top_2_accuracy": 0.9265957447823058,
            "epoch": 1,
            "task": 6,
            "samples_seens": 153475
        },
        {
            "loss": 0.5485762078204054,
            "categorial_accuracy": 0.8233510636776051,
            "top_2_accuracy": 0.9283510637790598,
            "epoch": 1,
            "task": 7,
            "samples_seens": 162503
        },
        {
            "loss": 0.541803725754961,
            "categorial_accuracy": 0.8224468086628204,
            "top_2_accuracy": 0.9307978723911529,
            "epoch": 1,
            "task": 8,
            "samples_seens": 171531
        },
        {
            "loss": 0.5671714552919915,
            "categorial_accuracy": 0.8225531913371796,
            "top_2_accuracy": 0.932872340577714,
            "epoch": 1,
            "task": 9,
            "samples_seens": 180560
        },
        {
            "loss": 0.6544252034704736,
            "categorial_accuracy": 0.8180319149950718,
            "top_2_accuracy": 0.9268085105368432,
            "epoch": 2,
            "task": 0,
            "samples_seens": 189590
        },
        {
            "loss": 0.62156992019491,
            "categorial_accuracy": 0.8199999999492726,
            "top_2_accuracy": 0.9269148937692033,
            "epoch": 2,
            "task": 1,
            "samples_seens": 198619
        },
        {
            "loss": 0.6137010083300002,
            "categorial_accuracy": 0.8152659575989906,
            "top_2_accuracy": 0.9250531914386343,
            "epoch": 2,
            "task": 2,
            "samples_seens": 207647
        },
        {
            "loss": 0.6157185860390358,
            "categorial_accuracy": 0.8195744680851064,
            "top_2_accuracy": 0.9257978724926076,
            "epoch": 2,
            "task": 3,
            "samples_seens": 216673
        },
        {
            "loss": 0.5836907526787292,
            "categorial_accuracy": 0.8243085105368432,
            "top_2_accuracy": 0.931010638247145,
            "epoch": 2,
            "task": 4,
            "samples_seens": 225701
        },
        {
            "loss": 0.5363040761744723,
            "categorial_accuracy": 0.8315425530900347,
            "top_2_accuracy": 0.9337765956939535,
            "epoch": 2,
            "task": 5,
            "samples_seens": 234728
        },
        {
            "loss": 0.5300600131268197,
            "categorial_accuracy": 0.831382978824859,
            "top_2_accuracy": 0.9351063831309054,
            "epoch": 2,
            "task": 6,
            "samples_seens": 243755
        },
        {
            "loss": 0.5182435471707202,
            "categorial_accuracy": 0.8294680849542009,
            "top_2_accuracy": 0.9352659573960812,
            "epoch": 2,
            "task": 7,
            "samples_seens": 252783
        },
        {
            "loss": 0.5468569515360162,
            "categorial_accuracy": 0.8240425532929441,
            "top_2_accuracy": 0.9315425531914894,
            "epoch": 2,
            "task": 8,
            "samples_seens": 261811
        },
        {
            "loss": 0.5087262988851425,
            "categorial_accuracy": 0.8339893618035824,
            "top_2_accuracy": 0.9419148936170213,
            "epoch": 2,
            "task": 9,
            "samples_seens": 270840
        }
    ]
}