{
    "name": "id1_t10_dp0.0_dc0.3_df0.7",
    "task_count": 10,
    "id": 1,
    "results": [
        {
            "loss": 1.6116047208867175,
            "categorial_accuracy": 0.5671808512160118,
            "top_2_accuracy": 0.7115425533436714,
            "epoch": 0,
            "task": 0,
            "samples_seens": 9028
        },
        {
            "loss": 1.1839113717383527,
            "categorial_accuracy": 0.6627659574468086,
            "top_2_accuracy": 0.8026063829787234,
            "epoch": 0,
            "task": 1,
            "samples_seens": 18055
        },
        {
            "loss": 0.9462992600177197,
            "categorial_accuracy": 0.7164893616514003,
            "top_2_accuracy": 0.8552127661096289,
            "epoch": 0,
            "task": 2,
            "samples_seens": 27082
        },
        {
            "loss": 0.8170762539417186,
            "categorial_accuracy": 0.7522340425024642,
            "top_2_accuracy": 0.878085106281524,
            "epoch": 0,
            "task": 3,
            "samples_seens": 36108
        },
        {
            "loss": 0.756913839147446,
            "categorial_accuracy": 0.7714361702634933,
            "top_2_accuracy": 0.8926595745188125,
            "epoch": 0,
            "task": 4,
            "samples_seens": 45135
        },
        {
            "loss": 0.684385092207726,
            "categorial_accuracy": 0.7818617021276596,
            "top_2_accuracy": 0.9063829786726769,
            "epoch": 0,
            "task": 5,
            "samples_seens": 54160
        },
        {
            "loss": 0.6903731176700998,
            "categorial_accuracy": 0.794574468034379,
            "top_2_accuracy": 0.9141489361702128,
            "epoch": 0,
            "task": 6,
            "samples_seens": 63185
        },
        {
            "loss": 0.6452552545324285,
            "categorial_accuracy": 0.7997872341440079,
            "top_2_accuracy": 0.9171808510131024,
            "epoch": 0,
            "task": 7,
            "samples_seens": 72209
        },
        {
            "loss": 0.7508836738099444,
            "categorial_accuracy": 0.7784042554206037,
            "top_2_accuracy": 0.9095744679836517,
            "epoch": 0,
            "task": 8,
            "samples_seens": 81233
        },
        {
            "loss": 0.8987797064476825,
            "categorial_accuracy": 0.7311702129181396,
            "top_2_accuracy": 0.8886170214287779,
            "epoch": 0,
            "task": 9,
            "samples_seens": 90256
        },
        {
            "loss": 0.56378952893805,
            "categorial_accuracy": 0.8209042551669669,
            "top_2_accuracy": 0.9276063828772687,
            "epoch": 1,
            "task": 0,
            "samples_seens": 99284
        },
        {
            "loss": 0.5573236163879962,
            "categorial_accuracy": 0.8203191489868976,
            "top_2_accuracy": 0.9298404254811875,
            "epoch": 1,
            "task": 1,
            "samples_seens": 108311
        },
        {
            "loss": 0.5303051575954925,
            "categorial_accuracy": 0.8270744679329243,
            "top_2_accuracy": 0.933510638399327,
            "epoch": 1,
            "task": 2,
            "samples_seens": 117338
        },
        {
            "loss": 0.520086887592965,
            "categorial_accuracy": 0.8293617021276596,
            "top_2_accuracy": 0.9331914895138842,
            "epoch": 1,
            "task": 3,
            "samples_seens": 126364
        },
        {
            "loss": 0.508105801648282,
            "categorial_accuracy": 0.8321276597266501,
            "top_2_accuracy": 0.935957446859238,
            "epoch": 1,
            "task": 4,
            "samples_seens": 135391
        },
        {
            "loss": 0.5087320166699429,
            "categorial_accuracy": 0.8321276595744681,
            "top_2_accuracy": 0.9377127660589015,
            "epoch": 1,
            "task": 5,
            "samples_seens": 144416
        },
        {
            "loss": 0.5149478542804719,
            "categorial_accuracy": 0.830425531965621,
            "top_2_accuracy": 0.9367021277610292,
            "epoch": 1,
            "task": 6,
            "samples_seens": 153441
        },
        {
            "loss": 0.5563046179426477,
            "categorial_accuracy": 0.8207446809525185,
            "top_2_accuracy": 0.9315957446301237,
            "epoch": 1,
            "task": 7,
            "samples_seens": 162465
        },
        {
            "loss": 0.6555905030128804,
            "categorial_accuracy": 0.7956382978723404,
            "top_2_accuracy": 0.9225531916415438,
            "epoch": 1,
            "task": 8,
            "samples_seens": 171489
        },
        {
            "loss": 0.7666585015743337,
            "categorial_accuracy": 0.7668085106890252,
            "top_2_accuracy": 0.9093085106890252,
            "epoch": 1,
            "task": 9,
            "samples_seens": 180512
        },
        {
            "loss": 0.49326275163508476,
            "categorial_accuracy": 0.8404787235564374,
            "top_2_accuracy": 0.9414893618035823,
            "epoch": 2,
            "task": 0,
            "samples_seens": 189540
        },
        {
            "loss": 0.4987637508169134,
            "categorial_accuracy": 0.8390425530393073,
            "top_2_accuracy": 0.9414361703142207,
            "epoch": 2,
            "task": 1,
            "samples_seens": 198567
        },
        {
            "loss": 0.4879966352341023,
            "categorial_accuracy": 0.8383510639819693,
            "top_2_accuracy": 0.9416489360687581,
            "epoch": 2,
            "task": 2,
            "samples_seens": 207594
        },
        {
            "loss": 0.4723596079806064,
            "categorial_accuracy": 0.842872340577714,
            "top_2_accuracy": 0.944414893718476,
            "epoch": 2,
            "task": 3,
            "samples_seens": 216620
        },
        {
            "loss": 0.46416299264481725,
            "categorial_accuracy": 0.8452659575482633,
            "top_2_accuracy": 0.9436702128674122,
            "epoch": 2,
            "task": 4,
            "samples_seens": 225647
        },
        {
            "loss": 0.4708595420959148,
            "categorial_accuracy": 0.8418085105875706,
            "top_2_accuracy": 0.9424999998985453,
            "epoch": 2,
            "task": 5,
            "samples_seens": 234672
        },
        {
            "loss": 0.4766439481238101,
            "categorial_accuracy": 0.8433510639819694,
            "top_2_accuracy": 0.9429255320163483,
            "epoch": 2,
            "task": 6,
            "samples_seens": 243697
        },
        {
            "loss": 0.49907435724075805,
            "categorial_accuracy": 0.8348404255826423,
            "top_2_accuracy": 0.940372340577714,
            "epoch": 2,
            "task": 7,
            "samples_seens": 252721
        },
        {
            "loss": 0.5558447833010491,
            "categorial_accuracy": 0.8241489362716675,
            "top_2_accuracy": 0.9382978723404255,
            "epoch": 2,
            "task": 8,
            "samples_seens": 261745
        },
        {
            "loss": 0.7369125789277097,
            "categorial_accuracy": 0.7720212765450173,
            "top_2_accuracy": 0.9113297871325878,
            "epoch": 2,
            "task": 9,
            "samples_seens": 270768
        }
    ]
}