{
    "name": "id1_t10_dp0.3_dc0.4_df0.3",
    "task_count": 10,
    "id": 1,
    "results": [
        {
            "loss": 1.7695114037331114,
            "categorial_accuracy": 0.5225531914893617,
            "top_2_accuracy": 0.6722872340932805,
            "epoch": 0,
            "task": 0,
            "samples_seens": 9029
        },
        {
            "loss": 1.4305097676338034,
            "categorial_accuracy": 0.615904255471331,
            "top_2_accuracy": 0.7594148936170213,
            "epoch": 0,
            "task": 1,
            "samples_seens": 18057
        },
        {
            "loss": 1.11799073685991,
            "categorial_accuracy": 0.686010638247145,
            "top_2_accuracy": 0.8210106383993271,
            "epoch": 0,
            "task": 2,
            "samples_seens": 27086
        },
        {
            "loss": 0.9329876745508072,
            "categorial_accuracy": 0.7214893616514003,
            "top_2_accuracy": 0.8577127658052648,
            "epoch": 0,
            "task": 3,
            "samples_seens": 36114
        },
        {
            "loss": 0.8420494233293736,
            "categorial_accuracy": 0.74819148920952,
            "top_2_accuracy": 0.8740425532422167,
            "epoch": 0,
            "task": 4,
            "samples_seens": 45142
        },
        {
            "loss": 0.7704824089496694,
            "categorial_accuracy": 0.7672340427053735,
            "top_2_accuracy": 0.8887765957446808,
            "epoch": 0,
            "task": 5,
            "samples_seens": 54170
        },
        {
            "loss": 0.6781514136334683,
            "categorial_accuracy": 0.7925000001014547,
            "top_2_accuracy": 0.9069148936170213,
            "epoch": 0,
            "task": 6,
            "samples_seens": 63198
        },
        {
            "loss": 0.6637809320206338,
            "categorial_accuracy": 0.7948936168690945,
            "top_2_accuracy": 0.9151595746202672,
            "epoch": 0,
            "task": 7,
            "samples_seens": 72227
        },
        {
            "loss": 0.6455972463526625,
            "categorial_accuracy": 0.8073936170212765,
            "top_2_accuracy": 0.9239893618543097,
            "epoch": 0,
            "task": 8,
            "samples_seens": 81255
        },
        {
            "loss": 0.637882482346068,
            "categorial_accuracy": 0.806968085106383,
            "top_2_accuracy": 0.9264893616514003,
            "epoch": 0,
            "task": 9,
            "samples_seens": 90284
        },
        {
            "loss": 0.6338371345591037,
            "categorial_accuracy": 0.80382978728477,
            "top_2_accuracy": 0.9188829786726769,
            "epoch": 1,
            "task": 0,
            "samples_seens": 99313
        },
        {
            "loss": 0.6236898852155563,
            "categorial_accuracy": 0.8061702128166848,
            "top_2_accuracy": 0.9215957447823058,
            "epoch": 1,
            "task": 1,
            "samples_seens": 108341
        },
        {
            "loss": 0.5993559784077583,
            "categorial_accuracy": 0.8132446806988818,
            "top_2_accuracy": 0.9223404256333696,
            "epoch": 1,
            "task": 2,
            "samples_seens": 117370
        },
        {
            "loss": 0.5855340199521247,
            "categorial_accuracy": 0.8163829785712222,
            "top_2_accuracy": 0.9252659572946265,
            "epoch": 1,
            "task": 3,
            "samples_seens": 126398
        },
        {
            "loss": 0.5553001011686122,
            "categorial_accuracy": 0.8217553191489362,
            "top_2_accuracy": 0.9301595744680851,
            "epoch": 1,
            "task": 4,
            "samples_seens": 135426
        },
        {
            "loss": 0.5388484870119298,
            "categorial_accuracy": 0.8289893618543097,
            "top_2_accuracy": 0.9306914894631568,
            "epoch": 1,
            "task": 5,
            "samples_seens": 144454
        },
        {
            "loss": 0.5210128966037263,
            "categorial_accuracy": 0.8325,
            "top_2_accuracy": 0.9332446808003365,
            "epoch": 1,
            "task": 6,
            "samples_seens": 153482
        },
        {
            "loss": 0.521872251185965,
            "categorial_accuracy": 0.8302127658052647,
            "top_2_accuracy": 0.9360638297365067,
            "epoch": 1,
            "task": 7,
            "samples_seens": 162511
        },
        {
            "loss": 0.5388497084252378,
            "categorial_accuracy": 0.8247872341440079,
            "top_2_accuracy": 0.9369148937692033,
            "epoch": 1,
            "task": 8,
            "samples_seens": 171539
        },
        {
            "loss": 0.54489094252282,
            "categorial_accuracy": 0.8265957445793963,
            "top_2_accuracy": 0.9390957447823057,
            "epoch": 1,
            "task": 9,
            "samples_seens": 180568
        },
        {
            "loss": 0.5834722976228024,
            "categorial_accuracy": 0.8226595744680851,
            "top_2_accuracy": 0.93,
            "epoch": 2,
            "task": 0,
            "samples_seens": 189597
        },
        {
            "loss": 0.5594698437984954,
            "categorial_accuracy": 0.828723404103137,
            "top_2_accuracy": 0.9350000001521821,
            "epoch": 2,
            "task": 1,
            "samples_seens": 198625
        },
        {
            "loss": 0.5400497518194483,
            "categorial_accuracy": 0.8319680851571103,
            "top_2_accuracy": 0.9346276597266502,
            "epoch": 2,
            "task": 2,
            "samples_seens": 207654
        },
        {
            "loss": 0.5381193046620552,
            "categorial_accuracy": 0.8299468083584562,
            "top_2_accuracy": 0.9337765958968629,
            "epoch": 2,
            "task": 3,
            "samples_seens": 216682
        },
        {
            "loss": 0.5058212723884177,
            "categorial_accuracy": 0.8348936169705492,
            "top_2_accuracy": 0.9397340425024642,
            "epoch": 2,
            "task": 4,
            "samples_seens": 225710
        },
        {
            "loss": 0.49420528911529704,
            "categorial_accuracy": 0.8395744681358337,
            "top_2_accuracy": 0.938936170364948,
            "epoch": 2,
            "task": 5,
            "samples_seens": 234738
        },
        {
            "loss": 0.47443225218894636,
            "categorial_accuracy": 0.8443617022798416,
            "top_2_accuracy": 0.9409042552684216,
            "epoch": 2,
            "task": 6,
            "samples_seens": 243766
        },
        {
            "loss": 0.46967649969648806,
            "categorial_accuracy": 0.8468085105875706,
            "top_2_accuracy": 0.9430851064844334,
            "epoch": 2,
            "task": 7,
            "samples_seens": 252795
        },
        {
            "loss": 0.47440615727546365,
            "categorial_accuracy": 0.8448404255319149,
            "top_2_accuracy": 0.9474999999492727,
            "epoch": 2,
            "task": 8,
            "samples_seens": 261823
        },
        {
            "loss": 0.5005697117967809,
            "categorial_accuracy": 0.8379255320163483,
            "top_2_accuracy": 0.9464361703142207,
            "epoch": 2,
            "task": 9,
            "samples_seens": 270852
        }
    ]
}