{
    "name": "id1_t10_dp0.2_dc0.7_df0.1",
    "task_count": 10,
    "id": 1,
    "results": [
        {
            "loss": 2.020311626474908,
            "categorial_accuracy": 0.4781382979230678,
            "top_2_accuracy": 0.6343617020769322,
            "epoch": 0,
            "task": 0,
            "samples_seens": 9030
        },
        {
            "loss": 1.5627558776165578,
            "categorial_accuracy": 0.6002659572946264,
            "top_2_accuracy": 0.7444680850049282,
            "epoch": 0,
            "task": 1,
            "samples_seens": 18060
        },
        {
            "loss": 1.3340610638070614,
            "categorial_accuracy": 0.6467553192503909,
            "top_2_accuracy": 0.7898404253797329,
            "epoch": 0,
            "task": 2,
            "samples_seens": 27089
        },
        {
            "loss": 1.1153267512422926,
            "categorial_accuracy": 0.6932446806988818,
            "top_2_accuracy": 0.8284574469606927,
            "epoch": 0,
            "task": 3,
            "samples_seens": 36115
        },
        {
            "loss": 1.0280407020386229,
            "categorial_accuracy": 0.7181914894124295,
            "top_2_accuracy": 0.8467021275581198,
            "epoch": 0,
            "task": 4,
            "samples_seens": 45143
        },
        {
            "loss": 0.8359202733445675,
            "categorial_accuracy": 0.7577659574468085,
            "top_2_accuracy": 0.8780851063829788,
            "epoch": 0,
            "task": 5,
            "samples_seens": 54171
        },
        {
            "loss": 0.7592491990454654,
            "categorial_accuracy": 0.7729787234549826,
            "top_2_accuracy": 0.8920212764435627,
            "epoch": 0,
            "task": 6,
            "samples_seens": 63198
        },
        {
            "loss": 0.6713882196710464,
            "categorial_accuracy": 0.7897872338903711,
            "top_2_accuracy": 0.907606382927996,
            "epoch": 0,
            "task": 7,
            "samples_seens": 72226
        },
        {
            "loss": 0.6765482357715038,
            "categorial_accuracy": 0.793031914893617,
            "top_2_accuracy": 0.9158510637283325,
            "epoch": 0,
            "task": 8,
            "samples_seens": 81255
        },
        {
            "loss": 0.787458069121584,
            "categorial_accuracy": 0.7727659573960811,
            "top_2_accuracy": 0.9097340424010094,
            "epoch": 0,
            "task": 9,
            "samples_seens": 90283
        },
        {
            "loss": 0.7521608899502044,
            "categorial_accuracy": 0.7898404255319149,
            "top_2_accuracy": 0.9072340427053736,
            "epoch": 1,
            "task": 0,
            "samples_seens": 99313
        },
        {
            "loss": 0.6730596073130344,
            "categorial_accuracy": 0.7968085104861158,
            "top_2_accuracy": 0.9122340427053736,
            "epoch": 1,
            "task": 1,
            "samples_seens": 108343
        },
        {
            "loss": 0.6842860309113847,
            "categorial_accuracy": 0.7995212765450174,
            "top_2_accuracy": 0.9148936169705493,
            "epoch": 1,
            "task": 2,
            "samples_seens": 117372
        },
        {
            "loss": 0.6837784048851501,
            "categorial_accuracy": 0.7992021277610292,
            "top_2_accuracy": 0.9133510637790598,
            "epoch": 1,
            "task": 3,
            "samples_seens": 126398
        },
        {
            "loss": 0.6592075892712208,
            "categorial_accuracy": 0.8045744682372885,
            "top_2_accuracy": 0.9132978723404256,
            "epoch": 1,
            "task": 4,
            "samples_seens": 135426
        },
        {
            "loss": 0.6084274603204525,
            "categorial_accuracy": 0.8102127660589015,
            "top_2_accuracy": 0.9211702128674122,
            "epoch": 1,
            "task": 5,
            "samples_seens": 144454
        },
        {
            "loss": 0.5697141279819163,
            "categorial_accuracy": 0.8188297873862246,
            "top_2_accuracy": 0.9248404254811875,
            "epoch": 1,
            "task": 6,
            "samples_seens": 153481
        },
        {
            "loss": 0.548772711221208,
            "categorial_accuracy": 0.8231382977708858,
            "top_2_accuracy": 0.9280851065351607,
            "epoch": 1,
            "task": 7,
            "samples_seens": 162509
        },
        {
            "loss": 0.5492616905303711,
            "categorial_accuracy": 0.823989361752855,
            "top_2_accuracy": 0.9335638297365066,
            "epoch": 1,
            "task": 8,
            "samples_seens": 171538
        },
        {
            "loss": 0.6265355446998109,
            "categorial_accuracy": 0.8111702126137754,
            "top_2_accuracy": 0.9302127658052647,
            "epoch": 1,
            "task": 9,
            "samples_seens": 180566
        },
        {
            "loss": 0.6122451124292739,
            "categorial_accuracy": 0.8202659575989906,
            "top_2_accuracy": 0.927446808612093,
            "epoch": 2,
            "task": 0,
            "samples_seens": 189596
        },
        {
            "loss": 0.6295535447242412,
            "categorial_accuracy": 0.8190957448330332,
            "top_2_accuracy": 0.9248936171227313,
            "epoch": 2,
            "task": 1,
            "samples_seens": 198626
        },
        {
            "loss": 0.5865066641695956,
            "categorial_accuracy": 0.8236702127152301,
            "top_2_accuracy": 0.9306914894631568,
            "epoch": 2,
            "task": 2,
            "samples_seens": 207655
        },
        {
            "loss": 0.5845289291473145,
            "categorial_accuracy": 0.8244148935662939,
            "top_2_accuracy": 0.9284042554206037,
            "epoch": 2,
            "task": 3,
            "samples_seens": 216681
        },
        {
            "loss": 0.5478224845896376,
            "categorial_accuracy": 0.8303191490376249,
            "top_2_accuracy": 0.9311170213780504,
            "epoch": 2,
            "task": 4,
            "samples_seens": 225709
        },
        {
            "loss": 0.5312491179019847,
            "categorial_accuracy": 0.8309042553698763,
            "top_2_accuracy": 0.9321276596759228,
            "epoch": 2,
            "task": 5,
            "samples_seens": 234737
        },
        {
            "loss": 0.5072022833469066,
            "categorial_accuracy": 0.8369680851571103,
            "top_2_accuracy": 0.936914893718476,
            "epoch": 2,
            "task": 6,
            "samples_seens": 243764
        },
        {
            "loss": 0.4967634854418166,
            "categorial_accuracy": 0.8366489363223948,
            "top_2_accuracy": 0.9397872339918258,
            "epoch": 2,
            "task": 7,
            "samples_seens": 252792
        },
        {
            "loss": 0.5036663470876978,
            "categorial_accuracy": 0.8363297871325879,
            "top_2_accuracy": 0.9368617022798417,
            "epoch": 2,
            "task": 8,
            "samples_seens": 261821
        },
        {
            "loss": 0.5962043533933924,
            "categorial_accuracy": 0.8155851063829788,
            "top_2_accuracy": 0.9315425533436714,
            "epoch": 2,
            "task": 9,
            "samples_seens": 270849
        }
    ]
}