{
    "name": "id1_t10_dp0.5_dc0.0_df0.5",
    "task_count": 10,
    "id": 1,
    "results": [
        {
            "loss": 1.728893852132432,
            "categorial_accuracy": 0.5312234041538645,
            "top_2_accuracy": 0.6801595744680851,
            "epoch": 0,
            "task": 0,
            "samples_seens": 9029
        },
        {
            "loss": 1.3143394751244404,
            "categorial_accuracy": 0.6263297872340425,
            "top_2_accuracy": 0.7760638297872341,
            "epoch": 0,
            "task": 1,
            "samples_seens": 18056
        },
        {
            "loss": 1.064681734430029,
            "categorial_accuracy": 0.6917021276595745,
            "top_2_accuracy": 0.830585106281524,
            "epoch": 0,
            "task": 2,
            "samples_seens": 27083
        },
        {
            "loss": 0.9076870837617428,
            "categorial_accuracy": 0.7279255320670757,
            "top_2_accuracy": 0.8571808510638298,
            "epoch": 0,
            "task": 3,
            "samples_seens": 36109
        },
        {
            "loss": 0.8159023778996569,
            "categorial_accuracy": 0.7564361701113113,
            "top_2_accuracy": 0.8832446808003365,
            "epoch": 0,
            "task": 4,
            "samples_seens": 45137
        },
        {
            "loss": 0.784279416114726,
            "categorial_accuracy": 0.7618617022798416,
            "top_2_accuracy": 0.8862234043567738,
            "epoch": 0,
            "task": 5,
            "samples_seens": 54165
        },
        {
            "loss": 0.6694816344849607,
            "categorial_accuracy": 0.7948936170212766,
            "top_2_accuracy": 0.9116489361702128,
            "epoch": 0,
            "task": 6,
            "samples_seens": 63191
        },
        {
            "loss": 0.6253292715549469,
            "categorial_accuracy": 0.8054255320163484,
            "top_2_accuracy": 0.9202127659067194,
            "epoch": 0,
            "task": 7,
            "samples_seens": 72218
        },
        {
            "loss": 0.6075955851027306,
            "categorial_accuracy": 0.8079255319148936,
            "top_2_accuracy": 0.9232446810032459,
            "epoch": 0,
            "task": 8,
            "samples_seens": 81245
        },
        {
            "loss": 0.5863625270001431,
            "categorial_accuracy": 0.810957446859238,
            "top_2_accuracy": 0.928085106281524,
            "epoch": 0,
            "task": 9,
            "samples_seens": 90274
        },
        {
            "loss": 0.5912832895491985,
            "categorial_accuracy": 0.8148936170212766,
            "top_2_accuracy": 0.9264361703142207,
            "epoch": 1,
            "task": 0,
            "samples_seens": 99303
        },
        {
            "loss": 0.5822889375179372,
            "categorial_accuracy": 0.8191489360180307,
            "top_2_accuracy": 0.927712765855992,
            "epoch": 1,
            "task": 1,
            "samples_seens": 108330
        },
        {
            "loss": 0.5618916708104154,
            "categorial_accuracy": 0.8211170213780504,
            "top_2_accuracy": 0.9287234042553192,
            "epoch": 1,
            "task": 2,
            "samples_seens": 117357
        },
        {
            "loss": 0.5517219971088653,
            "categorial_accuracy": 0.823882978824859,
            "top_2_accuracy": 0.9315425530900346,
            "epoch": 1,
            "task": 3,
            "samples_seens": 126383
        },
        {
            "loss": 0.5400441161115119,
            "categorial_accuracy": 0.8251063830801781,
            "top_2_accuracy": 0.9300531915908165,
            "epoch": 1,
            "task": 4,
            "samples_seens": 135411
        },
        {
            "loss": 0.5272496473789215,
            "categorial_accuracy": 0.8313297871833152,
            "top_2_accuracy": 0.9344680850556556,
            "epoch": 1,
            "task": 5,
            "samples_seens": 144439
        },
        {
            "loss": 0.5013282616087731,
            "categorial_accuracy": 0.8356914895138842,
            "top_2_accuracy": 0.9386702127152301,
            "epoch": 1,
            "task": 6,
            "samples_seens": 153465
        },
        {
            "loss": 0.4976771120061266,
            "categorial_accuracy": 0.8354255317627115,
            "top_2_accuracy": 0.9395212767479267,
            "epoch": 1,
            "task": 7,
            "samples_seens": 162492
        },
        {
            "loss": 0.5189248960068885,
            "categorial_accuracy": 0.8356914894631569,
            "top_2_accuracy": 0.9404255320670757,
            "epoch": 1,
            "task": 8,
            "samples_seens": 171519
        },
        {
            "loss": 0.4903316325583357,
            "categorial_accuracy": 0.8401595745695398,
            "top_2_accuracy": 0.9437234043567738,
            "epoch": 1,
            "task": 9,
            "samples_seens": 180548
        },
        {
            "loss": 0.5051825705487677,
            "categorial_accuracy": 0.8376063828772687,
            "top_2_accuracy": 0.9398404256333696,
            "epoch": 2,
            "task": 0,
            "samples_seens": 189577
        },
        {
            "loss": 0.4925883100387898,
            "categorial_accuracy": 0.8373936169198218,
            "top_2_accuracy": 0.9409574469099653,
            "epoch": 2,
            "task": 1,
            "samples_seens": 198604
        },
        {
            "loss": 0.5095164718780112,
            "categorial_accuracy": 0.8384574468085106,
            "top_2_accuracy": 0.9395212766971994,
            "epoch": 2,
            "task": 2,
            "samples_seens": 207631
        },
        {
            "loss": 0.5002551318483149,
            "categorial_accuracy": 0.8368617022798417,
            "top_2_accuracy": 0.9391489362716675,
            "epoch": 2,
            "task": 3,
            "samples_seens": 216657
        },
        {
            "loss": 0.4738814276076378,
            "categorial_accuracy": 0.8448404255826423,
            "top_2_accuracy": 0.9431382979737951,
            "epoch": 2,
            "task": 4,
            "samples_seens": 225685
        },
        {
            "loss": 0.47694777907209196,
            "categorial_accuracy": 0.8425,
            "top_2_accuracy": 0.9442553190982088,
            "epoch": 2,
            "task": 5,
            "samples_seens": 234713
        },
        {
            "loss": 0.4582758556781931,
            "categorial_accuracy": 0.8503191489361702,
            "top_2_accuracy": 0.9457446810032459,
            "epoch": 2,
            "task": 6,
            "samples_seens": 243739
        },
        {
            "loss": 0.47802096027009033,
            "categorial_accuracy": 0.841861702178387,
            "top_2_accuracy": 0.9409042553191489,
            "epoch": 2,
            "task": 7,
            "samples_seens": 252766
        },
        {
            "loss": 0.4624883169062594,
            "categorial_accuracy": 0.8474468085613657,
            "top_2_accuracy": 0.9469680852078377,
            "epoch": 2,
            "task": 8,
            "samples_seens": 261793
        },
        {
            "loss": 0.4547914090562374,
            "categorial_accuracy": 0.8466489360180307,
            "top_2_accuracy": 0.9486702126645027,
            "epoch": 2,
            "task": 9,
            "samples_seens": 270822
        }
    ]
}