{
    "name": "id1_t10_dp0.1_dc0.7_df0.2",
    "task_count": 10,
    "id": 1,
    "results": [
        {
            "loss": 1.960849370956421,
            "categorial_accuracy": 0.5156382978216131,
            "top_2_accuracy": 0.6587234042045917,
            "epoch": 0,
            "task": 0,
            "samples_seens": 9028
        },
        {
            "loss": 1.5265714038686549,
            "categorial_accuracy": 0.5956382978723405,
            "top_2_accuracy": 0.744680850962375,
            "epoch": 0,
            "task": 1,
            "samples_seens": 18057
        },
        {
            "loss": 1.2024634430256296,
            "categorial_accuracy": 0.6730851063322514,
            "top_2_accuracy": 0.8079255320163483,
            "epoch": 0,
            "task": 2,
            "samples_seens": 27085
        },
        {
            "loss": 1.0119183803111949,
            "categorial_accuracy": 0.7118085107397526,
            "top_2_accuracy": 0.8445744681358337,
            "epoch": 0,
            "task": 3,
            "samples_seens": 36112
        },
        {
            "loss": 0.8802063684767865,
            "categorial_accuracy": 0.7448404256840969,
            "top_2_accuracy": 0.8698936170212765,
            "epoch": 0,
            "task": 4,
            "samples_seens": 45140
        },
        {
            "loss": 0.778163514695269,
            "categorial_accuracy": 0.7704255320670756,
            "top_2_accuracy": 0.8878723403748046,
            "epoch": 0,
            "task": 5,
            "samples_seens": 54168
        },
        {
            "loss": 0.7637056774281441,
            "categorial_accuracy": 0.7726063830801781,
            "top_2_accuracy": 0.8915425530900346,
            "epoch": 0,
            "task": 6,
            "samples_seens": 63194
        },
        {
            "loss": 0.6725270811547625,
            "categorial_accuracy": 0.7910106382978723,
            "top_2_accuracy": 0.9100531916415437,
            "epoch": 0,
            "task": 7,
            "samples_seens": 72223
        },
        {
            "loss": 0.6915998187978217,
            "categorial_accuracy": 0.7972872341440079,
            "top_2_accuracy": 0.9178723405269866,
            "epoch": 0,
            "task": 8,
            "samples_seens": 81253
        },
        {
            "loss": 0.7991889036969936,
            "categorial_accuracy": 0.7626595745695398,
            "top_2_accuracy": 0.9033510638297872,
            "epoch": 0,
            "task": 9,
            "samples_seens": 90283
        },
        {
            "loss": 0.6651153299149046,
            "categorial_accuracy": 0.7949468085106383,
            "top_2_accuracy": 0.9117021276088471,
            "epoch": 1,
            "task": 0,
            "samples_seens": 99311
        },
        {
            "loss": 0.6801895577856835,
            "categorial_accuracy": 0.8012234041031371,
            "top_2_accuracy": 0.9164893617021277,
            "epoch": 1,
            "task": 1,
            "samples_seens": 108340
        },
        {
            "loss": 0.6245941455059864,
            "categorial_accuracy": 0.8093617021783869,
            "top_2_accuracy": 0.9204787235564373,
            "epoch": 1,
            "task": 2,
            "samples_seens": 117368
        },
        {
            "loss": 0.6263279317034052,
            "categorial_accuracy": 0.8081914893109747,
            "top_2_accuracy": 0.9180851063322514,
            "epoch": 1,
            "task": 3,
            "samples_seens": 126395
        },
        {
            "loss": 0.5903594255954662,
            "categorial_accuracy": 0.8182446809525186,
            "top_2_accuracy": 0.9261170212258684,
            "epoch": 1,
            "task": 4,
            "samples_seens": 135423
        },
        {
            "loss": 0.5602026312148317,
            "categorial_accuracy": 0.822446808612093,
            "top_2_accuracy": 0.9265957448330331,
            "epoch": 1,
            "task": 5,
            "samples_seens": 144451
        },
        {
            "loss": 0.5524708357009482,
            "categorial_accuracy": 0.8256382979737952,
            "top_2_accuracy": 0.9282446810032459,
            "epoch": 1,
            "task": 6,
            "samples_seens": 153477
        },
        {
            "loss": 0.5342865099805467,
            "categorial_accuracy": 0.8289893616006729,
            "top_2_accuracy": 0.933031914893617,
            "epoch": 1,
            "task": 7,
            "samples_seens": 162506
        },
        {
            "loss": 0.5812707119038765,
            "categorial_accuracy": 0.8169680852078377,
            "top_2_accuracy": 0.9298404255319149,
            "epoch": 1,
            "task": 8,
            "samples_seens": 171536
        },
        {
            "loss": 0.658678841387972,
            "categorial_accuracy": 0.7979787233028006,
            "top_2_accuracy": 0.9222872340932805,
            "epoch": 1,
            "task": 9,
            "samples_seens": 180566
        },
        {
            "loss": 0.6050001983693305,
            "categorial_accuracy": 0.8205851065351608,
            "top_2_accuracy": 0.9262765958461355,
            "epoch": 2,
            "task": 0,
            "samples_seens": 189594
        },
        {
            "loss": 0.5786242363808003,
            "categorial_accuracy": 0.8256914895138842,
            "top_2_accuracy": 0.9313297871833152,
            "epoch": 2,
            "task": 1,
            "samples_seens": 198623
        },
        {
            "loss": 0.5810344368599831,
            "categorial_accuracy": 0.8250531913371796,
            "top_2_accuracy": 0.9306382980245225,
            "epoch": 2,
            "task": 2,
            "samples_seens": 207651
        },
        {
            "loss": 0.5374018985159854,
            "categorial_accuracy": 0.8328723405269867,
            "top_2_accuracy": 0.9351595744173578,
            "epoch": 2,
            "task": 3,
            "samples_seens": 216678
        },
        {
            "loss": 0.5228864526241384,
            "categorial_accuracy": 0.8339361702634933,
            "top_2_accuracy": 0.9340425530900347,
            "epoch": 2,
            "task": 4,
            "samples_seens": 225706
        },
        {
            "loss": 0.5224816482117836,
            "categorial_accuracy": 0.8339893618035824,
            "top_2_accuracy": 0.9335638299394161,
            "epoch": 2,
            "task": 5,
            "samples_seens": 234734
        },
        {
            "loss": 0.4920643607859916,
            "categorial_accuracy": 0.8379787233028007,
            "top_2_accuracy": 0.9398404256333696,
            "epoch": 2,
            "task": 6,
            "samples_seens": 243760
        },
        {
            "loss": 0.5016604093287853,
            "categorial_accuracy": 0.8377127658052648,
            "top_2_accuracy": 0.9386170212258684,
            "epoch": 2,
            "task": 7,
            "samples_seens": 252789
        },
        {
            "loss": 0.49822357903135583,
            "categorial_accuracy": 0.8346808511652845,
            "top_2_accuracy": 0.940851063931242,
            "epoch": 2,
            "task": 8,
            "samples_seens": 261819
        },
        {
            "loss": 0.5573489198786147,
            "categorial_accuracy": 0.820478723353528,
            "top_2_accuracy": 0.9347872340425532,
            "epoch": 2,
            "task": 9,
            "samples_seens": 270849
        }
    ]
}