{
    "name": "id1_t10_dp0.0_dc1.0_df0.0",
    "task_count": 10,
    "id": 1,
    "results": [
        {
            "loss": 2.321995971963761,
            "categorial_accuracy": 0.49563829782161306,
            "top_2_accuracy": 0.6390957446808511,
            "epoch": 0,
            "task": 0,
            "samples_seens": 9023
        },
        {
            "loss": 1.8445202490623962,
            "categorial_accuracy": 0.5707978721882434,
            "top_2_accuracy": 0.7137765957954082,
            "epoch": 0,
            "task": 1,
            "samples_seens": 18046
        },
        {
            "loss": 1.523736212608662,
            "categorial_accuracy": 0.6247872339410985,
            "top_2_accuracy": 0.7652127658052648,
            "epoch": 0,
            "task": 2,
            "samples_seens": 27069
        },
        {
            "loss": 1.2244117832183838,
            "categorial_accuracy": 0.6823936169705492,
            "top_2_accuracy": 0.8084574469099653,
            "epoch": 0,
            "task": 3,
            "samples_seens": 36092
        },
        {
            "loss": 1.1144343081940995,
            "categorial_accuracy": 0.7051595745188125,
            "top_2_accuracy": 0.83430851079048,
            "epoch": 0,
            "task": 4,
            "samples_seens": 45115
        },
        {
            "loss": 0.9469011847516323,
            "categorial_accuracy": 0.7363829787741316,
            "top_2_accuracy": 0.8642021275073924,
            "epoch": 0,
            "task": 5,
            "samples_seens": 54138
        },
        {
            "loss": 0.8398945649126742,
            "categorial_accuracy": 0.7612765957446809,
            "top_2_accuracy": 0.881914893718476,
            "epoch": 0,
            "task": 6,
            "samples_seens": 63161
        },
        {
            "loss": 0.7449232295726208,
            "categorial_accuracy": 0.7836702126645028,
            "top_2_accuracy": 0.9003723405269867,
            "epoch": 0,
            "task": 7,
            "samples_seens": 72184
        },
        {
            "loss": 0.7905931050726708,
            "categorial_accuracy": 0.7680851063829788,
            "top_2_accuracy": 0.9012234041538645,
            "epoch": 0,
            "task": 8,
            "samples_seens": 81207
        },
        {
            "loss": 0.9872205048419059,
            "categorial_accuracy": 0.7304787233028006,
            "top_2_accuracy": 0.8867553191489361,
            "epoch": 0,
            "task": 9,
            "samples_seens": 90230
        },
        {
            "loss": 0.849375747011063,
            "categorial_accuracy": 0.770904255471331,
            "top_2_accuracy": 0.8932978723404256,
            "epoch": 1,
            "task": 0,
            "samples_seens": 99253
        },
        {
            "loss": 0.8491444763731449,
            "categorial_accuracy": 0.7761170214287778,
            "top_2_accuracy": 0.8946808510638298,
            "epoch": 1,
            "task": 1,
            "samples_seens": 108276
        },
        {
            "loss": 0.8588339306953106,
            "categorial_accuracy": 0.7807978724926076,
            "top_2_accuracy": 0.8959042551669668,
            "epoch": 1,
            "task": 2,
            "samples_seens": 117299
        },
        {
            "loss": 0.7415943445550635,
            "categorial_accuracy": 0.7973404255826423,
            "top_2_accuracy": 0.9075531916415438,
            "epoch": 1,
            "task": 3,
            "samples_seens": 126322
        },
        {
            "loss": 0.696200364802746,
            "categorial_accuracy": 0.8007446809017912,
            "top_2_accuracy": 0.9082446810032458,
            "epoch": 1,
            "task": 4,
            "samples_seens": 135345
        },
        {
            "loss": 0.6647031823117683,
            "categorial_accuracy": 0.8044680850556556,
            "top_2_accuracy": 0.9162234043060465,
            "epoch": 1,
            "task": 5,
            "samples_seens": 144368
        },
        {
            "loss": 0.632821078072203,
            "categorial_accuracy": 0.8066489360180307,
            "top_2_accuracy": 0.9170744681865611,
            "epoch": 1,
            "task": 6,
            "samples_seens": 153391
        },
        {
            "loss": 0.6044575863442523,
            "categorial_accuracy": 0.8137765956432261,
            "top_2_accuracy": 0.9220212767479268,
            "epoch": 1,
            "task": 7,
            "samples_seens": 162414
        },
        {
            "loss": 0.640796287059784,
            "categorial_accuracy": 0.8024999999492727,
            "top_2_accuracy": 0.9219148936677486,
            "epoch": 1,
            "task": 8,
            "samples_seens": 171437
        },
        {
            "loss": 0.8142250218797237,
            "categorial_accuracy": 0.7635106381964176,
            "top_2_accuracy": 0.9037234043060465,
            "epoch": 1,
            "task": 9,
            "samples_seens": 180460
        },
        {
            "loss": 0.8709953138676095,
            "categorial_accuracy": 0.7885106381964176,
            "top_2_accuracy": 0.902127659574468,
            "epoch": 2,
            "task": 0,
            "samples_seens": 189483
        },
        {
            "loss": 0.8327981615066529,
            "categorial_accuracy": 0.7877127661096289,
            "top_2_accuracy": 0.9032978721882434,
            "epoch": 2,
            "task": 1,
            "samples_seens": 198506
        },
        {
            "loss": 0.738415153330945,
            "categorial_accuracy": 0.8035106381964177,
            "top_2_accuracy": 0.9132978724926076,
            "epoch": 2,
            "task": 2,
            "samples_seens": 207529
        },
        {
            "loss": 0.7332578918781686,
            "categorial_accuracy": 0.8061702127659575,
            "top_2_accuracy": 0.9128723405777139,
            "epoch": 2,
            "task": 3,
            "samples_seens": 216552
        },
        {
            "loss": 0.674163838092317,
            "categorial_accuracy": 0.8142553190474815,
            "top_2_accuracy": 0.9187765958968629,
            "epoch": 2,
            "task": 4,
            "samples_seens": 225575
        },
        {
            "loss": 0.6107756208866201,
            "categorial_accuracy": 0.8173404254304601,
            "top_2_accuracy": 0.9266489362716674,
            "epoch": 2,
            "task": 5,
            "samples_seens": 234598
        },
        {
            "loss": 0.581292494789083,
            "categorial_accuracy": 0.8254787234042553,
            "top_2_accuracy": 0.9286702126645028,
            "epoch": 2,
            "task": 6,
            "samples_seens": 243621
        },
        {
            "loss": 0.5708689128084385,
            "categorial_accuracy": 0.8259574469099653,
            "top_2_accuracy": 0.9311170213780504,
            "epoch": 2,
            "task": 7,
            "samples_seens": 252644
        },
        {
            "loss": 0.5656036835274798,
            "categorial_accuracy": 0.8225531914386344,
            "top_2_accuracy": 0.9325531916415438,
            "epoch": 2,
            "task": 8,
            "samples_seens": 261667
        },
        {
            "loss": 0.7879668587826668,
            "categorial_accuracy": 0.7705319147414349,
            "top_2_accuracy": 0.9085638298379614,
            "epoch": 2,
            "task": 9,
            "samples_seens": 270690
        }
    ]
}