{
    "name": "id1_t10_dp0.3_dc0.2_df0.5",
    "task_count": 10,
    "id": 1,
    "results": [
        {
            "loss": 1.6951879685990354,
            "categorial_accuracy": 0.5366489363223949,
            "top_2_accuracy": 0.6863297873354973,
            "epoch": 0,
            "task": 0,
            "samples_seens": 9029
        },
        {
            "loss": 1.282364965296806,
            "categorial_accuracy": 0.6388829785712222,
            "top_2_accuracy": 0.7847872341947353,
            "epoch": 0,
            "task": 1,
            "samples_seens": 18056
        },
        {
            "loss": 1.0173148251594382,
            "categorial_accuracy": 0.701595744528669,
            "top_2_accuracy": 0.8398936169198219,
            "epoch": 0,
            "task": 2,
            "samples_seens": 27084
        },
        {
            "loss": 0.8825192762435751,
            "categorial_accuracy": 0.7386170213273231,
            "top_2_accuracy": 0.8635106382978723,
            "epoch": 0,
            "task": 3,
            "samples_seens": 36112
        },
        {
            "loss": 0.7866227429978391,
            "categorial_accuracy": 0.7620212765450173,
            "top_2_accuracy": 0.8895212766464721,
            "epoch": 0,
            "task": 4,
            "samples_seens": 45140
        },
        {
            "loss": 0.7119962926113859,
            "categorial_accuracy": 0.7810638298886887,
            "top_2_accuracy": 0.9030319147921623,
            "epoch": 0,
            "task": 5,
            "samples_seens": 54168
        },
        {
            "loss": 0.6825021115769732,
            "categorial_accuracy": 0.7928723403240772,
            "top_2_accuracy": 0.9081914894124294,
            "epoch": 0,
            "task": 6,
            "samples_seens": 63194
        },
        {
            "loss": 0.6250065625474808,
            "categorial_accuracy": 0.808510638399327,
            "top_2_accuracy": 0.9189893617021276,
            "epoch": 0,
            "task": 7,
            "samples_seens": 72222
        },
        {
            "loss": 0.652816022254051,
            "categorial_accuracy": 0.808936170364948,
            "top_2_accuracy": 0.9259042553191489,
            "epoch": 0,
            "task": 8,
            "samples_seens": 81250
        },
        {
            "loss": 0.640238110511861,
            "categorial_accuracy": 0.8060106382978723,
            "top_2_accuracy": 0.9223936169198219,
            "epoch": 0,
            "task": 9,
            "samples_seens": 90279
        },
        {
            "loss": 0.5610366529860396,
            "categorial_accuracy": 0.8214361702634934,
            "top_2_accuracy": 0.931276595896863,
            "epoch": 1,
            "task": 0,
            "samples_seens": 99308
        },
        {
            "loss": 0.5632679153249619,
            "categorial_accuracy": 0.8193085106382979,
            "top_2_accuracy": 0.9288829786726769,
            "epoch": 1,
            "task": 1,
            "samples_seens": 108335
        },
        {
            "loss": 0.5476997959360164,
            "categorial_accuracy": 0.8241489361702128,
            "top_2_accuracy": 0.9302127660589016,
            "epoch": 1,
            "task": 2,
            "samples_seens": 117363
        },
        {
            "loss": 0.5997232641565039,
            "categorial_accuracy": 0.8107978723911529,
            "top_2_accuracy": 0.922606382927996,
            "epoch": 1,
            "task": 3,
            "samples_seens": 126391
        },
        {
            "loss": 0.531426824686375,
            "categorial_accuracy": 0.8244680850556556,
            "top_2_accuracy": 0.933404255471331,
            "epoch": 1,
            "task": 4,
            "samples_seens": 135419
        },
        {
            "loss": 0.5145414627105632,
            "categorial_accuracy": 0.8331914894124295,
            "top_2_accuracy": 0.9334574467577833,
            "epoch": 1,
            "task": 5,
            "samples_seens": 144447
        },
        {
            "loss": 0.5031390692578985,
            "categorial_accuracy": 0.8355851065351608,
            "top_2_accuracy": 0.9382978724926077,
            "epoch": 1,
            "task": 6,
            "samples_seens": 153473
        },
        {
            "loss": 0.5006794478791825,
            "categorial_accuracy": 0.8360106382978724,
            "top_2_accuracy": 0.9387765958968629,
            "epoch": 1,
            "task": 7,
            "samples_seens": 162501
        },
        {
            "loss": 0.5161799429325348,
            "categorial_accuracy": 0.8352127658559921,
            "top_2_accuracy": 0.9374999999492727,
            "epoch": 1,
            "task": 8,
            "samples_seens": 171529
        },
        {
            "loss": 0.528032489685302,
            "categorial_accuracy": 0.8277127659574468,
            "top_2_accuracy": 0.9378191489361702,
            "epoch": 1,
            "task": 9,
            "samples_seens": 180558
        },
        {
            "loss": 0.5057536552814728,
            "categorial_accuracy": 0.8402659572946264,
            "top_2_accuracy": 0.9417553190982089,
            "epoch": 2,
            "task": 0,
            "samples_seens": 189587
        },
        {
            "loss": 0.49458682349387634,
            "categorial_accuracy": 0.8426063828265413,
            "top_2_accuracy": 0.9411702129181395,
            "epoch": 2,
            "task": 1,
            "samples_seens": 198614
        },
        {
            "loss": 0.49072733014187914,
            "categorial_accuracy": 0.8438829787234042,
            "top_2_accuracy": 0.9420212765450173,
            "epoch": 2,
            "task": 2,
            "samples_seens": 207642
        },
        {
            "loss": 0.48054153143091405,
            "categorial_accuracy": 0.8442021275581197,
            "top_2_accuracy": 0.9438297871833152,
            "epoch": 2,
            "task": 3,
            "samples_seens": 216670
        },
        {
            "loss": 0.4709777428495123,
            "categorial_accuracy": 0.8473936168690945,
            "top_2_accuracy": 0.9435638299394161,
            "epoch": 2,
            "task": 4,
            "samples_seens": 225698
        },
        {
            "loss": 0.4681042708995494,
            "categorial_accuracy": 0.8461170213273231,
            "top_2_accuracy": 0.9444680850556556,
            "epoch": 2,
            "task": 5,
            "samples_seens": 234726
        },
        {
            "loss": 0.45724456249399387,
            "categorial_accuracy": 0.8486702127659574,
            "top_2_accuracy": 0.9453191490376249,
            "epoch": 2,
            "task": 6,
            "samples_seens": 243752
        },
        {
            "loss": 0.4691605080949499,
            "categorial_accuracy": 0.8456914893617021,
            "top_2_accuracy": 0.9446276597266502,
            "epoch": 2,
            "task": 7,
            "samples_seens": 252780
        },
        {
            "loss": 0.49473975016715677,
            "categorial_accuracy": 0.8412765956432261,
            "top_2_accuracy": 0.9459574467577833,
            "epoch": 2,
            "task": 8,
            "samples_seens": 261808
        },
        {
            "loss": 0.5240249870432184,
            "categorial_accuracy": 0.827553191387907,
            "top_2_accuracy": 0.9377659573960812,
            "epoch": 2,
            "task": 9,
            "samples_seens": 270837
        }
    ]
}