{
    "name": "id1_t10_dp0.5_dc0.2_df0.3",
    "task_count": 10,
    "id": 1,
    "results": [
        {
            "loss": 1.7431922483444213,
            "categorial_accuracy": 0.5403191489615339,
            "top_2_accuracy": 0.6887765957446809,
            "epoch": 0,
            "task": 0,
            "samples_seens": 9029
        },
        {
            "loss": 1.394707139299271,
            "categorial_accuracy": 0.6207446808510638,
            "top_2_accuracy": 0.768989361600673,
            "epoch": 0,
            "task": 1,
            "samples_seens": 18057
        },
        {
            "loss": 1.173281889367611,
            "categorial_accuracy": 0.6711702128674122,
            "top_2_accuracy": 0.8100531913371797,
            "epoch": 0,
            "task": 2,
            "samples_seens": 27085
        },
        {
            "loss": 1.0396999832924376,
            "categorial_accuracy": 0.699627659574468,
            "top_2_accuracy": 0.8372340424517368,
            "epoch": 0,
            "task": 3,
            "samples_seens": 36111
        },
        {
            "loss": 0.907729516891723,
            "categorial_accuracy": 0.7353191488347155,
            "top_2_accuracy": 0.8617553191996635,
            "epoch": 0,
            "task": 4,
            "samples_seens": 45139
        },
        {
            "loss": 0.8108796317019361,
            "categorial_accuracy": 0.7586170213780504,
            "top_2_accuracy": 0.8814893618543097,
            "epoch": 0,
            "task": 5,
            "samples_seens": 54167
        },
        {
            "loss": 0.6947542401577564,
            "categorial_accuracy": 0.7852127659067194,
            "top_2_accuracy": 0.9036170213273231,
            "epoch": 0,
            "task": 6,
            "samples_seens": 63195
        },
        {
            "loss": 0.6357337581604086,
            "categorial_accuracy": 0.8046808511652845,
            "top_2_accuracy": 0.9179787232520732,
            "epoch": 0,
            "task": 7,
            "samples_seens": 72223
        },
        {
            "loss": 0.644426340955369,
            "categorial_accuracy": 0.8043617022798416,
            "top_2_accuracy": 0.9194148936170212,
            "epoch": 0,
            "task": 8,
            "samples_seens": 81250
        },
        {
            "loss": 0.6093463268685848,
            "categorial_accuracy": 0.8155319150457991,
            "top_2_accuracy": 0.9276595744680851,
            "epoch": 0,
            "task": 9,
            "samples_seens": 90279
        },
        {
            "loss": 0.595670833308646,
            "categorial_accuracy": 0.8122340426039188,
            "top_2_accuracy": 0.9242553190982088,
            "epoch": 1,
            "task": 0,
            "samples_seens": 99308
        },
        {
            "loss": 0.6338841541523629,
            "categorial_accuracy": 0.8037765958968629,
            "top_2_accuracy": 0.9217021278117565,
            "epoch": 1,
            "task": 1,
            "samples_seens": 108336
        },
        {
            "loss": 0.6051381324453556,
            "categorial_accuracy": 0.8104787235564374,
            "top_2_accuracy": 0.9208510639819693,
            "epoch": 1,
            "task": 2,
            "samples_seens": 117364
        },
        {
            "loss": 0.597001978539406,
            "categorial_accuracy": 0.8130319147921623,
            "top_2_accuracy": 0.9205319149443444,
            "epoch": 1,
            "task": 3,
            "samples_seens": 126390
        },
        {
            "loss": 0.5731092189474308,
            "categorial_accuracy": 0.8156382980245225,
            "top_2_accuracy": 0.9267553190982089,
            "epoch": 1,
            "task": 4,
            "samples_seens": 135418
        },
        {
            "loss": 0.5560486706520649,
            "categorial_accuracy": 0.8209042552684216,
            "top_2_accuracy": 0.9262765957954082,
            "epoch": 1,
            "task": 5,
            "samples_seens": 144446
        },
        {
            "loss": 0.5359289373742773,
            "categorial_accuracy": 0.8272872338903711,
            "top_2_accuracy": 0.9328191488854428,
            "epoch": 1,
            "task": 6,
            "samples_seens": 153474
        },
        {
            "loss": 0.5072715876964813,
            "categorial_accuracy": 0.8363297872340425,
            "top_2_accuracy": 0.9369680850556557,
            "epoch": 1,
            "task": 7,
            "samples_seens": 162502
        },
        {
            "loss": 0.5157156285580169,
            "categorial_accuracy": 0.8364361700605839,
            "top_2_accuracy": 0.9406914894631568,
            "epoch": 1,
            "task": 8,
            "samples_seens": 171529
        },
        {
            "loss": 0.5196856181418642,
            "categorial_accuracy": 0.8314361703142207,
            "top_2_accuracy": 0.938404255471331,
            "epoch": 1,
            "task": 9,
            "samples_seens": 180558
        },
        {
            "loss": 0.579025182089907,
            "categorial_accuracy": 0.8230851062307967,
            "top_2_accuracy": 0.9295212765450174,
            "epoch": 2,
            "task": 0,
            "samples_seens": 189587
        },
        {
            "loss": 0.5517525969921274,
            "categorial_accuracy": 0.8251063830294507,
            "top_2_accuracy": 0.933510638247145,
            "epoch": 2,
            "task": 1,
            "samples_seens": 198615
        },
        {
            "loss": 0.5323006942170732,
            "categorial_accuracy": 0.8321276597266501,
            "top_2_accuracy": 0.9369680850049282,
            "epoch": 2,
            "task": 2,
            "samples_seens": 207643
        },
        {
            "loss": 0.5268565489129817,
            "categorial_accuracy": 0.8350531914893617,
            "top_2_accuracy": 0.9369680850049282,
            "epoch": 2,
            "task": 3,
            "samples_seens": 216669
        },
        {
            "loss": 0.5215132327029045,
            "categorial_accuracy": 0.8331914892602474,
            "top_2_accuracy": 0.9373936169705492,
            "epoch": 2,
            "task": 4,
            "samples_seens": 225697
        },
        {
            "loss": 0.5137221496663195,
            "categorial_accuracy": 0.8367553190982088,
            "top_2_accuracy": 0.9361702128674122,
            "epoch": 2,
            "task": 5,
            "samples_seens": 234725
        },
        {
            "loss": 0.4827135810446232,
            "categorial_accuracy": 0.8413297871325879,
            "top_2_accuracy": 0.9412765956939535,
            "epoch": 2,
            "task": 6,
            "samples_seens": 243753
        },
        {
            "loss": 0.47529681416268044,
            "categorial_accuracy": 0.842074468034379,
            "top_2_accuracy": 0.9425000001014547,
            "epoch": 2,
            "task": 7,
            "samples_seens": 252781
        },
        {
            "loss": 0.46325620674072426,
            "categorial_accuracy": 0.8459042552684216,
            "top_2_accuracy": 0.9457978724418803,
            "epoch": 2,
            "task": 8,
            "samples_seens": 261808
        },
        {
            "loss": 0.4908945021223515,
            "categorial_accuracy": 0.8468617020262048,
            "top_2_accuracy": 0.9445212766971994,
            "epoch": 2,
            "task": 9,
            "samples_seens": 270837
        }
    ]
}