{
    "name": "id1_t10_dp0.5_dc0.5_df0.0",
    "task_count": 10,
    "id": 1,
    "results": [
        {
            "loss": 2.159343315489749,
            "categorial_accuracy": 0.4921276595237407,
            "top_2_accuracy": 0.6394148935155666,
            "epoch": 0,
            "task": 0,
            "samples_seens": 9023
        },
        {
            "loss": 2.0065520970364834,
            "categorial_accuracy": 0.5628191488854428,
            "top_2_accuracy": 0.7091489360687581,
            "epoch": 0,
            "task": 1,
            "samples_seens": 18047
        },
        {
            "loss": 1.6091913399797806,
            "categorial_accuracy": 0.610531914893617,
            "top_2_accuracy": 0.7517021275073924,
            "epoch": 0,
            "task": 2,
            "samples_seens": 27071
        },
        {
            "loss": 1.4412921295774743,
            "categorial_accuracy": 0.6472340424517368,
            "top_2_accuracy": 0.7858510639312419,
            "epoch": 0,
            "task": 3,
            "samples_seens": 36095
        },
        {
            "loss": 1.1556950293196009,
            "categorial_accuracy": 0.6943617022291143,
            "top_2_accuracy": 0.8261170213273231,
            "epoch": 0,
            "task": 4,
            "samples_seens": 45121
        },
        {
            "loss": 0.9905733558472166,
            "categorial_accuracy": 0.7253191489868975,
            "top_2_accuracy": 0.852127659422286,
            "epoch": 0,
            "task": 5,
            "samples_seens": 54147
        },
        {
            "loss": 0.8978909037468281,
            "categorial_accuracy": 0.7488829788755863,
            "top_2_accuracy": 0.8721808510131024,
            "epoch": 0,
            "task": 6,
            "samples_seens": 63173
        },
        {
            "loss": 0.7704205181243572,
            "categorial_accuracy": 0.768351063931242,
            "top_2_accuracy": 0.8913297872847699,
            "epoch": 0,
            "task": 7,
            "samples_seens": 72200
        },
        {
            "loss": 0.7064579084578981,
            "categorial_accuracy": 0.7889361700605839,
            "top_2_accuracy": 0.9071808510638298,
            "epoch": 0,
            "task": 8,
            "samples_seens": 81227
        },
        {
            "loss": 0.661411447322115,
            "categorial_accuracy": 0.8018617020262049,
            "top_2_accuracy": 0.9236702126137754,
            "epoch": 0,
            "task": 9,
            "samples_seens": 90256
        },
        {
            "loss": 0.8603278237708072,
            "categorial_accuracy": 0.7745212767479267,
            "top_2_accuracy": 0.8951063830294508,
            "epoch": 1,
            "task": 0,
            "samples_seens": 99279
        },
        {
            "loss": 0.8960307475861082,
            "categorial_accuracy": 0.7697872340932805,
            "top_2_accuracy": 0.8894148936677486,
            "epoch": 1,
            "task": 1,
            "samples_seens": 108303
        },
        {
            "loss": 0.8820342025858291,
            "categorial_accuracy": 0.7692553191996635,
            "top_2_accuracy": 0.8922340424010095,
            "epoch": 1,
            "task": 2,
            "samples_seens": 117327
        },
        {
            "loss": 0.8557490181922912,
            "categorial_accuracy": 0.7695744681865611,
            "top_2_accuracy": 0.8887765956432261,
            "epoch": 1,
            "task": 3,
            "samples_seens": 126351
        },
        {
            "loss": 0.7738973831115885,
            "categorial_accuracy": 0.7855851062307967,
            "top_2_accuracy": 0.900904255319149,
            "epoch": 1,
            "task": 4,
            "samples_seens": 135377
        },
        {
            "loss": 0.7493118292727369,
            "categorial_accuracy": 0.7836170212765957,
            "top_2_accuracy": 0.9028723402733498,
            "epoch": 1,
            "task": 5,
            "samples_seens": 144403
        },
        {
            "loss": 0.6661092560849291,
            "categorial_accuracy": 0.7985106384500544,
            "top_2_accuracy": 0.910372340425532,
            "epoch": 1,
            "task": 6,
            "samples_seens": 153429
        },
        {
            "loss": 0.6208328943049654,
            "categorial_accuracy": 0.8104787235564374,
            "top_2_accuracy": 0.9177127661096289,
            "epoch": 1,
            "task": 7,
            "samples_seens": 162456
        },
        {
            "loss": 0.5750221692501231,
            "categorial_accuracy": 0.8201063829787234,
            "top_2_accuracy": 0.928085106281524,
            "epoch": 1,
            "task": 8,
            "samples_seens": 171483
        },
        {
            "loss": 0.5546181400278781,
            "categorial_accuracy": 0.826595744528669,
            "top_2_accuracy": 0.9341489363223948,
            "epoch": 1,
            "task": 9,
            "samples_seens": 180512
        },
        {
            "loss": 0.8010148031660851,
            "categorial_accuracy": 0.7980319149443443,
            "top_2_accuracy": 0.9090425533436715,
            "epoch": 2,
            "task": 0,
            "samples_seens": 189535
        },
        {
            "loss": 0.8134887521317664,
            "categorial_accuracy": 0.7970212766971994,
            "top_2_accuracy": 0.908404255471331,
            "epoch": 2,
            "task": 1,
            "samples_seens": 198559
        },
        {
            "loss": 0.7844163712034834,
            "categorial_accuracy": 0.796063829787234,
            "top_2_accuracy": 0.9102127661096289,
            "epoch": 2,
            "task": 2,
            "samples_seens": 207583
        },
        {
            "loss": 0.8410163864176324,
            "categorial_accuracy": 0.7863829786726769,
            "top_2_accuracy": 0.9035106382978724,
            "epoch": 2,
            "task": 3,
            "samples_seens": 216607
        },
        {
            "loss": 0.72634116451791,
            "categorial_accuracy": 0.8049468086628204,
            "top_2_accuracy": 0.9157978724926076,
            "epoch": 2,
            "task": 4,
            "samples_seens": 225633
        },
        {
            "loss": 0.6670295404373331,
            "categorial_accuracy": 0.8126595745695399,
            "top_2_accuracy": 0.9196808510131025,
            "epoch": 2,
            "task": 5,
            "samples_seens": 234659
        },
        {
            "loss": 0.5966293148284263,
            "categorial_accuracy": 0.82047872350571,
            "top_2_accuracy": 0.9254255320163484,
            "epoch": 2,
            "task": 6,
            "samples_seens": 243685
        },
        {
            "loss": 0.5404754248324861,
            "categorial_accuracy": 0.8279787234549827,
            "top_2_accuracy": 0.9322872341947352,
            "epoch": 2,
            "task": 7,
            "samples_seens": 252712
        },
        {
            "loss": 0.5170491745624136,
            "categorial_accuracy": 0.8320744681865611,
            "top_2_accuracy": 0.9385106381964177,
            "epoch": 2,
            "task": 8,
            "samples_seens": 261739
        },
        {
            "loss": 0.5519720777298541,
            "categorial_accuracy": 0.8267021275581198,
            "top_2_accuracy": 0.9373404255319149,
            "epoch": 2,
            "task": 9,
            "samples_seens": 270768
        }
    ]
}