{
    "name": "id1_t10_dp0.1_dc0.8_df0.1",
    "task_count": 10,
    "id": 1,
    "results": [
        {
            "loss": 1.934183906088484,
            "categorial_accuracy": 0.5032978724926076,
            "top_2_accuracy": 0.6591489361194854,
            "epoch": 0,
            "task": 0,
            "samples_seens": 9030
        },
        {
            "loss": 1.569980982313765,
            "categorial_accuracy": 0.5990425532929441,
            "top_2_accuracy": 0.7437765958461355,
            "epoch": 0,
            "task": 1,
            "samples_seens": 18060
        },
        {
            "loss": 1.3441440689817388,
            "categorial_accuracy": 0.6420744680343791,
            "top_2_accuracy": 0.7826595745695398,
            "epoch": 0,
            "task": 2,
            "samples_seens": 27088
        },
        {
            "loss": 1.1143563185346888,
            "categorial_accuracy": 0.6919680852078377,
            "top_2_accuracy": 0.8259042551669669,
            "epoch": 0,
            "task": 3,
            "samples_seens": 36114
        },
        {
            "loss": 0.9849259363336766,
            "categorial_accuracy": 0.7284574467070559,
            "top_2_accuracy": 0.855425531965621,
            "epoch": 0,
            "task": 4,
            "samples_seens": 45142
        },
        {
            "loss": 0.8572087674445295,
            "categorial_accuracy": 0.7503191489868976,
            "top_2_accuracy": 0.8753723405269866,
            "epoch": 0,
            "task": 5,
            "samples_seens": 54170
        },
        {
            "loss": 0.7575856351345144,
            "categorial_accuracy": 0.7722872339410984,
            "top_2_accuracy": 0.8939893615499456,
            "epoch": 0,
            "task": 6,
            "samples_seens": 63196
        },
        {
            "loss": 0.7123082955847395,
            "categorial_accuracy": 0.7842021276088471,
            "top_2_accuracy": 0.9050531913371797,
            "epoch": 0,
            "task": 7,
            "samples_seens": 72224
        },
        {
            "loss": 0.7090150735226083,
            "categorial_accuracy": 0.7827127659574468,
            "top_2_accuracy": 0.9080851062307966,
            "epoch": 0,
            "task": 8,
            "samples_seens": 81254
        },
        {
            "loss": 0.8358965789003575,
            "categorial_accuracy": 0.7587765955924988,
            "top_2_accuracy": 0.8993617020262049,
            "epoch": 0,
            "task": 9,
            "samples_seens": 90284
        },
        {
            "loss": 0.7268682755307948,
            "categorial_accuracy": 0.7899468084599109,
            "top_2_accuracy": 0.9079255320670757,
            "epoch": 1,
            "task": 0,
            "samples_seens": 99314
        },
        {
            "loss": 0.74123490642994,
            "categorial_accuracy": 0.7868085105368432,
            "top_2_accuracy": 0.9063297873862246,
            "epoch": 1,
            "task": 1,
            "samples_seens": 108344
        },
        {
            "loss": 0.7209476863069737,
            "categorial_accuracy": 0.7946276595237407,
            "top_2_accuracy": 0.9093617020769322,
            "epoch": 1,
            "task": 2,
            "samples_seens": 117372
        },
        {
            "loss": 0.6481385658903325,
            "categorial_accuracy": 0.8068617022798417,
            "top_2_accuracy": 0.917500000152182,
            "epoch": 1,
            "task": 3,
            "samples_seens": 126398
        },
        {
            "loss": 0.6644038037036327,
            "categorial_accuracy": 0.8028723403748046,
            "top_2_accuracy": 0.9127659573960811,
            "epoch": 1,
            "task": 4,
            "samples_seens": 135426
        },
        {
            "loss": 0.6238816414995396,
            "categorial_accuracy": 0.8114893618035823,
            "top_2_accuracy": 0.9155851063829787,
            "epoch": 1,
            "task": 5,
            "samples_seens": 144454
        },
        {
            "loss": 0.5595120237989628,
            "categorial_accuracy": 0.8238829785712222,
            "top_2_accuracy": 0.9272340425531915,
            "epoch": 1,
            "task": 6,
            "samples_seens": 153480
        },
        {
            "loss": 0.55658349668726,
            "categorial_accuracy": 0.8210638297365067,
            "top_2_accuracy": 0.9301063829279961,
            "epoch": 1,
            "task": 7,
            "samples_seens": 162508
        },
        {
            "loss": 0.573746002709612,
            "categorial_accuracy": 0.8240957448330332,
            "top_2_accuracy": 0.9326063831309055,
            "epoch": 1,
            "task": 8,
            "samples_seens": 171538
        },
        {
            "loss": 0.6885549539708077,
            "categorial_accuracy": 0.79547872350571,
            "top_2_accuracy": 0.9222872340932805,
            "epoch": 1,
            "task": 9,
            "samples_seens": 180568
        },
        {
            "loss": 0.6310401771930938,
            "categorial_accuracy": 0.8203723404762593,
            "top_2_accuracy": 0.9255319150457991,
            "epoch": 2,
            "task": 0,
            "samples_seens": 189598
        },
        {
            "loss": 0.6499007639225494,
            "categorial_accuracy": 0.8170212766464721,
            "top_2_accuracy": 0.9231914893109747,
            "epoch": 2,
            "task": 1,
            "samples_seens": 198628
        },
        {
            "loss": 0.608491785500912,
            "categorial_accuracy": 0.8257978722389708,
            "top_2_accuracy": 0.9293617020769323,
            "epoch": 2,
            "task": 2,
            "samples_seens": 207656
        },
        {
            "loss": 0.5850514345219795,
            "categorial_accuracy": 0.8231914894124295,
            "top_2_accuracy": 0.9306382978723404,
            "epoch": 2,
            "task": 3,
            "samples_seens": 216682
        },
        {
            "loss": 0.5897602187572641,
            "categorial_accuracy": 0.8235638298886887,
            "top_2_accuracy": 0.9277127659067195,
            "epoch": 2,
            "task": 4,
            "samples_seens": 225710
        },
        {
            "loss": 0.5566899531445605,
            "categorial_accuracy": 0.8299468086628203,
            "top_2_accuracy": 0.930478723353528,
            "epoch": 2,
            "task": 5,
            "samples_seens": 234738
        },
        {
            "loss": 0.5435054878985628,
            "categorial_accuracy": 0.8313829785712222,
            "top_2_accuracy": 0.9327659573960811,
            "epoch": 2,
            "task": 6,
            "samples_seens": 243764
        },
        {
            "loss": 0.5141394864751938,
            "categorial_accuracy": 0.8347872341440079,
            "top_2_accuracy": 0.9358510639819693,
            "epoch": 2,
            "task": 7,
            "samples_seens": 252792
        },
        {
            "loss": 0.522672678942376,
            "categorial_accuracy": 0.8341489361702128,
            "top_2_accuracy": 0.9390957448330332,
            "epoch": 2,
            "task": 8,
            "samples_seens": 261822
        },
        {
            "loss": 0.6738100038183497,
            "categorial_accuracy": 0.8005319148428897,
            "top_2_accuracy": 0.9225531916415438,
            "epoch": 2,
            "task": 9,
            "samples_seens": 270852
        }
    ]
}