{
    "name": "id1_t10_dp0.1_dc0.3_df0.6",
    "task_count": 10,
    "id": 1,
    "results": [
        {
            "loss": 1.7203153981553747,
            "categorial_accuracy": 0.5393085107904799,
            "top_2_accuracy": 0.6857978724418803,
            "epoch": 0,
            "task": 0,
            "samples_seens": 9028
        },
        {
            "loss": 1.181843261008567,
            "categorial_accuracy": 0.6714893618035823,
            "top_2_accuracy": 0.8130319147921623,
            "epoch": 0,
            "task": 1,
            "samples_seens": 18056
        },
        {
            "loss": 0.947834822522833,
            "categorial_accuracy": 0.7205319149950717,
            "top_2_accuracy": 0.8533510638805146,
            "epoch": 0,
            "task": 2,
            "samples_seens": 27084
        },
        {
            "loss": 0.8533434206881422,
            "categorial_accuracy": 0.7468617019754775,
            "top_2_accuracy": 0.8760638296857793,
            "epoch": 0,
            "task": 3,
            "samples_seens": 36111
        },
        {
            "loss": 0.7449053848550675,
            "categorial_accuracy": 0.7737765955924988,
            "top_2_accuracy": 0.8937234043060465,
            "epoch": 0,
            "task": 4,
            "samples_seens": 45137
        },
        {
            "loss": 0.67954700540989,
            "categorial_accuracy": 0.7900531913371797,
            "top_2_accuracy": 0.9067553190474814,
            "epoch": 0,
            "task": 5,
            "samples_seens": 54165
        },
        {
            "loss": 0.6580574171086575,
            "categorial_accuracy": 0.8004255317627116,
            "top_2_accuracy": 0.913457446707056,
            "epoch": 0,
            "task": 6,
            "samples_seens": 63190
        },
        {
            "loss": 0.6271863959190693,
            "categorial_accuracy": 0.8045212765957447,
            "top_2_accuracy": 0.9222872340425532,
            "epoch": 0,
            "task": 7,
            "samples_seens": 72218
        },
        {
            "loss": 0.7148158276334722,
            "categorial_accuracy": 0.7889361701620387,
            "top_2_accuracy": 0.9158510636776052,
            "epoch": 0,
            "task": 8,
            "samples_seens": 81247
        },
        {
            "loss": 0.7762053494757795,
            "categorial_accuracy": 0.7715425533436714,
            "top_2_accuracy": 0.9082446809017912,
            "epoch": 0,
            "task": 9,
            "samples_seens": 90277
        },
        {
            "loss": 0.5655654637864296,
            "categorial_accuracy": 0.8199999998478179,
            "top_2_accuracy": 0.929840425684097,
            "epoch": 1,
            "task": 0,
            "samples_seens": 99305
        },
        {
            "loss": 0.5796095154133248,
            "categorial_accuracy": 0.8126595743159031,
            "top_2_accuracy": 0.923936170212766,
            "epoch": 1,
            "task": 1,
            "samples_seens": 108333
        },
        {
            "loss": 0.5469365568617557,
            "categorial_accuracy": 0.821595744528669,
            "top_2_accuracy": 0.9278191489361702,
            "epoch": 1,
            "task": 2,
            "samples_seens": 117361
        },
        {
            "loss": 0.5289396596715805,
            "categorial_accuracy": 0.8310638299394161,
            "top_2_accuracy": 0.9338297873354973,
            "epoch": 1,
            "task": 3,
            "samples_seens": 126388
        },
        {
            "loss": 0.5163238605286212,
            "categorial_accuracy": 0.8331914892602474,
            "top_2_accuracy": 0.9353191488854429,
            "epoch": 1,
            "task": 4,
            "samples_seens": 135414
        },
        {
            "loss": 0.5133212115663163,
            "categorial_accuracy": 0.8327659575989906,
            "top_2_accuracy": 0.935904255471331,
            "epoch": 1,
            "task": 5,
            "samples_seens": 144442
        },
        {
            "loss": 0.49866369790219245,
            "categorial_accuracy": 0.8381382977708857,
            "top_2_accuracy": 0.9385106381456902,
            "epoch": 1,
            "task": 6,
            "samples_seens": 153467
        },
        {
            "loss": 0.52645495374152,
            "categorial_accuracy": 0.82797872350571,
            "top_2_accuracy": 0.9357978722896981,
            "epoch": 1,
            "task": 7,
            "samples_seens": 162495
        },
        {
            "loss": 0.543460857360921,
            "categorial_accuracy": 0.8242021276088471,
            "top_2_accuracy": 0.9352127661096289,
            "epoch": 1,
            "task": 8,
            "samples_seens": 171524
        },
        {
            "loss": 0.6029175498130473,
            "categorial_accuracy": 0.8073936169705492,
            "top_2_accuracy": 0.931914893718476,
            "epoch": 1,
            "task": 9,
            "samples_seens": 180554
        },
        {
            "loss": 0.49132826807651114,
            "categorial_accuracy": 0.8396808512160119,
            "top_2_accuracy": 0.9430319148428896,
            "epoch": 2,
            "task": 0,
            "samples_seens": 189582
        },
        {
            "loss": 0.5099999075493914,
            "categorial_accuracy": 0.838457446859238,
            "top_2_accuracy": 0.9397872339918258,
            "epoch": 2,
            "task": 1,
            "samples_seens": 198610
        },
        {
            "loss": 0.5369796262142507,
            "categorial_accuracy": 0.8335106381456903,
            "top_2_accuracy": 0.9332978724418802,
            "epoch": 2,
            "task": 2,
            "samples_seens": 207638
        },
        {
            "loss": 0.4728297390329077,
            "categorial_accuracy": 0.8456382977201583,
            "top_2_accuracy": 0.9444680852078376,
            "epoch": 2,
            "task": 3,
            "samples_seens": 216665
        },
        {
            "loss": 0.4751309495783867,
            "categorial_accuracy": 0.8430851063829787,
            "top_2_accuracy": 0.9427659575482632,
            "epoch": 2,
            "task": 4,
            "samples_seens": 225691
        },
        {
            "loss": 0.4668115321879691,
            "categorial_accuracy": 0.8452659574468085,
            "top_2_accuracy": 0.94430851079048,
            "epoch": 2,
            "task": 5,
            "samples_seens": 234719
        },
        {
            "loss": 0.4594865609483516,
            "categorial_accuracy": 0.8492553191489361,
            "top_2_accuracy": 0.942500000152182,
            "epoch": 2,
            "task": 6,
            "samples_seens": 243744
        },
        {
            "loss": 0.47991911926168074,
            "categorial_accuracy": 0.8453191487839882,
            "top_2_accuracy": 0.9431382978216131,
            "epoch": 2,
            "task": 7,
            "samples_seens": 252772
        },
        {
            "loss": 0.5021341120689473,
            "categorial_accuracy": 0.8377659573960812,
            "top_2_accuracy": 0.9422872338903712,
            "epoch": 2,
            "task": 8,
            "samples_seens": 261801
        },
        {
            "loss": 0.5417475340467818,
            "categorial_accuracy": 0.82117021271523,
            "top_2_accuracy": 0.9381914893617022,
            "epoch": 2,
            "task": 9,
            "samples_seens": 270831
        }
    ]
}