{
    "name": "id1_t10_dp0.0_dc0.7_df0.3",
    "task_count": 10,
    "id": 1,
    "results": [
        {
            "loss": 1.769269935323837,
            "categorial_accuracy": 0.5302659573453538,
            "top_2_accuracy": 0.6754255318134389,
            "epoch": 0,
            "task": 0,
            "samples_seens": 9029
        },
        {
            "loss": 1.369942385287995,
            "categorial_accuracy": 0.626010638399327,
            "top_2_accuracy": 0.7701063828265413,
            "epoch": 0,
            "task": 1,
            "samples_seens": 18057
        },
        {
            "loss": 1.0977702569961547,
            "categorial_accuracy": 0.6861170212258684,
            "top_2_accuracy": 0.8260106382471449,
            "epoch": 0,
            "task": 2,
            "samples_seens": 27085
        },
        {
            "loss": 0.9692049329838854,
            "categorial_accuracy": 0.7235106383485997,
            "top_2_accuracy": 0.8522872338903711,
            "epoch": 0,
            "task": 3,
            "samples_seens": 36111
        },
        {
            "loss": 0.8379120240820215,
            "categorial_accuracy": 0.7502659574468085,
            "top_2_accuracy": 0.8763297871833152,
            "epoch": 0,
            "task": 4,
            "samples_seens": 45137
        },
        {
            "loss": 0.7731338741424236,
            "categorial_accuracy": 0.7704255317627116,
            "top_2_accuracy": 0.8897872339410985,
            "epoch": 0,
            "task": 5,
            "samples_seens": 54163
        },
        {
            "loss": 0.6985526176716419,
            "categorial_accuracy": 0.7823936171227313,
            "top_2_accuracy": 0.9045744682372885,
            "epoch": 0,
            "task": 6,
            "samples_seens": 63189
        },
        {
            "loss": 0.7118381241027345,
            "categorial_accuracy": 0.7899468084599109,
            "top_2_accuracy": 0.9124468085106383,
            "epoch": 0,
            "task": 7,
            "samples_seens": 72214
        },
        {
            "loss": 0.7733895135433115,
            "categorial_accuracy": 0.7697340424517368,
            "top_2_accuracy": 0.901542553140762,
            "epoch": 0,
            "task": 8,
            "samples_seens": 81238
        },
        {
            "loss": 0.9403858375042042,
            "categorial_accuracy": 0.7266489362209402,
            "top_2_accuracy": 0.8828723405269866,
            "epoch": 0,
            "task": 9,
            "samples_seens": 90261
        },
        {
            "loss": 0.6685201992379858,
            "categorial_accuracy": 0.7936170211244137,
            "top_2_accuracy": 0.9079787233028006,
            "epoch": 1,
            "task": 0,
            "samples_seens": 99290
        },
        {
            "loss": 0.6123752711427972,
            "categorial_accuracy": 0.8054255320670757,
            "top_2_accuracy": 0.9205851063322513,
            "epoch": 1,
            "task": 1,
            "samples_seens": 108318
        },
        {
            "loss": 0.5971698846461925,
            "categorial_accuracy": 0.8154787233028006,
            "top_2_accuracy": 0.9261170212258684,
            "epoch": 1,
            "task": 2,
            "samples_seens": 117346
        },
        {
            "loss": 0.5911285750663027,
            "categorial_accuracy": 0.819148936068758,
            "top_2_accuracy": 0.9255319148428897,
            "epoch": 1,
            "task": 3,
            "samples_seens": 126372
        },
        {
            "loss": 0.561361409856918,
            "categorial_accuracy": 0.8188829786726769,
            "top_2_accuracy": 0.9279787235564374,
            "epoch": 1,
            "task": 4,
            "samples_seens": 135398
        },
        {
            "loss": 0.5359865200519561,
            "categorial_accuracy": 0.8277127659574468,
            "top_2_accuracy": 0.9301063830801781,
            "epoch": 1,
            "task": 5,
            "samples_seens": 144424
        },
        {
            "loss": 0.5353982236283891,
            "categorial_accuracy": 0.8253191488347155,
            "top_2_accuracy": 0.9320212765450173,
            "epoch": 1,
            "task": 6,
            "samples_seens": 153450
        },
        {
            "loss": 0.5457689349448427,
            "categorial_accuracy": 0.8267553191996635,
            "top_2_accuracy": 0.9330319148428896,
            "epoch": 1,
            "task": 7,
            "samples_seens": 162475
        },
        {
            "loss": 0.5886648023635783,
            "categorial_accuracy": 0.8165957447823058,
            "top_2_accuracy": 0.9301063829279961,
            "epoch": 1,
            "task": 8,
            "samples_seens": 171499
        },
        {
            "loss": 0.7084266388162653,
            "categorial_accuracy": 0.7943617019754775,
            "top_2_accuracy": 0.9209574466563286,
            "epoch": 1,
            "task": 9,
            "samples_seens": 180522
        },
        {
            "loss": 0.6027465650375853,
            "categorial_accuracy": 0.8179787235564374,
            "top_2_accuracy": 0.928085106281524,
            "epoch": 2,
            "task": 0,
            "samples_seens": 189551
        },
        {
            "loss": 0.5476792946774909,
            "categorial_accuracy": 0.828404255319149,
            "top_2_accuracy": 0.9330851064844334,
            "epoch": 2,
            "task": 1,
            "samples_seens": 198579
        },
        {
            "loss": 0.5255899750171824,
            "categorial_accuracy": 0.8352127658559921,
            "top_2_accuracy": 0.9355851064844335,
            "epoch": 2,
            "task": 2,
            "samples_seens": 207607
        },
        {
            "loss": 0.5417434372546825,
            "categorial_accuracy": 0.8298404255826423,
            "top_2_accuracy": 0.9342021278117565,
            "epoch": 2,
            "task": 3,
            "samples_seens": 216633
        },
        {
            "loss": 0.4977726941920341,
            "categorial_accuracy": 0.8363297871833152,
            "top_2_accuracy": 0.9388297873354973,
            "epoch": 2,
            "task": 4,
            "samples_seens": 225659
        },
        {
            "loss": 0.5056908124812106,
            "categorial_accuracy": 0.8364361700605839,
            "top_2_accuracy": 0.9387765958968629,
            "epoch": 2,
            "task": 5,
            "samples_seens": 234685
        },
        {
            "loss": 0.4861965997168358,
            "categorial_accuracy": 0.8386170211244137,
            "top_2_accuracy": 0.9403191490376249,
            "epoch": 2,
            "task": 6,
            "samples_seens": 243711
        },
        {
            "loss": 0.5033718842902082,
            "categorial_accuracy": 0.8335638297365067,
            "top_2_accuracy": 0.9385638297872341,
            "epoch": 2,
            "task": 7,
            "samples_seens": 252736
        },
        {
            "loss": 0.5557600983913908,
            "categorial_accuracy": 0.8265425532422167,
            "top_2_accuracy": 0.9378191490883523,
            "epoch": 2,
            "task": 8,
            "samples_seens": 261760
        },
        {
            "loss": 0.6707424962266962,
            "categorial_accuracy": 0.7961170211244136,
            "top_2_accuracy": 0.925,
            "epoch": 2,
            "task": 9,
            "samples_seens": 270783
        }
    ]
}