{
    "name": "id1_t10_dp0.0_dc0.5_df0.5",
    "task_count": 10,
    "id": 1,
    "results": [
        {
            "loss": 1.704352089902188,
            "categorial_accuracy": 0.5414361703142206,
            "top_2_accuracy": 0.6930319149443444,
            "epoch": 0,
            "task": 0,
            "samples_seens": 9029
        },
        {
            "loss": 1.2259264245946357,
            "categorial_accuracy": 0.6534574468085106,
            "top_2_accuracy": 0.8017021278117565,
            "epoch": 0,
            "task": 1,
            "samples_seens": 18056
        },
        {
            "loss": 1.0160588446576544,
            "categorial_accuracy": 0.7040425533436714,
            "top_2_accuracy": 0.8436170211244137,
            "epoch": 0,
            "task": 2,
            "samples_seens": 27083
        },
        {
            "loss": 0.8700570641679967,
            "categorial_accuracy": 0.7376063830294508,
            "top_2_accuracy": 0.8740957445793963,
            "epoch": 0,
            "task": 3,
            "samples_seens": 36109
        },
        {
            "loss": 0.7829097049287025,
            "categorial_accuracy": 0.7632446809017912,
            "top_2_accuracy": 0.8891489362209402,
            "epoch": 0,
            "task": 4,
            "samples_seens": 45135
        },
        {
            "loss": 0.70202502565181,
            "categorial_accuracy": 0.7852659573960812,
            "top_2_accuracy": 0.9027659572946264,
            "epoch": 0,
            "task": 5,
            "samples_seens": 54161
        },
        {
            "loss": 0.6862286188247356,
            "categorial_accuracy": 0.7867553190982088,
            "top_2_accuracy": 0.909468085106383,
            "epoch": 0,
            "task": 6,
            "samples_seens": 63185
        },
        {
            "loss": 0.686865406898742,
            "categorial_accuracy": 0.7927659575989906,
            "top_2_accuracy": 0.9116489360180307,
            "epoch": 0,
            "task": 7,
            "samples_seens": 72209
        },
        {
            "loss": 0.7708257755320123,
            "categorial_accuracy": 0.7785106383993271,
            "top_2_accuracy": 0.9125531915908164,
            "epoch": 0,
            "task": 8,
            "samples_seens": 81233
        },
        {
            "loss": 0.8555671857265716,
            "categorial_accuracy": 0.7465425530393073,
            "top_2_accuracy": 0.8954255319148936,
            "epoch": 0,
            "task": 9,
            "samples_seens": 90256
        },
        {
            "loss": 0.5966685124914697,
            "categorial_accuracy": 0.8120744679836517,
            "top_2_accuracy": 0.9214893616514003,
            "epoch": 1,
            "task": 0,
            "samples_seens": 99285
        },
        {
            "loss": 0.5739276646299565,
            "categorial_accuracy": 0.819042553140762,
            "top_2_accuracy": 0.9273404256333696,
            "epoch": 1,
            "task": 1,
            "samples_seens": 108312
        },
        {
            "loss": 0.5703779367944027,
            "categorial_accuracy": 0.8188829787234042,
            "top_2_accuracy": 0.9287234043567739,
            "epoch": 1,
            "task": 2,
            "samples_seens": 117339
        },
        {
            "loss": 0.5353868999633383,
            "categorial_accuracy": 0.8302127658052647,
            "top_2_accuracy": 0.9346276595237407,
            "epoch": 1,
            "task": 3,
            "samples_seens": 126365
        },
        {
            "loss": 0.5335224835416104,
            "categorial_accuracy": 0.8288297871833152,
            "top_2_accuracy": 0.9322872341947352,
            "epoch": 1,
            "task": 4,
            "samples_seens": 135391
        },
        {
            "loss": 0.5331886356942197,
            "categorial_accuracy": 0.8283510637283326,
            "top_2_accuracy": 0.9328723403748046,
            "epoch": 1,
            "task": 5,
            "samples_seens": 144417
        },
        {
            "loss": 0.5199734240897158,
            "categorial_accuracy": 0.829627659422286,
            "top_2_accuracy": 0.9343617022798416,
            "epoch": 1,
            "task": 6,
            "samples_seens": 153441
        },
        {
            "loss": 0.5681371665254552,
            "categorial_accuracy": 0.8180319150457991,
            "top_2_accuracy": 0.930372340425532,
            "epoch": 1,
            "task": 7,
            "samples_seens": 162465
        },
        {
            "loss": 0.6116565678474751,
            "categorial_accuracy": 0.8101063828265413,
            "top_2_accuracy": 0.9311170212765958,
            "epoch": 1,
            "task": 8,
            "samples_seens": 171489
        },
        {
            "loss": 0.7293475439193401,
            "categorial_accuracy": 0.7777659575989906,
            "top_2_accuracy": 0.9150531913371797,
            "epoch": 1,
            "task": 9,
            "samples_seens": 180512
        },
        {
            "loss": 0.5248778118732128,
            "categorial_accuracy": 0.8334574467070559,
            "top_2_accuracy": 0.936063829787234,
            "epoch": 2,
            "task": 0,
            "samples_seens": 189541
        },
        {
            "loss": 0.5328442318135119,
            "categorial_accuracy": 0.8341489360687581,
            "top_2_accuracy": 0.935372340425532,
            "epoch": 2,
            "task": 1,
            "samples_seens": 198568
        },
        {
            "loss": 0.5287895342136951,
            "categorial_accuracy": 0.8327659573453537,
            "top_2_accuracy": 0.9340425530900347,
            "epoch": 2,
            "task": 2,
            "samples_seens": 207595
        },
        {
            "loss": 0.49333470501798266,
            "categorial_accuracy": 0.8405851062307966,
            "top_2_accuracy": 0.9405319148428897,
            "epoch": 2,
            "task": 3,
            "samples_seens": 216621
        },
        {
            "loss": 0.49106108452411407,
            "categorial_accuracy": 0.8411702129181395,
            "top_2_accuracy": 0.9400531916415438,
            "epoch": 2,
            "task": 4,
            "samples_seens": 225647
        },
        {
            "loss": 0.47915104064535585,
            "categorial_accuracy": 0.8422340426546462,
            "top_2_accuracy": 0.9420212766971994,
            "epoch": 2,
            "task": 5,
            "samples_seens": 234673
        },
        {
            "loss": 0.49165891386092975,
            "categorial_accuracy": 0.8361702128166848,
            "top_2_accuracy": 0.940372340577714,
            "epoch": 2,
            "task": 6,
            "samples_seens": 243697
        },
        {
            "loss": 0.5028968599502076,
            "categorial_accuracy": 0.8370212766464721,
            "top_2_accuracy": 0.9400000001014547,
            "epoch": 2,
            "task": 7,
            "samples_seens": 252721
        },
        {
            "loss": 0.6381473352046723,
            "categorial_accuracy": 0.7985106381964177,
            "top_2_accuracy": 0.9216489361702128,
            "epoch": 2,
            "task": 8,
            "samples_seens": 261745
        },
        {
            "loss": 0.6457719398052134,
            "categorial_accuracy": 0.7988829786726769,
            "top_2_accuracy": 0.9259574469606927,
            "epoch": 2,
            "task": 9,
            "samples_seens": 270768
        }
    ]
}