{
    "name": "id1_t10_dp0.1_dc0.6_df0.3",
    "task_count": 10,
    "id": 1,
    "results": [
        {
            "loss": 1.708188114774988,
            "categorial_accuracy": 0.5372872339410985,
            "top_2_accuracy": 0.6939361703142207,
            "epoch": 0,
            "task": 0,
            "samples_seens": 9029
        },
        {
            "loss": 1.3604833544061539,
            "categorial_accuracy": 0.6298404255826423,
            "top_2_accuracy": 0.7742553190474815,
            "epoch": 0,
            "task": 1,
            "samples_seens": 18057
        },
        {
            "loss": 1.1227890962235472,
            "categorial_accuracy": 0.6872340425024641,
            "top_2_accuracy": 0.8222872339918258,
            "epoch": 0,
            "task": 2,
            "samples_seens": 27085
        },
        {
            "loss": 0.9583170715291449,
            "categorial_accuracy": 0.7200531915908164,
            "top_2_accuracy": 0.8515425531914894,
            "epoch": 0,
            "task": 3,
            "samples_seens": 36112
        },
        {
            "loss": 0.843146361239413,
            "categorial_accuracy": 0.7476595746202672,
            "top_2_accuracy": 0.8733510638297872,
            "epoch": 0,
            "task": 4,
            "samples_seens": 45139
        },
        {
            "loss": 0.7545365487768295,
            "categorial_accuracy": 0.7747872340932805,
            "top_2_accuracy": 0.8918085105368432,
            "epoch": 0,
            "task": 5,
            "samples_seens": 54167
        },
        {
            "loss": 0.6846703616101691,
            "categorial_accuracy": 0.789095744528669,
            "top_2_accuracy": 0.9051063830294508,
            "epoch": 0,
            "task": 6,
            "samples_seens": 63193
        },
        {
            "loss": 0.6733097740437122,
            "categorial_accuracy": 0.7943085104861158,
            "top_2_accuracy": 0.9127659572946264,
            "epoch": 0,
            "task": 7,
            "samples_seens": 72221
        },
        {
            "loss": 0.6910799811241475,
            "categorial_accuracy": 0.7945212767479267,
            "top_2_accuracy": 0.9150531914893617,
            "epoch": 0,
            "task": 8,
            "samples_seens": 81250
        },
        {
            "loss": 0.7335586197325524,
            "categorial_accuracy": 0.7812765957446809,
            "top_2_accuracy": 0.9132446808510638,
            "epoch": 0,
            "task": 9,
            "samples_seens": 90280
        },
        {
            "loss": 0.6583127288869087,
            "categorial_accuracy": 0.7988829788248589,
            "top_2_accuracy": 0.9107978721882435,
            "epoch": 1,
            "task": 0,
            "samples_seens": 99309
        },
        {
            "loss": 0.5954940583097174,
            "categorial_accuracy": 0.811010638247145,
            "top_2_accuracy": 0.9245212765957447,
            "epoch": 1,
            "task": 1,
            "samples_seens": 108337
        },
        {
            "loss": 0.5802635880987695,
            "categorial_accuracy": 0.815904255471331,
            "top_2_accuracy": 0.9245744682372885,
            "epoch": 1,
            "task": 2,
            "samples_seens": 117365
        },
        {
            "loss": 0.5771636448007949,
            "categorial_accuracy": 0.8186702129181396,
            "top_2_accuracy": 0.9259042552176943,
            "epoch": 1,
            "task": 3,
            "samples_seens": 126392
        },
        {
            "loss": 0.5814167684443453,
            "categorial_accuracy": 0.8178191489361702,
            "top_2_accuracy": 0.926382978824859,
            "epoch": 1,
            "task": 4,
            "samples_seens": 135419
        },
        {
            "loss": 0.5409051033030166,
            "categorial_accuracy": 0.8249468084091836,
            "top_2_accuracy": 0.9297872340932806,
            "epoch": 1,
            "task": 5,
            "samples_seens": 144447
        },
        {
            "loss": 0.5264561120753593,
            "categorial_accuracy": 0.827074468186561,
            "top_2_accuracy": 0.9342021276088471,
            "epoch": 1,
            "task": 6,
            "samples_seens": 153473
        },
        {
            "loss": 0.5525572951042905,
            "categorial_accuracy": 0.8269148934648392,
            "top_2_accuracy": 0.9315425530900346,
            "epoch": 1,
            "task": 7,
            "samples_seens": 162501
        },
        {
            "loss": 0.5392797877687089,
            "categorial_accuracy": 0.8265957447823058,
            "top_2_accuracy": 0.9343085106890252,
            "epoch": 1,
            "task": 8,
            "samples_seens": 171530
        },
        {
            "loss": 0.6312389934823868,
            "categorial_accuracy": 0.8048936170212766,
            "top_2_accuracy": 0.9267021278117565,
            "epoch": 1,
            "task": 9,
            "samples_seens": 180560
        },
        {
            "loss": 0.547236745788696,
            "categorial_accuracy": 0.8331382979737951,
            "top_2_accuracy": 0.9357446807496091,
            "epoch": 2,
            "task": 0,
            "samples_seens": 189589
        },
        {
            "loss": 0.54838522609244,
            "categorial_accuracy": 0.831063829787234,
            "top_2_accuracy": 0.9344680852078376,
            "epoch": 2,
            "task": 1,
            "samples_seens": 198617
        },
        {
            "loss": 0.5548017550529317,
            "categorial_accuracy": 0.828989361752855,
            "top_2_accuracy": 0.9334574469099653,
            "epoch": 2,
            "task": 2,
            "samples_seens": 207645
        },
        {
            "loss": 0.513921955062988,
            "categorial_accuracy": 0.8374468083584562,
            "top_2_accuracy": 0.9386170213780505,
            "epoch": 2,
            "task": 3,
            "samples_seens": 216672
        },
        {
            "loss": 0.5145882049519965,
            "categorial_accuracy": 0.8404255319148937,
            "top_2_accuracy": 0.9365957445793963,
            "epoch": 2,
            "task": 4,
            "samples_seens": 225699
        },
        {
            "loss": 0.49764452878465043,
            "categorial_accuracy": 0.8367021277610291,
            "top_2_accuracy": 0.9380851064844334,
            "epoch": 2,
            "task": 5,
            "samples_seens": 234727
        },
        {
            "loss": 0.4882885740158406,
            "categorial_accuracy": 0.8427659574468085,
            "top_2_accuracy": 0.9405319149950717,
            "epoch": 2,
            "task": 6,
            "samples_seens": 243753
        },
        {
            "loss": 0.4857551558474277,
            "categorial_accuracy": 0.840531914741435,
            "top_2_accuracy": 0.9412234043567739,
            "epoch": 2,
            "task": 7,
            "samples_seens": 252781
        },
        {
            "loss": 0.4979695226030147,
            "categorial_accuracy": 0.8404787234042553,
            "top_2_accuracy": 0.9409574467070559,
            "epoch": 2,
            "task": 8,
            "samples_seens": 261810
        },
        {
            "loss": 0.6524592772443244,
            "categorial_accuracy": 0.7905851062307967,
            "top_2_accuracy": 0.9216489363223949,
            "epoch": 2,
            "task": 9,
            "samples_seens": 270840
        }
    ]
}