{
    "name": "id1_t10_dp0.6_dc0.3_df0.1",
    "task_count": 10,
    "id": 1,
    "results": [
        {
            "loss": 2.021474018299833,
            "categorial_accuracy": 0.5137765956939535,
            "top_2_accuracy": 0.6628191488347155,
            "epoch": 0,
            "task": 0,
            "samples_seens": 9030
        },
        {
            "loss": 1.7147664220282373,
            "categorial_accuracy": 0.5590957447823057,
            "top_2_accuracy": 0.7089361701620386,
            "epoch": 0,
            "task": 1,
            "samples_seens": 18059
        },
        {
            "loss": 1.3945846004688993,
            "categorial_accuracy": 0.6380851064337061,
            "top_2_accuracy": 0.7782446809017912,
            "epoch": 0,
            "task": 2,
            "samples_seens": 27087
        },
        {
            "loss": 1.1700992318417163,
            "categorial_accuracy": 0.6747340426546462,
            "top_2_accuracy": 0.810957446859238,
            "epoch": 0,
            "task": 3,
            "samples_seens": 36112
        },
        {
            "loss": 1.037938534148196,
            "categorial_accuracy": 0.7093085107397525,
            "top_2_accuracy": 0.841063829787234,
            "epoch": 0,
            "task": 4,
            "samples_seens": 45140
        },
        {
            "loss": 0.8959256296462201,
            "categorial_accuracy": 0.7423404254811875,
            "top_2_accuracy": 0.8661170211244137,
            "epoch": 0,
            "task": 5,
            "samples_seens": 54166
        },
        {
            "loss": 0.8091610595520506,
            "categorial_accuracy": 0.7594680850049282,
            "top_2_accuracy": 0.8839893618035823,
            "epoch": 0,
            "task": 6,
            "samples_seens": 63193
        },
        {
            "loss": 0.7083053946495056,
            "categorial_accuracy": 0.782021276646472,
            "top_2_accuracy": 0.9003723402733499,
            "epoch": 0,
            "task": 7,
            "samples_seens": 72221
        },
        {
            "loss": 0.6572750851448546,
            "categorial_accuracy": 0.798936170212766,
            "top_2_accuracy": 0.9111170213780505,
            "epoch": 0,
            "task": 8,
            "samples_seens": 81249
        },
        {
            "loss": 0.6150782807837142,
            "categorial_accuracy": 0.8063297873862246,
            "top_2_accuracy": 0.9227659573960811,
            "epoch": 0,
            "task": 9,
            "samples_seens": 90277
        },
        {
            "loss": 0.7043416478278789,
            "categorial_accuracy": 0.7913297870818605,
            "top_2_accuracy": 0.9076063828265414,
            "epoch": 1,
            "task": 0,
            "samples_seens": 99307
        },
        {
            "loss": 0.7958843903338656,
            "categorial_accuracy": 0.781117021175141,
            "top_2_accuracy": 0.8994680851571103,
            "epoch": 1,
            "task": 1,
            "samples_seens": 108336
        },
        {
            "loss": 0.7250723066228502,
            "categorial_accuracy": 0.7914361701620386,
            "top_2_accuracy": 0.9045212766464721,
            "epoch": 1,
            "task": 2,
            "samples_seens": 117364
        },
        {
            "loss": 0.7077532249308647,
            "categorial_accuracy": 0.7950531914386344,
            "top_2_accuracy": 0.9077127658052647,
            "epoch": 1,
            "task": 3,
            "samples_seens": 126389
        },
        {
            "loss": 0.6750129698692484,
            "categorial_accuracy": 0.7969148934648392,
            "top_2_accuracy": 0.9112234043060465,
            "epoch": 1,
            "task": 4,
            "samples_seens": 135417
        },
        {
            "loss": 0.6422716223686299,
            "categorial_accuracy": 0.806968085106383,
            "top_2_accuracy": 0.9159574468085107,
            "epoch": 1,
            "task": 5,
            "samples_seens": 144443
        },
        {
            "loss": 0.6050042604639175,
            "categorial_accuracy": 0.8113297871833152,
            "top_2_accuracy": 0.9213829786726769,
            "epoch": 1,
            "task": 6,
            "samples_seens": 153470
        },
        {
            "loss": 0.5521255780534541,
            "categorial_accuracy": 0.8222340426546462,
            "top_2_accuracy": 0.9285638297365066,
            "epoch": 1,
            "task": 7,
            "samples_seens": 162498
        },
        {
            "loss": 0.5259344173999543,
            "categorial_accuracy": 0.8300531914893617,
            "top_2_accuracy": 0.9355851065351608,
            "epoch": 1,
            "task": 8,
            "samples_seens": 171526
        },
        {
            "loss": 0.520624580129664,
            "categorial_accuracy": 0.8269148934648392,
            "top_2_accuracy": 0.9374468086628204,
            "epoch": 1,
            "task": 9,
            "samples_seens": 180554
        },
        {
            "loss": 0.6439754737184403,
            "categorial_accuracy": 0.8161170212765958,
            "top_2_accuracy": 0.922446808612093,
            "epoch": 2,
            "task": 0,
            "samples_seens": 189584
        },
        {
            "loss": 0.6341469767499477,
            "categorial_accuracy": 0.816489361752855,
            "top_2_accuracy": 0.9242021275581197,
            "epoch": 2,
            "task": 1,
            "samples_seens": 198613
        },
        {
            "loss": 0.6759056143811408,
            "categorial_accuracy": 0.8117553192503909,
            "top_2_accuracy": 0.918936170364948,
            "epoch": 2,
            "task": 2,
            "samples_seens": 207641
        },
        {
            "loss": 0.68760887579715,
            "categorial_accuracy": 0.8064361703649481,
            "top_2_accuracy": 0.9160638298886887,
            "epoch": 2,
            "task": 3,
            "samples_seens": 216666
        },
        {
            "loss": 0.5966714914555246,
            "categorial_accuracy": 0.8190957446301237,
            "top_2_accuracy": 0.9264361703142207,
            "epoch": 2,
            "task": 4,
            "samples_seens": 225694
        },
        {
            "loss": 0.5727124808189716,
            "categorial_accuracy": 0.8246808511652846,
            "top_2_accuracy": 0.9271808510131024,
            "epoch": 2,
            "task": 5,
            "samples_seens": 234720
        },
        {
            "loss": 0.5381099943150865,
            "categorial_accuracy": 0.8351063828265414,
            "top_2_accuracy": 0.933510638399327,
            "epoch": 2,
            "task": 6,
            "samples_seens": 243747
        },
        {
            "loss": 0.5176620028120407,
            "categorial_accuracy": 0.8346808510638298,
            "top_2_accuracy": 0.9354255318134389,
            "epoch": 2,
            "task": 7,
            "samples_seens": 252775
        },
        {
            "loss": 0.4931251995106961,
            "categorial_accuracy": 0.8394148934648392,
            "top_2_accuracy": 0.940851063931242,
            "epoch": 2,
            "task": 8,
            "samples_seens": 261803
        },
        {
            "loss": 0.4762071367781213,
            "categorial_accuracy": 0.8410106381456902,
            "top_2_accuracy": 0.9445744681358338,
            "epoch": 2,
            "task": 9,
            "samples_seens": 270831
        }
    ]
}