{
    "name": "id1_t10_dp0.7_dc0.3_df0.0",
    "task_count": 10,
    "id": 1,
    "results": [
        {
            "loss": 2.126979627812162,
            "categorial_accuracy": 0.4854255318388026,
            "top_2_accuracy": 0.6368085104861158,
            "epoch": 0,
            "task": 0,
            "samples_seens": 9023
        },
        {
            "loss": 2.0271188831329345,
            "categorial_accuracy": 0.5434042553698762,
            "top_2_accuracy": 0.6905319147414349,
            "epoch": 0,
            "task": 1,
            "samples_seens": 18047
        },
        {
            "loss": 1.7226276936429612,
            "categorial_accuracy": 0.5984574468085107,
            "top_2_accuracy": 0.7432978721882435,
            "epoch": 0,
            "task": 2,
            "samples_seens": 27071
        },
        {
            "loss": 1.3779392032420381,
            "categorial_accuracy": 0.6419148936170213,
            "top_2_accuracy": 0.7820212766971993,
            "epoch": 0,
            "task": 3,
            "samples_seens": 36096
        },
        {
            "loss": 1.2936870521180173,
            "categorial_accuracy": 0.682925531813439,
            "top_2_accuracy": 0.814414893718476,
            "epoch": 0,
            "task": 4,
            "samples_seens": 45121
        },
        {
            "loss": 1.1432651380782433,
            "categorial_accuracy": 0.700053191540089,
            "top_2_accuracy": 0.8335106381456903,
            "epoch": 0,
            "task": 5,
            "samples_seens": 54148
        },
        {
            "loss": 0.9091541776758559,
            "categorial_accuracy": 0.7401595745695398,
            "top_2_accuracy": 0.8658510636776051,
            "epoch": 0,
            "task": 6,
            "samples_seens": 63174
        },
        {
            "loss": 0.8087788746712056,
            "categorial_accuracy": 0.7694680852078377,
            "top_2_accuracy": 0.8846276595237407,
            "epoch": 0,
            "task": 7,
            "samples_seens": 72201
        },
        {
            "loss": 0.6921242968072282,
            "categorial_accuracy": 0.7919680851571104,
            "top_2_accuracy": 0.9061170212765958,
            "epoch": 0,
            "task": 8,
            "samples_seens": 81228
        },
        {
            "loss": 0.6389228480420214,
            "categorial_accuracy": 0.8059574466563285,
            "top_2_accuracy": 0.9165957447823058,
            "epoch": 0,
            "task": 9,
            "samples_seens": 90256
        },
        {
            "loss": 0.9013705562023406,
            "categorial_accuracy": 0.7747872340932805,
            "top_2_accuracy": 0.8901063831309055,
            "epoch": 1,
            "task": 0,
            "samples_seens": 99279
        },
        {
            "loss": 0.9734405944702473,
            "categorial_accuracy": 0.7622872341947352,
            "top_2_accuracy": 0.8818617019754775,
            "epoch": 1,
            "task": 1,
            "samples_seens": 108303
        },
        {
            "loss": 0.8863960279302394,
            "categorial_accuracy": 0.7722340424517368,
            "top_2_accuracy": 0.8924468084091836,
            "epoch": 1,
            "task": 2,
            "samples_seens": 117327
        },
        {
            "loss": 0.8311110582757504,
            "categorial_accuracy": 0.7761702126645027,
            "top_2_accuracy": 0.8961702126645027,
            "epoch": 1,
            "task": 3,
            "samples_seens": 126352
        },
        {
            "loss": 0.8342035242851744,
            "categorial_accuracy": 0.7820744682372884,
            "top_2_accuracy": 0.8977659574975358,
            "epoch": 1,
            "task": 4,
            "samples_seens": 135377
        },
        {
            "loss": 0.7567755761045091,
            "categorial_accuracy": 0.7889361702634933,
            "top_2_accuracy": 0.9024468085106383,
            "epoch": 1,
            "task": 5,
            "samples_seens": 144404
        },
        {
            "loss": 0.738553619435493,
            "categorial_accuracy": 0.7946808510638298,
            "top_2_accuracy": 0.9069148936170213,
            "epoch": 1,
            "task": 6,
            "samples_seens": 153430
        },
        {
            "loss": 0.6199221829150585,
            "categorial_accuracy": 0.8124468086120931,
            "top_2_accuracy": 0.9176595744173578,
            "epoch": 1,
            "task": 7,
            "samples_seens": 162457
        },
        {
            "loss": 0.5674660671264568,
            "categorial_accuracy": 0.8205851063829788,
            "top_2_accuracy": 0.9270212765450173,
            "epoch": 1,
            "task": 8,
            "samples_seens": 171484
        },
        {
            "loss": 0.5822051388913012,
            "categorial_accuracy": 0.8227127660589015,
            "top_2_accuracy": 0.9313297872340426,
            "epoch": 1,
            "task": 9,
            "samples_seens": 180512
        },
        {
            "loss": 0.8159377670795359,
            "categorial_accuracy": 0.7937234042553192,
            "top_2_accuracy": 0.9094680850049283,
            "epoch": 2,
            "task": 0,
            "samples_seens": 189535
        },
        {
            "loss": 0.8297201449820336,
            "categorial_accuracy": 0.7948404256333697,
            "top_2_accuracy": 0.909095744528669,
            "epoch": 2,
            "task": 1,
            "samples_seens": 198559
        },
        {
            "loss": 0.8226236380922033,
            "categorial_accuracy": 0.7939893616514003,
            "top_2_accuracy": 0.9062234041031371,
            "epoch": 2,
            "task": 2,
            "samples_seens": 207583
        },
        {
            "loss": 0.8220965703497541,
            "categorial_accuracy": 0.7858510639312419,
            "top_2_accuracy": 0.9020744679329243,
            "epoch": 2,
            "task": 3,
            "samples_seens": 216608
        },
        {
            "loss": 0.7343445199601194,
            "categorial_accuracy": 0.7987765957446809,
            "top_2_accuracy": 0.9126063829787234,
            "epoch": 2,
            "task": 4,
            "samples_seens": 225633
        },
        {
            "loss": 0.7042500787085675,
            "categorial_accuracy": 0.8038297873862246,
            "top_2_accuracy": 0.9155851063322513,
            "epoch": 2,
            "task": 5,
            "samples_seens": 234660
        },
        {
            "loss": 0.6336849489110581,
            "categorial_accuracy": 0.815,
            "top_2_accuracy": 0.9196276597266502,
            "epoch": 2,
            "task": 6,
            "samples_seens": 243686
        },
        {
            "loss": 0.6138874629710583,
            "categorial_accuracy": 0.8187765957954082,
            "top_2_accuracy": 0.9227127661096289,
            "epoch": 2,
            "task": 7,
            "samples_seens": 252713
        },
        {
            "loss": 0.5394404134598184,
            "categorial_accuracy": 0.8284042552176942,
            "top_2_accuracy": 0.9322872340425532,
            "epoch": 2,
            "task": 8,
            "samples_seens": 261740
        },
        {
            "loss": 0.5104774474844019,
            "categorial_accuracy": 0.8341489360687581,
            "top_2_accuracy": 0.938031914893617,
            "epoch": 2,
            "task": 9,
            "samples_seens": 270768
        }
    ]
}