{
    "task_count": 5,
    "id": 1,
    "name": "id1_t5_dp0.2_dc0.7_df0.1",
    "results": [
        {
            "epoch": 0,
            "top_2_accuracy": 0.7237234041031371,
            "task": 0,
            "loss": 1.7834644641267492,
            "categorial_accuracy": 0.5755851063322514,
            "samples_seens": 18049
        },
        {
            "epoch": 0,
            "top_2_accuracy": 0.8234574468085106,
            "task": 1,
            "loss": 1.1568706315629025,
            "categorial_accuracy": 0.6924468086628204,
            "samples_seens": 36098
        },
        {
            "epoch": 0,
            "top_2_accuracy": 0.8742021277610292,
            "task": 2,
            "loss": 0.8670121379608804,
            "categorial_accuracy": 0.7465425530900347,
            "samples_seens": 54148
        },
        {
            "epoch": 0,
            "top_2_accuracy": 0.8915425532929441,
            "task": 3,
            "loss": 0.7593811713381017,
            "categorial_accuracy": 0.7674468086628203,
            "samples_seens": 72197
        },
        {
            "epoch": 0,
            "top_2_accuracy": 0.9191489363223948,
            "task": 4,
            "loss": 0.6589119569798734,
            "categorial_accuracy": 0.7945744679329243,
            "samples_seens": 90245
        },
        {
            "epoch": 1,
            "top_2_accuracy": 0.9126063829787234,
            "task": 0,
            "loss": 0.7159621283855844,
            "categorial_accuracy": 0.7960106381456903,
            "samples_seens": 108294
        },
        {
            "epoch": 1,
            "top_2_accuracy": 0.9130851063829787,
            "task": 1,
            "loss": 0.7109174727379007,
            "categorial_accuracy": 0.8002659575989906,
            "samples_seens": 126343
        },
        {
            "epoch": 1,
            "top_2_accuracy": 0.9227127659067195,
            "task": 2,
            "loss": 0.5920523133430076,
            "categorial_accuracy": 0.8187765957446809,
            "samples_seens": 144393
        },
        {
            "epoch": 1,
            "top_2_accuracy": 0.9323936169705492,
            "task": 3,
            "loss": 0.5331128900355481,
            "categorial_accuracy": 0.8262234042553191,
            "samples_seens": 162442
        },
        {
            "epoch": 1,
            "top_2_accuracy": 0.9344680852585651,
            "task": 4,
            "loss": 0.5522070687121533,
            "categorial_accuracy": 0.8196808510131024,
            "samples_seens": 180490
        },
        {
            "epoch": 2,
            "top_2_accuracy": 0.9261170213780504,
            "task": 0,
            "loss": 0.6144342584305621,
            "categorial_accuracy": 0.8214361702127659,
            "samples_seens": 198539
        },
        {
            "epoch": 2,
            "top_2_accuracy": 0.9218085105875705,
            "task": 1,
            "loss": 0.6495104371994099,
            "categorial_accuracy": 0.8093085105368432,
            "samples_seens": 216588
        },
        {
            "epoch": 2,
            "top_2_accuracy": 0.9346808511652845,
            "task": 2,
            "loss": 0.5277294073206313,
            "categorial_accuracy": 0.8319680850556557,
            "samples_seens": 234638
        },
        {
            "epoch": 2,
            "top_2_accuracy": 0.9355851065351608,
            "task": 3,
            "loss": 0.5144397709471115,
            "categorial_accuracy": 0.8358510636776052,
            "samples_seens": 252687
        },
        {
            "epoch": 2,
            "top_2_accuracy": 0.94117021271523,
            "task": 4,
            "loss": 0.4975837838142476,
            "categorial_accuracy": 0.8354787235564374,
            "samples_seens": 270735
        }
    ]
}