{
    "task_count": 5,
    "id": 1,
    "name": "id1_t5_dp0.1_dc0.8_df0.1",
    "results": [
        {
            "epoch": 0,
            "top_2_accuracy": 0.7321276596759227,
            "task": 0,
            "loss": 1.773199841418165,
            "categorial_accuracy": 0.5869680851571103,
            "samples_seens": 18049
        },
        {
            "epoch": 0,
            "top_2_accuracy": 0.8147340426546462,
            "task": 1,
            "loss": 1.1811706829071045,
            "categorial_accuracy": 0.678563829635052,
            "samples_seens": 36098
        },
        {
            "epoch": 0,
            "top_2_accuracy": 0.877553191387907,
            "task": 2,
            "loss": 0.834405995531285,
            "categorial_accuracy": 0.7551063831309055,
            "samples_seens": 54148
        },
        {
            "epoch": 0,
            "top_2_accuracy": 0.9088297872340425,
            "task": 3,
            "loss": 0.6680162743304638,
            "categorial_accuracy": 0.7907446809525186,
            "samples_seens": 72197
        },
        {
            "epoch": 0,
            "top_2_accuracy": 0.9037234043567739,
            "task": 4,
            "loss": 0.7480726260834551,
            "categorial_accuracy": 0.7698404255319149,
            "samples_seens": 90246
        },
        {
            "epoch": 1,
            "top_2_accuracy": 0.914468085258565,
            "task": 0,
            "loss": 0.6739478735213584,
            "categorial_accuracy": 0.7963829788755863,
            "samples_seens": 108295
        },
        {
            "epoch": 1,
            "top_2_accuracy": 0.9079255319148937,
            "task": 1,
            "loss": 0.6911051274360495,
            "categorial_accuracy": 0.7943085107397526,
            "samples_seens": 126344
        },
        {
            "epoch": 1,
            "top_2_accuracy": 0.9188297870818605,
            "task": 2,
            "loss": 0.6215154852258398,
            "categorial_accuracy": 0.8079255320670757,
            "samples_seens": 144394
        },
        {
            "epoch": 1,
            "top_2_accuracy": 0.931595744680851,
            "task": 3,
            "loss": 0.5272205884405907,
            "categorial_accuracy": 0.8309574468085107,
            "samples_seens": 162443
        },
        {
            "epoch": 1,
            "top_2_accuracy": 0.929042553140762,
            "task": 4,
            "loss": 0.5816882321428746,
            "categorial_accuracy": 0.8156382978216131,
            "samples_seens": 180492
        },
        {
            "epoch": 2,
            "top_2_accuracy": 0.92797872350571,
            "task": 0,
            "loss": 0.6085558711214268,
            "categorial_accuracy": 0.8215425530900347,
            "samples_seens": 198541
        },
        {
            "epoch": 2,
            "top_2_accuracy": 0.9260638298886887,
            "task": 1,
            "loss": 0.5955868783656587,
            "categorial_accuracy": 0.8226595743666304,
            "samples_seens": 216590
        },
        {
            "epoch": 2,
            "top_2_accuracy": 0.9295212765957447,
            "task": 2,
            "loss": 0.5657950287930509,
            "categorial_accuracy": 0.8222872338903712,
            "samples_seens": 234640
        },
        {
            "epoch": 2,
            "top_2_accuracy": 0.9360638296857793,
            "task": 3,
            "loss": 0.5053917838664765,
            "categorial_accuracy": 0.8377659575482632,
            "samples_seens": 252689
        },
        {
            "epoch": 2,
            "top_2_accuracy": 0.929042553140762,
            "task": 4,
            "loss": 0.5939894098931171,
            "categorial_accuracy": 0.8136702126645027,
            "samples_seens": 270738
        }
    ]
}