{
    "task_count": 5,
    "id": 1,
    "name": "id1_t5_dp0.0_dc1.0_df0.0",
    "results": [
        {
            "epoch": 0,
            "top_2_accuracy": 0.7088297871325878,
            "task": 0,
            "loss": 1.872026459917109,
            "categorial_accuracy": 0.5680851062307967,
            "samples_seens": 18047
        },
        {
            "epoch": 0,
            "top_2_accuracy": 0.809148936068758,
            "task": 1,
            "loss": 1.269135811785434,
            "categorial_accuracy": 0.6763829786219495,
            "samples_seens": 36094
        },
        {
            "epoch": 0,
            "top_2_accuracy": 0.8688297871325878,
            "task": 2,
            "loss": 0.9257922390674023,
            "categorial_accuracy": 0.7449468085613656,
            "samples_seens": 54141
        },
        {
            "epoch": 0,
            "top_2_accuracy": 0.9010638297872341,
            "task": 3,
            "loss": 0.740241569863989,
            "categorial_accuracy": 0.7817553191996636,
            "samples_seens": 72188
        },
        {
            "epoch": 0,
            "top_2_accuracy": 0.904999999847818,
            "task": 4,
            "loss": 0.809432922271972,
            "categorial_accuracy": 0.7671808511145571,
            "samples_seens": 90235
        },
        {
            "epoch": 1,
            "top_2_accuracy": 0.8931914892602474,
            "task": 0,
            "loss": 0.8520406828028091,
            "categorial_accuracy": 0.7724999998985452,
            "samples_seens": 108282
        },
        {
            "epoch": 1,
            "top_2_accuracy": 0.9023404253797328,
            "task": 1,
            "loss": 0.7999275402819856,
            "categorial_accuracy": 0.7872340427053736,
            "samples_seens": 126329
        },
        {
            "epoch": 1,
            "top_2_accuracy": 0.9140957447823058,
            "task": 2,
            "loss": 0.6713312224631613,
            "categorial_accuracy": 0.8046808511652845,
            "samples_seens": 144376
        },
        {
            "epoch": 1,
            "top_2_accuracy": 0.9259574467070559,
            "task": 3,
            "loss": 0.5744043813360499,
            "categorial_accuracy": 0.8178723403748046,
            "samples_seens": 162423
        },
        {
            "epoch": 1,
            "top_2_accuracy": 0.9265957448330331,
            "task": 4,
            "loss": 0.6638283135028595,
            "categorial_accuracy": 0.8056914894631568,
            "samples_seens": 180470
        },
        {
            "epoch": 2,
            "top_2_accuracy": 0.8992021277103018,
            "task": 0,
            "loss": 0.8900975043722924,
            "categorial_accuracy": 0.7875531916415438,
            "samples_seens": 198517
        },
        {
            "epoch": 2,
            "top_2_accuracy": 0.912925531965621,
            "task": 1,
            "loss": 0.764522027918633,
            "categorial_accuracy": 0.8043085107904799,
            "samples_seens": 216564
        },
        {
            "epoch": 2,
            "top_2_accuracy": 0.9230319147921623,
            "task": 2,
            "loss": 0.6264897253158245,
            "categorial_accuracy": 0.8217553191996635,
            "samples_seens": 234611
        },
        {
            "epoch": 2,
            "top_2_accuracy": 0.9337765956432261,
            "task": 3,
            "loss": 0.5258816814168971,
            "categorial_accuracy": 0.8296808511652844,
            "samples_seens": 252658
        },
        {
            "epoch": 2,
            "top_2_accuracy": 0.9218617019754775,
            "task": 4,
            "loss": 0.701106806714484,
            "categorial_accuracy": 0.7893617021276595,
            "samples_seens": 270705
        }
    ]
}