{
    "task_count": 5,
    "id": 1,
    "name": "id1_t5_dp0.0_dc0.3_df0.7",
    "results": [
        {
            "epoch": 0,
            "top_2_accuracy": 0.7823404253797328,
            "task": 0,
            "loss": 1.276240237621551,
            "categorial_accuracy": 0.6334574466563285,
            "samples_seens": 18050
        },
        {
            "epoch": 0,
            "top_2_accuracy": 0.8713297873862246,
            "task": 1,
            "loss": 0.8336880954783014,
            "categorial_accuracy": 0.7476595743666304,
            "samples_seens": 36099
        },
        {
            "epoch": 0,
            "top_2_accuracy": 0.9094680852078377,
            "task": 2,
            "loss": 0.6549553243657376,
            "categorial_accuracy": 0.7986702128166848,
            "samples_seens": 54147
        },
        {
            "epoch": 0,
            "top_2_accuracy": 0.9184574468085106,
            "task": 3,
            "loss": 0.6812340568988882,
            "categorial_accuracy": 0.8004787233028006,
            "samples_seens": 72195
        },
        {
            "epoch": 0,
            "top_2_accuracy": 0.9190425530393073,
            "task": 4,
            "loss": 0.689243824887783,
            "categorial_accuracy": 0.7871808510131024,
            "samples_seens": 90242
        },
        {
            "epoch": 1,
            "top_2_accuracy": 0.9245212766971994,
            "task": 0,
            "loss": 0.6070609949751103,
            "categorial_accuracy": 0.8111702129181395,
            "samples_seens": 108292
        },
        {
            "epoch": 1,
            "top_2_accuracy": 0.9268617022291142,
            "task": 1,
            "loss": 0.561684892558037,
            "categorial_accuracy": 0.8177127658559921,
            "samples_seens": 126341
        },
        {
            "epoch": 1,
            "top_2_accuracy": 0.9412765957954082,
            "task": 2,
            "loss": 0.49965678521927365,
            "categorial_accuracy": 0.8373404256333696,
            "samples_seens": 144389
        },
        {
            "epoch": 1,
            "top_2_accuracy": 0.935478723353528,
            "task": 3,
            "loss": 0.5284216704267136,
            "categorial_accuracy": 0.826595744528669,
            "samples_seens": 162437
        },
        {
            "epoch": 1,
            "top_2_accuracy": 0.9289893618543097,
            "task": 4,
            "loss": 0.6059586731930997,
            "categorial_accuracy": 0.8073936169705492,
            "samples_seens": 180484
        },
        {
            "epoch": 2,
            "top_2_accuracy": 0.9403191488854429,
            "task": 0,
            "loss": 0.49271409425329654,
            "categorial_accuracy": 0.835638297821613,
            "samples_seens": 198534
        },
        {
            "epoch": 2,
            "top_2_accuracy": 0.9460106383485997,
            "task": 1,
            "loss": 0.45776964108994667,
            "categorial_accuracy": 0.8484574469606927,
            "samples_seens": 216583
        },
        {
            "epoch": 2,
            "top_2_accuracy": 0.9454255318134389,
            "task": 2,
            "loss": 0.45365737258119787,
            "categorial_accuracy": 0.8429255318641663,
            "samples_seens": 234631
        },
        {
            "epoch": 2,
            "top_2_accuracy": 0.9419680852078377,
            "task": 3,
            "loss": 0.4969165162583615,
            "categorial_accuracy": 0.8358510638297872,
            "samples_seens": 252679
        },
        {
            "epoch": 2,
            "top_2_accuracy": 0.9368617022798417,
            "task": 4,
            "loss": 0.5406782934259861,
            "categorial_accuracy": 0.8221276595237407,
            "samples_seens": 270726
        }
    ]
}