{
    "task_count": 5,
    "id": 1,
    "name": "id1_t5_dp0.1_dc0.6_df0.3",
    "results": [
        {
            "epoch": 0,
            "top_2_accuracy": 0.7644680850049282,
            "task": 0,
            "loss": 1.4052511742774476,
            "categorial_accuracy": 0.6227127659574468,
            "samples_seens": 18049
        },
        {
            "epoch": 0,
            "top_2_accuracy": 0.8482446809017912,
            "task": 1,
            "loss": 0.9684355025595807,
            "categorial_accuracy": 0.7182446807496091,
            "samples_seens": 36099
        },
        {
            "epoch": 0,
            "top_2_accuracy": 0.8665957448330331,
            "task": 2,
            "loss": 0.8748894643276296,
            "categorial_accuracy": 0.7344148935155665,
            "samples_seens": 54149
        },
        {
            "epoch": 0,
            "top_2_accuracy": 0.9079787232520733,
            "task": 3,
            "loss": 0.7249716601980494,
            "categorial_accuracy": 0.7878723403748046,
            "samples_seens": 72199
        },
        {
            "epoch": 0,
            "top_2_accuracy": 0.9168617022798417,
            "task": 4,
            "loss": 0.6517559144344736,
            "categorial_accuracy": 0.793563829635052,
            "samples_seens": 90248
        },
        {
            "epoch": 1,
            "top_2_accuracy": 0.9136170212258684,
            "task": 0,
            "loss": 0.6680051549952081,
            "categorial_accuracy": 0.8001063830801781,
            "samples_seens": 108297
        },
        {
            "epoch": 1,
            "top_2_accuracy": 0.9219680849542009,
            "task": 1,
            "loss": 0.5931276798248291,
            "categorial_accuracy": 0.8080851064337061,
            "samples_seens": 126347
        },
        {
            "epoch": 1,
            "top_2_accuracy": 0.9325000001014547,
            "task": 2,
            "loss": 0.5210420696278836,
            "categorial_accuracy": 0.828882978824859,
            "samples_seens": 144397
        },
        {
            "epoch": 1,
            "top_2_accuracy": 0.9350531915908165,
            "task": 3,
            "loss": 0.526251850660811,
            "categorial_accuracy": 0.8294680849542009,
            "samples_seens": 162447
        },
        {
            "epoch": 1,
            "top_2_accuracy": 0.8927127659067194,
            "task": 4,
            "loss": 0.7557517322580866,
            "categorial_accuracy": 0.7689893615499456,
            "samples_seens": 180496
        },
        {
            "epoch": 2,
            "top_2_accuracy": 0.9344680852078376,
            "task": 0,
            "loss": 0.5430741468896257,
            "categorial_accuracy": 0.8270212765957446,
            "samples_seens": 198545
        },
        {
            "epoch": 2,
            "top_2_accuracy": 0.9284574469606927,
            "task": 1,
            "loss": 0.5694599748165049,
            "categorial_accuracy": 0.8212234041031371,
            "samples_seens": 216595
        },
        {
            "epoch": 2,
            "top_2_accuracy": 0.9368085105875705,
            "task": 2,
            "loss": 0.49747116816804765,
            "categorial_accuracy": 0.8399468085106383,
            "samples_seens": 234645
        },
        {
            "epoch": 2,
            "top_2_accuracy": 0.9431382980245225,
            "task": 3,
            "loss": 0.48159655456847333,
            "categorial_accuracy": 0.8421276595237407,
            "samples_seens": 252695
        },
        {
            "epoch": 2,
            "top_2_accuracy": 0.9427659573960812,
            "task": 4,
            "loss": 0.4951120811320366,
            "categorial_accuracy": 0.8400531915400891,
            "samples_seens": 270744
        }
    ]
}