{
    "task_count": 5,
    "id": 1,
    "name": "id1_t5_dp0.1_dc0.7_df0.2",
    "results": [
        {
            "epoch": 0,
            "top_2_accuracy": 0.7677127660081742,
            "task": 0,
            "loss": 1.427150539134411,
            "categorial_accuracy": 0.6261170212765957,
            "samples_seens": 18048
        },
        {
            "epoch": 0,
            "top_2_accuracy": 0.8471808509116477,
            "task": 1,
            "loss": 0.9889927875742,
            "categorial_accuracy": 0.7134574469099654,
            "samples_seens": 36097
        },
        {
            "epoch": 0,
            "top_2_accuracy": 0.8786170211751411,
            "task": 2,
            "loss": 0.8304061507164163,
            "categorial_accuracy": 0.7479787235564374,
            "samples_seens": 54147
        },
        {
            "epoch": 0,
            "top_2_accuracy": 0.9007978723911529,
            "task": 3,
            "loss": 0.7182195448875427,
            "categorial_accuracy": 0.778989361752855,
            "samples_seens": 72196
        },
        {
            "epoch": 0,
            "top_2_accuracy": 0.9164893617021277,
            "task": 4,
            "loss": 0.7008977364986501,
            "categorial_accuracy": 0.7873404256333696,
            "samples_seens": 90245
        },
        {
            "epoch": 1,
            "top_2_accuracy": 0.9186702129181396,
            "task": 0,
            "loss": 0.6448200698609048,
            "categorial_accuracy": 0.8062234043567739,
            "samples_seens": 108293
        },
        {
            "epoch": 1,
            "top_2_accuracy": 0.9256914893617021,
            "task": 1,
            "loss": 0.587023710240709,
            "categorial_accuracy": 0.8165425530900347,
            "samples_seens": 126342
        },
        {
            "epoch": 1,
            "top_2_accuracy": 0.9242553191489362,
            "task": 2,
            "loss": 0.5802956418280906,
            "categorial_accuracy": 0.8145212767479267,
            "samples_seens": 144392
        },
        {
            "epoch": 1,
            "top_2_accuracy": 0.9312234042045918,
            "task": 3,
            "loss": 0.5504013577167024,
            "categorial_accuracy": 0.8234042551669669,
            "samples_seens": 162441
        },
        {
            "epoch": 1,
            "top_2_accuracy": 0.9336170212258684,
            "task": 4,
            "loss": 0.5452023550550988,
            "categorial_accuracy": 0.8233510638297873,
            "samples_seens": 180490
        },
        {
            "epoch": 2,
            "top_2_accuracy": 0.9359042554206036,
            "task": 0,
            "loss": 0.552132388251893,
            "categorial_accuracy": 0.8298936170720039,
            "samples_seens": 198538
        },
        {
            "epoch": 2,
            "top_2_accuracy": 0.9357978722896981,
            "task": 1,
            "loss": 0.5452896544781137,
            "categorial_accuracy": 0.8302659573453538,
            "samples_seens": 216587
        },
        {
            "epoch": 2,
            "top_2_accuracy": 0.9385638298886888,
            "task": 2,
            "loss": 0.4969073982441679,
            "categorial_accuracy": 0.838404255471331,
            "samples_seens": 234637
        },
        {
            "epoch": 2,
            "top_2_accuracy": 0.9411170212258684,
            "task": 3,
            "loss": 0.4829455475857917,
            "categorial_accuracy": 0.8411170213273231,
            "samples_seens": 252686
        },
        {
            "epoch": 2,
            "top_2_accuracy": 0.9292021276088471,
            "task": 4,
            "loss": 0.5720277912312366,
            "categorial_accuracy": 0.8131914892602474,
            "samples_seens": 270735
        }
    ]
}