{
    "task_count": 5,
    "id": 1,
    "name": "id1_t5_dp0.5_dc0.2_df0.3",
    "results": [
        {
            "epoch": 0,
            "top_2_accuracy": 0.7121276595744681,
            "task": 0,
            "loss": 1.6195293877987151,
            "categorial_accuracy": 0.5610106383993271,
            "samples_seens": 18049
        },
        {
            "epoch": 0,
            "top_2_accuracy": 0.8452659574468085,
            "task": 1,
            "loss": 0.9808831673987368,
            "categorial_accuracy": 0.715159574315903,
            "samples_seens": 36099
        },
        {
            "epoch": 0,
            "top_2_accuracy": 0.8915425531914893,
            "task": 2,
            "loss": 0.7581627202033997,
            "categorial_accuracy": 0.7690957448330331,
            "samples_seens": 54148
        },
        {
            "epoch": 0,
            "top_2_accuracy": 0.9168085105875705,
            "task": 3,
            "loss": 0.6654252254202011,
            "categorial_accuracy": 0.796595744528669,
            "samples_seens": 72197
        },
        {
            "epoch": 0,
            "top_2_accuracy": 0.9251595744173577,
            "task": 4,
            "loss": 0.6098032833160238,
            "categorial_accuracy": 0.808510638247145,
            "samples_seens": 90247
        },
        {
            "epoch": 1,
            "top_2_accuracy": 0.9063829788755863,
            "task": 0,
            "loss": 0.7404220202121329,
            "categorial_accuracy": 0.7861170213780505,
            "samples_seens": 108296
        },
        {
            "epoch": 1,
            "top_2_accuracy": 0.9173404254811875,
            "task": 1,
            "loss": 0.6314260386913381,
            "categorial_accuracy": 0.8049999999492726,
            "samples_seens": 126346
        },
        {
            "epoch": 1,
            "top_2_accuracy": 0.9319680850556556,
            "task": 2,
            "loss": 0.538970683026821,
            "categorial_accuracy": 0.8285638298886887,
            "samples_seens": 144395
        },
        {
            "epoch": 1,
            "top_2_accuracy": 0.9332978723404255,
            "task": 3,
            "loss": 0.5425579036803956,
            "categorial_accuracy": 0.8236170212258684,
            "samples_seens": 162444
        },
        {
            "epoch": 1,
            "top_2_accuracy": 0.9407446808003365,
            "task": 4,
            "loss": 0.49919887469169943,
            "categorial_accuracy": 0.8323404254811876,
            "samples_seens": 180494
        },
        {
            "epoch": 2,
            "top_2_accuracy": 0.9351595744173578,
            "task": 0,
            "loss": 0.5390894613621082,
            "categorial_accuracy": 0.8306914895138842,
            "samples_seens": 198543
        },
        {
            "epoch": 2,
            "top_2_accuracy": 0.9373936171227313,
            "task": 1,
            "loss": 0.5416852826006869,
            "categorial_accuracy": 0.8285638298379614,
            "samples_seens": 216593
        },
        {
            "epoch": 2,
            "top_2_accuracy": 0.9372340426546462,
            "task": 2,
            "loss": 0.5126848437684648,
            "categorial_accuracy": 0.835585106281524,
            "samples_seens": 234642
        },
        {
            "epoch": 2,
            "top_2_accuracy": 0.9337234042045918,
            "task": 3,
            "loss": 0.5467764232767389,
            "categorial_accuracy": 0.825851063931242,
            "samples_seens": 252691
        },
        {
            "epoch": 2,
            "top_2_accuracy": 0.9339361700605839,
            "task": 4,
            "loss": 0.5182227686110963,
            "categorial_accuracy": 0.8281914894124295,
            "samples_seens": 270741
        }
    ]
}