{
    "task_count": 5,
    "id": 1,
    "name": "id1_t5_dp0.3_dc0.6_df0.1",
    "results": [
        {
            "epoch": 0,
            "top_2_accuracy": 0.7441489360180307,
            "task": 0,
            "loss": 1.5659851821939996,
            "categorial_accuracy": 0.5989361701620386,
            "samples_seens": 18049
        },
        {
            "epoch": 0,
            "top_2_accuracy": 0.8108510636776052,
            "task": 1,
            "loss": 1.2602666993851357,
            "categorial_accuracy": 0.6773936169705492,
            "samples_seens": 36099
        },
        {
            "epoch": 0,
            "top_2_accuracy": 0.8557446806988818,
            "task": 2,
            "loss": 0.9230959324633822,
            "categorial_accuracy": 0.7272872339410985,
            "samples_seens": 54149
        },
        {
            "epoch": 0,
            "top_2_accuracy": 0.904680850962375,
            "task": 3,
            "loss": 0.6939329750994419,
            "categorial_accuracy": 0.7846808512160118,
            "samples_seens": 72199
        },
        {
            "epoch": 0,
            "top_2_accuracy": 0.9069680851571104,
            "task": 4,
            "loss": 0.6911730524326892,
            "categorial_accuracy": 0.7834042553698763,
            "samples_seens": 90248
        },
        {
            "epoch": 1,
            "top_2_accuracy": 0.9102659575989905,
            "task": 0,
            "loss": 0.7327775807076312,
            "categorial_accuracy": 0.7899999998985453,
            "samples_seens": 108297
        },
        {
            "epoch": 1,
            "top_2_accuracy": 0.9170212765450173,
            "task": 1,
            "loss": 0.6724183581737762,
            "categorial_accuracy": 0.8061170214287778,
            "samples_seens": 126347
        },
        {
            "epoch": 1,
            "top_2_accuracy": 0.9250531914386343,
            "task": 2,
            "loss": 0.6114704518876177,
            "categorial_accuracy": 0.8117553191996635,
            "samples_seens": 144397
        },
        {
            "epoch": 1,
            "top_2_accuracy": 0.922606382927996,
            "task": 3,
            "loss": 0.5966282296941635,
            "categorial_accuracy": 0.8085638298379614,
            "samples_seens": 162447
        },
        {
            "epoch": 1,
            "top_2_accuracy": 0.9378191488347155,
            "task": 4,
            "loss": 0.5515932501376943,
            "categorial_accuracy": 0.8322340427053736,
            "samples_seens": 180496
        },
        {
            "epoch": 2,
            "top_2_accuracy": 0.9284042552684216,
            "task": 0,
            "loss": 0.6212063116469282,
            "categorial_accuracy": 0.8169148936170213,
            "samples_seens": 198545
        },
        {
            "epoch": 2,
            "top_2_accuracy": 0.9260638297365067,
            "task": 1,
            "loss": 0.6075896017094876,
            "categorial_accuracy": 0.8152127661096289,
            "samples_seens": 216595
        },
        {
            "epoch": 2,
            "top_2_accuracy": 0.9331914892602474,
            "task": 2,
            "loss": 0.5327988947198746,
            "categorial_accuracy": 0.8301595743666303,
            "samples_seens": 234645
        },
        {
            "epoch": 2,
            "top_2_accuracy": 0.9306914893109748,
            "task": 3,
            "loss": 0.5520205892907812,
            "categorial_accuracy": 0.8242553191489361,
            "samples_seens": 252695
        },
        {
            "epoch": 2,
            "top_2_accuracy": 0.9427659573453538,
            "task": 4,
            "loss": 0.47883145035581387,
            "categorial_accuracy": 0.8406914893109748,
            "samples_seens": 270744
        }
    ]
}