{
    "task_count": 5,
    "id": 1,
    "name": "id1_t5_dp0.0_dc0.5_df0.5",
    "results": [
        {
            "epoch": 0,
            "top_2_accuracy": 0.7447872339410985,
            "task": 0,
            "loss": 1.4659718573347051,
            "categorial_accuracy": 0.590851063931242,
            "samples_seens": 18050
        },
        {
            "epoch": 0,
            "top_2_accuracy": 0.8772872339918258,
            "task": 1,
            "loss": 0.8343126482151925,
            "categorial_accuracy": 0.7535638297365067,
            "samples_seens": 36098
        },
        {
            "epoch": 0,
            "top_2_accuracy": 0.9072340426039188,
            "task": 2,
            "loss": 0.682403532799254,
            "categorial_accuracy": 0.7893617021276595,
            "samples_seens": 54146
        },
        {
            "epoch": 0,
            "top_2_accuracy": 0.9197340425531915,
            "task": 3,
            "loss": 0.651919853484377,
            "categorial_accuracy": 0.8012765956939535,
            "samples_seens": 72194
        },
        {
            "epoch": 0,
            "top_2_accuracy": 0.9122872339410985,
            "task": 4,
            "loss": 0.7102207055497677,
            "categorial_accuracy": 0.7805319148936171,
            "samples_seens": 90241
        },
        {
            "epoch": 1,
            "top_2_accuracy": 0.9289893616006729,
            "task": 0,
            "loss": 0.5578038466483989,
            "categorial_accuracy": 0.8184574468085106,
            "samples_seens": 108291
        },
        {
            "epoch": 1,
            "top_2_accuracy": 0.9323404254811876,
            "task": 1,
            "loss": 0.5369965728293074,
            "categorial_accuracy": 0.8234042552684215,
            "samples_seens": 126339
        },
        {
            "epoch": 1,
            "top_2_accuracy": 0.937074468034379,
            "task": 2,
            "loss": 0.5067185234008952,
            "categorial_accuracy": 0.8361170214287779,
            "samples_seens": 144387
        },
        {
            "epoch": 1,
            "top_2_accuracy": 0.9380319149950718,
            "task": 3,
            "loss": 0.5132286719819332,
            "categorial_accuracy": 0.834095744528669,
            "samples_seens": 162435
        },
        {
            "epoch": 1,
            "top_2_accuracy": 0.9235638297872341,
            "task": 4,
            "loss": 0.6266345045414377,
            "categorial_accuracy": 0.8017553190982089,
            "samples_seens": 180482
        },
        {
            "epoch": 2,
            "top_2_accuracy": 0.9403191488347155,
            "task": 0,
            "loss": 0.4898309381211058,
            "categorial_accuracy": 0.839627659574468,
            "samples_seens": 198532
        },
        {
            "epoch": 2,
            "top_2_accuracy": 0.9423404256333696,
            "task": 1,
            "loss": 0.4806263535834373,
            "categorial_accuracy": 0.8467021276595744,
            "samples_seens": 216580
        },
        {
            "epoch": 2,
            "top_2_accuracy": 0.9439361703142207,
            "task": 2,
            "loss": 0.46938412070274355,
            "categorial_accuracy": 0.8460638297365067,
            "samples_seens": 234628
        },
        {
            "epoch": 2,
            "top_2_accuracy": 0.9437234042045918,
            "task": 3,
            "loss": 0.4726903393928041,
            "categorial_accuracy": 0.8417021278117566,
            "samples_seens": 252676
        },
        {
            "epoch": 2,
            "top_2_accuracy": 0.9359042553191489,
            "task": 4,
            "loss": 0.545392750476269,
            "categorial_accuracy": 0.8201063828772687,
            "samples_seens": 270723
        }
    ]
}