{
    "task_count": 5,
    "id": 1,
    "name": "id1_t5_dp0.1_dc0.3_df0.6",
    "results": [
        {
            "epoch": 0,
            "top_2_accuracy": 0.7620744681358338,
            "task": 0,
            "loss": 1.4278873606945606,
            "categorial_accuracy": 0.6134574466563286,
            "samples_seens": 18049
        },
        {
            "epoch": 0,
            "top_2_accuracy": 0.8669680851571103,
            "task": 1,
            "loss": 0.8894379253083087,
            "categorial_accuracy": 0.7356382978723405,
            "samples_seens": 36099
        },
        {
            "epoch": 0,
            "top_2_accuracy": 0.8912234044075013,
            "task": 2,
            "loss": 0.7655168602821675,
            "categorial_accuracy": 0.7684574469606927,
            "samples_seens": 54149
        },
        {
            "epoch": 0,
            "top_2_accuracy": 0.9092021275581198,
            "task": 3,
            "loss": 0.7120775697586385,
            "categorial_accuracy": 0.7837765957954083,
            "samples_seens": 72199
        },
        {
            "epoch": 0,
            "top_2_accuracy": 0.8818085107397526,
            "task": 4,
            "loss": 0.8899423141682402,
            "categorial_accuracy": 0.7380319147921623,
            "samples_seens": 90248
        },
        {
            "epoch": 1,
            "top_2_accuracy": 0.9259042554206036,
            "task": 0,
            "loss": 0.5699346171034143,
            "categorial_accuracy": 0.8151595743666304,
            "samples_seens": 108297
        },
        {
            "epoch": 1,
            "top_2_accuracy": 0.9344680852078376,
            "task": 1,
            "loss": 0.5283209118944533,
            "categorial_accuracy": 0.8281382980245225,
            "samples_seens": 126347
        },
        {
            "epoch": 1,
            "top_2_accuracy": 0.9374468086120931,
            "task": 2,
            "loss": 0.5023820417738976,
            "categorial_accuracy": 0.8345744680343791,
            "samples_seens": 144397
        },
        {
            "epoch": 1,
            "top_2_accuracy": 0.936968085106383,
            "task": 3,
            "loss": 0.5115963466623996,
            "categorial_accuracy": 0.8320212764942899,
            "samples_seens": 162447
        },
        {
            "epoch": 1,
            "top_2_accuracy": 0.9309042551669668,
            "task": 4,
            "loss": 0.5467038507157184,
            "categorial_accuracy": 0.8150000001521821,
            "samples_seens": 180496
        },
        {
            "epoch": 2,
            "top_2_accuracy": 0.9407978722896981,
            "task": 0,
            "loss": 0.5033962374291522,
            "categorial_accuracy": 0.8371276597266502,
            "samples_seens": 198545
        },
        {
            "epoch": 2,
            "top_2_accuracy": 0.9397340425024642,
            "task": 1,
            "loss": 0.49103944664305826,
            "categorial_accuracy": 0.8371276596251954,
            "samples_seens": 216595
        },
        {
            "epoch": 2,
            "top_2_accuracy": 0.9400531914386343,
            "task": 2,
            "loss": 0.4802717335173424,
            "categorial_accuracy": 0.8370212765450173,
            "samples_seens": 234645
        },
        {
            "epoch": 2,
            "top_2_accuracy": 0.9465425533436714,
            "task": 3,
            "loss": 0.47773696087776346,
            "categorial_accuracy": 0.8438297871325878,
            "samples_seens": 252695
        },
        {
            "epoch": 2,
            "top_2_accuracy": 0.9291489363223948,
            "task": 4,
            "loss": 0.5877894160848983,
            "categorial_accuracy": 0.8164893615499456,
            "samples_seens": 270744
        }
    ]
}