{
    "task_count": 5,
    "id": 1,
    "name": "id1_t5_dp0.5_dc0.5_df0.0",
    "results": [
        {
            "epoch": 0,
            "top_2_accuracy": 0.7170744681865611,
            "task": 0,
            "loss": 1.8577743384178649,
            "categorial_accuracy": 0.5764361700605839,
            "samples_seens": 18047
        },
        {
            "epoch": 0,
            "top_2_accuracy": 0.7937234044075012,
            "task": 1,
            "loss": 1.357512467161138,
            "categorial_accuracy": 0.6577659574975359,
            "samples_seens": 36095
        },
        {
            "epoch": 0,
            "top_2_accuracy": 0.8499999998985452,
            "task": 2,
            "loss": 1.0157613303306254,
            "categorial_accuracy": 0.7234574469099654,
            "samples_seens": 54143
        },
        {
            "epoch": 0,
            "top_2_accuracy": 0.8931382979230678,
            "task": 3,
            "loss": 0.7755616754166623,
            "categorial_accuracy": 0.7737234041031371,
            "samples_seens": 72191
        },
        {
            "epoch": 0,
            "top_2_accuracy": 0.9126063828265414,
            "task": 4,
            "loss": 0.6558417678386607,
            "categorial_accuracy": 0.7951595744680852,
            "samples_seens": 90241
        },
        {
            "epoch": 1,
            "top_2_accuracy": 0.8942021276595745,
            "task": 0,
            "loss": 0.8817705499364975,
            "categorial_accuracy": 0.7734574469606927,
            "samples_seens": 108288
        },
        {
            "epoch": 1,
            "top_2_accuracy": 0.8988829786219495,
            "task": 1,
            "loss": 0.8206990017789475,
            "categorial_accuracy": 0.7812765956432262,
            "samples_seens": 126336
        },
        {
            "epoch": 1,
            "top_2_accuracy": 0.9076595746202671,
            "task": 2,
            "loss": 0.7449955406087511,
            "categorial_accuracy": 0.7937765958461356,
            "samples_seens": 144384
        },
        {
            "epoch": 1,
            "top_2_accuracy": 0.9181914895138842,
            "task": 3,
            "loss": 0.6112233275809187,
            "categorial_accuracy": 0.8148936171734587,
            "samples_seens": 162432
        },
        {
            "epoch": 1,
            "top_2_accuracy": 0.9270212765957446,
            "task": 4,
            "loss": 0.5803783723648558,
            "categorial_accuracy": 0.81180851079048,
            "samples_seens": 180482
        },
        {
            "epoch": 2,
            "top_2_accuracy": 0.9062765958968629,
            "task": 0,
            "loss": 0.8197986099060546,
            "categorial_accuracy": 0.7939361700605839,
            "samples_seens": 198529
        },
        {
            "epoch": 2,
            "top_2_accuracy": 0.9093617020769322,
            "task": 1,
            "loss": 0.741379440540963,
            "categorial_accuracy": 0.8007978724926076,
            "samples_seens": 216577
        },
        {
            "epoch": 2,
            "top_2_accuracy": 0.9194680850556556,
            "task": 2,
            "loss": 0.6401893210411072,
            "categorial_accuracy": 0.8136170212258684,
            "samples_seens": 234625
        },
        {
            "epoch": 2,
            "top_2_accuracy": 0.9305851063322513,
            "task": 3,
            "loss": 0.548739010907234,
            "categorial_accuracy": 0.8267553191996635,
            "samples_seens": 252673
        },
        {
            "epoch": 2,
            "top_2_accuracy": 0.9307446809017912,
            "task": 4,
            "loss": 0.541594396601332,
            "categorial_accuracy": 0.818510638247145,
            "samples_seens": 270723
        }
    ]
}