{
    "task_count": 5,
    "id": 1,
    "name": "id1_t5_dp0.5_dc0.0_df0.5",
    "results": [
        {
            "epoch": 0,
            "top_2_accuracy": 0.7519680850049283,
            "task": 0,
            "loss": 1.4964867618236135,
            "categorial_accuracy": 0.6005851064337061,
            "samples_seens": 18050
        },
        {
            "epoch": 0,
            "top_2_accuracy": 0.8686702126645027,
            "task": 1,
            "loss": 0.8781815312263813,
            "categorial_accuracy": 0.7361702128674121,
            "samples_seens": 36098
        },
        {
            "epoch": 0,
            "top_2_accuracy": 0.9042553190474815,
            "task": 2,
            "loss": 0.7207110035673101,
            "categorial_accuracy": 0.7834042553698763,
            "samples_seens": 54146
        },
        {
            "epoch": 0,
            "top_2_accuracy": 0.9219148934648392,
            "task": 3,
            "loss": 0.6024702216716523,
            "categorial_accuracy": 0.8076595743666304,
            "samples_seens": 72194
        },
        {
            "epoch": 0,
            "top_2_accuracy": 0.9225531916415438,
            "task": 4,
            "loss": 0.6168895455116922,
            "categorial_accuracy": 0.8038297871833152,
            "samples_seens": 90244
        },
        {
            "epoch": 1,
            "top_2_accuracy": 0.9206382979737951,
            "task": 0,
            "loss": 0.6082744647340571,
            "categorial_accuracy": 0.8107978724418803,
            "samples_seens": 108294
        },
        {
            "epoch": 1,
            "top_2_accuracy": 0.9307978722389708,
            "task": 1,
            "loss": 0.546479933363326,
            "categorial_accuracy": 0.8247872341440079,
            "samples_seens": 126342
        },
        {
            "epoch": 1,
            "top_2_accuracy": 0.9352659573960812,
            "task": 2,
            "loss": 0.520757487530404,
            "categorial_accuracy": 0.8307978723404256,
            "samples_seens": 144390
        },
        {
            "epoch": 1,
            "top_2_accuracy": 0.9413297873354972,
            "task": 3,
            "loss": 0.4873789036273956,
            "categorial_accuracy": 0.8390425530393073,
            "samples_seens": 162438
        },
        {
            "epoch": 1,
            "top_2_accuracy": 0.9442021276088471,
            "task": 4,
            "loss": 0.48109434723854066,
            "categorial_accuracy": 0.8382978723911529,
            "samples_seens": 180488
        },
        {
            "epoch": 2,
            "top_2_accuracy": 0.9388829788248589,
            "task": 0,
            "loss": 0.5152809154987336,
            "categorial_accuracy": 0.8376595746202672,
            "samples_seens": 198538
        },
        {
            "epoch": 2,
            "top_2_accuracy": 0.9406382979737952,
            "task": 1,
            "loss": 0.4814842128753662,
            "categorial_accuracy": 0.8421808509116477,
            "samples_seens": 216586
        },
        {
            "epoch": 2,
            "top_2_accuracy": 0.9435106381964177,
            "task": 2,
            "loss": 0.46888644015535397,
            "categorial_accuracy": 0.8458510636776052,
            "samples_seens": 234634
        },
        {
            "epoch": 2,
            "top_2_accuracy": 0.9457446809525185,
            "task": 3,
            "loss": 0.4529459747608672,
            "categorial_accuracy": 0.8489361701620386,
            "samples_seens": 252682
        },
        {
            "epoch": 2,
            "top_2_accuracy": 0.9501063830801781,
            "task": 4,
            "loss": 0.4456667453938342,
            "categorial_accuracy": 0.8490957447315785,
            "samples_seens": 270732
        }
    ]
}