{
    "task_count": 5,
    "id": 1,
    "name": "id1_t5_dp0.3_dc0.4_df0.3",
    "results": [
        {
            "epoch": 0,
            "top_2_accuracy": 0.7510638297872341,
            "task": 0,
            "loss": 1.5163918079213894,
            "categorial_accuracy": 0.6076595744173577,
            "samples_seens": 18049
        },
        {
            "epoch": 0,
            "top_2_accuracy": 0.849946808612093,
            "task": 1,
            "loss": 0.9803231528464784,
            "categorial_accuracy": 0.7128191488347155,
            "samples_seens": 36099
        },
        {
            "epoch": 0,
            "top_2_accuracy": 0.8791489362716675,
            "task": 2,
            "loss": 0.8251670452888976,
            "categorial_accuracy": 0.7540425533436714,
            "samples_seens": 54148
        },
        {
            "epoch": 0,
            "top_2_accuracy": 0.9064361701620386,
            "task": 3,
            "loss": 0.6821326755970082,
            "categorial_accuracy": 0.7896808510638298,
            "samples_seens": 72198
        },
        {
            "epoch": 0,
            "top_2_accuracy": 0.9127659574468086,
            "task": 4,
            "loss": 0.6511949208949475,
            "categorial_accuracy": 0.7946276595744681,
            "samples_seens": 90247
        },
        {
            "epoch": 1,
            "top_2_accuracy": 0.9228191489868975,
            "task": 0,
            "loss": 0.6032703264216159,
            "categorial_accuracy": 0.813457446859238,
            "samples_seens": 108296
        },
        {
            "epoch": 1,
            "top_2_accuracy": 0.9255851064337061,
            "task": 1,
            "loss": 0.5853178114840325,
            "categorial_accuracy": 0.8173404256333696,
            "samples_seens": 126346
        },
        {
            "epoch": 1,
            "top_2_accuracy": 0.9329255320163483,
            "task": 2,
            "loss": 0.5364216547316694,
            "categorial_accuracy": 0.8272340427053736,
            "samples_seens": 144395
        },
        {
            "epoch": 1,
            "top_2_accuracy": 0.9413297871325879,
            "task": 3,
            "loss": 0.49272986417121073,
            "categorial_accuracy": 0.8344680851063829,
            "samples_seens": 162445
        },
        {
            "epoch": 1,
            "top_2_accuracy": 0.9384574467577833,
            "task": 4,
            "loss": 0.5070907600382542,
            "categorial_accuracy": 0.8347340426039188,
            "samples_seens": 180494
        },
        {
            "epoch": 2,
            "top_2_accuracy": 0.9388829786219496,
            "task": 0,
            "loss": 0.522711185039358,
            "categorial_accuracy": 0.8366489361194854,
            "samples_seens": 198543
        },
        {
            "epoch": 2,
            "top_2_accuracy": 0.9357446808003365,
            "task": 1,
            "loss": 0.5252714595135222,
            "categorial_accuracy": 0.8328723402733499,
            "samples_seens": 216593
        },
        {
            "epoch": 2,
            "top_2_accuracy": 0.9437234043567738,
            "task": 2,
            "loss": 0.484810100514838,
            "categorial_accuracy": 0.8407978724418802,
            "samples_seens": 234642
        },
        {
            "epoch": 2,
            "top_2_accuracy": 0.9342021278117565,
            "task": 3,
            "loss": 0.528347062455847,
            "categorial_accuracy": 0.8285638297872341,
            "samples_seens": 252692
        },
        {
            "epoch": 2,
            "top_2_accuracy": 0.9469148935662939,
            "task": 4,
            "loss": 0.45901420656670916,
            "categorial_accuracy": 0.8428191490376249,
            "samples_seens": 270741
        }
    ]
}