{
    "task_count": 5,
    "id": 1,
    "name": "id1_t5_dp0.3_dc0.2_df0.5",
    "results": [
        {
            "epoch": 0,
            "top_2_accuracy": 0.7308510638805146,
            "task": 0,
            "loss": 1.5809007187092559,
            "categorial_accuracy": 0.5719148934648393,
            "samples_seens": 18050
        },
        {
            "epoch": 0,
            "top_2_accuracy": 0.8726063829279961,
            "task": 1,
            "loss": 0.8530634402721486,
            "categorial_accuracy": 0.7447872341440079,
            "samples_seens": 36099
        },
        {
            "epoch": 0,
            "top_2_accuracy": 0.8993617019754775,
            "task": 2,
            "loss": 0.729364091335459,
            "categorial_accuracy": 0.7711170212258683,
            "samples_seens": 54148
        },
        {
            "epoch": 0,
            "top_2_accuracy": 0.9157978724926076,
            "task": 3,
            "loss": 0.6340257994164812,
            "categorial_accuracy": 0.797074468034379,
            "samples_seens": 72198
        },
        {
            "epoch": 0,
            "top_2_accuracy": 0.9260106383485996,
            "task": 4,
            "loss": 0.6102347671224716,
            "categorial_accuracy": 0.8111702126137754,
            "samples_seens": 90247
        },
        {
            "epoch": 1,
            "top_2_accuracy": 0.9278723405269866,
            "task": 0,
            "loss": 0.5654897016667305,
            "categorial_accuracy": 0.8145744681358338,
            "samples_seens": 108297
        },
        {
            "epoch": 1,
            "top_2_accuracy": 0.9131382980245225,
            "task": 1,
            "loss": 0.634393621581666,
            "categorial_accuracy": 0.8017553189967541,
            "samples_seens": 126346
        },
        {
            "epoch": 1,
            "top_2_accuracy": 0.9372340426546462,
            "task": 2,
            "loss": 0.5229870848706428,
            "categorial_accuracy": 0.8267021277103018,
            "samples_seens": 144395
        },
        {
            "epoch": 1,
            "top_2_accuracy": 0.9421808510131024,
            "task": 3,
            "loss": 0.4902378304968489,
            "categorial_accuracy": 0.8389893615499456,
            "samples_seens": 162445
        },
        {
            "epoch": 1,
            "top_2_accuracy": 0.9430851063322514,
            "task": 4,
            "loss": 0.48926003960852926,
            "categorial_accuracy": 0.8372872339918258,
            "samples_seens": 180494
        },
        {
            "epoch": 2,
            "top_2_accuracy": 0.9372872341440079,
            "task": 0,
            "loss": 0.5226779064726322,
            "categorial_accuracy": 0.8318617020262049,
            "samples_seens": 198544
        },
        {
            "epoch": 2,
            "top_2_accuracy": 0.9417021277610291,
            "task": 1,
            "loss": 0.50059300584996,
            "categorial_accuracy": 0.8402127658052647,
            "samples_seens": 216593
        },
        {
            "epoch": 2,
            "top_2_accuracy": 0.9383510637790599,
            "task": 2,
            "loss": 0.5164332500670819,
            "categorial_accuracy": 0.8317553190474815,
            "samples_seens": 234642
        },
        {
            "epoch": 2,
            "top_2_accuracy": 0.9410106384500544,
            "task": 3,
            "loss": 0.505647641293546,
            "categorial_accuracy": 0.8370744679836517,
            "samples_seens": 252692
        },
        {
            "epoch": 2,
            "top_2_accuracy": 0.9453723403748046,
            "task": 4,
            "loss": 0.4693601131439209,
            "categorial_accuracy": 0.8407978722389708,
            "samples_seens": 270741
        }
    ]
}