{
    "task_count": 5,
    "id": 1,
    "name": "id1_t5_dp0.0_dc0.7_df0.3",
    "results": [
        {
            "epoch": 0,
            "top_2_accuracy": 0.7601595743666304,
            "task": 0,
            "loss": 1.4545661941487738,
            "categorial_accuracy": 0.6197340425531915,
            "samples_seens": 18049
        },
        {
            "epoch": 0,
            "top_2_accuracy": 0.8514893617528551,
            "task": 1,
            "loss": 0.9600607427130354,
            "categorial_accuracy": 0.7203723404255319,
            "samples_seens": 36098
        },
        {
            "epoch": 0,
            "top_2_accuracy": 0.8973404256333696,
            "task": 2,
            "loss": 0.7387814263080029,
            "categorial_accuracy": 0.7797340425531915,
            "samples_seens": 54146
        },
        {
            "epoch": 0,
            "top_2_accuracy": 0.9146808509116477,
            "task": 3,
            "loss": 0.6244441600048796,
            "categorial_accuracy": 0.8024468085613656,
            "samples_seens": 72194
        },
        {
            "epoch": 0,
            "top_2_accuracy": 0.9122340424010095,
            "task": 4,
            "loss": 0.7215921156964403,
            "categorial_accuracy": 0.7813829787741317,
            "samples_seens": 90241
        },
        {
            "epoch": 1,
            "top_2_accuracy": 0.9212234044075012,
            "task": 0,
            "loss": 0.6202478664732994,
            "categorial_accuracy": 0.8071276596759228,
            "samples_seens": 108290
        },
        {
            "epoch": 1,
            "top_2_accuracy": 0.9302659574975358,
            "task": 1,
            "loss": 0.5694780820734957,
            "categorial_accuracy": 0.8218617022798417,
            "samples_seens": 126339
        },
        {
            "epoch": 1,
            "top_2_accuracy": 0.9344680850556556,
            "task": 2,
            "loss": 0.5189578345735022,
            "categorial_accuracy": 0.8307978723404256,
            "samples_seens": 144387
        },
        {
            "epoch": 1,
            "top_2_accuracy": 0.938617021175141,
            "task": 3,
            "loss": 0.5001147570508592,
            "categorial_accuracy": 0.8357446808003365,
            "samples_seens": 162435
        },
        {
            "epoch": 1,
            "top_2_accuracy": 0.9276595746202672,
            "task": 4,
            "loss": 0.635975969319648,
            "categorial_accuracy": 0.806542553140762,
            "samples_seens": 180482
        },
        {
            "epoch": 2,
            "top_2_accuracy": 0.9232446809525185,
            "task": 0,
            "loss": 0.5914113715861706,
            "categorial_accuracy": 0.809574468034379,
            "samples_seens": 198531
        },
        {
            "epoch": 2,
            "top_2_accuracy": 0.9378723403748046,
            "task": 1,
            "loss": 0.5029119147138392,
            "categorial_accuracy": 0.8387765956432262,
            "samples_seens": 216580
        },
        {
            "epoch": 2,
            "top_2_accuracy": 0.9414361703142207,
            "task": 2,
            "loss": 0.47193907856941225,
            "categorial_accuracy": 0.8429255319656209,
            "samples_seens": 234628
        },
        {
            "epoch": 2,
            "top_2_accuracy": 0.9421276594730134,
            "task": 3,
            "loss": 0.4774645515198403,
            "categorial_accuracy": 0.8398404254304602,
            "samples_seens": 252676
        },
        {
            "epoch": 2,
            "top_2_accuracy": 0.934095744528669,
            "task": 4,
            "loss": 0.5828060533138032,
            "categorial_accuracy": 0.8196808512160119,
            "samples_seens": 270723
        }
    ]
}