{
    "task_count": 5,
    "id": 1,
    "name": "id1_t5_dp0.6_dc0.3_df0.1",
    "results": [
        {
            "epoch": 0,
            "top_2_accuracy": 0.7313829787234043,
            "task": 0,
            "loss": 1.6408739027063897,
            "categorial_accuracy": 0.5854255320163483,
            "samples_seens": 18049
        },
        {
            "epoch": 0,
            "top_2_accuracy": 0.8024999999492727,
            "task": 1,
            "loss": 1.2886163706475116,
            "categorial_accuracy": 0.6607446809525186,
            "samples_seens": 36099
        },
        {
            "epoch": 0,
            "top_2_accuracy": 0.8595212764435626,
            "task": 2,
            "loss": 0.9296309087124277,
            "categorial_accuracy": 0.7340957445793963,
            "samples_seens": 54149
        },
        {
            "epoch": 0,
            "top_2_accuracy": 0.8868085105368432,
            "task": 3,
            "loss": 0.7926471129376838,
            "categorial_accuracy": 0.7619148934648392,
            "samples_seens": 72199
        },
        {
            "epoch": 0,
            "top_2_accuracy": 0.9151595744680852,
            "task": 4,
            "loss": 0.6577189828994426,
            "categorial_accuracy": 0.7990957446808511,
            "samples_seens": 90248
        },
        {
            "epoch": 1,
            "top_2_accuracy": 0.9036170214287779,
            "task": 0,
            "loss": 0.7550102199899389,
            "categorial_accuracy": 0.7870212767479268,
            "samples_seens": 108297
        },
        {
            "epoch": 1,
            "top_2_accuracy": 0.9077127659574468,
            "task": 1,
            "loss": 0.7083194602296707,
            "categorial_accuracy": 0.7897872340932806,
            "samples_seens": 126347
        },
        {
            "epoch": 1,
            "top_2_accuracy": 0.8907446808510638,
            "task": 2,
            "loss": 0.8286124888379524,
            "categorial_accuracy": 0.773936170212766,
            "samples_seens": 144397
        },
        {
            "epoch": 1,
            "top_2_accuracy": 0.9269680849542009,
            "task": 3,
            "loss": 0.5767313899385168,
            "categorial_accuracy": 0.8173404256333696,
            "samples_seens": 162447
        },
        {
            "epoch": 1,
            "top_2_accuracy": 0.9276595746202672,
            "task": 4,
            "loss": 0.5762228663931501,
            "categorial_accuracy": 0.8186702128674122,
            "samples_seens": 180496
        },
        {
            "epoch": 2,
            "top_2_accuracy": 0.9171276595237408,
            "task": 0,
            "loss": 0.6703284344267338,
            "categorial_accuracy": 0.8047872340932806,
            "samples_seens": 198545
        },
        {
            "epoch": 2,
            "top_2_accuracy": 0.9175531915908164,
            "task": 1,
            "loss": 0.6769736386613643,
            "categorial_accuracy": 0.8036170214287778,
            "samples_seens": 216595
        },
        {
            "epoch": 2,
            "top_2_accuracy": 0.924468085258565,
            "task": 2,
            "loss": 0.5983311952428615,
            "categorial_accuracy": 0.8151063830294507,
            "samples_seens": 234645
        },
        {
            "epoch": 2,
            "top_2_accuracy": 0.9323936171227313,
            "task": 3,
            "loss": 0.5417708192734008,
            "categorial_accuracy": 0.8274468085613657,
            "samples_seens": 252695
        },
        {
            "epoch": 2,
            "top_2_accuracy": 0.9414893618035823,
            "task": 4,
            "loss": 0.49751998168356876,
            "categorial_accuracy": 0.8384042554206037,
            "samples_seens": 270744
        }
    ]
}