{
    "task_count": 5,
    "id": 1,
    "name": "id1_t5_dp0.7_dc0.3_df0.0",
    "results": [
        {
            "epoch": 0,
            "top_2_accuracy": 0.7218085104861158,
            "task": 0,
            "loss": 1.7502074576438742,
            "categorial_accuracy": 0.5790425530900346,
            "samples_seens": 18047
        },
        {
            "epoch": 0,
            "top_2_accuracy": 0.7767553189967541,
            "task": 1,
            "loss": 1.6015755464675578,
            "categorial_accuracy": 0.638031914741435,
            "samples_seens": 36095
        },
        {
            "epoch": 0,
            "top_2_accuracy": 0.83930851079048,
            "task": 2,
            "loss": 1.1380750441043934,
            "categorial_accuracy": 0.7120744681358337,
            "samples_seens": 54143
        },
        {
            "epoch": 0,
            "top_2_accuracy": 0.8468085105368431,
            "task": 3,
            "loss": 1.0754369503386476,
            "categorial_accuracy": 0.7076063828265413,
            "samples_seens": 72192
        },
        {
            "epoch": 0,
            "top_2_accuracy": 0.911489361752855,
            "task": 4,
            "loss": 0.684928281104311,
            "categorial_accuracy": 0.7934574466563286,
            "samples_seens": 90242
        },
        {
            "epoch": 1,
            "top_2_accuracy": 0.8806914895138842,
            "task": 0,
            "loss": 0.9343284930574133,
            "categorial_accuracy": 0.7622872340425532,
            "samples_seens": 108289
        },
        {
            "epoch": 1,
            "top_2_accuracy": 0.8885638297365067,
            "task": 1,
            "loss": 0.9053110565530493,
            "categorial_accuracy": 0.7694680849542009,
            "samples_seens": 126337
        },
        {
            "epoch": 1,
            "top_2_accuracy": 0.899095744528669,
            "task": 2,
            "loss": 0.7659396739208952,
            "categorial_accuracy": 0.7847872340425532,
            "samples_seens": 144385
        },
        {
            "epoch": 1,
            "top_2_accuracy": 0.9026595745188125,
            "task": 3,
            "loss": 0.7468195879205745,
            "categorial_accuracy": 0.7895212765450174,
            "samples_seens": 162434
        },
        {
            "epoch": 1,
            "top_2_accuracy": 0.921542553140762,
            "task": 4,
            "loss": 0.5862157589831251,
            "categorial_accuracy": 0.8119680852078377,
            "samples_seens": 180484
        },
        {
            "epoch": 2,
            "top_2_accuracy": 0.9062234044075013,
            "task": 0,
            "loss": 0.7854633004614647,
            "categorial_accuracy": 0.7925531913371796,
            "samples_seens": 198531
        },
        {
            "epoch": 2,
            "top_2_accuracy": 0.9071808510638298,
            "task": 1,
            "loss": 0.797928214479,
            "categorial_accuracy": 0.7938297872847699,
            "samples_seens": 216579
        },
        {
            "epoch": 2,
            "top_2_accuracy": 0.9147340425024642,
            "task": 2,
            "loss": 0.7097912035089858,
            "categorial_accuracy": 0.8038829786726769,
            "samples_seens": 234627
        },
        {
            "epoch": 2,
            "top_2_accuracy": 0.9223936168690945,
            "task": 3,
            "loss": 0.6020477458771238,
            "categorial_accuracy": 0.8171276595237408,
            "samples_seens": 252676
        },
        {
            "epoch": 2,
            "top_2_accuracy": 0.920159574315903,
            "task": 4,
            "loss": 0.6191818151575453,
            "categorial_accuracy": 0.81117021271523,
            "samples_seens": 270726
        }
    ]
}