{
    "task_count": 5,
    "id": 1,
    "name": "id1_t5_dp0.3_dc0.7_df0.0",
    "results": [
        {
            "epoch": 0,
            "top_2_accuracy": 0.7110106384500544,
            "task": 0,
            "loss": 1.8734426836257285,
            "categorial_accuracy": 0.56882978728477,
            "samples_seens": 18047
        },
        {
            "epoch": 0,
            "top_2_accuracy": 0.7980319150457991,
            "task": 1,
            "loss": 1.3995674910443894,
            "categorial_accuracy": 0.6664893617021277,
            "samples_seens": 36095
        },
        {
            "epoch": 0,
            "top_2_accuracy": 0.8560638297365066,
            "task": 2,
            "loss": 1.0208300629575202,
            "categorial_accuracy": 0.7307446809525185,
            "samples_seens": 54143
        },
        {
            "epoch": 0,
            "top_2_accuracy": 0.8900531915908164,
            "task": 3,
            "loss": 0.7878132913467731,
            "categorial_accuracy": 0.7734042552176942,
            "samples_seens": 72192
        },
        {
            "epoch": 0,
            "top_2_accuracy": 0.9150531914893617,
            "task": 4,
            "loss": 0.6679570003773304,
            "categorial_accuracy": 0.7946276595237407,
            "samples_seens": 90241
        },
        {
            "epoch": 1,
            "top_2_accuracy": 0.8964893615499456,
            "task": 0,
            "loss": 0.8457712011641645,
            "categorial_accuracy": 0.7789361703142207,
            "samples_seens": 108288
        },
        {
            "epoch": 1,
            "top_2_accuracy": 0.9005319147414349,
            "task": 1,
            "loss": 0.7947138235924092,
            "categorial_accuracy": 0.7875531914386343,
            "samples_seens": 126336
        },
        {
            "epoch": 1,
            "top_2_accuracy": 0.91180851079048,
            "task": 2,
            "loss": 0.7006414079666138,
            "categorial_accuracy": 0.8022340424010094,
            "samples_seens": 144384
        },
        {
            "epoch": 1,
            "top_2_accuracy": 0.9243617022291143,
            "task": 3,
            "loss": 0.5828550356246055,
            "categorial_accuracy": 0.8179787232520732,
            "samples_seens": 162433
        },
        {
            "epoch": 1,
            "top_2_accuracy": 0.9200000000507274,
            "task": 4,
            "loss": 0.6344747869511869,
            "categorial_accuracy": 0.8036170212765957,
            "samples_seens": 180482
        },
        {
            "epoch": 2,
            "top_2_accuracy": 0.9119680849542009,
            "task": 0,
            "loss": 0.7504939633734683,
            "categorial_accuracy": 0.7978723405269866,
            "samples_seens": 198529
        },
        {
            "epoch": 2,
            "top_2_accuracy": 0.9174468085106383,
            "task": 1,
            "loss": 0.7000554304680926,
            "categorial_accuracy": 0.8097340425024642,
            "samples_seens": 216577
        },
        {
            "epoch": 2,
            "top_2_accuracy": 0.9217553193011182,
            "task": 2,
            "loss": 0.6257059122146444,
            "categorial_accuracy": 0.8204255317627115,
            "samples_seens": 234625
        },
        {
            "epoch": 2,
            "top_2_accuracy": 0.9325531914386344,
            "task": 3,
            "loss": 0.5411524706191205,
            "categorial_accuracy": 0.8275531913371796,
            "samples_seens": 252674
        },
        {
            "epoch": 2,
            "top_2_accuracy": 0.9421808511652845,
            "task": 4,
            "loss": 0.4878501188247762,
            "categorial_accuracy": 0.841968085106383,
            "samples_seens": 270723
        }
    ]
}