{
    "name": "id1_t25_dp0.3_dc0.4_df0.3",
    "results": [
        {
            "samples_seens": 3622,
            "task": 0,
            "loss": 2.4540755594537615,
            "epoch": 0,
            "categorial_accuracy": 0.357925531965621,
            "top_2_accuracy": 0.5003723404255319
        },
        {
            "samples_seens": 7242,
            "task": 1,
            "loss": 2.178921103984752,
            "epoch": 0,
            "categorial_accuracy": 0.44962765952374073,
            "top_2_accuracy": 0.606595744528669
        },
        {
            "samples_seens": 10863,
            "task": 2,
            "loss": 1.6311994785958148,
            "epoch": 0,
            "categorial_accuracy": 0.5568085106890253,
            "top_2_accuracy": 0.7080319149443444
        },
        {
            "samples_seens": 14484,
            "task": 3,
            "loss": 1.6354912277992735,
            "epoch": 0,
            "categorial_accuracy": 0.5754255317627115,
            "top_2_accuracy": 0.7239893617021277
        },
        {
            "samples_seens": 18106,
            "task": 4,
            "loss": 1.4675090232808539,
            "epoch": 0,
            "categorial_accuracy": 0.6190957448330331,
            "top_2_accuracy": 0.7613297872340425
        },
        {
            "samples_seens": 21727,
            "task": 5,
            "loss": 1.3424028158187866,
            "epoch": 0,
            "categorial_accuracy": 0.6436170211751411,
            "top_2_accuracy": 0.7862234044075013
        },
        {
            "samples_seens": 25346,
            "task": 6,
            "loss": 1.2090629848520806,
            "epoch": 0,
            "categorial_accuracy": 0.6630319149950717,
            "top_2_accuracy": 0.8034042551669669
        },
        {
            "samples_seens": 28969,
            "task": 7,
            "loss": 1.1702512983565634,
            "epoch": 0,
            "categorial_accuracy": 0.6853191488347155,
            "top_2_accuracy": 0.8177659574468085
        },
        {
            "samples_seens": 32589,
            "task": 8,
            "loss": 1.0497739284596546,
            "epoch": 0,
            "categorial_accuracy": 0.708404255319149,
            "top_2_accuracy": 0.8407446808510638
        },
        {
            "samples_seens": 36217,
            "task": 9,
            "loss": 1.0205124344217016,
            "epoch": 0,
            "categorial_accuracy": 0.7143085105875705,
            "top_2_accuracy": 0.8466489361194854
        },
        {
            "samples_seens": 39839,
            "task": 10,
            "loss": 0.9919816270280392,
            "epoch": 0,
            "categorial_accuracy": 0.7110638299394161,
            "top_2_accuracy": 0.8453723405777139
        },
        {
            "samples_seens": 43460,
            "task": 11,
            "loss": 0.9040140594827368,
            "epoch": 0,
            "categorial_accuracy": 0.737446808612093,
            "top_2_accuracy": 0.8653191489868975
        },
        {
            "samples_seens": 47080,
            "task": 12,
            "loss": 0.9079886896559533,
            "epoch": 0,
            "categorial_accuracy": 0.733563829635052,
            "top_2_accuracy": 0.8642553190982089
        },
        {
            "samples_seens": 50701,
            "task": 13,
            "loss": 0.8270447748772641,
            "epoch": 0,
            "categorial_accuracy": 0.7563829786726769,
            "top_2_accuracy": 0.879680850962375
        },
        {
            "samples_seens": 54323,
            "task": 14,
            "loss": 0.7964341338137363,
            "epoch": 0,
            "categorial_accuracy": 0.7613829786219496,
            "top_2_accuracy": 0.8869680850049283
        },
        {
            "samples_seens": 57951,
            "task": 15,
            "loss": 0.7674270335156866,
            "epoch": 0,
            "categorial_accuracy": 0.7695212766464721,
            "top_2_accuracy": 0.8906382977201583
        },
        {
            "samples_seens": 61571,
            "task": 16,
            "loss": 0.7511627289589415,
            "epoch": 0,
            "categorial_accuracy": 0.7730319147921623,
            "top_2_accuracy": 0.8929787233028006
        },
        {
            "samples_seens": 65194,
            "task": 17,
            "loss": 0.7079142631368435,
            "epoch": 0,
            "categorial_accuracy": 0.7875000000507274,
            "top_2_accuracy": 0.9056914894124295
        },
        {
            "samples_seens": 68813,
            "task": 18,
            "loss": 0.686249183543185,
            "epoch": 0,
            "categorial_accuracy": 0.7937234042553192,
            "top_2_accuracy": 0.9053191489361702
        },
        {
            "samples_seens": 72434,
            "task": 19,
            "loss": 0.6730499342654613,
            "epoch": 0,
            "categorial_accuracy": 0.7965425530393073,
            "top_2_accuracy": 0.9086702129181395
        },
        {
            "samples_seens": 76056,
            "task": 20,
            "loss": 0.6401658885529701,
            "epoch": 0,
            "categorial_accuracy": 0.8019148936170213,
            "top_2_accuracy": 0.9155851063322513
        },
        {
            "samples_seens": 79677,
            "task": 21,
            "loss": 0.6374618904641334,
            "epoch": 0,
            "categorial_accuracy": 0.8020744680851064,
            "top_2_accuracy": 0.9168617021783869
        },
        {
            "samples_seens": 83298,
            "task": 22,
            "loss": 0.6756693300795048,
            "epoch": 0,
            "categorial_accuracy": 0.8026063830801781,
            "top_2_accuracy": 0.9197340424517367
        },
        {
            "samples_seens": 86918,
            "task": 23,
            "loss": 0.6896426317032347,
            "epoch": 0,
            "categorial_accuracy": 0.7901063828772686,
            "top_2_accuracy": 0.9184574467070559
        },
        {
            "samples_seens": 90540,
            "task": 24,
            "loss": 0.7378755452277812,
            "epoch": 0,
            "categorial_accuracy": 0.7831914892602474,
            "top_2_accuracy": 0.9162234041031371
        },
        {
            "samples_seens": 94162,
            "task": 0,
            "loss": 0.6263418519750554,
            "epoch": 1,
            "categorial_accuracy": 0.8055319150457991,
            "top_2_accuracy": 0.9196808512160118
        },
        {
            "samples_seens": 97782,
            "task": 1,
            "loss": 0.6534886796931003,
            "epoch": 1,
            "categorial_accuracy": 0.8079787233535279,
            "top_2_accuracy": 0.9166489363223949
        },
        {
            "samples_seens": 101403,
            "task": 2,
            "loss": 0.6882787853098931,
            "epoch": 1,
            "categorial_accuracy": 0.7950000000507274,
            "top_2_accuracy": 0.9130319149950717
        },
        {
            "samples_seens": 105024,
            "task": 3,
            "loss": 0.6647072608420189,
            "epoch": 1,
            "categorial_accuracy": 0.8006382978723404,
            "top_2_accuracy": 0.9164893617021277
        },
        {
            "samples_seens": 108646,
            "task": 4,
            "loss": 0.6208158226723367,
            "epoch": 1,
            "categorial_accuracy": 0.8117553191489362,
            "top_2_accuracy": 0.9243617022291143
        },
        {
            "samples_seens": 112267,
            "task": 5,
            "loss": 0.6529592360334193,
            "epoch": 1,
            "categorial_accuracy": 0.8060106381456903,
            "top_2_accuracy": 0.9169148936170213
        },
        {
            "samples_seens": 115886,
            "task": 6,
            "loss": 0.6176846685561728,
            "epoch": 1,
            "categorial_accuracy": 0.8096276594730134,
            "top_2_accuracy": 0.9217553190982088
        },
        {
            "samples_seens": 119509,
            "task": 7,
            "loss": 0.6376205934615845,
            "epoch": 1,
            "categorial_accuracy": 0.8073404254811876,
            "top_2_accuracy": 0.9192021275073924
        },
        {
            "samples_seens": 123129,
            "task": 8,
            "loss": 0.6454686326929864,
            "epoch": 1,
            "categorial_accuracy": 0.8093085106890252,
            "top_2_accuracy": 0.919468085258565
        },
        {
            "samples_seens": 126757,
            "task": 9,
            "loss": 0.6088846989388161,
            "epoch": 1,
            "categorial_accuracy": 0.8119680852078377,
            "top_2_accuracy": 0.9232446808510638
        },
        {
            "samples_seens": 130379,
            "task": 10,
            "loss": 0.6069246837433349,
            "epoch": 1,
            "categorial_accuracy": 0.8156382978723404,
            "top_2_accuracy": 0.9222872339918259
        },
        {
            "samples_seens": 134000,
            "task": 11,
            "loss": 0.6076885893243424,
            "epoch": 1,
            "categorial_accuracy": 0.8137765957954082,
            "top_2_accuracy": 0.9237234043567739
        },
        {
            "samples_seens": 137620,
            "task": 12,
            "loss": 0.5822631381674016,
            "epoch": 1,
            "categorial_accuracy": 0.8182446807496091,
            "top_2_accuracy": 0.926063829635052
        },
        {
            "samples_seens": 141241,
            "task": 13,
            "loss": 0.5910858648381334,
            "epoch": 1,
            "categorial_accuracy": 0.8137765956939534,
            "top_2_accuracy": 0.9247872338903711
        },
        {
            "samples_seens": 144863,
            "task": 14,
            "loss": 0.5873891726960527,
            "epoch": 1,
            "categorial_accuracy": 0.8177659573453538,
            "top_2_accuracy": 0.9230319150457991
        },
        {
            "samples_seens": 148491,
            "task": 15,
            "loss": 0.5536835723227643,
            "epoch": 1,
            "categorial_accuracy": 0.8261702126137753,
            "top_2_accuracy": 0.9271276595237408
        },
        {
            "samples_seens": 152111,
            "task": 16,
            "loss": 0.5480672533715025,
            "epoch": 1,
            "categorial_accuracy": 0.828404255319149,
            "top_2_accuracy": 0.9297340426546462
        },
        {
            "samples_seens": 155734,
            "task": 17,
            "loss": 0.5914003753662109,
            "epoch": 1,
            "categorial_accuracy": 0.8159574469099653,
            "top_2_accuracy": 0.9237765958461356
        },
        {
            "samples_seens": 159353,
            "task": 18,
            "loss": 0.5494815607527469,
            "epoch": 1,
            "categorial_accuracy": 0.8251595745188125,
            "top_2_accuracy": 0.9294148935662939
        },
        {
            "samples_seens": 162974,
            "task": 19,
            "loss": 0.5226265025392491,
            "epoch": 1,
            "categorial_accuracy": 0.8328191488854428,
            "top_2_accuracy": 0.9332978724418802
        },
        {
            "samples_seens": 166596,
            "task": 20,
            "loss": 0.5309670478739636,
            "epoch": 1,
            "categorial_accuracy": 0.8257446808510638,
            "top_2_accuracy": 0.9325000001014547
        },
        {
            "samples_seens": 170217,
            "task": 21,
            "loss": 0.5570075789664654,
            "epoch": 1,
            "categorial_accuracy": 0.8207978723911529,
            "top_2_accuracy": 0.9300000001521821
        },
        {
            "samples_seens": 173838,
            "task": 22,
            "loss": 0.5915596150844655,
            "epoch": 1,
            "categorial_accuracy": 0.8206914894124295,
            "top_2_accuracy": 0.9332978722389709
        },
        {
            "samples_seens": 177458,
            "task": 23,
            "loss": 0.6030763919810032,
            "epoch": 1,
            "categorial_accuracy": 0.8155851064337061,
            "top_2_accuracy": 0.9313297872847699
        },
        {
            "samples_seens": 181080,
            "task": 24,
            "loss": 0.6419033509112418,
            "epoch": 1,
            "categorial_accuracy": 0.8058510638297872,
            "top_2_accuracy": 0.925
        },
        {
            "samples_seens": 184702,
            "task": 0,
            "loss": 0.6562999435688587,
            "epoch": 2,
            "categorial_accuracy": 0.8109042552684216,
            "top_2_accuracy": 0.9203191489361702
        },
        {
            "samples_seens": 188322,
            "task": 1,
            "loss": 0.5690082383916734,
            "epoch": 2,
            "categorial_accuracy": 0.8297872339410984,
            "top_2_accuracy": 0.934574468034379
        },
        {
            "samples_seens": 191943,
            "task": 2,
            "loss": 0.5631068882282744,
            "epoch": 2,
            "categorial_accuracy": 0.8304787235057101,
            "top_2_accuracy": 0.9342021276088471
        },
        {
            "samples_seens": 195564,
            "task": 3,
            "loss": 0.6092079309453355,
            "epoch": 2,
            "categorial_accuracy": 0.8222340424517368,
            "top_2_accuracy": 0.9259042552684216
        },
        {
            "samples_seens": 199186,
            "task": 4,
            "loss": 0.5829306156838194,
            "epoch": 2,
            "categorial_accuracy": 0.8278723403240772,
            "top_2_accuracy": 0.9313829786726769
        },
        {
            "samples_seens": 202807,
            "task": 5,
            "loss": 0.5757906145237862,
            "epoch": 2,
            "categorial_accuracy": 0.8312234043060465,
            "top_2_accuracy": 0.9323404254811876
        },
        {
            "samples_seens": 206426,
            "task": 6,
            "loss": 0.5956084726465509,
            "epoch": 2,
            "categorial_accuracy": 0.8227127659067195,
            "top_2_accuracy": 0.929574468034379
        },
        {
            "samples_seens": 210049,
            "task": 7,
            "loss": 0.5712296738776755,
            "epoch": 2,
            "categorial_accuracy": 0.8268617020769322,
            "top_2_accuracy": 0.9302127659574468
        },
        {
            "samples_seens": 213669,
            "task": 8,
            "loss": 0.5695014539424409,
            "epoch": 2,
            "categorial_accuracy": 0.8279255319148936,
            "top_2_accuracy": 0.9327127659067195
        },
        {
            "samples_seens": 217297,
            "task": 9,
            "loss": 0.545563594534042,
            "epoch": 2,
            "categorial_accuracy": 0.8337765957954082,
            "top_2_accuracy": 0.9341489361194855
        },
        {
            "samples_seens": 220919,
            "task": 10,
            "loss": 0.5359096341691119,
            "epoch": 2,
            "categorial_accuracy": 0.8340957447315784,
            "top_2_accuracy": 0.9352659573960812
        },
        {
            "samples_seens": 224540,
            "task": 11,
            "loss": 0.5229858545039563,
            "epoch": 2,
            "categorial_accuracy": 0.8350531914386343,
            "top_2_accuracy": 0.9380319148428896
        },
        {
            "samples_seens": 228160,
            "task": 12,
            "loss": 0.5307422970964554,
            "epoch": 2,
            "categorial_accuracy": 0.832499999847818,
            "top_2_accuracy": 0.9346276595237407
        },
        {
            "samples_seens": 231781,
            "task": 13,
            "loss": 0.5308628412764124,
            "epoch": 2,
            "categorial_accuracy": 0.8336170213273231,
            "top_2_accuracy": 0.9359042554206036
        },
        {
            "samples_seens": 235403,
            "task": 14,
            "loss": 0.5124706139970333,
            "epoch": 2,
            "categorial_accuracy": 0.8365957445793963,
            "top_2_accuracy": 0.93930851079048
        },
        {
            "samples_seens": 239031,
            "task": 15,
            "loss": 0.497545251491222,
            "epoch": 2,
            "categorial_accuracy": 0.8376595745695398,
            "top_2_accuracy": 0.9386702128674121
        },
        {
            "samples_seens": 242651,
            "task": 16,
            "loss": 0.5011361245652463,
            "epoch": 2,
            "categorial_accuracy": 0.8399468083584563,
            "top_2_accuracy": 0.9373936171734587
        },
        {
            "samples_seens": 246274,
            "task": 17,
            "loss": 0.486922258899567,
            "epoch": 2,
            "categorial_accuracy": 0.8444680849542009,
            "top_2_accuracy": 0.9409574467577833
        },
        {
            "samples_seens": 249893,
            "task": 18,
            "loss": 0.4872547542034312,
            "epoch": 2,
            "categorial_accuracy": 0.8417021278117566,
            "top_2_accuracy": 0.9395212765450173
        },
        {
            "samples_seens": 253514,
            "task": 19,
            "loss": 0.4900734087000502,
            "epoch": 2,
            "categorial_accuracy": 0.8412765957446808,
            "top_2_accuracy": 0.9401595743666304
        },
        {
            "samples_seens": 257136,
            "task": 20,
            "loss": 0.483650167368828,
            "epoch": 2,
            "categorial_accuracy": 0.8394148936677487,
            "top_2_accuracy": 0.9418085105368431
        },
        {
            "samples_seens": 260757,
            "task": 21,
            "loss": 0.48449294009107224,
            "epoch": 2,
            "categorial_accuracy": 0.8425,
            "top_2_accuracy": 0.9410638296857793
        },
        {
            "samples_seens": 264378,
            "task": 22,
            "loss": 0.4970378564012812,
            "epoch": 2,
            "categorial_accuracy": 0.8367553192503909,
            "top_2_accuracy": 0.9399999999492726
        },
        {
            "samples_seens": 267998,
            "task": 23,
            "loss": 0.5924092893904828,
            "epoch": 2,
            "categorial_accuracy": 0.8222340425531914,
            "top_2_accuracy": 0.9315425531914894
        },
        {
            "samples_seens": 271620,
            "task": 24,
            "loss": 0.5869713150186742,
            "epoch": 2,
            "categorial_accuracy": 0.8143085105875705,
            "top_2_accuracy": 0.9324468084599109
        }
    ],
    "task_count": 25,
    "id": 1
}