{
    "name": "id1_t25_dp0.1_dc0.8_df0.1",
    "results": [
        {
            "samples_seens": 3623,
            "task": 0,
            "loss": 2.594826873008241,
            "epoch": 0,
            "categorial_accuracy": 0.3318085106129342,
            "top_2_accuracy": 0.4631914892856111
        },
        {
            "samples_seens": 7244,
            "task": 1,
            "loss": 2.0982310721214783,
            "epoch": 0,
            "categorial_accuracy": 0.4888829786726769,
            "top_2_accuracy": 0.6317021276088471
        },
        {
            "samples_seens": 10865,
            "task": 2,
            "loss": 1.8921556126817745,
            "epoch": 0,
            "categorial_accuracy": 0.5242021275581198,
            "top_2_accuracy": 0.6722872340932805
        },
        {
            "samples_seens": 14487,
            "task": 3,
            "loss": 1.7782112396524308,
            "epoch": 0,
            "categorial_accuracy": 0.5475531916415438,
            "top_2_accuracy": 0.6977127659067195
        },
        {
            "samples_seens": 18110,
            "task": 4,
            "loss": 1.5137404978528937,
            "epoch": 0,
            "categorial_accuracy": 0.6040425533436714,
            "top_2_accuracy": 0.7464893616006729
        },
        {
            "samples_seens": 21733,
            "task": 5,
            "loss": 1.4809204831021898,
            "epoch": 0,
            "categorial_accuracy": 0.605212765855992,
            "top_2_accuracy": 0.7584042552176942
        },
        {
            "samples_seens": 25354,
            "task": 6,
            "loss": 1.3989463454104485,
            "epoch": 0,
            "categorial_accuracy": 0.6384042554713311,
            "top_2_accuracy": 0.7818085105875705
        },
        {
            "samples_seens": 28976,
            "task": 7,
            "loss": 1.2540209831075466,
            "epoch": 0,
            "categorial_accuracy": 0.6631382979230678,
            "top_2_accuracy": 0.8026595743666304
        },
        {
            "samples_seens": 32600,
            "task": 8,
            "loss": 1.2061016102040067,
            "epoch": 0,
            "categorial_accuracy": 0.6775531914893617,
            "top_2_accuracy": 0.8165957447315784
        },
        {
            "samples_seens": 36232,
            "task": 9,
            "loss": 1.2372740983963013,
            "epoch": 0,
            "categorial_accuracy": 0.6727127661096289,
            "top_2_accuracy": 0.8097872339918258
        },
        {
            "samples_seens": 39854,
            "task": 10,
            "loss": 1.0876599902295052,
            "epoch": 0,
            "categorial_accuracy": 0.7112765957446808,
            "top_2_accuracy": 0.8372340424010094
        },
        {
            "samples_seens": 43472,
            "task": 11,
            "loss": 0.9913109001707523,
            "epoch": 0,
            "categorial_accuracy": 0.7174468083584562,
            "top_2_accuracy": 0.8510106383485997
        },
        {
            "samples_seens": 47094,
            "task": 12,
            "loss": 0.937217339860632,
            "epoch": 0,
            "categorial_accuracy": 0.7309042551669669,
            "top_2_accuracy": 0.8623936169198219
        },
        {
            "samples_seens": 50712,
            "task": 13,
            "loss": 0.8953054069965444,
            "epoch": 0,
            "categorial_accuracy": 0.7425000001521821,
            "top_2_accuracy": 0.8677127659574468
        },
        {
            "samples_seens": 54334,
            "task": 14,
            "loss": 0.8826309003728501,
            "epoch": 0,
            "categorial_accuracy": 0.7431382980245225,
            "top_2_accuracy": 0.8706382979230678
        },
        {
            "samples_seens": 57966,
            "task": 15,
            "loss": 0.8208658108812698,
            "epoch": 0,
            "categorial_accuracy": 0.7587234043567739,
            "top_2_accuracy": 0.8823404256333696
        },
        {
            "samples_seens": 61590,
            "task": 16,
            "loss": 0.8013916308829125,
            "epoch": 0,
            "categorial_accuracy": 0.7603723403240772,
            "top_2_accuracy": 0.8848936169198219
        },
        {
            "samples_seens": 65212,
            "task": 17,
            "loss": 0.7686347633727053,
            "epoch": 0,
            "categorial_accuracy": 0.7699999998985453,
            "top_2_accuracy": 0.8943085105368431
        },
        {
            "samples_seens": 68833,
            "task": 18,
            "loss": 0.736914637849686,
            "epoch": 0,
            "categorial_accuracy": 0.7734042552684216,
            "top_2_accuracy": 0.8974468083584562
        },
        {
            "samples_seens": 72456,
            "task": 19,
            "loss": 0.7808397305265387,
            "epoch": 0,
            "categorial_accuracy": 0.7757978721882435,
            "top_2_accuracy": 0.8982978724418802
        },
        {
            "samples_seens": 76079,
            "task": 20,
            "loss": 0.7023772208234097,
            "epoch": 0,
            "categorial_accuracy": 0.7912234041538644,
            "top_2_accuracy": 0.9065425530393073
        },
        {
            "samples_seens": 79701,
            "task": 21,
            "loss": 0.7721838221651443,
            "epoch": 0,
            "categorial_accuracy": 0.7751595744680851,
            "top_2_accuracy": 0.9022872339410984
        },
        {
            "samples_seens": 83322,
            "task": 22,
            "loss": 0.8511946807516382,
            "epoch": 0,
            "categorial_accuracy": 0.7585638298379614,
            "top_2_accuracy": 0.8926595744680851
        },
        {
            "samples_seens": 86943,
            "task": 23,
            "loss": 0.8486328812355691,
            "epoch": 0,
            "categorial_accuracy": 0.7521276597266502,
            "top_2_accuracy": 0.8978191490376249
        },
        {
            "samples_seens": 90566,
            "task": 24,
            "loss": 1.0273790216445924,
            "epoch": 0,
            "categorial_accuracy": 0.7187765956432262,
            "top_2_accuracy": 0.882446808612093
        },
        {
            "samples_seens": 94189,
            "task": 0,
            "loss": 0.7722831120389573,
            "epoch": 1,
            "categorial_accuracy": 0.7739893617021276,
            "top_2_accuracy": 0.8930851065351608
        },
        {
            "samples_seens": 97810,
            "task": 1,
            "loss": 0.7017792554104582,
            "epoch": 1,
            "categorial_accuracy": 0.7947340426039189,
            "top_2_accuracy": 0.9104255317627116
        },
        {
            "samples_seens": 101431,
            "task": 2,
            "loss": 0.736636995254679,
            "epoch": 1,
            "categorial_accuracy": 0.7894680850049283,
            "top_2_accuracy": 0.903882978824859
        },
        {
            "samples_seens": 105053,
            "task": 3,
            "loss": 0.7019253939263365,
            "epoch": 1,
            "categorial_accuracy": 0.7967021275581198,
            "top_2_accuracy": 0.9107446809525186
        },
        {
            "samples_seens": 108676,
            "task": 4,
            "loss": 0.69964559184744,
            "epoch": 1,
            "categorial_accuracy": 0.7957978724926076,
            "top_2_accuracy": 0.9117021275073924
        },
        {
            "samples_seens": 112299,
            "task": 5,
            "loss": 0.7011123946372498,
            "epoch": 1,
            "categorial_accuracy": 0.7992553193011183,
            "top_2_accuracy": 0.9102127659067194
        },
        {
            "samples_seens": 115920,
            "task": 6,
            "loss": 0.6754293000951727,
            "epoch": 1,
            "categorial_accuracy": 0.8019148936170213,
            "top_2_accuracy": 0.9136170212258684
        },
        {
            "samples_seens": 119542,
            "task": 7,
            "loss": 0.7090986439522277,
            "epoch": 1,
            "categorial_accuracy": 0.7955851063322513,
            "top_2_accuracy": 0.9097872338903711
        },
        {
            "samples_seens": 123166,
            "task": 8,
            "loss": 0.7326089411593498,
            "epoch": 1,
            "categorial_accuracy": 0.7920212767479268,
            "top_2_accuracy": 0.9042021276595744
        },
        {
            "samples_seens": 126798,
            "task": 9,
            "loss": 0.7008831297590378,
            "epoch": 1,
            "categorial_accuracy": 0.7991489362716675,
            "top_2_accuracy": 0.9127127659574468
        },
        {
            "samples_seens": 130420,
            "task": 10,
            "loss": 0.6548785334952334,
            "epoch": 1,
            "categorial_accuracy": 0.8021808509623751,
            "top_2_accuracy": 0.9128723404255319
        },
        {
            "samples_seens": 134038,
            "task": 11,
            "loss": 0.6703761541082504,
            "epoch": 1,
            "categorial_accuracy": 0.801276595896863,
            "top_2_accuracy": 0.9100531914893617
        },
        {
            "samples_seens": 137660,
            "task": 12,
            "loss": 0.6485730953673099,
            "epoch": 1,
            "categorial_accuracy": 0.805851063931242,
            "top_2_accuracy": 0.9168617020262049
        },
        {
            "samples_seens": 141278,
            "task": 13,
            "loss": 0.6247013567356353,
            "epoch": 1,
            "categorial_accuracy": 0.8096276597266502,
            "top_2_accuracy": 0.9168617021276596
        },
        {
            "samples_seens": 144900,
            "task": 14,
            "loss": 0.6067161891308237,
            "epoch": 1,
            "categorial_accuracy": 0.8104787234042553,
            "top_2_accuracy": 0.9190425533436715
        },
        {
            "samples_seens": 148532,
            "task": 15,
            "loss": 0.5926644841153571,
            "epoch": 1,
            "categorial_accuracy": 0.8165957447823058,
            "top_2_accuracy": 0.9222340425024641
        },
        {
            "samples_seens": 152156,
            "task": 16,
            "loss": 0.5990648985416331,
            "epoch": 1,
            "categorial_accuracy": 0.8159574469099653,
            "top_2_accuracy": 0.9225531914893617
        },
        {
            "samples_seens": 155778,
            "task": 17,
            "loss": 0.5657921327682252,
            "epoch": 1,
            "categorial_accuracy": 0.820585106281524,
            "top_2_accuracy": 0.9281382979737951
        },
        {
            "samples_seens": 159399,
            "task": 18,
            "loss": 0.5658133123022445,
            "epoch": 1,
            "categorial_accuracy": 0.8175000001014547,
            "top_2_accuracy": 0.927074468034379
        },
        {
            "samples_seens": 163022,
            "task": 19,
            "loss": 0.6092365469831101,
            "epoch": 1,
            "categorial_accuracy": 0.8061170214287778,
            "top_2_accuracy": 0.9191489360180307
        },
        {
            "samples_seens": 166645,
            "task": 20,
            "loss": 0.5603021174035174,
            "epoch": 1,
            "categorial_accuracy": 0.8177659574975359,
            "top_2_accuracy": 0.9295212765957447
        },
        {
            "samples_seens": 170267,
            "task": 21,
            "loss": 0.5931510657706159,
            "epoch": 1,
            "categorial_accuracy": 0.8110638297365067,
            "top_2_accuracy": 0.9253191487839881
        },
        {
            "samples_seens": 173888,
            "task": 22,
            "loss": 0.6000463454266812,
            "epoch": 1,
            "categorial_accuracy": 0.8128191488347155,
            "top_2_accuracy": 0.9253723403240772
        },
        {
            "samples_seens": 177509,
            "task": 23,
            "loss": 0.6367824632563489,
            "epoch": 1,
            "categorial_accuracy": 0.8026063828772687,
            "top_2_accuracy": 0.9217021276595745
        },
        {
            "samples_seens": 181132,
            "task": 24,
            "loss": 0.8613412435511325,
            "epoch": 1,
            "categorial_accuracy": 0.7543085106382978,
            "top_2_accuracy": 0.8991489362209402
        },
        {
            "samples_seens": 184755,
            "task": 0,
            "loss": 0.6355996001781301,
            "epoch": 2,
            "categorial_accuracy": 0.8128191488347155,
            "top_2_accuracy": 0.9229255320670757
        },
        {
            "samples_seens": 188376,
            "task": 1,
            "loss": 0.6168149053289536,
            "epoch": 2,
            "categorial_accuracy": 0.8230851064844334,
            "top_2_accuracy": 0.926914893566294
        },
        {
            "samples_seens": 191997,
            "task": 2,
            "loss": 0.6615080685564813,
            "epoch": 2,
            "categorial_accuracy": 0.8146808509116478,
            "top_2_accuracy": 0.9209574467577832
        },
        {
            "samples_seens": 195619,
            "task": 3,
            "loss": 0.6713835016717302,
            "epoch": 2,
            "categorial_accuracy": 0.8112234041538644,
            "top_2_accuracy": 0.917606382927996
        },
        {
            "samples_seens": 199242,
            "task": 4,
            "loss": 0.64920552170023,
            "epoch": 2,
            "categorial_accuracy": 0.8167021277103018,
            "top_2_accuracy": 0.9239361703142207
        },
        {
            "samples_seens": 202865,
            "task": 5,
            "loss": 0.6682050336929077,
            "epoch": 2,
            "categorial_accuracy": 0.8152127659067194,
            "top_2_accuracy": 0.9223404256333696
        },
        {
            "samples_seens": 206486,
            "task": 6,
            "loss": 0.623323094058544,
            "epoch": 2,
            "categorial_accuracy": 0.8177659573960812,
            "top_2_accuracy": 0.9248936171227313
        },
        {
            "samples_seens": 210108,
            "task": 7,
            "loss": 0.6276212211619032,
            "epoch": 2,
            "categorial_accuracy": 0.8228191490376249,
            "top_2_accuracy": 0.9247340426546462
        },
        {
            "samples_seens": 213732,
            "task": 8,
            "loss": 0.621782214641571,
            "epoch": 2,
            "categorial_accuracy": 0.8136170214287778,
            "top_2_accuracy": 0.9221808510131024
        },
        {
            "samples_seens": 217364,
            "task": 9,
            "loss": 0.6259190105123723,
            "epoch": 2,
            "categorial_accuracy": 0.815904255471331,
            "top_2_accuracy": 0.9247872341947353
        },
        {
            "samples_seens": 220986,
            "task": 10,
            "loss": 0.604687299931303,
            "epoch": 2,
            "categorial_accuracy": 0.8225000001014547,
            "top_2_accuracy": 0.9256914893617021
        },
        {
            "samples_seens": 224604,
            "task": 11,
            "loss": 0.5938413381069264,
            "epoch": 2,
            "categorial_accuracy": 0.8196808509623751,
            "top_2_accuracy": 0.9271808510131024
        },
        {
            "samples_seens": 228226,
            "task": 12,
            "loss": 0.5873523014910678,
            "epoch": 2,
            "categorial_accuracy": 0.8223936168690945,
            "top_2_accuracy": 0.9267553190982089
        },
        {
            "samples_seens": 231844,
            "task": 13,
            "loss": 0.5578639552694686,
            "epoch": 2,
            "categorial_accuracy": 0.8267021277103018,
            "top_2_accuracy": 0.928510638399327
        },
        {
            "samples_seens": 235466,
            "task": 14,
            "loss": 0.5616471791267394,
            "epoch": 2,
            "categorial_accuracy": 0.8290425533436714,
            "top_2_accuracy": 0.929946808459911
        },
        {
            "samples_seens": 239098,
            "task": 15,
            "loss": 0.5809754778730108,
            "epoch": 2,
            "categorial_accuracy": 0.8257446807496092,
            "top_2_accuracy": 0.9282446809525186
        },
        {
            "samples_seens": 242722,
            "task": 16,
            "loss": 0.5430968859094254,
            "epoch": 2,
            "categorial_accuracy": 0.8301595746202671,
            "top_2_accuracy": 0.9316489361194854
        },
        {
            "samples_seens": 246344,
            "task": 17,
            "loss": 0.5257815606796995,
            "epoch": 2,
            "categorial_accuracy": 0.8347872339410984,
            "top_2_accuracy": 0.9347340425024642
        },
        {
            "samples_seens": 249965,
            "task": 18,
            "loss": 0.528241233952502,
            "epoch": 2,
            "categorial_accuracy": 0.8303191488347155,
            "top_2_accuracy": 0.9342553192503908
        },
        {
            "samples_seens": 253588,
            "task": 19,
            "loss": 0.5152227802986794,
            "epoch": 2,
            "categorial_accuracy": 0.8346276596759228,
            "top_2_accuracy": 0.9362234044075012
        },
        {
            "samples_seens": 257211,
            "task": 20,
            "loss": 0.530298637557537,
            "epoch": 2,
            "categorial_accuracy": 0.8288297870818605,
            "top_2_accuracy": 0.9336170214287778
        },
        {
            "samples_seens": 260833,
            "task": 21,
            "loss": 0.5378778240274876,
            "epoch": 2,
            "categorial_accuracy": 0.8232446809017911,
            "top_2_accuracy": 0.9347872339918258
        },
        {
            "samples_seens": 264454,
            "task": 22,
            "loss": 0.5903999711097555,
            "epoch": 2,
            "categorial_accuracy": 0.8104255317627116,
            "top_2_accuracy": 0.93180851079048
        },
        {
            "samples_seens": 268075,
            "task": 23,
            "loss": 0.5649591297798968,
            "epoch": 2,
            "categorial_accuracy": 0.8201595745188125,
            "top_2_accuracy": 0.9322340427053736
        },
        {
            "samples_seens": 271698,
            "task": 24,
            "loss": 0.6836249957693384,
            "epoch": 2,
            "categorial_accuracy": 0.7876595745695398,
            "top_2_accuracy": 0.9222872341947352
        }
    ],
    "task_count": 25,
    "id": 1
}