{
    "name": "id1_t25_dp0.5_dc0.5_df0.0",
    "results": [
        {
            "samples_seens": 3609,
            "task": 0,
            "loss": 3.2112507008491677,
            "epoch": 0,
            "categorial_accuracy": 0.26893617021276595,
            "top_2_accuracy": 0.41079787234042553
        },
        {
            "samples_seens": 7219,
            "task": 1,
            "loss": 2.5567935972010836,
            "epoch": 0,
            "categorial_accuracy": 0.44473404252782783,
            "top_2_accuracy": 0.5841489360180306
        },
        {
            "samples_seens": 10829,
            "task": 2,
            "loss": 2.0290552220445996,
            "epoch": 0,
            "categorial_accuracy": 0.5052659573707174,
            "top_2_accuracy": 0.6573936170212766
        },
        {
            "samples_seens": 14440,
            "task": 3,
            "loss": 2.1532368674176805,
            "epoch": 0,
            "categorial_accuracy": 0.521542553216853,
            "top_2_accuracy": 0.6718617021276596
        },
        {
            "samples_seens": 18051,
            "task": 4,
            "loss": 1.8687162527124932,
            "epoch": 0,
            "categorial_accuracy": 0.5696276596251955,
            "top_2_accuracy": 0.7068617022798417
        },
        {
            "samples_seens": 21663,
            "task": 5,
            "loss": 1.8396042169408595,
            "epoch": 0,
            "categorial_accuracy": 0.5706382979737952,
            "top_2_accuracy": 0.7172340425531915
        },
        {
            "samples_seens": 25274,
            "task": 6,
            "loss": 1.7315397763759532,
            "epoch": 0,
            "categorial_accuracy": 0.5872340426039189,
            "top_2_accuracy": 0.7329255319148936
        },
        {
            "samples_seens": 28887,
            "task": 7,
            "loss": 1.5735771542407098,
            "epoch": 0,
            "categorial_accuracy": 0.630319149037625,
            "top_2_accuracy": 0.7711702127659574
        },
        {
            "samples_seens": 32500,
            "task": 8,
            "loss": 1.3944443489642853,
            "epoch": 0,
            "categorial_accuracy": 0.6467021278117565,
            "top_2_accuracy": 0.7835106382978724
        },
        {
            "samples_seens": 36114,
            "task": 9,
            "loss": 1.4089127494933757,
            "epoch": 0,
            "categorial_accuracy": 0.660053191387907,
            "top_2_accuracy": 0.7937234041538644
        },
        {
            "samples_seens": 39729,
            "task": 10,
            "loss": 1.2674854914685514,
            "epoch": 0,
            "categorial_accuracy": 0.672127659422286,
            "top_2_accuracy": 0.8053723403240772
        },
        {
            "samples_seens": 43345,
            "task": 11,
            "loss": 1.205470830328921,
            "epoch": 0,
            "categorial_accuracy": 0.6909574468085107,
            "top_2_accuracy": 0.8233510638805146
        },
        {
            "samples_seens": 46961,
            "task": 12,
            "loss": 1.095901337684469,
            "epoch": 0,
            "categorial_accuracy": 0.7027127658052648,
            "top_2_accuracy": 0.8330319149443444
        },
        {
            "samples_seens": 50576,
            "task": 13,
            "loss": 1.0372759019567612,
            "epoch": 0,
            "categorial_accuracy": 0.7161170212765957,
            "top_2_accuracy": 0.8470744679329243
        },
        {
            "samples_seens": 54193,
            "task": 14,
            "loss": 0.9952897225034998,
            "epoch": 0,
            "categorial_accuracy": 0.725425531965621,
            "top_2_accuracy": 0.8519148937692034
        },
        {
            "samples_seens": 57813,
            "task": 15,
            "loss": 0.9578395004475371,
            "epoch": 0,
            "categorial_accuracy": 0.7365425532422167,
            "top_2_accuracy": 0.861223404103137
        },
        {
            "samples_seens": 61431,
            "task": 16,
            "loss": 0.9337807739034613,
            "epoch": 0,
            "categorial_accuracy": 0.7398404253797328,
            "top_2_accuracy": 0.8650000001014547
        },
        {
            "samples_seens": 65048,
            "task": 17,
            "loss": 0.8611624506686596,
            "epoch": 0,
            "categorial_accuracy": 0.7613297871325878,
            "top_2_accuracy": 0.879414893718476
        },
        {
            "samples_seens": 68666,
            "task": 18,
            "loss": 0.8091449022800364,
            "epoch": 0,
            "categorial_accuracy": 0.7671808510638298,
            "top_2_accuracy": 0.8858510637790599
        },
        {
            "samples_seens": 72281,
            "task": 19,
            "loss": 0.7439288244856165,
            "epoch": 0,
            "categorial_accuracy": 0.7776595744173578,
            "top_2_accuracy": 0.898351063931242
        },
        {
            "samples_seens": 75900,
            "task": 20,
            "loss": 0.7099262287261638,
            "epoch": 0,
            "categorial_accuracy": 0.7885106381964176,
            "top_2_accuracy": 0.9028191488347155
        },
        {
            "samples_seens": 79520,
            "task": 21,
            "loss": 0.7256988394006769,
            "epoch": 0,
            "categorial_accuracy": 0.785053191540089,
            "top_2_accuracy": 0.901010638247145
        },
        {
            "samples_seens": 83140,
            "task": 22,
            "loss": 0.7478088439271805,
            "epoch": 0,
            "categorial_accuracy": 0.7901063830801781,
            "top_2_accuracy": 0.9072340424517368
        },
        {
            "samples_seens": 86761,
            "task": 23,
            "loss": 0.7090078508093002,
            "epoch": 0,
            "categorial_accuracy": 0.7896808510131025,
            "top_2_accuracy": 0.9107446806988817
        },
        {
            "samples_seens": 90390,
            "task": 24,
            "loss": 0.7712541141408555,
            "epoch": 0,
            "categorial_accuracy": 0.7865957447315785,
            "top_2_accuracy": 0.9126595743666304
        },
        {
            "samples_seens": 93999,
            "task": 0,
            "loss": 0.7629238090109318,
            "epoch": 1,
            "categorial_accuracy": 0.7894148937692034,
            "top_2_accuracy": 0.9047340424517367
        },
        {
            "samples_seens": 97609,
            "task": 1,
            "loss": 0.8240005270470964,
            "epoch": 1,
            "categorial_accuracy": 0.7819680852078377,
            "top_2_accuracy": 0.8982978722389708
        },
        {
            "samples_seens": 101219,
            "task": 2,
            "loss": 0.8765023252811838,
            "epoch": 1,
            "categorial_accuracy": 0.7698404255826422,
            "top_2_accuracy": 0.8937765957954082
        },
        {
            "samples_seens": 104830,
            "task": 3,
            "loss": 0.8012380368658837,
            "epoch": 1,
            "categorial_accuracy": 0.7785638299394161,
            "top_2_accuracy": 0.9004255318134389
        },
        {
            "samples_seens": 108441,
            "task": 4,
            "loss": 0.8650743481453429,
            "epoch": 1,
            "categorial_accuracy": 0.772127659574468,
            "top_2_accuracy": 0.8934574467577833
        },
        {
            "samples_seens": 112053,
            "task": 5,
            "loss": 0.8516753363609314,
            "epoch": 1,
            "categorial_accuracy": 0.7748404255826422,
            "top_2_accuracy": 0.8956382979230678
        },
        {
            "samples_seens": 115664,
            "task": 6,
            "loss": 0.9005333572752933,
            "epoch": 1,
            "categorial_accuracy": 0.7710638297365067,
            "top_2_accuracy": 0.8944148934648392
        },
        {
            "samples_seens": 119277,
            "task": 7,
            "loss": 0.7804392544259416,
            "epoch": 1,
            "categorial_accuracy": 0.7818085105875705,
            "top_2_accuracy": 0.9002127659574468
        },
        {
            "samples_seens": 122890,
            "task": 8,
            "loss": 0.7703260827064514,
            "epoch": 1,
            "categorial_accuracy": 0.7862765955924987,
            "top_2_accuracy": 0.9018617019754775
        },
        {
            "samples_seens": 126504,
            "task": 9,
            "loss": 0.8435636338781803,
            "epoch": 1,
            "categorial_accuracy": 0.7774468083584563,
            "top_2_accuracy": 0.8954255319148936
        },
        {
            "samples_seens": 130119,
            "task": 10,
            "loss": 0.7607555298602328,
            "epoch": 1,
            "categorial_accuracy": 0.7865425530393073,
            "top_2_accuracy": 0.9023404255826423
        },
        {
            "samples_seens": 133735,
            "task": 11,
            "loss": 0.7466671553063899,
            "epoch": 1,
            "categorial_accuracy": 0.7852127660081741,
            "top_2_accuracy": 0.9010638296857794
        },
        {
            "samples_seens": 137351,
            "task": 12,
            "loss": 0.7421985866161103,
            "epoch": 1,
            "categorial_accuracy": 0.7918085104861158,
            "top_2_accuracy": 0.9061702126645027
        },
        {
            "samples_seens": 140966,
            "task": 13,
            "loss": 0.736455952512457,
            "epoch": 1,
            "categorial_accuracy": 0.7908510639819694,
            "top_2_accuracy": 0.9036702126137753
        },
        {
            "samples_seens": 144583,
            "task": 14,
            "loss": 0.6951363862321732,
            "epoch": 1,
            "categorial_accuracy": 0.7986702129181396,
            "top_2_accuracy": 0.9095212764435626
        },
        {
            "samples_seens": 148203,
            "task": 15,
            "loss": 0.6602485778991212,
            "epoch": 1,
            "categorial_accuracy": 0.8040957445793964,
            "top_2_accuracy": 0.9108510638297872
        },
        {
            "samples_seens": 151821,
            "task": 16,
            "loss": 0.6648025628860961,
            "epoch": 1,
            "categorial_accuracy": 0.8035638299394161,
            "top_2_accuracy": 0.9116489363223949
        },
        {
            "samples_seens": 155438,
            "task": 17,
            "loss": 0.6409718995398663,
            "epoch": 1,
            "categorial_accuracy": 0.8069680850556556,
            "top_2_accuracy": 0.914946808612093
        },
        {
            "samples_seens": 159056,
            "task": 18,
            "loss": 0.6467059940733808,
            "epoch": 1,
            "categorial_accuracy": 0.8055851063829788,
            "top_2_accuracy": 0.9133510637790598
        },
        {
            "samples_seens": 162671,
            "task": 19,
            "loss": 0.6015573422705873,
            "epoch": 1,
            "categorial_accuracy": 0.8144148936677487,
            "top_2_accuracy": 0.9226063829787234
        },
        {
            "samples_seens": 166290,
            "task": 20,
            "loss": 0.5903440344840922,
            "epoch": 1,
            "categorial_accuracy": 0.81452127649429,
            "top_2_accuracy": 0.9217553193011182
        },
        {
            "samples_seens": 169910,
            "task": 21,
            "loss": 0.567761758388357,
            "epoch": 1,
            "categorial_accuracy": 0.8212765958461355,
            "top_2_accuracy": 0.9262234042045918
        },
        {
            "samples_seens": 173530,
            "task": 22,
            "loss": 0.573150526564172,
            "epoch": 1,
            "categorial_accuracy": 0.8222340425024641,
            "top_2_accuracy": 0.9303191487839881
        },
        {
            "samples_seens": 177151,
            "task": 23,
            "loss": 0.5589671865169038,
            "epoch": 1,
            "categorial_accuracy": 0.8261702128674122,
            "top_2_accuracy": 0.9328723404255319
        },
        {
            "samples_seens": 180780,
            "task": 24,
            "loss": 0.6033893362004706,
            "epoch": 1,
            "categorial_accuracy": 0.81430851079048,
            "top_2_accuracy": 0.9317553193011182
        },
        {
            "samples_seens": 184389,
            "task": 0,
            "loss": 0.663439385789506,
            "epoch": 2,
            "categorial_accuracy": 0.8125,
            "top_2_accuracy": 0.9202127659067194
        },
        {
            "samples_seens": 187999,
            "task": 1,
            "loss": 0.7545052148433442,
            "epoch": 2,
            "categorial_accuracy": 0.8020212766971994,
            "top_2_accuracy": 0.9153191490883523
        },
        {
            "samples_seens": 191609,
            "task": 2,
            "loss": 0.7654475451276658,
            "epoch": 2,
            "categorial_accuracy": 0.7985106382978724,
            "top_2_accuracy": 0.9126595745695398
        },
        {
            "samples_seens": 195220,
            "task": 3,
            "loss": 0.8061960558688387,
            "epoch": 2,
            "categorial_accuracy": 0.7972872339918259,
            "top_2_accuracy": 0.9103191490883523
        },
        {
            "samples_seens": 198831,
            "task": 4,
            "loss": 0.7723915356270811,
            "epoch": 2,
            "categorial_accuracy": 0.8014361702127659,
            "top_2_accuracy": 0.913510638399327
        },
        {
            "samples_seens": 202443,
            "task": 5,
            "loss": 0.7611213367036048,
            "epoch": 2,
            "categorial_accuracy": 0.8014361700605839,
            "top_2_accuracy": 0.9119148935155665
        },
        {
            "samples_seens": 206054,
            "task": 6,
            "loss": 0.7711279097516486,
            "epoch": 2,
            "categorial_accuracy": 0.7978191490883523,
            "top_2_accuracy": 0.9128191489361702
        },
        {
            "samples_seens": 209667,
            "task": 7,
            "loss": 0.75232010575051,
            "epoch": 2,
            "categorial_accuracy": 0.8022872341440079,
            "top_2_accuracy": 0.9152659574468085
        },
        {
            "samples_seens": 213280,
            "task": 8,
            "loss": 0.7458741589049076,
            "epoch": 2,
            "categorial_accuracy": 0.8037765958461356,
            "top_2_accuracy": 0.9134042552684216
        },
        {
            "samples_seens": 216894,
            "task": 9,
            "loss": 0.7105735523903624,
            "epoch": 2,
            "categorial_accuracy": 0.8066489361194854,
            "top_2_accuracy": 0.9160106384500544
        },
        {
            "samples_seens": 220509,
            "task": 10,
            "loss": 0.7150414274601227,
            "epoch": 2,
            "categorial_accuracy": 0.8037234042045918,
            "top_2_accuracy": 0.9175531914386343
        },
        {
            "samples_seens": 224125,
            "task": 11,
            "loss": 0.6826301442562266,
            "epoch": 2,
            "categorial_accuracy": 0.807074468034379,
            "top_2_accuracy": 0.9147872340425532
        },
        {
            "samples_seens": 227741,
            "task": 12,
            "loss": 0.6942260508334384,
            "epoch": 2,
            "categorial_accuracy": 0.8074468086628204,
            "top_2_accuracy": 0.9161702127152301
        },
        {
            "samples_seens": 231356,
            "task": 13,
            "loss": 0.6882278323173523,
            "epoch": 2,
            "categorial_accuracy": 0.8093617022798416,
            "top_2_accuracy": 0.9171808510131024
        },
        {
            "samples_seens": 234973,
            "task": 14,
            "loss": 0.6497758929526553,
            "epoch": 2,
            "categorial_accuracy": 0.8133510638805146,
            "top_2_accuracy": 0.9205851065351608
        },
        {
            "samples_seens": 238593,
            "task": 15,
            "loss": 0.6320426005505501,
            "epoch": 2,
            "categorial_accuracy": 0.8157446810032459,
            "top_2_accuracy": 0.9196808510131025
        },
        {
            "samples_seens": 242211,
            "task": 16,
            "loss": 0.606613520688199,
            "epoch": 2,
            "categorial_accuracy": 0.8225000000507273,
            "top_2_accuracy": 0.9239361701620386
        },
        {
            "samples_seens": 245828,
            "task": 17,
            "loss": 0.5743716842570203,
            "epoch": 2,
            "categorial_accuracy": 0.8209042552176942,
            "top_2_accuracy": 0.9269148937692033
        },
        {
            "samples_seens": 249446,
            "task": 18,
            "loss": 0.5686205787607964,
            "epoch": 2,
            "categorial_accuracy": 0.8249468085106383,
            "top_2_accuracy": 0.9295212767479267
        },
        {
            "samples_seens": 253061,
            "task": 19,
            "loss": 0.5578220233765054,
            "epoch": 2,
            "categorial_accuracy": 0.8253191488347155,
            "top_2_accuracy": 0.930478723353528
        },
        {
            "samples_seens": 256680,
            "task": 20,
            "loss": 0.542839126586914,
            "epoch": 2,
            "categorial_accuracy": 0.8275531915400891,
            "top_2_accuracy": 0.9316489361702127
        },
        {
            "samples_seens": 260300,
            "task": 21,
            "loss": 0.5286564770911603,
            "epoch": 2,
            "categorial_accuracy": 0.8298404253797328,
            "top_2_accuracy": 0.9328723403748046
        },
        {
            "samples_seens": 263920,
            "task": 22,
            "loss": 0.5920531005555011,
            "epoch": 2,
            "categorial_accuracy": 0.8208510637790599,
            "top_2_accuracy": 0.9305319147921624
        },
        {
            "samples_seens": 267541,
            "task": 23,
            "loss": 0.5191793910746879,
            "epoch": 2,
            "categorial_accuracy": 0.8342553191996636,
            "top_2_accuracy": 0.9369148937692033
        },
        {
            "samples_seens": 271170,
            "task": 24,
            "loss": 0.5511330087387816,
            "epoch": 2,
            "categorial_accuracy": 0.8308510637283325,
            "top_2_accuracy": 0.9387234044075012
        }
    ],
    "task_count": 25,
    "id": 1
}