{
    "name": "id1_t25_dp0.2_dc0.7_df0.1",
    "results": [
        {
            "samples_seens": 3623,
            "task": 0,
            "loss": 2.4478583222247186,
            "epoch": 0,
            "categorial_accuracy": 0.37595744683387433,
            "top_2_accuracy": 0.5189893617021276
        },
        {
            "samples_seens": 7244,
            "task": 1,
            "loss": 2.0602436027121036,
            "epoch": 0,
            "categorial_accuracy": 0.48505319143863435,
            "top_2_accuracy": 0.6229787234042553
        },
        {
            "samples_seens": 10865,
            "task": 2,
            "loss": 1.9063972783595957,
            "epoch": 0,
            "categorial_accuracy": 0.5193617022291143,
            "top_2_accuracy": 0.6680319148428897
        },
        {
            "samples_seens": 14486,
            "task": 3,
            "loss": 1.6789149269144585,
            "epoch": 0,
            "categorial_accuracy": 0.5706382980245225,
            "top_2_accuracy": 0.7123404254304602
        },
        {
            "samples_seens": 18108,
            "task": 4,
            "loss": 1.4958315331885155,
            "epoch": 0,
            "categorial_accuracy": 0.6005851065351608,
            "top_2_accuracy": 0.7417553190474815
        },
        {
            "samples_seens": 21730,
            "task": 5,
            "loss": 1.4482671809703747,
            "epoch": 0,
            "categorial_accuracy": 0.6126063829787234,
            "top_2_accuracy": 0.759574468186561
        },
        {
            "samples_seens": 25351,
            "task": 6,
            "loss": 1.4286798300641648,
            "epoch": 0,
            "categorial_accuracy": 0.6348936168690945,
            "top_2_accuracy": 0.7792553189967542
        },
        {
            "samples_seens": 28973,
            "task": 7,
            "loss": 1.3072370972531908,
            "epoch": 0,
            "categorial_accuracy": 0.6592553191489362,
            "top_2_accuracy": 0.7957978724418803
        },
        {
            "samples_seens": 32596,
            "task": 8,
            "loss": 1.1559358372586839,
            "epoch": 0,
            "categorial_accuracy": 0.6836702128674121,
            "top_2_accuracy": 0.8201595744680851
        },
        {
            "samples_seens": 36227,
            "task": 9,
            "loss": 1.1406841564178467,
            "epoch": 0,
            "categorial_accuracy": 0.6950531915908165,
            "top_2_accuracy": 0.8264893618543098
        },
        {
            "samples_seens": 39849,
            "task": 10,
            "loss": 1.0979920420748122,
            "epoch": 0,
            "categorial_accuracy": 0.7120212765957447,
            "top_2_accuracy": 0.8356914894124294
        },
        {
            "samples_seens": 43466,
            "task": 11,
            "loss": 0.9979365984936978,
            "epoch": 0,
            "categorial_accuracy": 0.7221276595744681,
            "top_2_accuracy": 0.8503723405777139
        },
        {
            "samples_seens": 47089,
            "task": 12,
            "loss": 1.010299275175054,
            "epoch": 0,
            "categorial_accuracy": 0.7264893618035824,
            "top_2_accuracy": 0.8517553191996635
        },
        {
            "samples_seens": 50710,
            "task": 13,
            "loss": 0.9338824676960072,
            "epoch": 0,
            "categorial_accuracy": 0.734574468034379,
            "top_2_accuracy": 0.8628191487839881
        },
        {
            "samples_seens": 54331,
            "task": 14,
            "loss": 0.9032698238149602,
            "epoch": 0,
            "categorial_accuracy": 0.7380319147921623,
            "top_2_accuracy": 0.8679255320670757
        },
        {
            "samples_seens": 57962,
            "task": 15,
            "loss": 0.8518162041014813,
            "epoch": 0,
            "categorial_accuracy": 0.752978723353528,
            "top_2_accuracy": 0.8763297873862246
        },
        {
            "samples_seens": 61586,
            "task": 16,
            "loss": 0.7899507681359637,
            "epoch": 0,
            "categorial_accuracy": 0.7713297872340426,
            "top_2_accuracy": 0.8882978724418803
        },
        {
            "samples_seens": 65208,
            "task": 17,
            "loss": 0.7662820584216017,
            "epoch": 0,
            "categorial_accuracy": 0.7689361701113112,
            "top_2_accuracy": 0.8917553191996636
        },
        {
            "samples_seens": 68829,
            "task": 18,
            "loss": 0.7679702443772174,
            "epoch": 0,
            "categorial_accuracy": 0.7669680850049283,
            "top_2_accuracy": 0.8912234041538645
        },
        {
            "samples_seens": 72451,
            "task": 19,
            "loss": 0.7113409003805607,
            "epoch": 0,
            "categorial_accuracy": 0.7846808510131025,
            "top_2_accuracy": 0.9029255318134389
        },
        {
            "samples_seens": 76073,
            "task": 20,
            "loss": 0.7059717499448898,
            "epoch": 0,
            "categorial_accuracy": 0.7881382977201583,
            "top_2_accuracy": 0.9070212765450173
        },
        {
            "samples_seens": 79695,
            "task": 21,
            "loss": 0.7278556561977305,
            "epoch": 0,
            "categorial_accuracy": 0.7835638296857793,
            "top_2_accuracy": 0.9071808511145572
        },
        {
            "samples_seens": 83316,
            "task": 22,
            "loss": 0.6734707574134178,
            "epoch": 0,
            "categorial_accuracy": 0.7926063831309055,
            "top_2_accuracy": 0.9151595744680852
        },
        {
            "samples_seens": 86937,
            "task": 23,
            "loss": 0.780827146844661,
            "epoch": 0,
            "categorial_accuracy": 0.7702127659574468,
            "top_2_accuracy": 0.9056914894124295
        },
        {
            "samples_seens": 90559,
            "task": 24,
            "loss": 0.8193312796633294,
            "epoch": 0,
            "categorial_accuracy": 0.7619148937692033,
            "top_2_accuracy": 0.9045744679329243
        },
        {
            "samples_seens": 94182,
            "task": 0,
            "loss": 0.6972231039595097,
            "epoch": 1,
            "categorial_accuracy": 0.7960106383993271,
            "top_2_accuracy": 0.9124468085106383
        },
        {
            "samples_seens": 97803,
            "task": 1,
            "loss": 0.7533169253836287,
            "epoch": 1,
            "categorial_accuracy": 0.7948936169705493,
            "top_2_accuracy": 0.9096808509116477
        },
        {
            "samples_seens": 101424,
            "task": 2,
            "loss": 0.7403452268052608,
            "epoch": 1,
            "categorial_accuracy": 0.791063829787234,
            "top_2_accuracy": 0.9070212767479268
        },
        {
            "samples_seens": 105045,
            "task": 3,
            "loss": 0.6835356757488656,
            "epoch": 1,
            "categorial_accuracy": 0.7980319148428897,
            "top_2_accuracy": 0.9118617022798416
        },
        {
            "samples_seens": 108667,
            "task": 4,
            "loss": 0.7320478177070617,
            "epoch": 1,
            "categorial_accuracy": 0.7915957446301237,
            "top_2_accuracy": 0.9107446808510639
        },
        {
            "samples_seens": 112289,
            "task": 5,
            "loss": 0.7309845922855621,
            "epoch": 1,
            "categorial_accuracy": 0.7914361702127659,
            "top_2_accuracy": 0.9071276595237407
        },
        {
            "samples_seens": 115910,
            "task": 6,
            "loss": 0.6794749860814278,
            "epoch": 1,
            "categorial_accuracy": 0.8007446810032459,
            "top_2_accuracy": 0.9160638298886887
        },
        {
            "samples_seens": 119532,
            "task": 7,
            "loss": 0.7021240268869603,
            "epoch": 1,
            "categorial_accuracy": 0.7953191490883523,
            "top_2_accuracy": 0.9096808512160118
        },
        {
            "samples_seens": 123155,
            "task": 8,
            "loss": 0.6798887860014083,
            "epoch": 1,
            "categorial_accuracy": 0.7958510638297872,
            "top_2_accuracy": 0.9101595744173577
        },
        {
            "samples_seens": 126786,
            "task": 9,
            "loss": 0.7305499148368836,
            "epoch": 1,
            "categorial_accuracy": 0.7899999998478179,
            "top_2_accuracy": 0.9026063829787234
        },
        {
            "samples_seens": 130408,
            "task": 10,
            "loss": 0.6737409757806899,
            "epoch": 1,
            "categorial_accuracy": 0.8050531914386343,
            "top_2_accuracy": 0.9153191488854429
        },
        {
            "samples_seens": 134025,
            "task": 11,
            "loss": 0.6402033837551766,
            "epoch": 1,
            "categorial_accuracy": 0.8088297871833152,
            "top_2_accuracy": 0.9171808511145572
        },
        {
            "samples_seens": 137648,
            "task": 12,
            "loss": 0.6594329493857445,
            "epoch": 1,
            "categorial_accuracy": 0.8044148937692034,
            "top_2_accuracy": 0.9122340426546462
        },
        {
            "samples_seens": 141269,
            "task": 13,
            "loss": 0.632902940714613,
            "epoch": 1,
            "categorial_accuracy": 0.8096276596759228,
            "top_2_accuracy": 0.9167021275581198
        },
        {
            "samples_seens": 144890,
            "task": 14,
            "loss": 0.6346428080315285,
            "epoch": 1,
            "categorial_accuracy": 0.8073936169198219,
            "top_2_accuracy": 0.9152659575482632
        },
        {
            "samples_seens": 148521,
            "task": 15,
            "loss": 0.6225674205637993,
            "epoch": 1,
            "categorial_accuracy": 0.8068085105368431,
            "top_2_accuracy": 0.9177659575989906
        },
        {
            "samples_seens": 152145,
            "task": 16,
            "loss": 0.5866142210047296,
            "epoch": 1,
            "categorial_accuracy": 0.8194680852585651,
            "top_2_accuracy": 0.922553191387907
        },
        {
            "samples_seens": 155767,
            "task": 17,
            "loss": 0.5935636428315588,
            "epoch": 1,
            "categorial_accuracy": 0.8134042552176942,
            "top_2_accuracy": 0.921382978824859
        },
        {
            "samples_seens": 159388,
            "task": 18,
            "loss": 0.5570288546795541,
            "epoch": 1,
            "categorial_accuracy": 0.821914893718476,
            "top_2_accuracy": 0.9294148935662939
        },
        {
            "samples_seens": 163010,
            "task": 19,
            "loss": 0.5539461446822957,
            "epoch": 1,
            "categorial_accuracy": 0.8194148935155665,
            "top_2_accuracy": 0.9301063831309054
        },
        {
            "samples_seens": 166632,
            "task": 20,
            "loss": 0.549187716575379,
            "epoch": 1,
            "categorial_accuracy": 0.8231914894631568,
            "top_2_accuracy": 0.9309574469606927
        },
        {
            "samples_seens": 170254,
            "task": 21,
            "loss": 0.5614800305315789,
            "epoch": 1,
            "categorial_accuracy": 0.8256914892602474,
            "top_2_accuracy": 0.9314361702127659
        },
        {
            "samples_seens": 173875,
            "task": 22,
            "loss": 0.5546886294446093,
            "epoch": 1,
            "categorial_accuracy": 0.8199468086628203,
            "top_2_accuracy": 0.9313297873862246
        },
        {
            "samples_seens": 177496,
            "task": 23,
            "loss": 0.6510712095524402,
            "epoch": 1,
            "categorial_accuracy": 0.8022340427053736,
            "top_2_accuracy": 0.9245212765957447
        },
        {
            "samples_seens": 181118,
            "task": 24,
            "loss": 0.7785738236346144,
            "epoch": 1,
            "categorial_accuracy": 0.7805319147414349,
            "top_2_accuracy": 0.916489361752855
        },
        {
            "samples_seens": 184741,
            "task": 0,
            "loss": 0.6075598310409708,
            "epoch": 2,
            "categorial_accuracy": 0.8194680850556556,
            "top_2_accuracy": 0.9245212766971994
        },
        {
            "samples_seens": 188362,
            "task": 1,
            "loss": 0.6835974163958367,
            "epoch": 2,
            "categorial_accuracy": 0.8104255319148936,
            "top_2_accuracy": 0.9180319148428897
        },
        {
            "samples_seens": 191983,
            "task": 2,
            "loss": 0.6404992416818092,
            "epoch": 2,
            "categorial_accuracy": 0.8082978723911529,
            "top_2_accuracy": 0.9206914893109748
        },
        {
            "samples_seens": 195604,
            "task": 3,
            "loss": 0.5963104645495719,
            "epoch": 2,
            "categorial_accuracy": 0.8232446806988818,
            "top_2_accuracy": 0.9286702128674121
        },
        {
            "samples_seens": 199226,
            "task": 4,
            "loss": 0.6678641019222584,
            "epoch": 2,
            "categorial_accuracy": 0.8085106381964177,
            "top_2_accuracy": 0.9210638297365067
        },
        {
            "samples_seens": 202848,
            "task": 5,
            "loss": 0.6276086583289694,
            "epoch": 2,
            "categorial_accuracy": 0.8123404255826423,
            "top_2_accuracy": 0.923617021175141
        },
        {
            "samples_seens": 206469,
            "task": 6,
            "loss": 0.649152324630859,
            "epoch": 2,
            "categorial_accuracy": 0.8162234043060465,
            "top_2_accuracy": 0.9232978724418802
        },
        {
            "samples_seens": 210091,
            "task": 7,
            "loss": 0.6450831785861482,
            "epoch": 2,
            "categorial_accuracy": 0.8160106381964176,
            "top_2_accuracy": 0.925053191387907
        },
        {
            "samples_seens": 213714,
            "task": 8,
            "loss": 0.6784287877539371,
            "epoch": 2,
            "categorial_accuracy": 0.8123404256333696,
            "top_2_accuracy": 0.9203191488347156
        },
        {
            "samples_seens": 217345,
            "task": 9,
            "loss": 0.6042937231571116,
            "epoch": 2,
            "categorial_accuracy": 0.8226595746202672,
            "top_2_accuracy": 0.9266489360687581
        },
        {
            "samples_seens": 220967,
            "task": 10,
            "loss": 0.6167281394055549,
            "epoch": 2,
            "categorial_accuracy": 0.8229787233028006,
            "top_2_accuracy": 0.9246808512160118
        },
        {
            "samples_seens": 224584,
            "task": 11,
            "loss": 0.5493195435595005,
            "epoch": 2,
            "categorial_accuracy": 0.8298404255826423,
            "top_2_accuracy": 0.9316489362716674
        },
        {
            "samples_seens": 228207,
            "task": 12,
            "loss": 0.5787184238687475,
            "epoch": 2,
            "categorial_accuracy": 0.8277127660081741,
            "top_2_accuracy": 0.9265957447823058
        },
        {
            "samples_seens": 231828,
            "task": 13,
            "loss": 0.5800595228215482,
            "epoch": 2,
            "categorial_accuracy": 0.8279255317627116,
            "top_2_accuracy": 0.9273936169198219
        },
        {
            "samples_seens": 235449,
            "task": 14,
            "loss": 0.5397561110587831,
            "epoch": 2,
            "categorial_accuracy": 0.8316489362209402,
            "top_2_accuracy": 0.9300531914386343
        },
        {
            "samples_seens": 239080,
            "task": 15,
            "loss": 0.5317447611626158,
            "epoch": 2,
            "categorial_accuracy": 0.8322872341947353,
            "top_2_accuracy": 0.9331914894631569
        },
        {
            "samples_seens": 242704,
            "task": 16,
            "loss": 0.524174697120139,
            "epoch": 2,
            "categorial_accuracy": 0.8356914892095201,
            "top_2_accuracy": 0.9356914894631568
        },
        {
            "samples_seens": 246326,
            "task": 17,
            "loss": 0.5220931123419011,
            "epoch": 2,
            "categorial_accuracy": 0.8339361701620386,
            "top_2_accuracy": 0.9343617022291143
        },
        {
            "samples_seens": 249947,
            "task": 18,
            "loss": 0.5561410387272531,
            "epoch": 2,
            "categorial_accuracy": 0.827127659422286,
            "top_2_accuracy": 0.9296808511652845
        },
        {
            "samples_seens": 253569,
            "task": 19,
            "loss": 0.5336221356848453,
            "epoch": 2,
            "categorial_accuracy": 0.8291489361702128,
            "top_2_accuracy": 0.9319680850556556
        },
        {
            "samples_seens": 257191,
            "task": 20,
            "loss": 0.5132433794660771,
            "epoch": 2,
            "categorial_accuracy": 0.8279255318134389,
            "top_2_accuracy": 0.9360106384500544
        },
        {
            "samples_seens": 260813,
            "task": 21,
            "loss": 0.5058798720481548,
            "epoch": 2,
            "categorial_accuracy": 0.8369680851571103,
            "top_2_accuracy": 0.9359574468085107
        },
        {
            "samples_seens": 264434,
            "task": 22,
            "loss": 0.5247101593017578,
            "epoch": 2,
            "categorial_accuracy": 0.8291489360180307,
            "top_2_accuracy": 0.9374468086628204
        },
        {
            "samples_seens": 268055,
            "task": 23,
            "loss": 0.576447767323636,
            "epoch": 2,
            "categorial_accuracy": 0.8197872339410984,
            "top_2_accuracy": 0.9339893618543097
        },
        {
            "samples_seens": 271677,
            "task": 24,
            "loss": 0.7005060435355978,
            "epoch": 2,
            "categorial_accuracy": 0.794946808459911,
            "top_2_accuracy": 0.9228191487839882
        }
    ],
    "task_count": 25,
    "id": 1
}