{
    "name": "id1_t25_dp0.1_dc0.6_df0.3",
    "results": [
        {
            "samples_seens": 3622,
            "task": 0,
            "loss": 2.6259422744588647,
            "epoch": 0,
            "categorial_accuracy": 0.31542553196562095,
            "top_2_accuracy": 0.44670212765957445
        },
        {
            "samples_seens": 7242,
            "task": 1,
            "loss": 2.0502648406333113,
            "epoch": 0,
            "categorial_accuracy": 0.45808510635761507,
            "top_2_accuracy": 0.6120212765957447
        },
        {
            "samples_seens": 10864,
            "task": 2,
            "loss": 1.7316775540088085,
            "epoch": 0,
            "categorial_accuracy": 0.5321808509116477,
            "top_2_accuracy": 0.6967021275073924
        },
        {
            "samples_seens": 14486,
            "task": 3,
            "loss": 1.5759108714854464,
            "epoch": 0,
            "categorial_accuracy": 0.5787234043567738,
            "top_2_accuracy": 0.7298936168690945
        },
        {
            "samples_seens": 18109,
            "task": 4,
            "loss": 1.3803882840339174,
            "epoch": 0,
            "categorial_accuracy": 0.6301595744173577,
            "top_2_accuracy": 0.7745744679836517
        },
        {
            "samples_seens": 21732,
            "task": 5,
            "loss": 1.2601678231421938,
            "epoch": 0,
            "categorial_accuracy": 0.6485638298379613,
            "top_2_accuracy": 0.7906914894124295
        },
        {
            "samples_seens": 25351,
            "task": 6,
            "loss": 1.179855110188748,
            "epoch": 0,
            "categorial_accuracy": 0.6767021277610292,
            "top_2_accuracy": 0.809468085106383
        },
        {
            "samples_seens": 28973,
            "task": 7,
            "loss": 1.114330841835509,
            "epoch": 0,
            "categorial_accuracy": 0.6849468085106383,
            "top_2_accuracy": 0.8223404256333696
        },
        {
            "samples_seens": 32595,
            "task": 8,
            "loss": 1.0229193193861779,
            "epoch": 0,
            "categorial_accuracy": 0.7091489362209401,
            "top_2_accuracy": 0.844042553140762
        },
        {
            "samples_seens": 36225,
            "task": 9,
            "loss": 0.9920391094430964,
            "epoch": 0,
            "categorial_accuracy": 0.7120744679836517,
            "top_2_accuracy": 0.8478723405269867
        },
        {
            "samples_seens": 39847,
            "task": 10,
            "loss": 0.9236177782302207,
            "epoch": 0,
            "categorial_accuracy": 0.7336702129181395,
            "top_2_accuracy": 0.8599999998478179
        },
        {
            "samples_seens": 43467,
            "task": 11,
            "loss": 0.8919610206624294,
            "epoch": 0,
            "categorial_accuracy": 0.7425531914893617,
            "top_2_accuracy": 0.8672340425531915
        },
        {
            "samples_seens": 47088,
            "task": 12,
            "loss": 0.8491026265570458,
            "epoch": 0,
            "categorial_accuracy": 0.7496808511652845,
            "top_2_accuracy": 0.8737765958461355
        },
        {
            "samples_seens": 50707,
            "task": 13,
            "loss": 0.8112035546911524,
            "epoch": 0,
            "categorial_accuracy": 0.760585106433706,
            "top_2_accuracy": 0.879680850962375
        },
        {
            "samples_seens": 54329,
            "task": 14,
            "loss": 0.7743701448339098,
            "epoch": 0,
            "categorial_accuracy": 0.7689361701113112,
            "top_2_accuracy": 0.8902659574468085
        },
        {
            "samples_seens": 57959,
            "task": 15,
            "loss": 0.7389234904025463,
            "epoch": 0,
            "categorial_accuracy": 0.7778723405269866,
            "top_2_accuracy": 0.8941489360180307
        },
        {
            "samples_seens": 61581,
            "task": 16,
            "loss": 0.7424970898729689,
            "epoch": 0,
            "categorial_accuracy": 0.774680850962375,
            "top_2_accuracy": 0.8948936170212766
        },
        {
            "samples_seens": 65204,
            "task": 17,
            "loss": 0.6984706541325184,
            "epoch": 0,
            "categorial_accuracy": 0.782127659422286,
            "top_2_accuracy": 0.9037765957446808
        },
        {
            "samples_seens": 68825,
            "task": 18,
            "loss": 0.7186250896656767,
            "epoch": 0,
            "categorial_accuracy": 0.7762765958968629,
            "top_2_accuracy": 0.9057446808510639
        },
        {
            "samples_seens": 72446,
            "task": 19,
            "loss": 0.684538832370271,
            "epoch": 0,
            "categorial_accuracy": 0.7902127658052648,
            "top_2_accuracy": 0.9088297873862247
        },
        {
            "samples_seens": 76068,
            "task": 20,
            "loss": 0.696754734820508,
            "epoch": 0,
            "categorial_accuracy": 0.7904255320163484,
            "top_2_accuracy": 0.9146808509623751
        },
        {
            "samples_seens": 79689,
            "task": 21,
            "loss": 0.7705717308977817,
            "epoch": 0,
            "categorial_accuracy": 0.7692021277103018,
            "top_2_accuracy": 0.8994148935155666
        },
        {
            "samples_seens": 83309,
            "task": 22,
            "loss": 0.7537547500082787,
            "epoch": 0,
            "categorial_accuracy": 0.7786702127659575,
            "top_2_accuracy": 0.9088297871325879
        },
        {
            "samples_seens": 86930,
            "task": 23,
            "loss": 0.7862422809702285,
            "epoch": 0,
            "categorial_accuracy": 0.7696808509116477,
            "top_2_accuracy": 0.9096808510638298
        },
        {
            "samples_seens": 90553,
            "task": 24,
            "loss": 1.0298347399589862,
            "epoch": 0,
            "categorial_accuracy": 0.722446808612093,
            "top_2_accuracy": 0.8748404253797328
        },
        {
            "samples_seens": 94175,
            "task": 0,
            "loss": 0.7066282412346373,
            "epoch": 1,
            "categorial_accuracy": 0.7910638298379614,
            "top_2_accuracy": 0.9117021276595745
        },
        {
            "samples_seens": 97795,
            "task": 1,
            "loss": 0.6549902458901101,
            "epoch": 1,
            "categorial_accuracy": 0.7993085107904799,
            "top_2_accuracy": 0.9158510637790599
        },
        {
            "samples_seens": 101417,
            "task": 2,
            "loss": 0.6804816430426659,
            "epoch": 1,
            "categorial_accuracy": 0.7987234041538644,
            "top_2_accuracy": 0.9111702129181395
        },
        {
            "samples_seens": 105039,
            "task": 3,
            "loss": 0.6450633457620093,
            "epoch": 1,
            "categorial_accuracy": 0.8013829788755863,
            "top_2_accuracy": 0.9169148937692033
        },
        {
            "samples_seens": 108662,
            "task": 4,
            "loss": 0.6123967870499225,
            "epoch": 1,
            "categorial_accuracy": 0.8095744679329243,
            "top_2_accuracy": 0.9208510637790599
        },
        {
            "samples_seens": 112285,
            "task": 5,
            "loss": 0.6211836488703464,
            "epoch": 1,
            "categorial_accuracy": 0.8122872339918258,
            "top_2_accuracy": 0.9245212765450174
        },
        {
            "samples_seens": 115904,
            "task": 6,
            "loss": 0.6457935020264158,
            "epoch": 1,
            "categorial_accuracy": 0.802872340577714,
            "top_2_accuracy": 0.9144148937692034
        },
        {
            "samples_seens": 119526,
            "task": 7,
            "loss": 0.6413583579722871,
            "epoch": 1,
            "categorial_accuracy": 0.805851063931242,
            "top_2_accuracy": 0.9169148936170213
        },
        {
            "samples_seens": 123148,
            "task": 8,
            "loss": 0.6129944813505133,
            "epoch": 1,
            "categorial_accuracy": 0.8086702127659574,
            "top_2_accuracy": 0.9196808510131025
        },
        {
            "samples_seens": 126778,
            "task": 9,
            "loss": 0.5906979165432301,
            "epoch": 1,
            "categorial_accuracy": 0.8171808510131024,
            "top_2_accuracy": 0.926010638247145
        },
        {
            "samples_seens": 130400,
            "task": 10,
            "loss": 0.5763776119211886,
            "epoch": 1,
            "categorial_accuracy": 0.8214361701113112,
            "top_2_accuracy": 0.9255319147921623
        },
        {
            "samples_seens": 134020,
            "task": 11,
            "loss": 0.5935461216023628,
            "epoch": 1,
            "categorial_accuracy": 0.8128723403240772,
            "top_2_accuracy": 0.9242553190982088
        },
        {
            "samples_seens": 137641,
            "task": 12,
            "loss": 0.5633762172688829,
            "epoch": 1,
            "categorial_accuracy": 0.82297872350571,
            "top_2_accuracy": 0.9273404254811876
        },
        {
            "samples_seens": 141260,
            "task": 13,
            "loss": 0.6295881731713072,
            "epoch": 1,
            "categorial_accuracy": 0.8107446808003365,
            "top_2_accuracy": 0.9192553192503908
        },
        {
            "samples_seens": 144882,
            "task": 14,
            "loss": 0.5638372940712787,
            "epoch": 1,
            "categorial_accuracy": 0.8207446807496092,
            "top_2_accuracy": 0.9281914895138842
        },
        {
            "samples_seens": 148512,
            "task": 15,
            "loss": 0.5489163947359045,
            "epoch": 1,
            "categorial_accuracy": 0.8242021275581197,
            "top_2_accuracy": 0.9302659575482632
        },
        {
            "samples_seens": 152134,
            "task": 16,
            "loss": 0.546496157823725,
            "epoch": 1,
            "categorial_accuracy": 0.8260106383993271,
            "top_2_accuracy": 0.9297340426546462
        },
        {
            "samples_seens": 155757,
            "task": 17,
            "loss": 0.5701589394122997,
            "epoch": 1,
            "categorial_accuracy": 0.8172872339410985,
            "top_2_accuracy": 0.9277127659067195
        },
        {
            "samples_seens": 159378,
            "task": 18,
            "loss": 0.5851431725380268,
            "epoch": 1,
            "categorial_accuracy": 0.8098404256333696,
            "top_2_accuracy": 0.9263829786726769
        },
        {
            "samples_seens": 162999,
            "task": 19,
            "loss": 0.5414977650185849,
            "epoch": 1,
            "categorial_accuracy": 0.8240957446301237,
            "top_2_accuracy": 0.9312765956939535
        },
        {
            "samples_seens": 166621,
            "task": 20,
            "loss": 0.5433569721465416,
            "epoch": 1,
            "categorial_accuracy": 0.8227659573960812,
            "top_2_accuracy": 0.9331382978723404
        },
        {
            "samples_seens": 170242,
            "task": 21,
            "loss": 0.5681041553679933,
            "epoch": 1,
            "categorial_accuracy": 0.8185638298886888,
            "top_2_accuracy": 0.9313829786726769
        },
        {
            "samples_seens": 173862,
            "task": 22,
            "loss": 0.6003081913704568,
            "epoch": 1,
            "categorial_accuracy": 0.8149999998478179,
            "top_2_accuracy": 0.9304787234042553
        },
        {
            "samples_seens": 177483,
            "task": 23,
            "loss": 0.6343787145614624,
            "epoch": 1,
            "categorial_accuracy": 0.805372340425532,
            "top_2_accuracy": 0.9271276595744681
        },
        {
            "samples_seens": 181106,
            "task": 24,
            "loss": 0.9537750368929924,
            "epoch": 1,
            "categorial_accuracy": 0.733617021175141,
            "top_2_accuracy": 0.881436170364948
        },
        {
            "samples_seens": 184728,
            "task": 0,
            "loss": 0.5940738683558525,
            "epoch": 2,
            "categorial_accuracy": 0.8180851062307967,
            "top_2_accuracy": 0.9283510637283325
        },
        {
            "samples_seens": 188348,
            "task": 1,
            "loss": 0.6411213773869454,
            "epoch": 2,
            "categorial_accuracy": 0.811063829635052,
            "top_2_accuracy": 0.9219148934648392
        },
        {
            "samples_seens": 191970,
            "task": 2,
            "loss": 0.5653103845931114,
            "epoch": 2,
            "categorial_accuracy": 0.827499999847818,
            "top_2_accuracy": 0.9338297873862246
        },
        {
            "samples_seens": 195592,
            "task": 3,
            "loss": 0.5968918789954896,
            "epoch": 2,
            "categorial_accuracy": 0.8271276594730134,
            "top_2_accuracy": 0.9325531915908164
        },
        {
            "samples_seens": 199215,
            "task": 4,
            "loss": 0.5539871656641047,
            "epoch": 2,
            "categorial_accuracy": 0.8263297871833152,
            "top_2_accuracy": 0.9367553190982089
        },
        {
            "samples_seens": 202838,
            "task": 5,
            "loss": 0.5311112313321297,
            "epoch": 2,
            "categorial_accuracy": 0.8337765955924987,
            "top_2_accuracy": 0.9382978722896982
        },
        {
            "samples_seens": 206457,
            "task": 6,
            "loss": 0.5519850648210404,
            "epoch": 2,
            "categorial_accuracy": 0.8297872339410984,
            "top_2_accuracy": 0.9353723405269866
        },
        {
            "samples_seens": 210079,
            "task": 7,
            "loss": 0.5281877297289828,
            "epoch": 2,
            "categorial_accuracy": 0.831648936068758,
            "top_2_accuracy": 0.9353191490883522
        },
        {
            "samples_seens": 213701,
            "task": 8,
            "loss": 0.5613356873076013,
            "epoch": 2,
            "categorial_accuracy": 0.828510638399327,
            "top_2_accuracy": 0.9338297872340425
        },
        {
            "samples_seens": 217331,
            "task": 9,
            "loss": 0.5425540773158378,
            "epoch": 2,
            "categorial_accuracy": 0.8304787232520733,
            "top_2_accuracy": 0.9345744681865611
        },
        {
            "samples_seens": 220953,
            "task": 10,
            "loss": 0.5128402405596794,
            "epoch": 2,
            "categorial_accuracy": 0.8302659574468085,
            "top_2_accuracy": 0.9356914894631568
        },
        {
            "samples_seens": 224573,
            "task": 11,
            "loss": 0.5336195070692833,
            "epoch": 2,
            "categorial_accuracy": 0.8331382977708857,
            "top_2_accuracy": 0.9368085105875705
        },
        {
            "samples_seens": 228194,
            "task": 12,
            "loss": 0.5119711581443218,
            "epoch": 2,
            "categorial_accuracy": 0.8370212766464721,
            "top_2_accuracy": 0.9367021275581198
        },
        {
            "samples_seens": 231813,
            "task": 13,
            "loss": 0.5357742849563031,
            "epoch": 2,
            "categorial_accuracy": 0.8329787234549827,
            "top_2_accuracy": 0.9351595745695398
        },
        {
            "samples_seens": 235435,
            "task": 14,
            "loss": 0.5155841312256265,
            "epoch": 2,
            "categorial_accuracy": 0.8365425531914894,
            "top_2_accuracy": 0.9365957447823058
        },
        {
            "samples_seens": 239065,
            "task": 15,
            "loss": 0.5064549563539789,
            "epoch": 2,
            "categorial_accuracy": 0.8330851062307967,
            "top_2_accuracy": 0.9354255319148936
        },
        {
            "samples_seens": 242687,
            "task": 16,
            "loss": 0.5092015282651211,
            "epoch": 2,
            "categorial_accuracy": 0.8338829787741316,
            "top_2_accuracy": 0.9365425532929441
        },
        {
            "samples_seens": 246310,
            "task": 17,
            "loss": 0.5017757860904044,
            "epoch": 2,
            "categorial_accuracy": 0.8394680851063829,
            "top_2_accuracy": 0.9423404256333696
        },
        {
            "samples_seens": 249931,
            "task": 18,
            "loss": 0.5038487088680267,
            "epoch": 2,
            "categorial_accuracy": 0.8339893617021277,
            "top_2_accuracy": 0.9395744679836516
        },
        {
            "samples_seens": 253552,
            "task": 19,
            "loss": 0.4986905363519141,
            "epoch": 2,
            "categorial_accuracy": 0.8317021277103018,
            "top_2_accuracy": 0.9392021276088471
        },
        {
            "samples_seens": 257174,
            "task": 20,
            "loss": 0.5207013877655597,
            "epoch": 2,
            "categorial_accuracy": 0.8295744679836516,
            "top_2_accuracy": 0.9372872341947353
        },
        {
            "samples_seens": 260795,
            "task": 21,
            "loss": 0.510594953349296,
            "epoch": 2,
            "categorial_accuracy": 0.8335106383485997,
            "top_2_accuracy": 0.9388297872340425
        },
        {
            "samples_seens": 264415,
            "task": 22,
            "loss": 0.5334920590228223,
            "epoch": 2,
            "categorial_accuracy": 0.825531914741435,
            "top_2_accuracy": 0.9352659575989906
        },
        {
            "samples_seens": 268036,
            "task": 23,
            "loss": 0.5778034709108637,
            "epoch": 2,
            "categorial_accuracy": 0.812606382927996,
            "top_2_accuracy": 0.9322872340425532
        },
        {
            "samples_seens": 271659,
            "task": 24,
            "loss": 0.6955820175941955,
            "epoch": 2,
            "categorial_accuracy": 0.7829787234549827,
            "top_2_accuracy": 0.9188297871325879
        }
    ],
    "task_count": 25,
    "id": 1
}