{
    "name": "id1_t25_dp0.5_dc0.2_df0.3",
    "results": [
        {
            "samples_seens": 3622,
            "task": 0,
            "loss": 2.5614857740605133,
            "epoch": 0,
            "categorial_accuracy": 0.3354255318388026,
            "top_2_accuracy": 0.4732446808764275
        },
        {
            "samples_seens": 7242,
            "task": 1,
            "loss": 2.081755034264098,
            "epoch": 0,
            "categorial_accuracy": 0.48148936172749135,
            "top_2_accuracy": 0.6317553189967541
        },
        {
            "samples_seens": 10863,
            "task": 2,
            "loss": 1.79335281301052,
            "epoch": 0,
            "categorial_accuracy": 0.5305851064083424,
            "top_2_accuracy": 0.6831914892602474
        },
        {
            "samples_seens": 14484,
            "task": 3,
            "loss": 1.6244077520167575,
            "epoch": 0,
            "categorial_accuracy": 0.5682978722896982,
            "top_2_accuracy": 0.7214893615499456
        },
        {
            "samples_seens": 18105,
            "task": 4,
            "loss": 1.5009905354520108,
            "epoch": 0,
            "categorial_accuracy": 0.612021276646472,
            "top_2_accuracy": 0.7582446808510638
        },
        {
            "samples_seens": 21726,
            "task": 5,
            "loss": 1.368907186427015,
            "epoch": 0,
            "categorial_accuracy": 0.6259574467577833,
            "top_2_accuracy": 0.7707446808510638
        },
        {
            "samples_seens": 25343,
            "task": 6,
            "loss": 1.2244052607962426,
            "epoch": 0,
            "categorial_accuracy": 0.6517553193011183,
            "top_2_accuracy": 0.7968085107397526
        },
        {
            "samples_seens": 28965,
            "task": 7,
            "loss": 1.1976667543167763,
            "epoch": 0,
            "categorial_accuracy": 0.669361702178387,
            "top_2_accuracy": 0.8092021275581197
        },
        {
            "samples_seens": 32583,
            "task": 8,
            "loss": 1.1210327689191129,
            "epoch": 0,
            "categorial_accuracy": 0.6851595743666304,
            "top_2_accuracy": 0.8226063830801781
        },
        {
            "samples_seens": 36209,
            "task": 9,
            "loss": 1.0153951202554905,
            "epoch": 0,
            "categorial_accuracy": 0.7107978724926076,
            "top_2_accuracy": 0.8440957447823058
        },
        {
            "samples_seens": 39831,
            "task": 10,
            "loss": 0.9855064704570364,
            "epoch": 0,
            "categorial_accuracy": 0.7144148934648392,
            "top_2_accuracy": 0.845531914741435
        },
        {
            "samples_seens": 43452,
            "task": 11,
            "loss": 0.9208976195213643,
            "epoch": 0,
            "categorial_accuracy": 0.7259042551669669,
            "top_2_accuracy": 0.8585638297365067
        },
        {
            "samples_seens": 47073,
            "task": 12,
            "loss": 0.85885765374975,
            "epoch": 0,
            "categorial_accuracy": 0.7468617022798416,
            "top_2_accuracy": 0.8736170213273231
        },
        {
            "samples_seens": 50694,
            "task": 13,
            "loss": 0.9096239592166657,
            "epoch": 0,
            "categorial_accuracy": 0.7345744681865611,
            "top_2_accuracy": 0.8628191488854429
        },
        {
            "samples_seens": 54316,
            "task": 14,
            "loss": 0.8125456814563021,
            "epoch": 0,
            "categorial_accuracy": 0.7561170214287778,
            "top_2_accuracy": 0.8826063829279961
        },
        {
            "samples_seens": 57942,
            "task": 15,
            "loss": 0.7670773154623965,
            "epoch": 0,
            "categorial_accuracy": 0.7668617020262049,
            "top_2_accuracy": 0.889787234144008
        },
        {
            "samples_seens": 61565,
            "task": 16,
            "loss": 0.7332869578422384,
            "epoch": 0,
            "categorial_accuracy": 0.7733510639819693,
            "top_2_accuracy": 0.8945212765450173
        },
        {
            "samples_seens": 65186,
            "task": 17,
            "loss": 0.7681012331171239,
            "epoch": 0,
            "categorial_accuracy": 0.7693085107397526,
            "top_2_accuracy": 0.8905851064844335
        },
        {
            "samples_seens": 68807,
            "task": 18,
            "loss": 0.6852500490939364,
            "epoch": 0,
            "categorial_accuracy": 0.7913297872847699,
            "top_2_accuracy": 0.9051595744680851
        },
        {
            "samples_seens": 72424,
            "task": 19,
            "loss": 0.6987509386082913,
            "epoch": 0,
            "categorial_accuracy": 0.7872340424010095,
            "top_2_accuracy": 0.9034574466563285
        },
        {
            "samples_seens": 76045,
            "task": 20,
            "loss": 0.6702408832184812,
            "epoch": 0,
            "categorial_accuracy": 0.7949468083584562,
            "top_2_accuracy": 0.913563829635052
        },
        {
            "samples_seens": 79666,
            "task": 21,
            "loss": 0.6464803256887071,
            "epoch": 0,
            "categorial_accuracy": 0.798563829635052,
            "top_2_accuracy": 0.9169680850556556
        },
        {
            "samples_seens": 83286,
            "task": 22,
            "loss": 0.6423821338186873,
            "epoch": 0,
            "categorial_accuracy": 0.7984042554206037,
            "top_2_accuracy": 0.9160106382978723
        },
        {
            "samples_seens": 86907,
            "task": 23,
            "loss": 0.6366592639557859,
            "epoch": 0,
            "categorial_accuracy": 0.8065425533436714,
            "top_2_accuracy": 0.9222872339918259
        },
        {
            "samples_seens": 90536,
            "task": 24,
            "loss": 0.6941502558424117,
            "epoch": 0,
            "categorial_accuracy": 0.7985106381456902,
            "top_2_accuracy": 0.921968085106383
        },
        {
            "samples_seens": 94158,
            "task": 0,
            "loss": 0.6345979121898083,
            "epoch": 1,
            "categorial_accuracy": 0.8003723402733498,
            "top_2_accuracy": 0.9167021275581198
        },
        {
            "samples_seens": 97778,
            "task": 1,
            "loss": 0.6583560440895405,
            "epoch": 1,
            "categorial_accuracy": 0.7978191490883523,
            "top_2_accuracy": 0.9139893618543097
        },
        {
            "samples_seens": 101399,
            "task": 2,
            "loss": 0.6733298739981144,
            "epoch": 1,
            "categorial_accuracy": 0.7980319150457991,
            "top_2_accuracy": 0.9107978724926076
        },
        {
            "samples_seens": 105020,
            "task": 3,
            "loss": 0.658199211130751,
            "epoch": 1,
            "categorial_accuracy": 0.8011170212765958,
            "top_2_accuracy": 0.9152127660589016
        },
        {
            "samples_seens": 108641,
            "task": 4,
            "loss": 0.6455870309535493,
            "epoch": 1,
            "categorial_accuracy": 0.8032446809525186,
            "top_2_accuracy": 0.9170744681865611
        },
        {
            "samples_seens": 112262,
            "task": 5,
            "loss": 0.6325761640579143,
            "epoch": 1,
            "categorial_accuracy": 0.8028723403748046,
            "top_2_accuracy": 0.9186170212258684
        },
        {
            "samples_seens": 115879,
            "task": 6,
            "loss": 0.6508437437706805,
            "epoch": 1,
            "categorial_accuracy": 0.8002127658559921,
            "top_2_accuracy": 0.9164361700605839
        },
        {
            "samples_seens": 119501,
            "task": 7,
            "loss": 0.6372869794419471,
            "epoch": 1,
            "categorial_accuracy": 0.8018617022798417,
            "top_2_accuracy": 0.9179255317627115
        },
        {
            "samples_seens": 123119,
            "task": 8,
            "loss": 0.6471308946609498,
            "epoch": 1,
            "categorial_accuracy": 0.8019148935155666,
            "top_2_accuracy": 0.9162765956939535
        },
        {
            "samples_seens": 126745,
            "task": 9,
            "loss": 0.608586308347418,
            "epoch": 1,
            "categorial_accuracy": 0.8106914893617021,
            "top_2_accuracy": 0.9198936169705493
        },
        {
            "samples_seens": 130367,
            "task": 10,
            "loss": 0.6201955705247026,
            "epoch": 1,
            "categorial_accuracy": 0.8113297871833152,
            "top_2_accuracy": 0.9234574467577833
        },
        {
            "samples_seens": 133988,
            "task": 11,
            "loss": 0.6064967939194212,
            "epoch": 1,
            "categorial_accuracy": 0.8123936171734587,
            "top_2_accuracy": 0.9226063830801782
        },
        {
            "samples_seens": 137609,
            "task": 12,
            "loss": 0.5909857218316261,
            "epoch": 1,
            "categorial_accuracy": 0.8136702126645027,
            "top_2_accuracy": 0.9249468086628204
        },
        {
            "samples_seens": 141230,
            "task": 13,
            "loss": 0.582596037768303,
            "epoch": 1,
            "categorial_accuracy": 0.8150531914893617,
            "top_2_accuracy": 0.9252127661096289
        },
        {
            "samples_seens": 144852,
            "task": 14,
            "loss": 0.5990999282674586,
            "epoch": 1,
            "categorial_accuracy": 0.812500000152182,
            "top_2_accuracy": 0.9192553191489362
        },
        {
            "samples_seens": 148478,
            "task": 15,
            "loss": 0.5477109663029934,
            "epoch": 1,
            "categorial_accuracy": 0.8278191489361703,
            "top_2_accuracy": 0.9311170214287778
        },
        {
            "samples_seens": 152101,
            "task": 16,
            "loss": 0.5541199197414074,
            "epoch": 1,
            "categorial_accuracy": 0.822606382927996,
            "top_2_accuracy": 0.9284574469606927
        },
        {
            "samples_seens": 155722,
            "task": 17,
            "loss": 0.5377351595239437,
            "epoch": 1,
            "categorial_accuracy": 0.8292553190474815,
            "top_2_accuracy": 0.9334574469606927
        },
        {
            "samples_seens": 159343,
            "task": 18,
            "loss": 0.5443006957591848,
            "epoch": 1,
            "categorial_accuracy": 0.8251595745188125,
            "top_2_accuracy": 0.931595744680851
        },
        {
            "samples_seens": 162960,
            "task": 19,
            "loss": 0.5301436286530596,
            "epoch": 1,
            "categorial_accuracy": 0.8292021276088472,
            "top_2_accuracy": 0.9334574469606927
        },
        {
            "samples_seens": 166581,
            "task": 20,
            "loss": 0.5158246206476333,
            "epoch": 1,
            "categorial_accuracy": 0.8327127658559921,
            "top_2_accuracy": 0.9375531914386344
        },
        {
            "samples_seens": 170202,
            "task": 21,
            "loss": 0.5093846892549636,
            "epoch": 1,
            "categorial_accuracy": 0.8362234041538644,
            "top_2_accuracy": 0.9383510637790599
        },
        {
            "samples_seens": 173822,
            "task": 22,
            "loss": 0.514965940434882,
            "epoch": 1,
            "categorial_accuracy": 0.838085106433706,
            "top_2_accuracy": 0.9388829788755864
        },
        {
            "samples_seens": 177443,
            "task": 23,
            "loss": 0.5404866967556324,
            "epoch": 1,
            "categorial_accuracy": 0.8307446809017912,
            "top_2_accuracy": 0.9390957446301237
        },
        {
            "samples_seens": 181072,
            "task": 24,
            "loss": 0.5871781104676267,
            "epoch": 1,
            "categorial_accuracy": 0.812500000152182,
            "top_2_accuracy": 0.9288829788755864
        },
        {
            "samples_seens": 184694,
            "task": 0,
            "loss": 0.5511053414801333,
            "epoch": 2,
            "categorial_accuracy": 0.8310638298379615,
            "top_2_accuracy": 0.9324468085106383
        },
        {
            "samples_seens": 188314,
            "task": 1,
            "loss": 0.5703262825468753,
            "epoch": 2,
            "categorial_accuracy": 0.827925531965621,
            "top_2_accuracy": 0.9304255320163484
        },
        {
            "samples_seens": 191935,
            "task": 2,
            "loss": 0.5907546570960511,
            "epoch": 2,
            "categorial_accuracy": 0.8240425532929441,
            "top_2_accuracy": 0.9285638299394161
        },
        {
            "samples_seens": 195556,
            "task": 3,
            "loss": 0.5561718577273349,
            "epoch": 2,
            "categorial_accuracy": 0.8285638298379614,
            "top_2_accuracy": 0.932500000152182
        },
        {
            "samples_seens": 199177,
            "task": 4,
            "loss": 0.5480821539746954,
            "epoch": 2,
            "categorial_accuracy": 0.8293617020769323,
            "top_2_accuracy": 0.9336170212258684
        },
        {
            "samples_seens": 202798,
            "task": 5,
            "loss": 0.5789538764192703,
            "epoch": 2,
            "categorial_accuracy": 0.8212234041538644,
            "top_2_accuracy": 0.9271808511652845
        },
        {
            "samples_seens": 206415,
            "task": 6,
            "loss": 0.5698380370342985,
            "epoch": 2,
            "categorial_accuracy": 0.8283510637283326,
            "top_2_accuracy": 0.9296276595237407
        },
        {
            "samples_seens": 210037,
            "task": 7,
            "loss": 0.5439543644164471,
            "epoch": 2,
            "categorial_accuracy": 0.8268085107397526,
            "top_2_accuracy": 0.9328191490883523
        },
        {
            "samples_seens": 213655,
            "task": 8,
            "loss": 0.5396713127227539,
            "epoch": 2,
            "categorial_accuracy": 0.832393617072004,
            "top_2_accuracy": 0.9346276596759228
        },
        {
            "samples_seens": 217281,
            "task": 9,
            "loss": 0.5527769204657128,
            "epoch": 2,
            "categorial_accuracy": 0.8289893617021277,
            "top_2_accuracy": 0.9320212767479268
        },
        {
            "samples_seens": 220903,
            "task": 10,
            "loss": 0.5324767441445208,
            "epoch": 2,
            "categorial_accuracy": 0.8318617022291143,
            "top_2_accuracy": 0.935478723353528
        },
        {
            "samples_seens": 224524,
            "task": 11,
            "loss": 0.5920647869465199,
            "epoch": 2,
            "categorial_accuracy": 0.8163297872340426,
            "top_2_accuracy": 0.9249468086628204
        },
        {
            "samples_seens": 228145,
            "task": 12,
            "loss": 0.5248396572407256,
            "epoch": 2,
            "categorial_accuracy": 0.8345212764435626,
            "top_2_accuracy": 0.9351063829279961
        },
        {
            "samples_seens": 231766,
            "task": 13,
            "loss": 0.5235614864369657,
            "epoch": 2,
            "categorial_accuracy": 0.8347340425531915,
            "top_2_accuracy": 0.9337765958461356
        },
        {
            "samples_seens": 235388,
            "task": 14,
            "loss": 0.5264509297178147,
            "epoch": 2,
            "categorial_accuracy": 0.8301595744173578,
            "top_2_accuracy": 0.9336702128674121
        },
        {
            "samples_seens": 239014,
            "task": 15,
            "loss": 0.5062161187161791,
            "epoch": 2,
            "categorial_accuracy": 0.8359042553698763,
            "top_2_accuracy": 0.9356382978723404
        },
        {
            "samples_seens": 242637,
            "task": 16,
            "loss": 0.546764731686166,
            "epoch": 2,
            "categorial_accuracy": 0.8280319149443444,
            "top_2_accuracy": 0.9306914893109748
        },
        {
            "samples_seens": 246258,
            "task": 17,
            "loss": 0.5115192060774946,
            "epoch": 2,
            "categorial_accuracy": 0.8379787235564374,
            "top_2_accuracy": 0.9376595745695399
        },
        {
            "samples_seens": 249879,
            "task": 18,
            "loss": 0.4968699085458796,
            "epoch": 2,
            "categorial_accuracy": 0.8388297872340426,
            "top_2_accuracy": 0.9396276597266502
        },
        {
            "samples_seens": 253496,
            "task": 19,
            "loss": 0.4996958284428779,
            "epoch": 2,
            "categorial_accuracy": 0.838085106433706,
            "top_2_accuracy": 0.9407446808003365
        },
        {
            "samples_seens": 257117,
            "task": 20,
            "loss": 0.47249814558536446,
            "epoch": 2,
            "categorial_accuracy": 0.8468085106382979,
            "top_2_accuracy": 0.9438829788755864
        },
        {
            "samples_seens": 260738,
            "task": 21,
            "loss": 0.47231997971839096,
            "epoch": 2,
            "categorial_accuracy": 0.8452127660081742,
            "top_2_accuracy": 0.9440425531914893
        },
        {
            "samples_seens": 264358,
            "task": 22,
            "loss": 0.4762624957713675,
            "epoch": 2,
            "categorial_accuracy": 0.8435638298886887,
            "top_2_accuracy": 0.9422872339918258
        },
        {
            "samples_seens": 267979,
            "task": 23,
            "loss": 0.5038089306557432,
            "epoch": 2,
            "categorial_accuracy": 0.8376063830801781,
            "top_2_accuracy": 0.9430319150457991
        },
        {
            "samples_seens": 271608,
            "task": 24,
            "loss": 0.5299552493653399,
            "epoch": 2,
            "categorial_accuracy": 0.8347872340932806,
            "top_2_accuracy": 0.942872340577714
        }
    ],
    "task_count": 25,
    "id": 1
}