{
    "name": "id1_t25_dp0.7_dc0.3_df0.0",
    "results": [
        {
            "samples_seens": 3609,
            "task": 0,
            "loss": 2.629230023242058,
            "epoch": 0,
            "categorial_accuracy": 0.31372340433141016,
            "top_2_accuracy": 0.45930851056220684
        },
        {
            "samples_seens": 7219,
            "task": 1,
            "loss": 2.349062745926228,
            "epoch": 0,
            "categorial_accuracy": 0.45452127662110836,
            "top_2_accuracy": 0.6005319147921623
        },
        {
            "samples_seens": 10830,
            "task": 2,
            "loss": 2.1584441868802333,
            "epoch": 0,
            "categorial_accuracy": 0.5034042552684216,
            "top_2_accuracy": 0.6472340424517368
        },
        {
            "samples_seens": 14442,
            "task": 3,
            "loss": 2.1184138387314815,
            "epoch": 0,
            "categorial_accuracy": 0.5167021278117565,
            "top_2_accuracy": 0.6635638298886888
        },
        {
            "samples_seens": 18053,
            "task": 4,
            "loss": 1.925450450410234,
            "epoch": 0,
            "categorial_accuracy": 0.5549999998478179,
            "top_2_accuracy": 0.6917553191996635
        },
        {
            "samples_seens": 21665,
            "task": 5,
            "loss": 1.8482298469543457,
            "epoch": 0,
            "categorial_accuracy": 0.5763297872847699,
            "top_2_accuracy": 0.7178723403240772
        },
        {
            "samples_seens": 25277,
            "task": 6,
            "loss": 1.65131759176863,
            "epoch": 0,
            "categorial_accuracy": 0.5841489362209401,
            "top_2_accuracy": 0.7284042552684216
        },
        {
            "samples_seens": 28890,
            "task": 7,
            "loss": 1.659784035378314,
            "epoch": 0,
            "categorial_accuracy": 0.601010638247145,
            "top_2_accuracy": 0.7447872339918258
        },
        {
            "samples_seens": 32504,
            "task": 8,
            "loss": 1.5688143964523964,
            "epoch": 0,
            "categorial_accuracy": 0.6283510638805145,
            "top_2_accuracy": 0.7696276596251954
        },
        {
            "samples_seens": 36118,
            "task": 9,
            "loss": 1.4329125771623976,
            "epoch": 0,
            "categorial_accuracy": 0.654893617072004,
            "top_2_accuracy": 0.7886170211244137
        },
        {
            "samples_seens": 39731,
            "task": 10,
            "loss": 1.3130924888367348,
            "epoch": 0,
            "categorial_accuracy": 0.6701063830294508,
            "top_2_accuracy": 0.8022872341947352
        },
        {
            "samples_seens": 43346,
            "task": 11,
            "loss": 1.2359021446552683,
            "epoch": 0,
            "categorial_accuracy": 0.6802659574975358,
            "top_2_accuracy": 0.8124999999492727
        },
        {
            "samples_seens": 46961,
            "task": 12,
            "loss": 1.204640301947898,
            "epoch": 0,
            "categorial_accuracy": 0.6923936169198219,
            "top_2_accuracy": 0.8248936171734587
        },
        {
            "samples_seens": 50577,
            "task": 13,
            "loss": 1.2033036704773599,
            "epoch": 0,
            "categorial_accuracy": 0.694042553140762,
            "top_2_accuracy": 0.8233510638805146
        },
        {
            "samples_seens": 54194,
            "task": 14,
            "loss": 1.0707129387145347,
            "epoch": 0,
            "categorial_accuracy": 0.7089361701620386,
            "top_2_accuracy": 0.8385638299394161
        },
        {
            "samples_seens": 57812,
            "task": 15,
            "loss": 1.0080206516448487,
            "epoch": 0,
            "categorial_accuracy": 0.7323404254304602,
            "top_2_accuracy": 0.8531914894631568
        },
        {
            "samples_seens": 61430,
            "task": 16,
            "loss": 0.9273082591117696,
            "epoch": 0,
            "categorial_accuracy": 0.7429255318641662,
            "top_2_accuracy": 0.8627659572946265
        },
        {
            "samples_seens": 65050,
            "task": 17,
            "loss": 0.861982214856655,
            "epoch": 0,
            "categorial_accuracy": 0.7517021276088471,
            "top_2_accuracy": 0.8757978723911529
        },
        {
            "samples_seens": 68668,
            "task": 18,
            "loss": 0.8445588129632017,
            "epoch": 0,
            "categorial_accuracy": 0.7570212764435627,
            "top_2_accuracy": 0.8787234042045918
        },
        {
            "samples_seens": 72287,
            "task": 19,
            "loss": 0.8173190364939101,
            "epoch": 0,
            "categorial_accuracy": 0.7603191489868976,
            "top_2_accuracy": 0.8852127661096288
        },
        {
            "samples_seens": 75910,
            "task": 20,
            "loss": 0.7925012385591548,
            "epoch": 0,
            "categorial_accuracy": 0.7613297871325878,
            "top_2_accuracy": 0.8865957447823057
        },
        {
            "samples_seens": 79528,
            "task": 21,
            "loss": 0.7203533998956072,
            "epoch": 0,
            "categorial_accuracy": 0.7806382977201584,
            "top_2_accuracy": 0.9006914893109748
        },
        {
            "samples_seens": 83141,
            "task": 22,
            "loss": 0.7006324355652992,
            "epoch": 0,
            "categorial_accuracy": 0.7864361700605839,
            "top_2_accuracy": 0.905053191540089
        },
        {
            "samples_seens": 86762,
            "task": 23,
            "loss": 0.6783712060908054,
            "epoch": 0,
            "categorial_accuracy": 0.7886170212765957,
            "top_2_accuracy": 0.907659574315903
        },
        {
            "samples_seens": 90383,
            "task": 24,
            "loss": 0.6920318068342006,
            "epoch": 0,
            "categorial_accuracy": 0.7944148936677486,
            "top_2_accuracy": 0.9148404253797329
        },
        {
            "samples_seens": 93992,
            "task": 0,
            "loss": 0.7941496589335989,
            "epoch": 1,
            "categorial_accuracy": 0.7826063830801782,
            "top_2_accuracy": 0.9020212765957447
        },
        {
            "samples_seens": 97602,
            "task": 1,
            "loss": 0.8898912064065324,
            "epoch": 1,
            "categorial_accuracy": 0.7690425533436714,
            "top_2_accuracy": 0.8896276597266501
        },
        {
            "samples_seens": 101213,
            "task": 2,
            "loss": 0.9836782004985404,
            "epoch": 1,
            "categorial_accuracy": 0.7593085105875705,
            "top_2_accuracy": 0.8826595745188125
        },
        {
            "samples_seens": 104825,
            "task": 3,
            "loss": 0.8986205804601629,
            "epoch": 1,
            "categorial_accuracy": 0.7648936169198218,
            "top_2_accuracy": 0.8875000000507274
        },
        {
            "samples_seens": 108436,
            "task": 4,
            "loss": 0.9102939780214999,
            "epoch": 1,
            "categorial_accuracy": 0.7660106384500545,
            "top_2_accuracy": 0.8865957445793964
        },
        {
            "samples_seens": 112048,
            "task": 5,
            "loss": 0.8707945769391161,
            "epoch": 1,
            "categorial_accuracy": 0.769468085106383,
            "top_2_accuracy": 0.8895744681358337
        },
        {
            "samples_seens": 115660,
            "task": 6,
            "loss": 0.9716958036321275,
            "epoch": 1,
            "categorial_accuracy": 0.7585106381456903,
            "top_2_accuracy": 0.878510638247145
        },
        {
            "samples_seens": 119273,
            "task": 7,
            "loss": 0.9004439044505992,
            "epoch": 1,
            "categorial_accuracy": 0.7693617019754775,
            "top_2_accuracy": 0.8886170211751411
        },
        {
            "samples_seens": 122887,
            "task": 8,
            "loss": 0.8299948823705633,
            "epoch": 1,
            "categorial_accuracy": 0.7739893616514003,
            "top_2_accuracy": 0.8947872338903711
        },
        {
            "samples_seens": 126501,
            "task": 9,
            "loss": 0.8508952980853142,
            "epoch": 1,
            "categorial_accuracy": 0.7723936168690946,
            "top_2_accuracy": 0.8924468086628203
        },
        {
            "samples_seens": 130114,
            "task": 10,
            "loss": 0.88386927264802,
            "epoch": 1,
            "categorial_accuracy": 0.7678723403240773,
            "top_2_accuracy": 0.8867021277610292
        },
        {
            "samples_seens": 133729,
            "task": 11,
            "loss": 0.8142152913580549,
            "epoch": 1,
            "categorial_accuracy": 0.778563829787234,
            "top_2_accuracy": 0.8942553191996635
        },
        {
            "samples_seens": 137344,
            "task": 12,
            "loss": 0.7657983131611601,
            "epoch": 1,
            "categorial_accuracy": 0.7846276595744681,
            "top_2_accuracy": 0.8986702127659575
        },
        {
            "samples_seens": 140960,
            "task": 13,
            "loss": 0.7527933481906323,
            "epoch": 1,
            "categorial_accuracy": 0.789893617072004,
            "top_2_accuracy": 0.9020212764435626
        },
        {
            "samples_seens": 144577,
            "task": 14,
            "loss": 0.7473464670587093,
            "epoch": 1,
            "categorial_accuracy": 0.7880319149950717,
            "top_2_accuracy": 0.9003191490376249
        },
        {
            "samples_seens": 148195,
            "task": 15,
            "loss": 0.7300884515681165,
            "epoch": 1,
            "categorial_accuracy": 0.7887765957446808,
            "top_2_accuracy": 0.9014893617021277
        },
        {
            "samples_seens": 151813,
            "task": 16,
            "loss": 0.7100794922544601,
            "epoch": 1,
            "categorial_accuracy": 0.7919148934648392,
            "top_2_accuracy": 0.9028723404255319
        },
        {
            "samples_seens": 155433,
            "task": 17,
            "loss": 0.6738128164474,
            "epoch": 1,
            "categorial_accuracy": 0.8017553189967541,
            "top_2_accuracy": 0.9099468084599109
        },
        {
            "samples_seens": 159051,
            "task": 18,
            "loss": 0.6742391777038574,
            "epoch": 1,
            "categorial_accuracy": 0.8010638298886887,
            "top_2_accuracy": 0.9093085107904799
        },
        {
            "samples_seens": 162670,
            "task": 19,
            "loss": 0.650027006839184,
            "epoch": 1,
            "categorial_accuracy": 0.8051595744173577,
            "top_2_accuracy": 0.9143085107904799
        },
        {
            "samples_seens": 166293,
            "task": 20,
            "loss": 0.6096570798944919,
            "epoch": 1,
            "categorial_accuracy": 0.8128191489361702,
            "top_2_accuracy": 0.9179787235564374
        },
        {
            "samples_seens": 169911,
            "task": 21,
            "loss": 0.5930884802341461,
            "epoch": 1,
            "categorial_accuracy": 0.8145744681358338,
            "top_2_accuracy": 0.9200531914386344
        },
        {
            "samples_seens": 173524,
            "task": 22,
            "loss": 0.5743753955212045,
            "epoch": 1,
            "categorial_accuracy": 0.822500000152182,
            "top_2_accuracy": 0.9269680852078377
        },
        {
            "samples_seens": 177145,
            "task": 23,
            "loss": 0.5550633792927925,
            "epoch": 1,
            "categorial_accuracy": 0.8219148936677486,
            "top_2_accuracy": 0.93180851079048
        },
        {
            "samples_seens": 180766,
            "task": 24,
            "loss": 0.5829314867739982,
            "epoch": 1,
            "categorial_accuracy": 0.8161702126645027,
            "top_2_accuracy": 0.9311170214287778
        },
        {
            "samples_seens": 184375,
            "task": 0,
            "loss": 0.7581537309352387,
            "epoch": 2,
            "categorial_accuracy": 0.7989893618543097,
            "top_2_accuracy": 0.9128191488347155
        },
        {
            "samples_seens": 187985,
            "task": 1,
            "loss": 0.7833219249197777,
            "epoch": 2,
            "categorial_accuracy": 0.8008510639819693,
            "top_2_accuracy": 0.9113829786219495
        },
        {
            "samples_seens": 191596,
            "task": 2,
            "loss": 0.7925838175733039,
            "epoch": 2,
            "categorial_accuracy": 0.7967021276595745,
            "top_2_accuracy": 0.9105319148428896
        },
        {
            "samples_seens": 195208,
            "task": 3,
            "loss": 0.7924532150714956,
            "epoch": 2,
            "categorial_accuracy": 0.7978723403240772,
            "top_2_accuracy": 0.9110106382978723
        },
        {
            "samples_seens": 198819,
            "task": 4,
            "loss": 0.7982117359181667,
            "epoch": 2,
            "categorial_accuracy": 0.7980851065351608,
            "top_2_accuracy": 0.9100000001014548
        },
        {
            "samples_seens": 202431,
            "task": 5,
            "loss": 0.8064013106264967,
            "epoch": 2,
            "categorial_accuracy": 0.7886702126137753,
            "top_2_accuracy": 0.9048936171227313
        },
        {
            "samples_seens": 206043,
            "task": 6,
            "loss": 0.7689040890653083,
            "epoch": 2,
            "categorial_accuracy": 0.7986702126645028,
            "top_2_accuracy": 0.9122340425024641
        },
        {
            "samples_seens": 209656,
            "task": 7,
            "loss": 0.7848513958809223,
            "epoch": 2,
            "categorial_accuracy": 0.7961170214287778,
            "top_2_accuracy": 0.9105319147921623
        },
        {
            "samples_seens": 213270,
            "task": 8,
            "loss": 0.7915127695874965,
            "epoch": 2,
            "categorial_accuracy": 0.7963829788755863,
            "top_2_accuracy": 0.9089361703142207
        },
        {
            "samples_seens": 216884,
            "task": 9,
            "loss": 0.7759050990672822,
            "epoch": 2,
            "categorial_accuracy": 0.7916489360180307,
            "top_2_accuracy": 0.9061702127152301
        },
        {
            "samples_seens": 220497,
            "task": 10,
            "loss": 0.7037723001267048,
            "epoch": 2,
            "categorial_accuracy": 0.8020212767479268,
            "top_2_accuracy": 0.9145212766971994
        },
        {
            "samples_seens": 224112,
            "task": 11,
            "loss": 0.7194463785404854,
            "epoch": 2,
            "categorial_accuracy": 0.8022872341947352,
            "top_2_accuracy": 0.9140957448330331
        },
        {
            "samples_seens": 227727,
            "task": 12,
            "loss": 0.6723752886437355,
            "epoch": 2,
            "categorial_accuracy": 0.8067021276088471,
            "top_2_accuracy": 0.9160106384500544
        },
        {
            "samples_seens": 231343,
            "task": 13,
            "loss": 0.6569573279137307,
            "epoch": 2,
            "categorial_accuracy": 0.8062234043567739,
            "top_2_accuracy": 0.9172872339918259
        },
        {
            "samples_seens": 234960,
            "task": 14,
            "loss": 0.718712287557886,
            "epoch": 2,
            "categorial_accuracy": 0.8018617022798417,
            "top_2_accuracy": 0.9120212767479268
        },
        {
            "samples_seens": 238578,
            "task": 15,
            "loss": 0.6462211957890936,
            "epoch": 2,
            "categorial_accuracy": 0.8120744681358337,
            "top_2_accuracy": 0.9189893618035824
        },
        {
            "samples_seens": 242196,
            "task": 16,
            "loss": 0.635008726754087,
            "epoch": 2,
            "categorial_accuracy": 0.8158510636776052,
            "top_2_accuracy": 0.9197872339918258
        },
        {
            "samples_seens": 245816,
            "task": 17,
            "loss": 0.6491124806505568,
            "epoch": 2,
            "categorial_accuracy": 0.8109042554206036,
            "top_2_accuracy": 0.9180319148428897
        },
        {
            "samples_seens": 249434,
            "task": 18,
            "loss": 0.5861919765015866,
            "epoch": 2,
            "categorial_accuracy": 0.8191489362209401,
            "top_2_accuracy": 0.9247340426546462
        },
        {
            "samples_seens": 253053,
            "task": 19,
            "loss": 0.5693704623618024,
            "epoch": 2,
            "categorial_accuracy": 0.8213829787741316,
            "top_2_accuracy": 0.9280319149950718
        },
        {
            "samples_seens": 256676,
            "task": 20,
            "loss": 0.5643579389693889,
            "epoch": 2,
            "categorial_accuracy": 0.8207446808510638,
            "top_2_accuracy": 0.9286702127152301
        },
        {
            "samples_seens": 260294,
            "task": 21,
            "loss": 0.5503596357335435,
            "epoch": 2,
            "categorial_accuracy": 0.8249468083584562,
            "top_2_accuracy": 0.9282978722896982
        },
        {
            "samples_seens": 263907,
            "task": 22,
            "loss": 0.5477665371336835,
            "epoch": 2,
            "categorial_accuracy": 0.8269148934648392,
            "top_2_accuracy": 0.9277127661096288
        },
        {
            "samples_seens": 267528,
            "task": 23,
            "loss": 0.5176494420335648,
            "epoch": 2,
            "categorial_accuracy": 0.8341489361194854,
            "top_2_accuracy": 0.9361170214287778
        },
        {
            "samples_seens": 271149,
            "task": 24,
            "loss": 0.5283654624096891,
            "epoch": 2,
            "categorial_accuracy": 0.8271808511652845,
            "top_2_accuracy": 0.9354255320163484
        }
    ],
    "task_count": 25,
    "id": 1
}