{
    "name": "id1_t25_dp0.1_dc0.7_df0.2",
    "results": [
        {
            "samples_seens": 3622,
            "task": 0,
            "loss": 2.359070111335592,
            "epoch": 0,
            "categorial_accuracy": 0.3904255319402573,
            "top_2_accuracy": 0.5445212766718357
        },
        {
            "samples_seens": 7243,
            "task": 1,
            "loss": 2.1997254357439404,
            "epoch": 0,
            "categorial_accuracy": 0.4760638298125977,
            "top_2_accuracy": 0.6325
        },
        {
            "samples_seens": 10864,
            "task": 2,
            "loss": 1.8485267920189716,
            "epoch": 0,
            "categorial_accuracy": 0.512978723353528,
            "top_2_accuracy": 0.6730319149443443
        },
        {
            "samples_seens": 14486,
            "task": 3,
            "loss": 1.6262231251533996,
            "epoch": 0,
            "categorial_accuracy": 0.5706914894124295,
            "top_2_accuracy": 0.7178191488347155
        },
        {
            "samples_seens": 18108,
            "task": 4,
            "loss": 1.4660536813735963,
            "epoch": 0,
            "categorial_accuracy": 0.6103191489868975,
            "top_2_accuracy": 0.7544148935155666
        },
        {
            "samples_seens": 21730,
            "task": 5,
            "loss": 1.3819865361680377,
            "epoch": 0,
            "categorial_accuracy": 0.6366489361702128,
            "top_2_accuracy": 0.7718085105368432
        },
        {
            "samples_seens": 25351,
            "task": 6,
            "loss": 1.2835477620997326,
            "epoch": 0,
            "categorial_accuracy": 0.6611170211244136,
            "top_2_accuracy": 0.8005319148428897
        },
        {
            "samples_seens": 28973,
            "task": 7,
            "loss": 1.1775145701144605,
            "epoch": 0,
            "categorial_accuracy": 0.6751063830294508,
            "top_2_accuracy": 0.808563829635052
        },
        {
            "samples_seens": 32597,
            "task": 8,
            "loss": 1.1434546603547766,
            "epoch": 0,
            "categorial_accuracy": 0.6924468083584562,
            "top_2_accuracy": 0.8252127658052647
        },
        {
            "samples_seens": 36228,
            "task": 9,
            "loss": 1.0611693865694898,
            "epoch": 0,
            "categorial_accuracy": 0.7027127660081741,
            "top_2_accuracy": 0.8354255318134389
        },
        {
            "samples_seens": 39849,
            "task": 10,
            "loss": 0.9939449105871485,
            "epoch": 0,
            "categorial_accuracy": 0.718617021175141,
            "top_2_accuracy": 0.8470744680851063
        },
        {
            "samples_seens": 43470,
            "task": 11,
            "loss": 0.96526720336143,
            "epoch": 0,
            "categorial_accuracy": 0.7323404254304602,
            "top_2_accuracy": 0.8532978723404255
        },
        {
            "samples_seens": 47093,
            "task": 12,
            "loss": 0.9067560517027023,
            "epoch": 0,
            "categorial_accuracy": 0.738989361752855,
            "top_2_accuracy": 0.8651595744173578
        },
        {
            "samples_seens": 50710,
            "task": 13,
            "loss": 0.9336795407660464,
            "epoch": 0,
            "categorial_accuracy": 0.7378723403748045,
            "top_2_accuracy": 0.8612765955924988
        },
        {
            "samples_seens": 54332,
            "task": 14,
            "loss": 0.8723484384759943,
            "epoch": 0,
            "categorial_accuracy": 0.7466489361194855,
            "top_2_accuracy": 0.8710638298379614
        },
        {
            "samples_seens": 57963,
            "task": 15,
            "loss": 0.8056376872164138,
            "epoch": 0,
            "categorial_accuracy": 0.7632446808003365,
            "top_2_accuracy": 0.8828191489868976
        },
        {
            "samples_seens": 61586,
            "task": 16,
            "loss": 0.7601079786077459,
            "epoch": 0,
            "categorial_accuracy": 0.7739361701113112,
            "top_2_accuracy": 0.8908510636776051
        },
        {
            "samples_seens": 65208,
            "task": 17,
            "loss": 0.7229004462221835,
            "epoch": 0,
            "categorial_accuracy": 0.7818085106890252,
            "top_2_accuracy": 0.8979255317627115
        },
        {
            "samples_seens": 68829,
            "task": 18,
            "loss": 0.7069694997401947,
            "epoch": 0,
            "categorial_accuracy": 0.7849999999492726,
            "top_2_accuracy": 0.9043085105875706
        },
        {
            "samples_seens": 72451,
            "task": 19,
            "loss": 0.7389730935908378,
            "epoch": 0,
            "categorial_accuracy": 0.7774468084091836,
            "top_2_accuracy": 0.9037765958968629
        },
        {
            "samples_seens": 76073,
            "task": 20,
            "loss": 0.7414184702710902,
            "epoch": 0,
            "categorial_accuracy": 0.7770212767479268,
            "top_2_accuracy": 0.9024999999492727
        },
        {
            "samples_seens": 79694,
            "task": 21,
            "loss": 0.7484244358285944,
            "epoch": 0,
            "categorial_accuracy": 0.7795212765450173,
            "top_2_accuracy": 0.9044680850049283
        },
        {
            "samples_seens": 83315,
            "task": 22,
            "loss": 0.8454347550108078,
            "epoch": 0,
            "categorial_accuracy": 0.7704255318134389,
            "top_2_accuracy": 0.9035638298886888
        },
        {
            "samples_seens": 86936,
            "task": 23,
            "loss": 0.8431236099689565,
            "epoch": 0,
            "categorial_accuracy": 0.7557978724418802,
            "top_2_accuracy": 0.8963829788755864
        },
        {
            "samples_seens": 90559,
            "task": 24,
            "loss": 1.001775587467437,
            "epoch": 0,
            "categorial_accuracy": 0.7230851063322513,
            "top_2_accuracy": 0.8887765958461356
        },
        {
            "samples_seens": 94181,
            "task": 0,
            "loss": 0.690245415707852,
            "epoch": 1,
            "categorial_accuracy": 0.7958510638297872,
            "top_2_accuracy": 0.9097340425531915
        },
        {
            "samples_seens": 97802,
            "task": 1,
            "loss": 0.6819869475922686,
            "epoch": 1,
            "categorial_accuracy": 0.7926063831309055,
            "top_2_accuracy": 0.9106914894631568
        },
        {
            "samples_seens": 101423,
            "task": 2,
            "loss": 0.6340730322168229,
            "epoch": 1,
            "categorial_accuracy": 0.8072340424517368,
            "top_2_accuracy": 0.916382978824859
        },
        {
            "samples_seens": 105045,
            "task": 3,
            "loss": 0.6546475290998499,
            "epoch": 1,
            "categorial_accuracy": 0.8021276596251954,
            "top_2_accuracy": 0.9161702127152301
        },
        {
            "samples_seens": 108667,
            "task": 4,
            "loss": 0.6641797165921394,
            "epoch": 1,
            "categorial_accuracy": 0.7996808512160118,
            "top_2_accuracy": 0.9127659573960811
        },
        {
            "samples_seens": 112289,
            "task": 5,
            "loss": 0.6845178639127854,
            "epoch": 1,
            "categorial_accuracy": 0.8005319149443444,
            "top_2_accuracy": 0.9131382978723405
        },
        {
            "samples_seens": 115910,
            "task": 6,
            "loss": 0.6672276450218039,
            "epoch": 1,
            "categorial_accuracy": 0.8036702127152301,
            "top_2_accuracy": 0.9136170214287778
        },
        {
            "samples_seens": 119532,
            "task": 7,
            "loss": 0.6299163776509306,
            "epoch": 1,
            "categorial_accuracy": 0.8095744679836516,
            "top_2_accuracy": 0.9181914893109747
        },
        {
            "samples_seens": 123156,
            "task": 8,
            "loss": 0.6440077940453874,
            "epoch": 1,
            "categorial_accuracy": 0.8105319147921624,
            "top_2_accuracy": 0.9162765956939535
        },
        {
            "samples_seens": 126787,
            "task": 9,
            "loss": 0.631386705966706,
            "epoch": 1,
            "categorial_accuracy": 0.8062234043060466,
            "top_2_accuracy": 0.9177659575989906
        },
        {
            "samples_seens": 130408,
            "task": 10,
            "loss": 0.6308674995189018,
            "epoch": 1,
            "categorial_accuracy": 0.809574468034379,
            "top_2_accuracy": 0.9163297871833151
        },
        {
            "samples_seens": 134029,
            "task": 11,
            "loss": 0.6339783274366501,
            "epoch": 1,
            "categorial_accuracy": 0.8095212766971994,
            "top_2_accuracy": 0.9162234044075013
        },
        {
            "samples_seens": 137652,
            "task": 12,
            "loss": 0.6062823062754692,
            "epoch": 1,
            "categorial_accuracy": 0.807127659422286,
            "top_2_accuracy": 0.9178723403748046
        },
        {
            "samples_seens": 141269,
            "task": 13,
            "loss": 0.5919503663955851,
            "epoch": 1,
            "categorial_accuracy": 0.813457446859238,
            "top_2_accuracy": 0.9213297873862246
        },
        {
            "samples_seens": 144891,
            "task": 14,
            "loss": 0.5816690027460139,
            "epoch": 1,
            "categorial_accuracy": 0.8172872339410985,
            "top_2_accuracy": 0.9235638298886888
        },
        {
            "samples_seens": 148522,
            "task": 15,
            "loss": 0.5824958417517073,
            "epoch": 1,
            "categorial_accuracy": 0.8190425531914893,
            "top_2_accuracy": 0.9262765956939535
        },
        {
            "samples_seens": 152145,
            "task": 16,
            "loss": 0.5796202097294179,
            "epoch": 1,
            "categorial_accuracy": 0.8174999998985453,
            "top_2_accuracy": 0.9253723405269866
        },
        {
            "samples_seens": 155767,
            "task": 17,
            "loss": 0.5799635224139437,
            "epoch": 1,
            "categorial_accuracy": 0.8149468083584562,
            "top_2_accuracy": 0.9247340426546462
        },
        {
            "samples_seens": 159388,
            "task": 18,
            "loss": 0.5496553945034108,
            "epoch": 1,
            "categorial_accuracy": 0.8253191489361702,
            "top_2_accuracy": 0.9301063829279961
        },
        {
            "samples_seens": 163010,
            "task": 19,
            "loss": 0.5599160075948594,
            "epoch": 1,
            "categorial_accuracy": 0.8197872339410984,
            "top_2_accuracy": 0.929042553140762
        },
        {
            "samples_seens": 166632,
            "task": 20,
            "loss": 0.546270458596818,
            "epoch": 1,
            "categorial_accuracy": 0.8256382980245225,
            "top_2_accuracy": 0.932872340577714
        },
        {
            "samples_seens": 170253,
            "task": 21,
            "loss": 0.5840011027011466,
            "epoch": 1,
            "categorial_accuracy": 0.813510638247145,
            "top_2_accuracy": 0.9302127659574468
        },
        {
            "samples_seens": 173874,
            "task": 22,
            "loss": 0.6135291180204838,
            "epoch": 1,
            "categorial_accuracy": 0.8088297871325878,
            "top_2_accuracy": 0.9287765957446809
        },
        {
            "samples_seens": 177495,
            "task": 23,
            "loss": 0.6299729191496017,
            "epoch": 1,
            "categorial_accuracy": 0.8036170212765957,
            "top_2_accuracy": 0.9244148934648392
        },
        {
            "samples_seens": 181118,
            "task": 24,
            "loss": 0.8108038262103466,
            "epoch": 1,
            "categorial_accuracy": 0.7684574466563285,
            "top_2_accuracy": 0.9087234044075012
        },
        {
            "samples_seens": 184740,
            "task": 0,
            "loss": 0.6128594157543589,
            "epoch": 2,
            "categorial_accuracy": 0.8204255319148936,
            "top_2_accuracy": 0.9278723405269866
        },
        {
            "samples_seens": 188361,
            "task": 1,
            "loss": 0.612658943013942,
            "epoch": 2,
            "categorial_accuracy": 0.8163829787234043,
            "top_2_accuracy": 0.924946808459911
        },
        {
            "samples_seens": 191982,
            "task": 2,
            "loss": 0.6036491218272676,
            "epoch": 2,
            "categorial_accuracy": 0.8197872340932806,
            "top_2_accuracy": 0.926914893718476
        },
        {
            "samples_seens": 195604,
            "task": 3,
            "loss": 0.5809443699552658,
            "epoch": 2,
            "categorial_accuracy": 0.8240425531914893,
            "top_2_accuracy": 0.9300531916415438
        },
        {
            "samples_seens": 199226,
            "task": 4,
            "loss": 0.5556239740138358,
            "epoch": 2,
            "categorial_accuracy": 0.8298404256333696,
            "top_2_accuracy": 0.9329787235564374
        },
        {
            "samples_seens": 202848,
            "task": 5,
            "loss": 0.6014871510038985,
            "epoch": 2,
            "categorial_accuracy": 0.8210638297365067,
            "top_2_accuracy": 0.9268085107397526
        },
        {
            "samples_seens": 206469,
            "task": 6,
            "loss": 0.6247814941152613,
            "epoch": 2,
            "categorial_accuracy": 0.8232446809525186,
            "top_2_accuracy": 0.9276595746202672
        },
        {
            "samples_seens": 210091,
            "task": 7,
            "loss": 0.5766241010706475,
            "epoch": 2,
            "categorial_accuracy": 0.8243617021783869,
            "top_2_accuracy": 0.929042553292944
        },
        {
            "samples_seens": 213715,
            "task": 8,
            "loss": 0.5780508427670662,
            "epoch": 2,
            "categorial_accuracy": 0.8248936171734587,
            "top_2_accuracy": 0.9289361701620386
        },
        {
            "samples_seens": 217346,
            "task": 9,
            "loss": 0.56453501604973,
            "epoch": 2,
            "categorial_accuracy": 0.8268085106382979,
            "top_2_accuracy": 0.9310106383993271
        },
        {
            "samples_seens": 220967,
            "task": 10,
            "loss": 0.5622392774896419,
            "epoch": 2,
            "categorial_accuracy": 0.8264361701113112,
            "top_2_accuracy": 0.9315957447823058
        },
        {
            "samples_seens": 224588,
            "task": 11,
            "loss": 0.5382750074153251,
            "epoch": 2,
            "categorial_accuracy": 0.8343617020769322,
            "top_2_accuracy": 0.9334574469099653
        },
        {
            "samples_seens": 228211,
            "task": 12,
            "loss": 0.5320277655885575,
            "epoch": 2,
            "categorial_accuracy": 0.8321276596251954,
            "top_2_accuracy": 0.9321276596759228
        },
        {
            "samples_seens": 231828,
            "task": 13,
            "loss": 0.555500148205047,
            "epoch": 2,
            "categorial_accuracy": 0.8297340425024642,
            "top_2_accuracy": 0.9308510637790599
        },
        {
            "samples_seens": 235450,
            "task": 14,
            "loss": 0.5408628037635316,
            "epoch": 2,
            "categorial_accuracy": 0.8328191489361703,
            "top_2_accuracy": 0.9316489362716674
        },
        {
            "samples_seens": 239081,
            "task": 15,
            "loss": 0.5258569398332149,
            "epoch": 2,
            "categorial_accuracy": 0.8340957446301237,
            "top_2_accuracy": 0.9331382979737951
        },
        {
            "samples_seens": 242704,
            "task": 16,
            "loss": 0.5108523241256145,
            "epoch": 2,
            "categorial_accuracy": 0.8344680849542009,
            "top_2_accuracy": 0.9354787235564374
        },
        {
            "samples_seens": 246326,
            "task": 17,
            "loss": 0.5174793322035607,
            "epoch": 2,
            "categorial_accuracy": 0.8296808509116477,
            "top_2_accuracy": 0.9356914893109748
        },
        {
            "samples_seens": 249947,
            "task": 18,
            "loss": 0.50434450238309,
            "epoch": 2,
            "categorial_accuracy": 0.8344148934648392,
            "top_2_accuracy": 0.9379255320163483
        },
        {
            "samples_seens": 253569,
            "task": 19,
            "loss": 0.5107758686136692,
            "epoch": 2,
            "categorial_accuracy": 0.8311170213273231,
            "top_2_accuracy": 0.9350531913371797
        },
        {
            "samples_seens": 257191,
            "task": 20,
            "loss": 0.5146919102618035,
            "epoch": 2,
            "categorial_accuracy": 0.831861702178387,
            "top_2_accuracy": 0.9357978722896981
        },
        {
            "samples_seens": 260812,
            "task": 21,
            "loss": 0.5681631441826516,
            "epoch": 2,
            "categorial_accuracy": 0.8189893616514003,
            "top_2_accuracy": 0.9296808510131024
        },
        {
            "samples_seens": 264433,
            "task": 22,
            "loss": 0.6308618850910918,
            "epoch": 2,
            "categorial_accuracy": 0.8048404254811875,
            "top_2_accuracy": 0.9236702128166848
        },
        {
            "samples_seens": 268054,
            "task": 23,
            "loss": 0.5994252373309845,
            "epoch": 2,
            "categorial_accuracy": 0.8070744680851064,
            "top_2_accuracy": 0.9291489363223948
        },
        {
            "samples_seens": 271677,
            "task": 24,
            "loss": 0.6550713206859345,
            "epoch": 2,
            "categorial_accuracy": 0.7928723404255319,
            "top_2_accuracy": 0.9220744679329244
        }
    ],
    "task_count": 25,
    "id": 1
}