{
    "name": "id1_t25_dp0.6_dc0.3_df0.1",
    "results": [
        {
            "samples_seens": 3623,
            "task": 0,
            "loss": 2.408966397833317,
            "epoch": 0,
            "categorial_accuracy": 0.353031914893617,
            "top_2_accuracy": 0.5074468084091835
        },
        {
            "samples_seens": 7244,
            "task": 1,
            "loss": 2.27806808349934,
            "epoch": 0,
            "categorial_accuracy": 0.44010638295335974,
            "top_2_accuracy": 0.5904787234042553
        },
        {
            "samples_seens": 10864,
            "task": 2,
            "loss": 2.1663331153544974,
            "epoch": 0,
            "categorial_accuracy": 0.49500000005072736,
            "top_2_accuracy": 0.6459574469099654
        },
        {
            "samples_seens": 14484,
            "task": 3,
            "loss": 1.8919371221420613,
            "epoch": 0,
            "categorial_accuracy": 0.5337234043567739,
            "top_2_accuracy": 0.6910638296857793
        },
        {
            "samples_seens": 18106,
            "task": 4,
            "loss": 1.6220383309303446,
            "epoch": 0,
            "categorial_accuracy": 0.5720744681358337,
            "top_2_accuracy": 0.7227127660081741
        },
        {
            "samples_seens": 21727,
            "task": 5,
            "loss": 1.4852417566421183,
            "epoch": 0,
            "categorial_accuracy": 0.6028191489868976,
            "top_2_accuracy": 0.7479255317627116
        },
        {
            "samples_seens": 25348,
            "task": 6,
            "loss": 1.526409784885163,
            "epoch": 0,
            "categorial_accuracy": 0.6149468084599109,
            "top_2_accuracy": 0.75452127649429
        },
        {
            "samples_seens": 28971,
            "task": 7,
            "loss": 1.328784579114711,
            "epoch": 0,
            "categorial_accuracy": 0.6385638296857793,
            "top_2_accuracy": 0.7824468085106383
        },
        {
            "samples_seens": 32592,
            "task": 8,
            "loss": 1.2989648463878225,
            "epoch": 0,
            "categorial_accuracy": 0.6578191490883523,
            "top_2_accuracy": 0.8006914892602474
        },
        {
            "samples_seens": 36220,
            "task": 9,
            "loss": 1.2029626228454264,
            "epoch": 0,
            "categorial_accuracy": 0.680904255471331,
            "top_2_accuracy": 0.8156382979737952
        },
        {
            "samples_seens": 39841,
            "task": 10,
            "loss": 1.1279333637115803,
            "epoch": 0,
            "categorial_accuracy": 0.6905851064337061,
            "top_2_accuracy": 0.8263829787234043
        },
        {
            "samples_seens": 43459,
            "task": 11,
            "loss": 1.0683575518587802,
            "epoch": 0,
            "categorial_accuracy": 0.7023936171734587,
            "top_2_accuracy": 0.8344680852585651
        },
        {
            "samples_seens": 47081,
            "task": 12,
            "loss": 1.0600016710098754,
            "epoch": 0,
            "categorial_accuracy": 0.704946808612093,
            "top_2_accuracy": 0.8407978722896982
        },
        {
            "samples_seens": 50701,
            "task": 13,
            "loss": 1.0056011280100396,
            "epoch": 0,
            "categorial_accuracy": 0.7175,
            "top_2_accuracy": 0.8513829787234043
        },
        {
            "samples_seens": 54322,
            "task": 14,
            "loss": 0.9687321769430283,
            "epoch": 0,
            "categorial_accuracy": 0.7243617022798416,
            "top_2_accuracy": 0.8557978721882434
        },
        {
            "samples_seens": 57949,
            "task": 15,
            "loss": 0.9064664452633959,
            "epoch": 0,
            "categorial_accuracy": 0.7399468085106383,
            "top_2_accuracy": 0.8655319148428897
        },
        {
            "samples_seens": 61572,
            "task": 16,
            "loss": 0.8809562718107345,
            "epoch": 0,
            "categorial_accuracy": 0.741542553292944,
            "top_2_accuracy": 0.8746276596759228
        },
        {
            "samples_seens": 65193,
            "task": 17,
            "loss": 0.8298239116465792,
            "epoch": 0,
            "categorial_accuracy": 0.7582978723911529,
            "top_2_accuracy": 0.8822872339918258
        },
        {
            "samples_seens": 68812,
            "task": 18,
            "loss": 0.7656968099005679,
            "epoch": 0,
            "categorial_accuracy": 0.7765425532929441,
            "top_2_accuracy": 0.8907978724418802
        },
        {
            "samples_seens": 72434,
            "task": 19,
            "loss": 0.7481557027837064,
            "epoch": 0,
            "categorial_accuracy": 0.7763297873862246,
            "top_2_accuracy": 0.8929787233028006
        },
        {
            "samples_seens": 76056,
            "task": 20,
            "loss": 0.7076139420651375,
            "epoch": 0,
            "categorial_accuracy": 0.7848936169705493,
            "top_2_accuracy": 0.902659574315903
        },
        {
            "samples_seens": 79677,
            "task": 21,
            "loss": 0.692651688088762,
            "epoch": 0,
            "categorial_accuracy": 0.7900000000507273,
            "top_2_accuracy": 0.9073936169198219
        },
        {
            "samples_seens": 83299,
            "task": 22,
            "loss": 0.7018704205370964,
            "epoch": 0,
            "categorial_accuracy": 0.7919148936677486,
            "top_2_accuracy": 0.9106914894631568
        },
        {
            "samples_seens": 86919,
            "task": 23,
            "loss": 0.6595656515689606,
            "epoch": 0,
            "categorial_accuracy": 0.7976595745695398,
            "top_2_accuracy": 0.9180851064337061
        },
        {
            "samples_seens": 90541,
            "task": 24,
            "loss": 0.6666795379557509,
            "epoch": 0,
            "categorial_accuracy": 0.8045212764435626,
            "top_2_accuracy": 0.920904255319149
        },
        {
            "samples_seens": 94164,
            "task": 0,
            "loss": 0.7486307806664325,
            "epoch": 1,
            "categorial_accuracy": 0.7873404254304602,
            "top_2_accuracy": 0.9047872339410985
        },
        {
            "samples_seens": 97785,
            "task": 1,
            "loss": 0.747351846948583,
            "epoch": 1,
            "categorial_accuracy": 0.7876063830294507,
            "top_2_accuracy": 0.9029787234042553
        },
        {
            "samples_seens": 101405,
            "task": 2,
            "loss": 0.7632641352998449,
            "epoch": 1,
            "categorial_accuracy": 0.7821276596251955,
            "top_2_accuracy": 0.8981382977201584
        },
        {
            "samples_seens": 105025,
            "task": 3,
            "loss": 0.801203324338223,
            "epoch": 1,
            "categorial_accuracy": 0.7817553191996636,
            "top_2_accuracy": 0.9001063830294508
        },
        {
            "samples_seens": 108647,
            "task": 4,
            "loss": 0.7281012199787383,
            "epoch": 1,
            "categorial_accuracy": 0.7931382978723405,
            "top_2_accuracy": 0.9065957446301237
        },
        {
            "samples_seens": 112268,
            "task": 5,
            "loss": 0.7450246503505301,
            "epoch": 1,
            "categorial_accuracy": 0.7882446809525185,
            "top_2_accuracy": 0.9047872339918258
        },
        {
            "samples_seens": 115889,
            "task": 6,
            "loss": 0.7280738540913196,
            "epoch": 1,
            "categorial_accuracy": 0.7896276594730134,
            "top_2_accuracy": 0.9064893616514003
        },
        {
            "samples_seens": 119512,
            "task": 7,
            "loss": 0.7222443601932932,
            "epoch": 1,
            "categorial_accuracy": 0.7931914894124295,
            "top_2_accuracy": 0.9065425533436714
        },
        {
            "samples_seens": 123133,
            "task": 8,
            "loss": 0.7195820949939972,
            "epoch": 1,
            "categorial_accuracy": 0.7912765957954082,
            "top_2_accuracy": 0.9054255319656209
        },
        {
            "samples_seens": 126761,
            "task": 9,
            "loss": 0.7106159650518539,
            "epoch": 1,
            "categorial_accuracy": 0.7951063828265413,
            "top_2_accuracy": 0.9078191489361702
        },
        {
            "samples_seens": 130382,
            "task": 10,
            "loss": 0.7025199098282672,
            "epoch": 1,
            "categorial_accuracy": 0.7932446807496091,
            "top_2_accuracy": 0.9096276597266502
        },
        {
            "samples_seens": 134000,
            "task": 11,
            "loss": 0.7213199628667628,
            "epoch": 1,
            "categorial_accuracy": 0.7919680852078377,
            "top_2_accuracy": 0.9081914893109748
        },
        {
            "samples_seens": 137622,
            "task": 12,
            "loss": 0.6928440499052089,
            "epoch": 1,
            "categorial_accuracy": 0.7970744681865611,
            "top_2_accuracy": 0.9093085106382979
        },
        {
            "samples_seens": 141242,
            "task": 13,
            "loss": 0.6701886726440267,
            "epoch": 1,
            "categorial_accuracy": 0.798457446859238,
            "top_2_accuracy": 0.9115425533436714
        },
        {
            "samples_seens": 144863,
            "task": 14,
            "loss": 0.654628777529331,
            "epoch": 1,
            "categorial_accuracy": 0.8064893617021277,
            "top_2_accuracy": 0.9155319150457991
        },
        {
            "samples_seens": 148490,
            "task": 15,
            "loss": 0.6491947001599251,
            "epoch": 1,
            "categorial_accuracy": 0.8030319150457991,
            "top_2_accuracy": 0.915
        },
        {
            "samples_seens": 152113,
            "task": 16,
            "loss": 0.6168815342416154,
            "epoch": 1,
            "categorial_accuracy": 0.8121276597266501,
            "top_2_accuracy": 0.9177659575989906
        },
        {
            "samples_seens": 155734,
            "task": 17,
            "loss": 0.6179608720921456,
            "epoch": 1,
            "categorial_accuracy": 0.8121808510638298,
            "top_2_accuracy": 0.9186702129181396
        },
        {
            "samples_seens": 159353,
            "task": 18,
            "loss": 0.5814278821742281,
            "epoch": 1,
            "categorial_accuracy": 0.8183510638297873,
            "top_2_accuracy": 0.9242021278117566
        },
        {
            "samples_seens": 162975,
            "task": 19,
            "loss": 0.5744713879392502,
            "epoch": 1,
            "categorial_accuracy": 0.8195212765450173,
            "top_2_accuracy": 0.9237765957446809
        },
        {
            "samples_seens": 166597,
            "task": 20,
            "loss": 0.5640883756952083,
            "epoch": 1,
            "categorial_accuracy": 0.8207978721882434,
            "top_2_accuracy": 0.9268617021276596
        },
        {
            "samples_seens": 170218,
            "task": 21,
            "loss": 0.5670425693532254,
            "epoch": 1,
            "categorial_accuracy": 0.8180851063829787,
            "top_2_accuracy": 0.9257446806988817
        },
        {
            "samples_seens": 173840,
            "task": 22,
            "loss": 0.5449091334292229,
            "epoch": 1,
            "categorial_accuracy": 0.8276063830801781,
            "top_2_accuracy": 0.9327659575989906
        },
        {
            "samples_seens": 177460,
            "task": 23,
            "loss": 0.5606007764187265,
            "epoch": 1,
            "categorial_accuracy": 0.8257978724926076,
            "top_2_accuracy": 0.9332446808510638
        },
        {
            "samples_seens": 181082,
            "task": 24,
            "loss": 0.6044469094276428,
            "epoch": 1,
            "categorial_accuracy": 0.8211170211751411,
            "top_2_accuracy": 0.9315425531914894
        },
        {
            "samples_seens": 184705,
            "task": 0,
            "loss": 0.6464746106178203,
            "epoch": 2,
            "categorial_accuracy": 0.8155319149443444,
            "top_2_accuracy": 0.9218617022798417
        },
        {
            "samples_seens": 188326,
            "task": 1,
            "loss": 0.6436870473750094,
            "epoch": 2,
            "categorial_accuracy": 0.8163829785712222,
            "top_2_accuracy": 0.9231382980245225
        },
        {
            "samples_seens": 191946,
            "task": 2,
            "loss": 0.7091743118712243,
            "epoch": 2,
            "categorial_accuracy": 0.8071808511652845,
            "top_2_accuracy": 0.9182978724926076
        },
        {
            "samples_seens": 195566,
            "task": 3,
            "loss": 0.6454658651098292,
            "epoch": 2,
            "categorial_accuracy": 0.8134574467577833,
            "top_2_accuracy": 0.9247340425024642
        },
        {
            "samples_seens": 199188,
            "task": 4,
            "loss": 0.6829876042934174,
            "epoch": 2,
            "categorial_accuracy": 0.8086170213780505,
            "top_2_accuracy": 0.918031914893617
        },
        {
            "samples_seens": 202809,
            "task": 5,
            "loss": 0.6569771350698268,
            "epoch": 2,
            "categorial_accuracy": 0.8147340425531915,
            "top_2_accuracy": 0.9213829788755863
        },
        {
            "samples_seens": 206430,
            "task": 6,
            "loss": 0.6361612874903577,
            "epoch": 2,
            "categorial_accuracy": 0.8160106382978723,
            "top_2_accuracy": 0.9231914893109747
        },
        {
            "samples_seens": 210053,
            "task": 7,
            "loss": 0.6528647208467443,
            "epoch": 2,
            "categorial_accuracy": 0.8131382978216131,
            "top_2_accuracy": 0.9203723405269866
        },
        {
            "samples_seens": 213674,
            "task": 8,
            "loss": 0.6472205968106046,
            "epoch": 2,
            "categorial_accuracy": 0.8143617021276596,
            "top_2_accuracy": 0.92047872350571
        },
        {
            "samples_seens": 217302,
            "task": 9,
            "loss": 0.6284676326082108,
            "epoch": 2,
            "categorial_accuracy": 0.8162765956432262,
            "top_2_accuracy": 0.9231382979230678
        },
        {
            "samples_seens": 220923,
            "task": 10,
            "loss": 0.612905243051813,
            "epoch": 2,
            "categorial_accuracy": 0.8165957446301237,
            "top_2_accuracy": 0.9257978724926076
        },
        {
            "samples_seens": 224541,
            "task": 11,
            "loss": 0.6249238152706876,
            "epoch": 2,
            "categorial_accuracy": 0.816968085106383,
            "top_2_accuracy": 0.9243085105875705
        },
        {
            "samples_seens": 228163,
            "task": 12,
            "loss": 0.6080786443263927,
            "epoch": 2,
            "categorial_accuracy": 0.820053191387907,
            "top_2_accuracy": 0.9232446809525185
        },
        {
            "samples_seens": 231783,
            "task": 13,
            "loss": 0.6907796573131643,
            "epoch": 2,
            "categorial_accuracy": 0.8048404254811875,
            "top_2_accuracy": 0.9140425533436715
        },
        {
            "samples_seens": 235404,
            "task": 14,
            "loss": 0.5842515907642689,
            "epoch": 2,
            "categorial_accuracy": 0.8230319149950718,
            "top_2_accuracy": 0.9272340425531915
        },
        {
            "samples_seens": 239031,
            "task": 15,
            "loss": 0.5875715900989289,
            "epoch": 2,
            "categorial_accuracy": 0.8217553192503909,
            "top_2_accuracy": 0.9276595745695398
        },
        {
            "samples_seens": 242654,
            "task": 16,
            "loss": 0.5647384438108891,
            "epoch": 2,
            "categorial_accuracy": 0.8269680850049282,
            "top_2_accuracy": 0.9279787233535279
        },
        {
            "samples_seens": 246275,
            "task": 17,
            "loss": 0.5480057359756307,
            "epoch": 2,
            "categorial_accuracy": 0.8262765956432261,
            "top_2_accuracy": 0.9296276595237407
        },
        {
            "samples_seens": 249894,
            "task": 18,
            "loss": 0.552840813017906,
            "epoch": 2,
            "categorial_accuracy": 0.8296276596759228,
            "top_2_accuracy": 0.9304787235564373
        },
        {
            "samples_seens": 253516,
            "task": 19,
            "loss": 0.5216524484056108,
            "epoch": 2,
            "categorial_accuracy": 0.8343085107397525,
            "top_2_accuracy": 0.9347340427053735
        },
        {
            "samples_seens": 257138,
            "task": 20,
            "loss": 0.5289473926006479,
            "epoch": 2,
            "categorial_accuracy": 0.8319680851571103,
            "top_2_accuracy": 0.9315425532929441
        },
        {
            "samples_seens": 260759,
            "task": 21,
            "loss": 0.49855888607654164,
            "epoch": 2,
            "categorial_accuracy": 0.8349468084091836,
            "top_2_accuracy": 0.9388297873354973
        },
        {
            "samples_seens": 264381,
            "task": 22,
            "loss": 0.5160369432733414,
            "epoch": 2,
            "categorial_accuracy": 0.8302659574975358,
            "top_2_accuracy": 0.9363297871833152
        },
        {
            "samples_seens": 268001,
            "task": 23,
            "loss": 0.5174785814894006,
            "epoch": 2,
            "categorial_accuracy": 0.8348936169198219,
            "top_2_accuracy": 0.9389361703142207
        },
        {
            "samples_seens": 271623,
            "task": 24,
            "loss": 0.5360038540464767,
            "epoch": 2,
            "categorial_accuracy": 0.8327659574975359,
            "top_2_accuracy": 0.9365957448330331
        }
    ],
    "task_count": 25,
    "id": 1
}