{
    "name": "id1_t25_dp0.3_dc0.6_df0.1",
    "results": [
        {
            "samples_seens": 3623,
            "epoch": 0,
            "task": 0,
            "loss": 2.3855810563107753,
            "top_2_accuracy": 0.5238829787234043,
            "categorial_accuracy": 0.3824468085106383
        },
        {
            "samples_seens": 7244,
            "epoch": 0,
            "task": 1,
            "loss": 2.252622179071954,
            "top_2_accuracy": 0.5977127661096289,
            "categorial_accuracy": 0.4478723404762593
        },
        {
            "samples_seens": 10864,
            "epoch": 0,
            "task": 2,
            "loss": 2.100466807750945,
            "top_2_accuracy": 0.6587234042045917,
            "categorial_accuracy": 0.5155319148428896
        },
        {
            "samples_seens": 14485,
            "epoch": 0,
            "task": 3,
            "loss": 1.7806620349275304,
            "top_2_accuracy": 0.691010638247145,
            "categorial_accuracy": 0.5455319148936171
        },
        {
            "samples_seens": 18107,
            "epoch": 0,
            "task": 4,
            "loss": 1.6395224126856378,
            "top_2_accuracy": 0.7307978723404255,
            "categorial_accuracy": 0.5888297872340426
        },
        {
            "samples_seens": 21728,
            "epoch": 0,
            "task": 5,
            "loss": 1.5330612742647212,
            "top_2_accuracy": 0.7477659574468085,
            "categorial_accuracy": 0.5989893617021277
        },
        {
            "samples_seens": 25349,
            "epoch": 0,
            "task": 6,
            "loss": 1.4044232158457979,
            "top_2_accuracy": 0.776010638247145,
            "categorial_accuracy": 0.638457446859238
        },
        {
            "samples_seens": 28972,
            "epoch": 0,
            "task": 7,
            "loss": 1.3298770453067537,
            "top_2_accuracy": 0.790957446859238,
            "categorial_accuracy": 0.6531382980245225
        },
        {
            "samples_seens": 32594,
            "epoch": 0,
            "task": 8,
            "loss": 1.188162630669614,
            "top_2_accuracy": 0.8119148936677486,
            "categorial_accuracy": 0.6743617022798416
        },
        {
            "samples_seens": 36224,
            "epoch": 0,
            "task": 9,
            "loss": 1.129441520711209,
            "top_2_accuracy": 0.822446808612093,
            "categorial_accuracy": 0.691382978824859
        },
        {
            "samples_seens": 39846,
            "epoch": 0,
            "task": 10,
            "loss": 1.0595780714522016,
            "top_2_accuracy": 0.8353723404762593,
            "categorial_accuracy": 0.7043085105875705
        },
        {
            "samples_seens": 43465,
            "epoch": 0,
            "task": 11,
            "loss": 1.015946940158276,
            "top_2_accuracy": 0.8451063829787234,
            "categorial_accuracy": 0.7167553193011182
        },
        {
            "samples_seens": 47086,
            "epoch": 0,
            "task": 12,
            "loss": 0.949412482545731,
            "top_2_accuracy": 0.8532978722389708,
            "categorial_accuracy": 0.727872340577714
        },
        {
            "samples_seens": 50706,
            "epoch": 0,
            "task": 13,
            "loss": 0.9441633572984249,
            "top_2_accuracy": 0.8600531915400891,
            "categorial_accuracy": 0.7332446809525185
        },
        {
            "samples_seens": 54328,
            "epoch": 0,
            "task": 14,
            "loss": 0.8793876383152414,
            "top_2_accuracy": 0.8688297871833152,
            "categorial_accuracy": 0.745425531813439
        },
        {
            "samples_seens": 57958,
            "epoch": 0,
            "task": 15,
            "loss": 0.8305260748558856,
            "top_2_accuracy": 0.8796808511145572,
            "categorial_accuracy": 0.7586702126137754
        },
        {
            "samples_seens": 61580,
            "epoch": 0,
            "task": 16,
            "loss": 0.7984313865925403,
            "top_2_accuracy": 0.8845212766464721,
            "categorial_accuracy": 0.7671808509116477
        },
        {
            "samples_seens": 65202,
            "epoch": 0,
            "task": 17,
            "loss": 0.8231892032318927,
            "top_2_accuracy": 0.8819680850049283,
            "categorial_accuracy": 0.7585638299394161
        },
        {
            "samples_seens": 68821,
            "epoch": 0,
            "task": 18,
            "loss": 0.7327687246748742,
            "top_2_accuracy": 0.8993085107397526,
            "categorial_accuracy": 0.7771808510638298
        },
        {
            "samples_seens": 72444,
            "epoch": 0,
            "task": 19,
            "loss": 0.7250123432849316,
            "top_2_accuracy": 0.9012765957954082,
            "categorial_accuracy": 0.7858510639819694
        },
        {
            "samples_seens": 76067,
            "epoch": 0,
            "task": 20,
            "loss": 0.7398076755949792,
            "top_2_accuracy": 0.8983510637283325,
            "categorial_accuracy": 0.7792021275073924
        },
        {
            "samples_seens": 79689,
            "epoch": 0,
            "task": 21,
            "loss": 0.7054310031140104,
            "top_2_accuracy": 0.9125531915908164,
            "categorial_accuracy": 0.7929787234549827
        },
        {
            "samples_seens": 83311,
            "epoch": 0,
            "task": 22,
            "loss": 0.6875779473020676,
            "top_2_accuracy": 0.9103723404762593,
            "categorial_accuracy": 0.7933510638297873
        },
        {
            "samples_seens": 86931,
            "epoch": 0,
            "task": 23,
            "loss": 0.7205144001067952,
            "top_2_accuracy": 0.9123936168690945,
            "categorial_accuracy": 0.7939893616514003
        },
        {
            "samples_seens": 90553,
            "epoch": 0,
            "task": 24,
            "loss": 0.8177382548819196,
            "top_2_accuracy": 0.9074468085613656,
            "categorial_accuracy": 0.779893617072004
        },
        {
            "samples_seens": 94176,
            "epoch": 1,
            "task": 0,
            "loss": 0.7196289235987562,
            "top_2_accuracy": 0.907500000152182,
            "categorial_accuracy": 0.7895744681865611
        },
        {
            "samples_seens": 97797,
            "epoch": 1,
            "task": 1,
            "loss": 0.7378387626688531,
            "top_2_accuracy": 0.9060106382978723,
            "categorial_accuracy": 0.7916489363223949
        },
        {
            "samples_seens": 101417,
            "epoch": 1,
            "task": 2,
            "loss": 0.7416603553548772,
            "top_2_accuracy": 0.9027127661096289,
            "categorial_accuracy": 0.7879787233028006
        },
        {
            "samples_seens": 105038,
            "epoch": 1,
            "task": 3,
            "loss": 0.7366089220249906,
            "top_2_accuracy": 0.9048404256333696,
            "categorial_accuracy": 0.7871808512160119
        },
        {
            "samples_seens": 108660,
            "epoch": 1,
            "task": 4,
            "loss": 0.713236137095918,
            "top_2_accuracy": 0.9081914893109748,
            "categorial_accuracy": 0.7933510639819693
        },
        {
            "samples_seens": 112281,
            "epoch": 1,
            "task": 5,
            "loss": 0.701265131209759,
            "top_2_accuracy": 0.9093085107904799,
            "categorial_accuracy": 0.793936170364948
        },
        {
            "samples_seens": 115902,
            "epoch": 1,
            "task": 6,
            "loss": 0.7693369710699041,
            "top_2_accuracy": 0.9035106383993271,
            "categorial_accuracy": 0.7845212765957447
        },
        {
            "samples_seens": 119525,
            "epoch": 1,
            "task": 7,
            "loss": 0.7063098481868175,
            "top_2_accuracy": 0.9087765957954083,
            "categorial_accuracy": 0.7940957447315784
        },
        {
            "samples_seens": 123147,
            "epoch": 1,
            "task": 8,
            "loss": 0.6665780422028075,
            "top_2_accuracy": 0.9142553191489362,
            "categorial_accuracy": 0.8002659572946265
        },
        {
            "samples_seens": 126777,
            "epoch": 1,
            "task": 9,
            "loss": 0.6880345088370303,
            "top_2_accuracy": 0.9127659574975359,
            "categorial_accuracy": 0.7974999998478179
        },
        {
            "samples_seens": 130399,
            "epoch": 1,
            "task": 10,
            "loss": 0.6577944398687241,
            "top_2_accuracy": 0.9159042552684216,
            "categorial_accuracy": 0.8040957446301237
        },
        {
            "samples_seens": 134018,
            "epoch": 1,
            "task": 11,
            "loss": 0.6314777860996571,
            "top_2_accuracy": 0.9182446810032459,
            "categorial_accuracy": 0.8071276595744681
        },
        {
            "samples_seens": 137639,
            "epoch": 1,
            "task": 12,
            "loss": 0.6354951213268524,
            "top_2_accuracy": 0.9164361702634933,
            "categorial_accuracy": 0.8040425531914893
        },
        {
            "samples_seens": 141259,
            "epoch": 1,
            "task": 13,
            "loss": 0.6195512971218596,
            "top_2_accuracy": 0.9166489361194854,
            "categorial_accuracy": 0.8097872340932806
        },
        {
            "samples_seens": 144881,
            "epoch": 1,
            "task": 14,
            "loss": 0.6132284423899144,
            "top_2_accuracy": 0.9186170212258684,
            "categorial_accuracy": 0.8109574467070559
        },
        {
            "samples_seens": 148511,
            "epoch": 1,
            "task": 15,
            "loss": 0.610526041122193,
            "top_2_accuracy": 0.9181382977708857,
            "categorial_accuracy": 0.8104255320163484
        },
        {
            "samples_seens": 152133,
            "epoch": 1,
            "task": 16,
            "loss": 0.6151717557805649,
            "top_2_accuracy": 0.9177659575482632,
            "categorial_accuracy": 0.8085106381964177
        },
        {
            "samples_seens": 155755,
            "epoch": 1,
            "task": 17,
            "loss": 0.5771725493035418,
            "top_2_accuracy": 0.9215957447823058,
            "categorial_accuracy": 0.8160106381456903
        },
        {
            "samples_seens": 159374,
            "epoch": 1,
            "task": 18,
            "loss": 0.577618469608591,
            "top_2_accuracy": 0.9243617022291143,
            "categorial_accuracy": 0.81952127649429
        },
        {
            "samples_seens": 162997,
            "epoch": 1,
            "task": 19,
            "loss": 0.569877138010999,
            "top_2_accuracy": 0.9243617020769322,
            "categorial_accuracy": 0.8206382977708857
        },
        {
            "samples_seens": 166620,
            "epoch": 1,
            "task": 20,
            "loss": 0.5741419340448176,
            "top_2_accuracy": 0.9253191490883523,
            "categorial_accuracy": 0.816968085258565
        },
        {
            "samples_seens": 170242,
            "epoch": 1,
            "task": 21,
            "loss": 0.5600174510732611,
            "top_2_accuracy": 0.9293617022291143,
            "categorial_accuracy": 0.8227127660589015
        },
        {
            "samples_seens": 173864,
            "epoch": 1,
            "task": 22,
            "loss": 0.602784791373192,
            "top_2_accuracy": 0.927499999847818,
            "categorial_accuracy": 0.820425531965621
        },
        {
            "samples_seens": 177484,
            "epoch": 1,
            "task": 23,
            "loss": 0.6231336799073727,
            "top_2_accuracy": 0.9217553189967541,
            "categorial_accuracy": 0.8081914895138842
        },
        {
            "samples_seens": 181106,
            "epoch": 1,
            "task": 24,
            "loss": 0.6845831509346657,
            "top_2_accuracy": 0.9212765955924987,
            "categorial_accuracy": 0.7953723403748045
        },
        {
            "samples_seens": 184729,
            "epoch": 2,
            "task": 0,
            "loss": 0.6339318071274047,
            "top_2_accuracy": 0.9283510639312419,
            "categorial_accuracy": 0.8175000001014547
        },
        {
            "samples_seens": 188350,
            "epoch": 2,
            "task": 1,
            "loss": 0.6243627675797077,
            "top_2_accuracy": 0.9259042552684216,
            "categorial_accuracy": 0.8193085104861157
        },
        {
            "samples_seens": 191970,
            "epoch": 2,
            "task": 2,
            "loss": 0.6671443025355643,
            "top_2_accuracy": 0.9205319149950717,
            "categorial_accuracy": 0.8122872341440079
        },
        {
            "samples_seens": 195591,
            "epoch": 2,
            "task": 3,
            "loss": 0.633576101927047,
            "top_2_accuracy": 0.9218617022798417,
            "categorial_accuracy": 0.8137765956432261
        },
        {
            "samples_seens": 199213,
            "epoch": 2,
            "task": 4,
            "loss": 0.6915268858950189,
            "top_2_accuracy": 0.9185106384500544,
            "categorial_accuracy": 0.8096276596251955
        },
        {
            "samples_seens": 202834,
            "epoch": 2,
            "task": 5,
            "loss": 0.616179314522033,
            "top_2_accuracy": 0.9284042552684216,
            "categorial_accuracy": 0.820053191387907
        },
        {
            "samples_seens": 206455,
            "epoch": 2,
            "task": 6,
            "loss": 0.6155237875086196,
            "top_2_accuracy": 0.9267553190474814,
            "categorial_accuracy": 0.8171808511145572
        },
        {
            "samples_seens": 210078,
            "epoch": 2,
            "task": 7,
            "loss": 0.6251654898866694,
            "top_2_accuracy": 0.9256914893617021,
            "categorial_accuracy": 0.8172872339410985
        },
        {
            "samples_seens": 213700,
            "epoch": 2,
            "task": 8,
            "loss": 0.647225927951488,
            "top_2_accuracy": 0.9233510639819693,
            "categorial_accuracy": 0.8152127661096289
        },
        {
            "samples_seens": 217330,
            "epoch": 2,
            "task": 9,
            "loss": 0.5715343374140719,
            "top_2_accuracy": 0.9309042553191489,
            "categorial_accuracy": 0.826648936068758
        },
        {
            "samples_seens": 220952,
            "epoch": 2,
            "task": 10,
            "loss": 0.6127135035839487,
            "top_2_accuracy": 0.9266489360687581,
            "categorial_accuracy": 0.8215425531914894
        },
        {
            "samples_seens": 224571,
            "epoch": 2,
            "task": 11,
            "loss": 0.5835996628568527,
            "top_2_accuracy": 0.9276595745695398,
            "categorial_accuracy": 0.8217553192503909
        },
        {
            "samples_seens": 228192,
            "epoch": 2,
            "task": 12,
            "loss": 0.5683467269704697,
            "top_2_accuracy": 0.9305851063322513,
            "categorial_accuracy": 0.8236702126137754
        },
        {
            "samples_seens": 231812,
            "epoch": 2,
            "task": 13,
            "loss": 0.5723290800541005,
            "top_2_accuracy": 0.9297872339918258,
            "categorial_accuracy": 0.8284042552176942
        },
        {
            "samples_seens": 235434,
            "epoch": 2,
            "task": 14,
            "loss": 0.5783043050258717,
            "top_2_accuracy": 0.9274468086628204,
            "categorial_accuracy": 0.82452127649429
        },
        {
            "samples_seens": 239064,
            "epoch": 2,
            "task": 15,
            "loss": 0.594499286311738,
            "top_2_accuracy": 0.9267553190982089,
            "categorial_accuracy": 0.8234042554206037
        },
        {
            "samples_seens": 242686,
            "epoch": 2,
            "task": 16,
            "loss": 0.5552424899821585,
            "top_2_accuracy": 0.9297340426546462,
            "categorial_accuracy": 0.8260106381456903
        },
        {
            "samples_seens": 246308,
            "epoch": 2,
            "task": 17,
            "loss": 0.5220324866568788,
            "top_2_accuracy": 0.9326595746202672,
            "categorial_accuracy": 0.8325531915400891
        },
        {
            "samples_seens": 249927,
            "epoch": 2,
            "task": 18,
            "loss": 0.5407845945561186,
            "top_2_accuracy": 0.9305319147921624,
            "categorial_accuracy": 0.8297872341947352
        },
        {
            "samples_seens": 253550,
            "epoch": 2,
            "task": 19,
            "loss": 0.5148401962442601,
            "top_2_accuracy": 0.9343617022291143,
            "categorial_accuracy": 0.8356382977201584
        },
        {
            "samples_seens": 257173,
            "epoch": 2,
            "task": 20,
            "loss": 0.5091993709827991,
            "top_2_accuracy": 0.935372340425532,
            "categorial_accuracy": 0.8363297871325879
        },
        {
            "samples_seens": 260795,
            "epoch": 2,
            "task": 21,
            "loss": 0.509877476666836,
            "top_2_accuracy": 0.9367021276595745,
            "categorial_accuracy": 0.8359574469099653
        },
        {
            "samples_seens": 264417,
            "epoch": 2,
            "task": 22,
            "loss": 0.5274739614953387,
            "top_2_accuracy": 0.9357446809525185,
            "categorial_accuracy": 0.8322872339410985
        },
        {
            "samples_seens": 268037,
            "epoch": 2,
            "task": 23,
            "loss": 0.5294846064486403,
            "top_2_accuracy": 0.9359042553698763,
            "categorial_accuracy": 0.826914893718476
        },
        {
            "samples_seens": 271659,
            "epoch": 2,
            "task": 24,
            "loss": 0.7014105640066431,
            "top_2_accuracy": 0.9221808511145572,
            "categorial_accuracy": 0.8050531914893617
        }
    ],
    "id": 1,
    "task_count": 25
}