{
    "name": "id1_t25_dp0.0_dc0.3_df0.7",
    "results": [
        {
            "samples_seens": 3621,
            "task": 0,
            "loss": 2.7624565331479336,
            "epoch": 0,
            "categorial_accuracy": 0.30702127662110834,
            "top_2_accuracy": 0.44989361709736764
        },
        {
            "samples_seens": 7242,
            "task": 1,
            "loss": 1.811565750913417,
            "epoch": 0,
            "categorial_accuracy": 0.5095744682372885,
            "top_2_accuracy": 0.6688297870818605
        },
        {
            "samples_seens": 10855,
            "task": 2,
            "loss": 1.6005826669043683,
            "epoch": 0,
            "categorial_accuracy": 0.554574468034379,
            "top_2_accuracy": 0.7155319149950717
        },
        {
            "samples_seens": 14473,
            "task": 3,
            "loss": 1.4167978344572352,
            "epoch": 0,
            "categorial_accuracy": 0.6025531913371797,
            "top_2_accuracy": 0.7541489362209401
        },
        {
            "samples_seens": 18096,
            "task": 4,
            "loss": 1.2166576222155956,
            "epoch": 0,
            "categorial_accuracy": 0.6475531916415438,
            "top_2_accuracy": 0.8036702126137754
        },
        {
            "samples_seens": 21715,
            "task": 5,
            "loss": 1.1300824272886236,
            "epoch": 0,
            "categorial_accuracy": 0.6781914892095201,
            "top_2_accuracy": 0.821968085106383
        },
        {
            "samples_seens": 25333,
            "task": 6,
            "loss": 1.0256320849378058,
            "epoch": 0,
            "categorial_accuracy": 0.7026063831309055,
            "top_2_accuracy": 0.8398404254811875
        },
        {
            "samples_seens": 28953,
            "task": 7,
            "loss": 1.1151302904778337,
            "epoch": 0,
            "categorial_accuracy": 0.6806914892602474,
            "top_2_accuracy": 0.8273404254304602
        },
        {
            "samples_seens": 32571,
            "task": 8,
            "loss": 0.8966573250040095,
            "epoch": 0,
            "categorial_accuracy": 0.7337765955924987,
            "top_2_accuracy": 0.8674999999492726
        },
        {
            "samples_seens": 36189,
            "task": 9,
            "loss": 0.8935241746902466,
            "epoch": 0,
            "categorial_accuracy": 0.7337234042553191,
            "top_2_accuracy": 0.8656382980245225
        },
        {
            "samples_seens": 39806,
            "task": 10,
            "loss": 0.8054746070821235,
            "epoch": 0,
            "categorial_accuracy": 0.7574999998985453,
            "top_2_accuracy": 0.8826595745695398
        },
        {
            "samples_seens": 43422,
            "task": 11,
            "loss": 0.7831387754196816,
            "epoch": 0,
            "categorial_accuracy": 0.7610106381964177,
            "top_2_accuracy": 0.8878191489868976
        },
        {
            "samples_seens": 47037,
            "task": 12,
            "loss": 0.7795268003484036,
            "epoch": 0,
            "categorial_accuracy": 0.7648936169705493,
            "top_2_accuracy": 0.8893617020262049
        },
        {
            "samples_seens": 50652,
            "task": 13,
            "loss": 0.7449733808192801,
            "epoch": 0,
            "categorial_accuracy": 0.773457446707056,
            "top_2_accuracy": 0.8946276594222861
        },
        {
            "samples_seens": 54265,
            "task": 14,
            "loss": 0.7217713692340445,
            "epoch": 0,
            "categorial_accuracy": 0.7799468085613657,
            "top_2_accuracy": 0.8987765956432261
        },
        {
            "samples_seens": 57879,
            "task": 15,
            "loss": 0.7093375194833633,
            "epoch": 0,
            "categorial_accuracy": 0.7847872341947353,
            "top_2_accuracy": 0.9011170213273231
        },
        {
            "samples_seens": 61493,
            "task": 16,
            "loss": 0.6985219178301223,
            "epoch": 0,
            "categorial_accuracy": 0.783031914741435,
            "top_2_accuracy": 0.9061702127659574
        },
        {
            "samples_seens": 65106,
            "task": 17,
            "loss": 0.6977542998942923,
            "epoch": 0,
            "categorial_accuracy": 0.7815425531914894,
            "top_2_accuracy": 0.9094148936170213
        },
        {
            "samples_seens": 68718,
            "task": 18,
            "loss": 0.717152450896324,
            "epoch": 0,
            "categorial_accuracy": 0.7759042552176942,
            "top_2_accuracy": 0.9061170211244137
        },
        {
            "samples_seens": 72330,
            "task": 19,
            "loss": 0.6905710247729687,
            "epoch": 0,
            "categorial_accuracy": 0.7884042554206037,
            "top_2_accuracy": 0.9134042551669669
        },
        {
            "samples_seens": 75941,
            "task": 20,
            "loss": 0.7171003044919765,
            "epoch": 0,
            "categorial_accuracy": 0.7879787232520733,
            "top_2_accuracy": 0.9123936168690945
        },
        {
            "samples_seens": 79553,
            "task": 21,
            "loss": 0.8121564523209917,
            "epoch": 0,
            "categorial_accuracy": 0.7639361702127659,
            "top_2_accuracy": 0.9012234041031371
        },
        {
            "samples_seens": 83164,
            "task": 22,
            "loss": 0.7880216965269535,
            "epoch": 0,
            "categorial_accuracy": 0.7654787235564374,
            "top_2_accuracy": 0.8992553193011182
        },
        {
            "samples_seens": 86774,
            "task": 23,
            "loss": 0.9723441437457471,
            "epoch": 0,
            "categorial_accuracy": 0.7186702127152301,
            "top_2_accuracy": 0.8765425532929441
        },
        {
            "samples_seens": 90383,
            "task": 24,
            "loss": 1.0549793039484228,
            "epoch": 0,
            "categorial_accuracy": 0.6839893616514003,
            "top_2_accuracy": 0.8562765957954082
        },
        {
            "samples_seens": 94004,
            "task": 0,
            "loss": 0.5831305072916315,
            "epoch": 1,
            "categorial_accuracy": 0.8129787234549827,
            "top_2_accuracy": 0.9214361703649481
        },
        {
            "samples_seens": 97625,
            "task": 1,
            "loss": 0.5791542976967832,
            "epoch": 1,
            "categorial_accuracy": 0.8131914894124295,
            "top_2_accuracy": 0.9249999999492726
        },
        {
            "samples_seens": 101238,
            "task": 2,
            "loss": 0.6052405236376093,
            "epoch": 1,
            "categorial_accuracy": 0.8117553190474814,
            "top_2_accuracy": 0.923138297821613
        },
        {
            "samples_seens": 104856,
            "task": 3,
            "loss": 0.5821575720005847,
            "epoch": 1,
            "categorial_accuracy": 0.8125,
            "top_2_accuracy": 0.922393617072004
        },
        {
            "samples_seens": 108479,
            "task": 4,
            "loss": 0.5647648230765728,
            "epoch": 1,
            "categorial_accuracy": 0.8201063828772687,
            "top_2_accuracy": 0.927819149037625
        },
        {
            "samples_seens": 112098,
            "task": 5,
            "loss": 0.5603425493899812,
            "epoch": 1,
            "categorial_accuracy": 0.8202659575989906,
            "top_2_accuracy": 0.9286702126645028
        },
        {
            "samples_seens": 115716,
            "task": 6,
            "loss": 0.5604411639304872,
            "epoch": 1,
            "categorial_accuracy": 0.8226063831309055,
            "top_2_accuracy": 0.9294680852078377
        },
        {
            "samples_seens": 119336,
            "task": 7,
            "loss": 0.5703035523029084,
            "epoch": 1,
            "categorial_accuracy": 0.8185106384500545,
            "top_2_accuracy": 0.9273936171227313
        },
        {
            "samples_seens": 122954,
            "task": 8,
            "loss": 0.5494032988396097,
            "epoch": 1,
            "categorial_accuracy": 0.8206382979737952,
            "top_2_accuracy": 0.9320744681865611
        },
        {
            "samples_seens": 126572,
            "task": 9,
            "loss": 0.5419716051030666,
            "epoch": 1,
            "categorial_accuracy": 0.8232446809525186,
            "top_2_accuracy": 0.9327659573960811
        },
        {
            "samples_seens": 130189,
            "task": 10,
            "loss": 0.5568643646290962,
            "epoch": 1,
            "categorial_accuracy": 0.8236170212765958,
            "top_2_accuracy": 0.9280851065351607
        },
        {
            "samples_seens": 133805,
            "task": 11,
            "loss": 0.5328055958037681,
            "epoch": 1,
            "categorial_accuracy": 0.8300000001521821,
            "top_2_accuracy": 0.9334042554206037
        },
        {
            "samples_seens": 137420,
            "task": 12,
            "loss": 0.5310636094783214,
            "epoch": 1,
            "categorial_accuracy": 0.8270212767479268,
            "top_2_accuracy": 0.9342553192503908
        },
        {
            "samples_seens": 141035,
            "task": 13,
            "loss": 0.547096102897157,
            "epoch": 1,
            "categorial_accuracy": 0.823617021175141,
            "top_2_accuracy": 0.9308510637790599
        },
        {
            "samples_seens": 144648,
            "task": 14,
            "loss": 0.5493567322162871,
            "epoch": 1,
            "categorial_accuracy": 0.8190957447315784,
            "top_2_accuracy": 0.9281914894631569
        },
        {
            "samples_seens": 148262,
            "task": 15,
            "loss": 0.540507215768733,
            "epoch": 1,
            "categorial_accuracy": 0.8249468086628203,
            "top_2_accuracy": 0.9308510639819693
        },
        {
            "samples_seens": 151876,
            "task": 16,
            "loss": 0.5502971762291928,
            "epoch": 1,
            "categorial_accuracy": 0.8234574469099654,
            "top_2_accuracy": 0.9307978722896981
        },
        {
            "samples_seens": 155489,
            "task": 17,
            "loss": 0.5344905705908511,
            "epoch": 1,
            "categorial_accuracy": 0.8263297873354972,
            "top_2_accuracy": 0.9331382978216131
        },
        {
            "samples_seens": 159101,
            "task": 18,
            "loss": 0.5722751310277493,
            "epoch": 1,
            "categorial_accuracy": 0.8177659575989906,
            "top_2_accuracy": 0.9307978724418803
        },
        {
            "samples_seens": 162713,
            "task": 19,
            "loss": 0.5576772924433363,
            "epoch": 1,
            "categorial_accuracy": 0.8210638298379614,
            "top_2_accuracy": 0.9332446809525186
        },
        {
            "samples_seens": 166324,
            "task": 20,
            "loss": 0.5973539988030778,
            "epoch": 1,
            "categorial_accuracy": 0.8111170213780504,
            "top_2_accuracy": 0.9271808510638297
        },
        {
            "samples_seens": 169936,
            "task": 21,
            "loss": 0.6527331716456312,
            "epoch": 1,
            "categorial_accuracy": 0.7996808509116478,
            "top_2_accuracy": 0.920159574315903
        },
        {
            "samples_seens": 173547,
            "task": 22,
            "loss": 0.6469824665658017,
            "epoch": 1,
            "categorial_accuracy": 0.7989893618543097,
            "top_2_accuracy": 0.9223936170212766
        },
        {
            "samples_seens": 177157,
            "task": 23,
            "loss": 0.8339731433036479,
            "epoch": 1,
            "categorial_accuracy": 0.7555851063829787,
            "top_2_accuracy": 0.8962234042045918
        },
        {
            "samples_seens": 180766,
            "task": 24,
            "loss": 0.8695250528924009,
            "epoch": 1,
            "categorial_accuracy": 0.7401595746202672,
            "top_2_accuracy": 0.8927659573453538
        },
        {
            "samples_seens": 184387,
            "task": 0,
            "loss": 0.5321456822689543,
            "epoch": 2,
            "categorial_accuracy": 0.8307978723911529,
            "top_2_accuracy": 0.9368617020769322
        },
        {
            "samples_seens": 188008,
            "task": 1,
            "loss": 0.5285304369064088,
            "epoch": 2,
            "categorial_accuracy": 0.8288829787234042,
            "top_2_accuracy": 0.9354255319148936
        },
        {
            "samples_seens": 191621,
            "task": 2,
            "loss": 0.509322676607903,
            "epoch": 2,
            "categorial_accuracy": 0.8353191490883523,
            "top_2_accuracy": 0.9387765958968629
        },
        {
            "samples_seens": 195239,
            "task": 3,
            "loss": 0.5261816170621425,
            "epoch": 2,
            "categorial_accuracy": 0.833404255471331,
            "top_2_accuracy": 0.9354787233028006
        },
        {
            "samples_seens": 198862,
            "task": 4,
            "loss": 0.5192337944659781,
            "epoch": 2,
            "categorial_accuracy": 0.8363829787234043,
            "top_2_accuracy": 0.9365425532929441
        },
        {
            "samples_seens": 202481,
            "task": 5,
            "loss": 0.5105228973956818,
            "epoch": 2,
            "categorial_accuracy": 0.8392553190474814,
            "top_2_accuracy": 0.9387765958461356
        },
        {
            "samples_seens": 206099,
            "task": 6,
            "loss": 0.5119018041326645,
            "epoch": 2,
            "categorial_accuracy": 0.8370212765957447,
            "top_2_accuracy": 0.9396808510131024
        },
        {
            "samples_seens": 209719,
            "task": 7,
            "loss": 0.5064046067126253,
            "epoch": 2,
            "categorial_accuracy": 0.8411702127152301,
            "top_2_accuracy": 0.9407446809525185
        },
        {
            "samples_seens": 213337,
            "task": 8,
            "loss": 0.5262376436781376,
            "epoch": 2,
            "categorial_accuracy": 0.8365425531914894,
            "top_2_accuracy": 0.9368617022291142
        },
        {
            "samples_seens": 216955,
            "task": 9,
            "loss": 0.4932773709550817,
            "epoch": 2,
            "categorial_accuracy": 0.842074468034379,
            "top_2_accuracy": 0.9413829787741316
        },
        {
            "samples_seens": 220572,
            "task": 10,
            "loss": 0.514020555146197,
            "epoch": 2,
            "categorial_accuracy": 0.8381914893617022,
            "top_2_accuracy": 0.9371808511652845
        },
        {
            "samples_seens": 224188,
            "task": 11,
            "loss": 0.4843278546536222,
            "epoch": 2,
            "categorial_accuracy": 0.8417553192503909,
            "top_2_accuracy": 0.9402127658559921
        },
        {
            "samples_seens": 227803,
            "task": 12,
            "loss": 0.4940808775069866,
            "epoch": 2,
            "categorial_accuracy": 0.8414893618543098,
            "top_2_accuracy": 0.9395212765450173
        },
        {
            "samples_seens": 231418,
            "task": 13,
            "loss": 0.4883426765178112,
            "epoch": 2,
            "categorial_accuracy": 0.8408510638297872,
            "top_2_accuracy": 0.9396808510131024
        },
        {
            "samples_seens": 235031,
            "task": 14,
            "loss": 0.5011228714851623,
            "epoch": 2,
            "categorial_accuracy": 0.836968085106383,
            "top_2_accuracy": 0.9367021276088471
        },
        {
            "samples_seens": 238645,
            "task": 15,
            "loss": 0.4829736036189059,
            "epoch": 2,
            "categorial_accuracy": 0.8381914895138842,
            "top_2_accuracy": 0.940585106281524
        },
        {
            "samples_seens": 242259,
            "task": 16,
            "loss": 0.515377287078411,
            "epoch": 2,
            "categorial_accuracy": 0.830957446707056,
            "top_2_accuracy": 0.937074468034379
        },
        {
            "samples_seens": 245872,
            "task": 17,
            "loss": 0.4928035384289762,
            "epoch": 2,
            "categorial_accuracy": 0.8380319148428896,
            "top_2_accuracy": 0.9402127658559921
        },
        {
            "samples_seens": 249484,
            "task": 18,
            "loss": 0.4985746187605756,
            "epoch": 2,
            "categorial_accuracy": 0.8341489361702128,
            "top_2_accuracy": 0.9387765958461356
        },
        {
            "samples_seens": 253096,
            "task": 19,
            "loss": 0.5214992230750145,
            "epoch": 2,
            "categorial_accuracy": 0.8302659572946265,
            "top_2_accuracy": 0.9381382980245225
        },
        {
            "samples_seens": 256707,
            "task": 20,
            "loss": 0.5573290756154567,
            "epoch": 2,
            "categorial_accuracy": 0.8195744681865611,
            "top_2_accuracy": 0.9337765958968629
        },
        {
            "samples_seens": 260319,
            "task": 21,
            "loss": 0.6078647425834168,
            "epoch": 2,
            "categorial_accuracy": 0.806276595896863,
            "top_2_accuracy": 0.9275531914893617
        },
        {
            "samples_seens": 263930,
            "task": 22,
            "loss": 0.6389503010283125,
            "epoch": 2,
            "categorial_accuracy": 0.7973404254304601,
            "top_2_accuracy": 0.9266489361702127
        },
        {
            "samples_seens": 267540,
            "task": 23,
            "loss": 0.7357192222108232,
            "epoch": 2,
            "categorial_accuracy": 0.7712234043060465,
            "top_2_accuracy": 0.9127659574975359
        },
        {
            "samples_seens": 271149,
            "task": 24,
            "loss": 0.9915987824886403,
            "epoch": 2,
            "categorial_accuracy": 0.7065425530900347,
            "top_2_accuracy": 0.8705851064844334
        }
    ],
    "task_count": 25,
    "id": 1
}