{
    "name": "id1_t25_dp0.3_dc0.2_df0.5",
    "results": [
        {
            "samples_seens": 3629,
            "epoch": 0,
            "task": 0,
            "loss": 2.4688844473818516,
            "top_2_accuracy": 0.48904255324221674,
            "categorial_accuracy": 0.3500531914893617
        },
        {
            "samples_seens": 7250,
            "epoch": 0,
            "task": 1,
            "loss": 1.9966894512988151,
            "top_2_accuracy": 0.6301063828265413,
            "categorial_accuracy": 0.47340425539523995
        },
        {
            "samples_seens": 10870,
            "epoch": 0,
            "task": 2,
            "loss": 1.770620642418557,
            "top_2_accuracy": 0.6754787235564373,
            "categorial_accuracy": 0.5238297872847699
        },
        {
            "samples_seens": 14491,
            "epoch": 0,
            "task": 3,
            "loss": 1.4305227985787898,
            "top_2_accuracy": 0.7532978723404256,
            "categorial_accuracy": 0.6044148936170213
        },
        {
            "samples_seens": 18112,
            "epoch": 0,
            "task": 4,
            "loss": 1.3369988991351838,
            "top_2_accuracy": 0.7737234042553192,
            "categorial_accuracy": 0.6295744682372885
        },
        {
            "samples_seens": 21729,
            "epoch": 0,
            "task": 5,
            "loss": 1.2352268148990388,
            "top_2_accuracy": 0.7962234041538644,
            "categorial_accuracy": 0.6468085104861158
        },
        {
            "samples_seens": 25350,
            "epoch": 0,
            "task": 6,
            "loss": 1.1518574177965204,
            "top_2_accuracy": 0.8185106381456903,
            "categorial_accuracy": 0.6818085105368431
        },
        {
            "samples_seens": 28971,
            "epoch": 0,
            "task": 7,
            "loss": 1.1133229588447733,
            "top_2_accuracy": 0.8204255318641662,
            "categorial_accuracy": 0.6761170214287778
        },
        {
            "samples_seens": 32594,
            "epoch": 0,
            "task": 8,
            "loss": 1.0012992747286533,
            "top_2_accuracy": 0.847872340425532,
            "categorial_accuracy": 0.7067553189967541
        },
        {
            "samples_seens": 36220,
            "epoch": 0,
            "task": 9,
            "loss": 0.9120935351290601,
            "top_2_accuracy": 0.8629255317627116,
            "categorial_accuracy": 0.7308510638297873
        },
        {
            "samples_seens": 39842,
            "epoch": 0,
            "task": 10,
            "loss": 0.8796948479084259,
            "top_2_accuracy": 0.8663297872340425,
            "categorial_accuracy": 0.7387765957446808
        },
        {
            "samples_seens": 43463,
            "epoch": 0,
            "task": 11,
            "loss": 0.8697678847515836,
            "top_2_accuracy": 0.8719680852078376,
            "categorial_accuracy": 0.735
        },
        {
            "samples_seens": 47084,
            "epoch": 0,
            "task": 12,
            "loss": 0.8002482404607407,
            "top_2_accuracy": 0.8850531914386344,
            "categorial_accuracy": 0.7585106382471449
        },
        {
            "samples_seens": 50705,
            "epoch": 0,
            "task": 13,
            "loss": 0.800887266575022,
            "top_2_accuracy": 0.8869148935155665,
            "categorial_accuracy": 0.7636702126645027
        },
        {
            "samples_seens": 54327,
            "epoch": 0,
            "task": 14,
            "loss": 0.7461875858712703,
            "top_2_accuracy": 0.8965425530393073,
            "categorial_accuracy": 0.7756914893109748
        },
        {
            "samples_seens": 57953,
            "epoch": 0,
            "task": 15,
            "loss": 0.7164922442334763,
            "top_2_accuracy": 0.9036702127659575,
            "categorial_accuracy": 0.7822872341947352
        },
        {
            "samples_seens": 61571,
            "epoch": 0,
            "task": 16,
            "loss": 0.7127168886712257,
            "top_2_accuracy": 0.9097872340932806,
            "categorial_accuracy": 0.7861702128166848
        },
        {
            "samples_seens": 65193,
            "epoch": 0,
            "task": 17,
            "loss": 0.6838111190592989,
            "top_2_accuracy": 0.9086170214287779,
            "categorial_accuracy": 0.7874468085613656
        },
        {
            "samples_seens": 68810,
            "epoch": 0,
            "task": 18,
            "loss": 0.7151858958792179,
            "top_2_accuracy": 0.9046808512160118,
            "categorial_accuracy": 0.7786702129181395
        },
        {
            "samples_seens": 72431,
            "epoch": 0,
            "task": 19,
            "loss": 0.7001528411723198,
            "top_2_accuracy": 0.9112765957954082,
            "categorial_accuracy": 0.7973936168690945
        },
        {
            "samples_seens": 76052,
            "epoch": 0,
            "task": 20,
            "loss": 0.7279690873876531,
            "top_2_accuracy": 0.9060638298379614,
            "categorial_accuracy": 0.7873936168690945
        },
        {
            "samples_seens": 79673,
            "epoch": 0,
            "task": 21,
            "loss": 0.6444866974810336,
            "top_2_accuracy": 0.9167553191489362,
            "categorial_accuracy": 0.792446808612093
        },
        {
            "samples_seens": 83294,
            "epoch": 0,
            "task": 22,
            "loss": 0.721716545287599,
            "top_2_accuracy": 0.9147872340932806,
            "categorial_accuracy": 0.8012234042045918
        },
        {
            "samples_seens": 86914,
            "epoch": 0,
            "task": 23,
            "loss": 0.7510055496337565,
            "top_2_accuracy": 0.9110638297365067,
            "categorial_accuracy": 0.7830319149443444
        },
        {
            "samples_seens": 90536,
            "epoch": 0,
            "task": 24,
            "loss": 0.7618849734042553,
            "top_2_accuracy": 0.9147872341947353,
            "categorial_accuracy": 0.784627659422286
        },
        {
            "samples_seens": 94165,
            "epoch": 1,
            "task": 0,
            "loss": 0.5811056458442769,
            "top_2_accuracy": 0.9251063829279961,
            "categorial_accuracy": 0.804148936068758
        },
        {
            "samples_seens": 97786,
            "epoch": 1,
            "task": 1,
            "loss": 0.616665059429534,
            "top_2_accuracy": 0.9187765958461356,
            "categorial_accuracy": 0.8071276596759228
        },
        {
            "samples_seens": 101406,
            "epoch": 1,
            "task": 2,
            "loss": 0.5894537590412383,
            "top_2_accuracy": 0.9256914893109748,
            "categorial_accuracy": 0.8138297871325878
        },
        {
            "samples_seens": 105027,
            "epoch": 1,
            "task": 3,
            "loss": 0.5786906558655678,
            "top_2_accuracy": 0.9276063830801781,
            "categorial_accuracy": 0.8174468084599109
        },
        {
            "samples_seens": 108648,
            "epoch": 1,
            "task": 4,
            "loss": 0.6216415081886535,
            "top_2_accuracy": 0.9202659575482632,
            "categorial_accuracy": 0.8056914894631568
        },
        {
            "samples_seens": 112265,
            "epoch": 1,
            "task": 5,
            "loss": 0.5863312935068252,
            "top_2_accuracy": 0.9267021277610292,
            "categorial_accuracy": 0.8130851063322514
        },
        {
            "samples_seens": 115886,
            "epoch": 1,
            "task": 6,
            "loss": 0.5838206383015248,
            "top_2_accuracy": 0.9245744682372885,
            "categorial_accuracy": 0.8177127660081742
        },
        {
            "samples_seens": 119507,
            "epoch": 1,
            "task": 7,
            "loss": 0.5883441637171075,
            "top_2_accuracy": 0.9259042552684216,
            "categorial_accuracy": 0.816063829787234
        },
        {
            "samples_seens": 123130,
            "epoch": 1,
            "task": 8,
            "loss": 0.5954137569285454,
            "top_2_accuracy": 0.9254255320163484,
            "categorial_accuracy": 0.8120212764435626
        },
        {
            "samples_seens": 126756,
            "epoch": 1,
            "task": 9,
            "loss": 0.5763408295398063,
            "top_2_accuracy": 0.9248936169705493,
            "categorial_accuracy": 0.8163829785712222
        },
        {
            "samples_seens": 130378,
            "epoch": 1,
            "task": 10,
            "loss": 0.5681698679924011,
            "top_2_accuracy": 0.9280851065351607,
            "categorial_accuracy": 0.8207446807496092
        },
        {
            "samples_seens": 133999,
            "epoch": 1,
            "task": 11,
            "loss": 0.5673557616041062,
            "top_2_accuracy": 0.9288829788755864,
            "categorial_accuracy": 0.821489361600673
        },
        {
            "samples_seens": 137620,
            "epoch": 1,
            "task": 12,
            "loss": 0.5794818284410111,
            "top_2_accuracy": 0.9272340426546462,
            "categorial_accuracy": 0.8210638298379614
        },
        {
            "samples_seens": 141241,
            "epoch": 1,
            "task": 13,
            "loss": 0.5683395220117367,
            "top_2_accuracy": 0.9271808511652845,
            "categorial_accuracy": 0.8223404255826422
        },
        {
            "samples_seens": 144863,
            "epoch": 1,
            "task": 14,
            "loss": 0.5332689050410656,
            "top_2_accuracy": 0.93297872350571,
            "categorial_accuracy": 0.8287765955924988
        },
        {
            "samples_seens": 148489,
            "epoch": 1,
            "task": 15,
            "loss": 0.5268333710508144,
            "top_2_accuracy": 0.9326595745695399,
            "categorial_accuracy": 0.8280851062307967
        },
        {
            "samples_seens": 152107,
            "epoch": 1,
            "task": 16,
            "loss": 0.5336086672417661,
            "top_2_accuracy": 0.932872340577714,
            "categorial_accuracy": 0.8278191489361703
        },
        {
            "samples_seens": 155729,
            "epoch": 1,
            "task": 17,
            "loss": 0.5200004454115604,
            "top_2_accuracy": 0.9362234042045918,
            "categorial_accuracy": 0.8294148936677487
        },
        {
            "samples_seens": 159346,
            "epoch": 1,
            "task": 18,
            "loss": 0.5113272848281455,
            "top_2_accuracy": 0.9348936171734586,
            "categorial_accuracy": 0.8309042552176942
        },
        {
            "samples_seens": 162967,
            "epoch": 1,
            "task": 19,
            "loss": 0.5377786648780741,
            "top_2_accuracy": 0.932393617072004,
            "categorial_accuracy": 0.8229255320670756
        },
        {
            "samples_seens": 166588,
            "epoch": 1,
            "task": 20,
            "loss": 0.5339347639743318,
            "top_2_accuracy": 0.9333510636776051,
            "categorial_accuracy": 0.8285638298886887
        },
        {
            "samples_seens": 170209,
            "epoch": 1,
            "task": 21,
            "loss": 0.5205328158368455,
            "top_2_accuracy": 0.9354787234042553,
            "categorial_accuracy": 0.8282978724418802
        },
        {
            "samples_seens": 173830,
            "epoch": 1,
            "task": 22,
            "loss": 0.5446186229269555,
            "top_2_accuracy": 0.9318085106382978,
            "categorial_accuracy": 0.8276063830294508
        },
        {
            "samples_seens": 177450,
            "epoch": 1,
            "task": 23,
            "loss": 0.5852306151643712,
            "top_2_accuracy": 0.9280851064337061,
            "categorial_accuracy": 0.8145744680851064
        },
        {
            "samples_seens": 181072,
            "epoch": 1,
            "task": 24,
            "loss": 0.5761572877650565,
            "top_2_accuracy": 0.933510638247145,
            "categorial_accuracy": 0.8204787234042553
        },
        {
            "samples_seens": 184701,
            "epoch": 2,
            "task": 0,
            "loss": 0.525462258344001,
            "top_2_accuracy": 0.9402659573960811,
            "categorial_accuracy": 0.8345744679329243
        },
        {
            "samples_seens": 188322,
            "epoch": 2,
            "task": 1,
            "loss": 0.5615819145009873,
            "top_2_accuracy": 0.9319680850556556,
            "categorial_accuracy": 0.8232446806988818
        },
        {
            "samples_seens": 191942,
            "epoch": 2,
            "task": 2,
            "loss": 0.5156780199040758,
            "top_2_accuracy": 0.938404255471331,
            "categorial_accuracy": 0.8318617022291143
        },
        {
            "samples_seens": 195563,
            "epoch": 2,
            "task": 3,
            "loss": 0.5195473733861395,
            "top_2_accuracy": 0.9382446807496091,
            "categorial_accuracy": 0.8357978721882434
        },
        {
            "samples_seens": 199184,
            "epoch": 2,
            "task": 4,
            "loss": 0.5327326019520455,
            "top_2_accuracy": 0.9367553192503909,
            "categorial_accuracy": 0.8312234044075012
        },
        {
            "samples_seens": 202801,
            "epoch": 2,
            "task": 5,
            "loss": 0.5205787956968267,
            "top_2_accuracy": 0.9381914893109747,
            "categorial_accuracy": 0.8348936170720039
        },
        {
            "samples_seens": 206422,
            "epoch": 2,
            "task": 6,
            "loss": 0.5378816054729705,
            "top_2_accuracy": 0.9342021277610292,
            "categorial_accuracy": 0.8335638296350519
        },
        {
            "samples_seens": 210043,
            "epoch": 2,
            "task": 7,
            "loss": 0.5350437849633237,
            "top_2_accuracy": 0.934414893718476,
            "categorial_accuracy": 0.8338297871325878
        },
        {
            "samples_seens": 213666,
            "epoch": 2,
            "task": 8,
            "loss": 0.5109466278806646,
            "top_2_accuracy": 0.9365957447823058,
            "categorial_accuracy": 0.8367553190474815
        },
        {
            "samples_seens": 217292,
            "epoch": 2,
            "task": 9,
            "loss": 0.5186587055946918,
            "top_2_accuracy": 0.9364361701113112,
            "categorial_accuracy": 0.836063829635052
        },
        {
            "samples_seens": 220914,
            "epoch": 2,
            "task": 10,
            "loss": 0.5171741602522262,
            "top_2_accuracy": 0.9377659573960812,
            "categorial_accuracy": 0.8353723404762593
        },
        {
            "samples_seens": 224535,
            "epoch": 2,
            "task": 11,
            "loss": 0.508013053625188,
            "top_2_accuracy": 0.9373404256333696,
            "categorial_accuracy": 0.8357446809017912
        },
        {
            "samples_seens": 228156,
            "epoch": 2,
            "task": 12,
            "loss": 0.49738205841247074,
            "top_2_accuracy": 0.9393085107397526,
            "categorial_accuracy": 0.8390425530900346
        },
        {
            "samples_seens": 231777,
            "epoch": 2,
            "task": 13,
            "loss": 0.47837684253428847,
            "top_2_accuracy": 0.9403723405269866,
            "categorial_accuracy": 0.8431382980245224
        },
        {
            "samples_seens": 235399,
            "epoch": 2,
            "task": 14,
            "loss": 0.487275356764489,
            "top_2_accuracy": 0.9420212765957446,
            "categorial_accuracy": 0.8423936169198218
        },
        {
            "samples_seens": 239025,
            "epoch": 2,
            "task": 15,
            "loss": 0.5020944860894629,
            "top_2_accuracy": 0.9378191488854428,
            "categorial_accuracy": 0.8337234043060465
        },
        {
            "samples_seens": 242643,
            "epoch": 2,
            "task": 16,
            "loss": 0.46928561537823776,
            "top_2_accuracy": 0.943510638399327,
            "categorial_accuracy": 0.8462234042553192
        },
        {
            "samples_seens": 246265,
            "epoch": 2,
            "task": 17,
            "loss": 0.4819669350918303,
            "top_2_accuracy": 0.9429255320163483,
            "categorial_accuracy": 0.8424468085106382
        },
        {
            "samples_seens": 249882,
            "epoch": 2,
            "task": 18,
            "loss": 0.472797474074871,
            "top_2_accuracy": 0.9434574467577833,
            "categorial_accuracy": 0.8446276596759228
        },
        {
            "samples_seens": 253503,
            "epoch": 2,
            "task": 19,
            "loss": 0.5105138282319333,
            "top_2_accuracy": 0.9349468085106383,
            "categorial_accuracy": 0.8338297873862246
        },
        {
            "samples_seens": 257124,
            "epoch": 2,
            "task": 20,
            "loss": 0.47574245792754155,
            "top_2_accuracy": 0.9422340425024641,
            "categorial_accuracy": 0.8422340425531915
        },
        {
            "samples_seens": 260745,
            "epoch": 2,
            "task": 21,
            "loss": 0.4862581006009528,
            "top_2_accuracy": 0.9430319148428896,
            "categorial_accuracy": 0.8368085106382979
        },
        {
            "samples_seens": 264366,
            "epoch": 2,
            "task": 22,
            "loss": 0.5085518534893685,
            "top_2_accuracy": 0.9403191489361702,
            "categorial_accuracy": 0.8392553190474814
        },
        {
            "samples_seens": 267986,
            "epoch": 2,
            "task": 23,
            "loss": 0.5128925928410063,
            "top_2_accuracy": 0.9366489363223949,
            "categorial_accuracy": 0.8345212766971994
        },
        {
            "samples_seens": 271608,
            "epoch": 2,
            "task": 24,
            "loss": 0.5237899401086442,
            "top_2_accuracy": 0.9443617022291143,
            "categorial_accuracy": 0.835159574315903
        }
    ],
    "id": 1,
    "task_count": 25
}