{
    "name": "id1_t25_dp0.0_dc0.7_df0.3",
    "results": [
        {
            "samples_seens": 3622,
            "task": 0,
            "loss": 2.2913969330077477,
            "epoch": 0,
            "categorial_accuracy": 0.37968085101310245,
            "top_2_accuracy": 0.530478723353528
        },
        {
            "samples_seens": 7242,
            "task": 1,
            "loss": 1.969484443258732,
            "epoch": 0,
            "categorial_accuracy": 0.46132978715795153,
            "top_2_accuracy": 0.6197872340425532
        },
        {
            "samples_seens": 10863,
            "task": 2,
            "loss": 1.7141708534321887,
            "epoch": 0,
            "categorial_accuracy": 0.5306382979230678,
            "top_2_accuracy": 0.6909574469606927
        },
        {
            "samples_seens": 14483,
            "task": 3,
            "loss": 1.4680447881779772,
            "epoch": 0,
            "categorial_accuracy": 0.598563829635052,
            "top_2_accuracy": 0.7476595743666304
        },
        {
            "samples_seens": 18103,
            "task": 4,
            "loss": 1.344015076312613,
            "epoch": 0,
            "categorial_accuracy": 0.6315957447315784,
            "top_2_accuracy": 0.773404255471331
        },
        {
            "samples_seens": 21722,
            "task": 5,
            "loss": 1.5058069251446013,
            "epoch": 0,
            "categorial_accuracy": 0.5984042554206036,
            "top_2_accuracy": 0.7467553190474815
        },
        {
            "samples_seens": 25338,
            "task": 6,
            "loss": 1.2280104825851765,
            "epoch": 0,
            "categorial_accuracy": 0.6637234042045917,
            "top_2_accuracy": 0.8019148936677486
        },
        {
            "samples_seens": 28957,
            "task": 7,
            "loss": 1.0989197535210466,
            "epoch": 0,
            "categorial_accuracy": 0.6878191490883523,
            "top_2_accuracy": 0.8256914895138842
        },
        {
            "samples_seens": 32572,
            "task": 8,
            "loss": 1.0411396695197896,
            "epoch": 0,
            "categorial_accuracy": 0.6977127661096288,
            "top_2_accuracy": 0.8330851064844335
        },
        {
            "samples_seens": 36194,
            "task": 9,
            "loss": 0.9933391227620714,
            "epoch": 0,
            "categorial_accuracy": 0.7156914893617021,
            "top_2_accuracy": 0.8522872339410985
        },
        {
            "samples_seens": 39811,
            "task": 10,
            "loss": 0.9781577450671095,
            "epoch": 0,
            "categorial_accuracy": 0.7131382980245224,
            "top_2_accuracy": 0.8466489361194854
        },
        {
            "samples_seens": 43426,
            "task": 11,
            "loss": 0.8741531571428827,
            "epoch": 0,
            "categorial_accuracy": 0.7456914892095201,
            "top_2_accuracy": 0.8688829788755863
        },
        {
            "samples_seens": 47041,
            "task": 12,
            "loss": 0.8821275890634415,
            "epoch": 0,
            "categorial_accuracy": 0.7402659574468086,
            "top_2_accuracy": 0.8707978724926076
        },
        {
            "samples_seens": 50657,
            "task": 13,
            "loss": 0.7947185601579382,
            "epoch": 0,
            "categorial_accuracy": 0.7651595745695399,
            "top_2_accuracy": 0.8838829786219495
        },
        {
            "samples_seens": 54272,
            "task": 14,
            "loss": 0.7722350375195767,
            "epoch": 0,
            "categorial_accuracy": 0.7695212766464721,
            "top_2_accuracy": 0.8868617021783869
        },
        {
            "samples_seens": 57888,
            "task": 15,
            "loss": 0.7937083737393643,
            "epoch": 0,
            "categorial_accuracy": 0.7648936169705493,
            "top_2_accuracy": 0.885904255319149
        },
        {
            "samples_seens": 61503,
            "task": 16,
            "loss": 0.726673092131919,
            "epoch": 0,
            "categorial_accuracy": 0.7778191488854429,
            "top_2_accuracy": 0.8986170213780504
        },
        {
            "samples_seens": 65117,
            "task": 17,
            "loss": 0.7056437399539541,
            "epoch": 0,
            "categorial_accuracy": 0.7817021276088472,
            "top_2_accuracy": 0.9021276596759228
        },
        {
            "samples_seens": 68730,
            "task": 18,
            "loss": 0.7030359229128411,
            "epoch": 0,
            "categorial_accuracy": 0.7870212766971993,
            "top_2_accuracy": 0.9088829786219496
        },
        {
            "samples_seens": 72342,
            "task": 19,
            "loss": 0.7364753144852658,
            "epoch": 0,
            "categorial_accuracy": 0.7723404255319148,
            "top_2_accuracy": 0.9029787233535279
        },
        {
            "samples_seens": 75954,
            "task": 20,
            "loss": 0.6974628578855636,
            "epoch": 0,
            "categorial_accuracy": 0.7892021276088471,
            "top_2_accuracy": 0.9124999999492727
        },
        {
            "samples_seens": 79565,
            "task": 21,
            "loss": 0.9091922296361721,
            "epoch": 0,
            "categorial_accuracy": 0.7337234042045918,
            "top_2_accuracy": 0.8741489361702127
        },
        {
            "samples_seens": 83175,
            "task": 22,
            "loss": 0.7988338328422384,
            "epoch": 0,
            "categorial_accuracy": 0.7611702128674122,
            "top_2_accuracy": 0.9025531913371796
        },
        {
            "samples_seens": 86785,
            "task": 23,
            "loss": 0.9386108478079451,
            "epoch": 0,
            "categorial_accuracy": 0.7274468084599109,
            "top_2_accuracy": 0.8810638298886888
        },
        {
            "samples_seens": 90394,
            "task": 24,
            "loss": 1.1908876186736086,
            "epoch": 0,
            "categorial_accuracy": 0.6687234043060465,
            "top_2_accuracy": 0.8418617022798417
        },
        {
            "samples_seens": 94016,
            "task": 0,
            "loss": 0.6425203942238016,
            "epoch": 1,
            "categorial_accuracy": 0.804946808459911,
            "top_2_accuracy": 0.9170744679329244
        },
        {
            "samples_seens": 97636,
            "task": 1,
            "loss": 0.6146543697093395,
            "epoch": 1,
            "categorial_accuracy": 0.8061702127659575,
            "top_2_accuracy": 0.921595744680851
        },
        {
            "samples_seens": 101257,
            "task": 2,
            "loss": 0.66245707106083,
            "epoch": 1,
            "categorial_accuracy": 0.8004255320163484,
            "top_2_accuracy": 0.9127127661096289
        },
        {
            "samples_seens": 104877,
            "task": 3,
            "loss": 0.647540271282196,
            "epoch": 1,
            "categorial_accuracy": 0.80617021271523,
            "top_2_accuracy": 0.9205851063829787
        },
        {
            "samples_seens": 108497,
            "task": 4,
            "loss": 0.6704962496554598,
            "epoch": 1,
            "categorial_accuracy": 0.8045744682372885,
            "top_2_accuracy": 0.9176063828265413
        },
        {
            "samples_seens": 112116,
            "task": 5,
            "loss": 0.6226378500715215,
            "epoch": 1,
            "categorial_accuracy": 0.8089361701620386,
            "top_2_accuracy": 0.9216489362209401
        },
        {
            "samples_seens": 115732,
            "task": 6,
            "loss": 0.6246018638255748,
            "epoch": 1,
            "categorial_accuracy": 0.8097340424010094,
            "top_2_accuracy": 0.9218085106382978
        },
        {
            "samples_seens": 119351,
            "task": 7,
            "loss": 0.5975194882078374,
            "epoch": 1,
            "categorial_accuracy": 0.8139893616514003,
            "top_2_accuracy": 0.9244148934648392
        },
        {
            "samples_seens": 122966,
            "task": 8,
            "loss": 0.6184357567543679,
            "epoch": 1,
            "categorial_accuracy": 0.8091489361702128,
            "top_2_accuracy": 0.9218085105875705
        },
        {
            "samples_seens": 126588,
            "task": 9,
            "loss": 0.6303392743557058,
            "epoch": 1,
            "categorial_accuracy": 0.813936170212766,
            "top_2_accuracy": 0.9225000001014547
        },
        {
            "samples_seens": 130205,
            "task": 10,
            "loss": 0.6045625853284876,
            "epoch": 1,
            "categorial_accuracy": 0.8141489361194854,
            "top_2_accuracy": 0.9243085107904799
        },
        {
            "samples_seens": 133820,
            "task": 11,
            "loss": 0.5793757665410955,
            "epoch": 1,
            "categorial_accuracy": 0.8157446806988817,
            "top_2_accuracy": 0.9277659574468086
        },
        {
            "samples_seens": 137435,
            "task": 12,
            "loss": 0.5678343277789176,
            "epoch": 1,
            "categorial_accuracy": 0.8169680852078377,
            "top_2_accuracy": 0.9261702126645027
        },
        {
            "samples_seens": 141051,
            "task": 13,
            "loss": 0.5712846819390642,
            "epoch": 1,
            "categorial_accuracy": 0.8224468084599109,
            "top_2_accuracy": 0.9280851063829787
        },
        {
            "samples_seens": 144666,
            "task": 14,
            "loss": 0.5530073122775301,
            "epoch": 1,
            "categorial_accuracy": 0.8214361701620386,
            "top_2_accuracy": 0.9297340427053735
        },
        {
            "samples_seens": 148282,
            "task": 15,
            "loss": 0.5560668752548542,
            "epoch": 1,
            "categorial_accuracy": 0.8222872341947353,
            "top_2_accuracy": 0.9296808510131024
        },
        {
            "samples_seens": 151897,
            "task": 16,
            "loss": 0.5412445760534165,
            "epoch": 1,
            "categorial_accuracy": 0.8255851064844334,
            "top_2_accuracy": 0.9312234044075012
        },
        {
            "samples_seens": 155511,
            "task": 17,
            "loss": 0.5380140239380775,
            "epoch": 1,
            "categorial_accuracy": 0.8259574469099653,
            "top_2_accuracy": 0.93180851079048
        },
        {
            "samples_seens": 159124,
            "task": 18,
            "loss": 0.5914667865570555,
            "epoch": 1,
            "categorial_accuracy": 0.8128191490883523,
            "top_2_accuracy": 0.9248404254811875
        },
        {
            "samples_seens": 162736,
            "task": 19,
            "loss": 0.5681338997851026,
            "epoch": 1,
            "categorial_accuracy": 0.8186170211244137,
            "top_2_accuracy": 0.9287765958461356
        },
        {
            "samples_seens": 166348,
            "task": 20,
            "loss": 0.5676356824408186,
            "epoch": 1,
            "categorial_accuracy": 0.8165957447315784,
            "top_2_accuracy": 0.9300531914893617
        },
        {
            "samples_seens": 169959,
            "task": 21,
            "loss": 0.6198427063860792,
            "epoch": 1,
            "categorial_accuracy": 0.8061170213273231,
            "top_2_accuracy": 0.9221808510638297
        },
        {
            "samples_seens": 173569,
            "task": 22,
            "loss": 0.6164637314258737,
            "epoch": 1,
            "categorial_accuracy": 0.8039361701620386,
            "top_2_accuracy": 0.925159574468085
        },
        {
            "samples_seens": 177179,
            "task": 23,
            "loss": 0.7018895518526118,
            "epoch": 1,
            "categorial_accuracy": 0.7766489362716675,
            "top_2_accuracy": 0.9124468083584563
        },
        {
            "samples_seens": 180788,
            "task": 24,
            "loss": 1.059112478520008,
            "epoch": 1,
            "categorial_accuracy": 0.69430851079048,
            "top_2_accuracy": 0.8590425530393073
        },
        {
            "samples_seens": 184410,
            "task": 0,
            "loss": 0.6251412608775687,
            "epoch": 2,
            "categorial_accuracy": 0.8179787232520732,
            "top_2_accuracy": 0.9262234044075012
        },
        {
            "samples_seens": 188030,
            "task": 1,
            "loss": 0.5960831916585881,
            "epoch": 2,
            "categorial_accuracy": 0.8163297872340426,
            "top_2_accuracy": 0.929574468034379
        },
        {
            "samples_seens": 191651,
            "task": 2,
            "loss": 0.5710764957742488,
            "epoch": 2,
            "categorial_accuracy": 0.827287234144008,
            "top_2_accuracy": 0.9328723405269866
        },
        {
            "samples_seens": 195271,
            "task": 3,
            "loss": 0.5895335012040239,
            "epoch": 2,
            "categorial_accuracy": 0.8235106381964177,
            "top_2_accuracy": 0.9326595744173577
        },
        {
            "samples_seens": 198891,
            "task": 4,
            "loss": 0.5520415288336733,
            "epoch": 2,
            "categorial_accuracy": 0.8314893615499456,
            "top_2_accuracy": 0.9358510637283325
        },
        {
            "samples_seens": 202510,
            "task": 5,
            "loss": 0.548770947126632,
            "epoch": 2,
            "categorial_accuracy": 0.8286170211244137,
            "top_2_accuracy": 0.9363297873354973
        },
        {
            "samples_seens": 206126,
            "task": 6,
            "loss": 0.5777601985221213,
            "epoch": 2,
            "categorial_accuracy": 0.8297872340932806,
            "top_2_accuracy": 0.9344680852078376
        },
        {
            "samples_seens": 209745,
            "task": 7,
            "loss": 0.5265964491062975,
            "epoch": 2,
            "categorial_accuracy": 0.8316489362209402,
            "top_2_accuracy": 0.9363297871833152
        },
        {
            "samples_seens": 213360,
            "task": 8,
            "loss": 0.5577554999767466,
            "epoch": 2,
            "categorial_accuracy": 0.8300000000507274,
            "top_2_accuracy": 0.9353191488347155
        },
        {
            "samples_seens": 216982,
            "task": 9,
            "loss": 0.5482568380426853,
            "epoch": 2,
            "categorial_accuracy": 0.8312234041031371,
            "top_2_accuracy": 0.9341489362716675
        },
        {
            "samples_seens": 220599,
            "task": 10,
            "loss": 0.5499259123142729,
            "epoch": 2,
            "categorial_accuracy": 0.8285638298379614,
            "top_2_accuracy": 0.9303723405269866
        },
        {
            "samples_seens": 224214,
            "task": 11,
            "loss": 0.5461176172976798,
            "epoch": 2,
            "categorial_accuracy": 0.8262765956939535,
            "top_2_accuracy": 0.9361170212258684
        },
        {
            "samples_seens": 227829,
            "task": 12,
            "loss": 0.5072644688981645,
            "epoch": 2,
            "categorial_accuracy": 0.836968085258565,
            "top_2_accuracy": 0.9381914893109747
        },
        {
            "samples_seens": 231445,
            "task": 13,
            "loss": 0.520832776896497,
            "epoch": 2,
            "categorial_accuracy": 0.8360106382471449,
            "top_2_accuracy": 0.9368617020262049
        },
        {
            "samples_seens": 235060,
            "task": 14,
            "loss": 0.5195990470368811,
            "epoch": 2,
            "categorial_accuracy": 0.8352659575989906,
            "top_2_accuracy": 0.9348404254811875
        },
        {
            "samples_seens": 238676,
            "task": 15,
            "loss": 0.5102874219671208,
            "epoch": 2,
            "categorial_accuracy": 0.8409042551669669,
            "top_2_accuracy": 0.9385638298886888
        },
        {
            "samples_seens": 242291,
            "task": 16,
            "loss": 0.4991354514182882,
            "epoch": 2,
            "categorial_accuracy": 0.8401595743666304,
            "top_2_accuracy": 0.9388829788248589
        },
        {
            "samples_seens": 245905,
            "task": 17,
            "loss": 0.5000995362819509,
            "epoch": 2,
            "categorial_accuracy": 0.8380851063322514,
            "top_2_accuracy": 0.9394680850556556
        },
        {
            "samples_seens": 249518,
            "task": 18,
            "loss": 0.5167578072750822,
            "epoch": 2,
            "categorial_accuracy": 0.8306914893109748,
            "top_2_accuracy": 0.9362765956939535
        },
        {
            "samples_seens": 253130,
            "task": 19,
            "loss": 0.5091753470136764,
            "epoch": 2,
            "categorial_accuracy": 0.8300531913371796,
            "top_2_accuracy": 0.9369680850556557
        },
        {
            "samples_seens": 256742,
            "task": 20,
            "loss": 0.5284491049228831,
            "epoch": 2,
            "categorial_accuracy": 0.8267021278117566,
            "top_2_accuracy": 0.9381382978216131
        },
        {
            "samples_seens": 260353,
            "task": 21,
            "loss": 0.5723024315529681,
            "epoch": 2,
            "categorial_accuracy": 0.8180319150457991,
            "top_2_accuracy": 0.9322340424010094
        },
        {
            "samples_seens": 263963,
            "task": 22,
            "loss": 0.6084106206133011,
            "epoch": 2,
            "categorial_accuracy": 0.8081914895138842,
            "top_2_accuracy": 0.9286170212258684
        },
        {
            "samples_seens": 267573,
            "task": 23,
            "loss": 0.6702677916973195,
            "epoch": 2,
            "categorial_accuracy": 0.7904255320670757,
            "top_2_accuracy": 0.9212765957954082
        },
        {
            "samples_seens": 271182,
            "task": 24,
            "loss": 0.8634803407750231,
            "epoch": 2,
            "categorial_accuracy": 0.737872340577714,
            "top_2_accuracy": 0.8862765956939535
        }
    ],
    "task_count": 25,
    "id": 1
}