{
    "name": "id1_t25_dp0.0_dc0.5_df0.5",
    "results": [
        {
            "samples_seens": 3629,
            "task": 0,
            "loss": 2.432279515570783,
            "epoch": 0,
            "categorial_accuracy": 0.35234042548118755,
            "top_2_accuracy": 0.49803191474143493
        },
        {
            "samples_seens": 7250,
            "task": 1,
            "loss": 1.8741220633527065,
            "epoch": 0,
            "categorial_accuracy": 0.5019680851317466,
            "top_2_accuracy": 0.64547872350571
        },
        {
            "samples_seens": 10870,
            "task": 2,
            "loss": 1.5690571637863808,
            "epoch": 0,
            "categorial_accuracy": 0.5720212766464721,
            "top_2_accuracy": 0.7213829785712221
        },
        {
            "samples_seens": 14490,
            "task": 3,
            "loss": 1.4636148443627865,
            "epoch": 0,
            "categorial_accuracy": 0.5894148936170213,
            "top_2_accuracy": 0.7472872338903711
        },
        {
            "samples_seens": 18109,
            "task": 4,
            "loss": 1.3625295663387218,
            "epoch": 0,
            "categorial_accuracy": 0.6257446808510638,
            "top_2_accuracy": 0.7682446809017912
        },
        {
            "samples_seens": 21724,
            "task": 5,
            "loss": 1.131483224300628,
            "epoch": 0,
            "categorial_accuracy": 0.6742021276088471,
            "top_2_accuracy": 0.8166489361194854
        },
        {
            "samples_seens": 25342,
            "task": 6,
            "loss": 1.0818250080879699,
            "epoch": 0,
            "categorial_accuracy": 0.6862765958461355,
            "top_2_accuracy": 0.827925531965621
        },
        {
            "samples_seens": 28959,
            "task": 7,
            "loss": 1.02703952840034,
            "epoch": 0,
            "categorial_accuracy": 0.7041489360180307,
            "top_2_accuracy": 0.8444148934648392
        },
        {
            "samples_seens": 32577,
            "task": 8,
            "loss": 0.9336706159977203,
            "epoch": 0,
            "categorial_accuracy": 0.7232446807496091,
            "top_2_accuracy": 0.8542021277610292
        },
        {
            "samples_seens": 36197,
            "task": 9,
            "loss": 0.9412520381744872,
            "epoch": 0,
            "categorial_accuracy": 0.7268617022798416,
            "top_2_accuracy": 0.8548936170212766
        },
        {
            "samples_seens": 39814,
            "task": 10,
            "loss": 0.8735871493562739,
            "epoch": 0,
            "categorial_accuracy": 0.7385106382978723,
            "top_2_accuracy": 0.8705319150457991
        },
        {
            "samples_seens": 43429,
            "task": 11,
            "loss": 0.8299187014458027,
            "epoch": 0,
            "categorial_accuracy": 0.754680850962375,
            "top_2_accuracy": 0.8811702126137754
        },
        {
            "samples_seens": 47045,
            "task": 12,
            "loss": 0.8090863912156288,
            "epoch": 0,
            "categorial_accuracy": 0.758031914893617,
            "top_2_accuracy": 0.8822872339918258
        },
        {
            "samples_seens": 50661,
            "task": 13,
            "loss": 0.7600935398771408,
            "epoch": 0,
            "categorial_accuracy": 0.7726063828265414,
            "top_2_accuracy": 0.8921808511652844
        },
        {
            "samples_seens": 54276,
            "task": 14,
            "loss": 0.738203663724534,
            "epoch": 0,
            "categorial_accuracy": 0.7772340424517368,
            "top_2_accuracy": 0.8979787233028006
        },
        {
            "samples_seens": 57890,
            "task": 15,
            "loss": 0.7241909595753284,
            "epoch": 0,
            "categorial_accuracy": 0.7799999999492726,
            "top_2_accuracy": 0.8992553192503909
        },
        {
            "samples_seens": 61503,
            "task": 16,
            "loss": 0.7020395604093024,
            "epoch": 0,
            "categorial_accuracy": 0.7839893616514003,
            "top_2_accuracy": 0.9038829787741316
        },
        {
            "samples_seens": 65116,
            "task": 17,
            "loss": 0.709925386601306,
            "epoch": 0,
            "categorial_accuracy": 0.7818617021783869,
            "top_2_accuracy": 0.9036702128166848
        },
        {
            "samples_seens": 68727,
            "task": 18,
            "loss": 0.7099674039191388,
            "epoch": 0,
            "categorial_accuracy": 0.7816489360687581,
            "top_2_accuracy": 0.9067553190982088
        },
        {
            "samples_seens": 72339,
            "task": 19,
            "loss": 0.7039737326033572,
            "epoch": 0,
            "categorial_accuracy": 0.7893617020769322,
            "top_2_accuracy": 0.9095212766464721
        },
        {
            "samples_seens": 75950,
            "task": 20,
            "loss": 0.7090809005879342,
            "epoch": 0,
            "categorial_accuracy": 0.7827127661096289,
            "top_2_accuracy": 0.9092021276088471
        },
        {
            "samples_seens": 79561,
            "task": 21,
            "loss": 0.7625624633342661,
            "epoch": 0,
            "categorial_accuracy": 0.7707978721882435,
            "top_2_accuracy": 0.9069680850049283
        },
        {
            "samples_seens": 83171,
            "task": 22,
            "loss": 0.8142308984918797,
            "epoch": 0,
            "categorial_accuracy": 0.7640425532929441,
            "top_2_accuracy": 0.9024468085613656
        },
        {
            "samples_seens": 86781,
            "task": 23,
            "loss": 0.9983305510561516,
            "epoch": 0,
            "categorial_accuracy": 0.7142021278117565,
            "top_2_accuracy": 0.8656914893109747
        },
        {
            "samples_seens": 90390,
            "task": 24,
            "loss": 1.0547752558931391,
            "epoch": 0,
            "categorial_accuracy": 0.682819149037625,
            "top_2_accuracy": 0.8533510638805146
        },
        {
            "samples_seens": 94019,
            "task": 0,
            "loss": 0.6455184157604866,
            "epoch": 1,
            "categorial_accuracy": 0.802606382927996,
            "top_2_accuracy": 0.9171808512160119
        },
        {
            "samples_seens": 97640,
            "task": 1,
            "loss": 0.6273950750523425,
            "epoch": 1,
            "categorial_accuracy": 0.8010106383485996,
            "top_2_accuracy": 0.9178723403748046
        },
        {
            "samples_seens": 101260,
            "task": 2,
            "loss": 0.6413868287776379,
            "epoch": 1,
            "categorial_accuracy": 0.8022872341947352,
            "top_2_accuracy": 0.919468085258565
        },
        {
            "samples_seens": 104880,
            "task": 3,
            "loss": 0.5974098526416941,
            "epoch": 1,
            "categorial_accuracy": 0.8143085105368432,
            "top_2_accuracy": 0.9228191490883523
        },
        {
            "samples_seens": 108499,
            "task": 4,
            "loss": 0.6187136861364892,
            "epoch": 1,
            "categorial_accuracy": 0.8108510638805146,
            "top_2_accuracy": 0.9197872341440079
        },
        {
            "samples_seens": 112114,
            "task": 5,
            "loss": 0.6048300068682813,
            "epoch": 1,
            "categorial_accuracy": 0.8130319149950718,
            "top_2_accuracy": 0.9238297871833152
        },
        {
            "samples_seens": 115732,
            "task": 6,
            "loss": 0.5911433332270765,
            "epoch": 1,
            "categorial_accuracy": 0.8178191487839881,
            "top_2_accuracy": 0.923510638247145
        },
        {
            "samples_seens": 119349,
            "task": 7,
            "loss": 0.5865013422610912,
            "epoch": 1,
            "categorial_accuracy": 0.8118617021276596,
            "top_2_accuracy": 0.9237765958968629
        },
        {
            "samples_seens": 122967,
            "task": 8,
            "loss": 0.5740455177489747,
            "epoch": 1,
            "categorial_accuracy": 0.8157978724926076,
            "top_2_accuracy": 0.9276595744173578
        },
        {
            "samples_seens": 126587,
            "task": 9,
            "loss": 0.5765140505293582,
            "epoch": 1,
            "categorial_accuracy": 0.8177659574975359,
            "top_2_accuracy": 0.9284574467070559
        },
        {
            "samples_seens": 130204,
            "task": 10,
            "loss": 0.5548797907474193,
            "epoch": 1,
            "categorial_accuracy": 0.8223936168690945,
            "top_2_accuracy": 0.9306914893109748
        },
        {
            "samples_seens": 133819,
            "task": 11,
            "loss": 0.5558297460890831,
            "epoch": 1,
            "categorial_accuracy": 0.822500000152182,
            "top_2_accuracy": 0.9308510637790599
        },
        {
            "samples_seens": 137435,
            "task": 12,
            "loss": 0.5381259701860712,
            "epoch": 1,
            "categorial_accuracy": 0.8237765958968629,
            "top_2_accuracy": 0.9311170214287778
        },
        {
            "samples_seens": 141051,
            "task": 13,
            "loss": 0.539465935001982,
            "epoch": 1,
            "categorial_accuracy": 0.8229255320163483,
            "top_2_accuracy": 0.929042553292944
        },
        {
            "samples_seens": 144666,
            "task": 14,
            "loss": 0.5385603986395167,
            "epoch": 1,
            "categorial_accuracy": 0.8278191490883523,
            "top_2_accuracy": 0.9322340425024641
        },
        {
            "samples_seens": 148280,
            "task": 15,
            "loss": 0.5443429375963008,
            "epoch": 1,
            "categorial_accuracy": 0.8180851064337061,
            "top_2_accuracy": 0.9313829787234043
        },
        {
            "samples_seens": 151893,
            "task": 16,
            "loss": 0.5569733390655923,
            "epoch": 1,
            "categorial_accuracy": 0.8237234044075012,
            "top_2_accuracy": 0.9286170212258684
        },
        {
            "samples_seens": 155506,
            "task": 17,
            "loss": 0.5425180281223135,
            "epoch": 1,
            "categorial_accuracy": 0.8221808511145572,
            "top_2_accuracy": 0.9312234043567739
        },
        {
            "samples_seens": 159117,
            "task": 18,
            "loss": 0.5583200275644343,
            "epoch": 1,
            "categorial_accuracy": 0.817925531965621,
            "top_2_accuracy": 0.9307446808510639
        },
        {
            "samples_seens": 162729,
            "task": 19,
            "loss": 0.5670112762045353,
            "epoch": 1,
            "categorial_accuracy": 0.8191489362716675,
            "top_2_accuracy": 0.93180851079048
        },
        {
            "samples_seens": 166340,
            "task": 20,
            "loss": 0.624230037496445,
            "epoch": 1,
            "categorial_accuracy": 0.8117021275581198,
            "top_2_accuracy": 0.9320212764435626
        },
        {
            "samples_seens": 169951,
            "task": 21,
            "loss": 0.676825849705554,
            "epoch": 1,
            "categorial_accuracy": 0.7932978721882434,
            "top_2_accuracy": 0.9173936171227313
        },
        {
            "samples_seens": 173561,
            "task": 22,
            "loss": 0.6666432571411133,
            "epoch": 1,
            "categorial_accuracy": 0.8020212765450173,
            "top_2_accuracy": 0.9246808510638298
        },
        {
            "samples_seens": 177171,
            "task": 23,
            "loss": 0.8250075835370003,
            "epoch": 1,
            "categorial_accuracy": 0.7632978721882434,
            "top_2_accuracy": 0.9041489362209402
        },
        {
            "samples_seens": 180780,
            "task": 24,
            "loss": 0.9475870803569225,
            "epoch": 1,
            "categorial_accuracy": 0.7325000001014547,
            "top_2_accuracy": 0.886436170364948
        },
        {
            "samples_seens": 184409,
            "task": 0,
            "loss": 0.6109899091974218,
            "epoch": 2,
            "categorial_accuracy": 0.8187765956432261,
            "top_2_accuracy": 0.9242553192503908
        },
        {
            "samples_seens": 188030,
            "task": 1,
            "loss": 0.5783213632918419,
            "epoch": 2,
            "categorial_accuracy": 0.8257446808510638,
            "top_2_accuracy": 0.9292021276088471
        },
        {
            "samples_seens": 191650,
            "task": 2,
            "loss": 0.5314098906517029,
            "epoch": 2,
            "categorial_accuracy": 0.832978723353528,
            "top_2_accuracy": 0.9357446810032459
        },
        {
            "samples_seens": 195270,
            "task": 3,
            "loss": 0.5504157235520951,
            "epoch": 2,
            "categorial_accuracy": 0.8290425531914893,
            "top_2_accuracy": 0.9332446809525186
        },
        {
            "samples_seens": 198889,
            "task": 4,
            "loss": 0.5497000196893165,
            "epoch": 2,
            "categorial_accuracy": 0.8312234041031371,
            "top_2_accuracy": 0.9346808511652845
        },
        {
            "samples_seens": 202504,
            "task": 5,
            "loss": 0.5398754806975101,
            "epoch": 2,
            "categorial_accuracy": 0.8325,
            "top_2_accuracy": 0.9349999999492726
        },
        {
            "samples_seens": 206122,
            "task": 6,
            "loss": 0.5225040185451507,
            "epoch": 2,
            "categorial_accuracy": 0.8366489361702127,
            "top_2_accuracy": 0.9375531914386344
        },
        {
            "samples_seens": 209739,
            "task": 7,
            "loss": 0.5357630712427992,
            "epoch": 2,
            "categorial_accuracy": 0.8322340427053736,
            "top_2_accuracy": 0.9357978724418803
        },
        {
            "samples_seens": 213357,
            "task": 8,
            "loss": 0.5155668610207578,
            "epoch": 2,
            "categorial_accuracy": 0.8356382977201584,
            "top_2_accuracy": 0.9380319149950718
        },
        {
            "samples_seens": 216977,
            "task": 9,
            "loss": 0.5106044249585334,
            "epoch": 2,
            "categorial_accuracy": 0.8359042553191489,
            "top_2_accuracy": 0.9403723405269866
        },
        {
            "samples_seens": 220594,
            "task": 10,
            "loss": 0.5191802291159934,
            "epoch": 2,
            "categorial_accuracy": 0.8311702127659575,
            "top_2_accuracy": 0.9355851064844335
        },
        {
            "samples_seens": 224209,
            "task": 11,
            "loss": 0.5190513170019109,
            "epoch": 2,
            "categorial_accuracy": 0.8357978723404256,
            "top_2_accuracy": 0.9367553192503909
        },
        {
            "samples_seens": 227825,
            "task": 12,
            "loss": 0.5036144528744069,
            "epoch": 2,
            "categorial_accuracy": 0.8357446808003365,
            "top_2_accuracy": 0.9397340426546462
        },
        {
            "samples_seens": 231441,
            "task": 13,
            "loss": 0.4917781262955767,
            "epoch": 2,
            "categorial_accuracy": 0.8363829788755863,
            "top_2_accuracy": 0.9396276596759228
        },
        {
            "samples_seens": 235056,
            "task": 14,
            "loss": 0.5025426501669782,
            "epoch": 2,
            "categorial_accuracy": 0.8358510639819693,
            "top_2_accuracy": 0.9378723405269866
        },
        {
            "samples_seens": 238670,
            "task": 15,
            "loss": 0.5057267002095568,
            "epoch": 2,
            "categorial_accuracy": 0.8394148934648392,
            "top_2_accuracy": 0.940851063931242
        },
        {
            "samples_seens": 242283,
            "task": 16,
            "loss": 0.48775606419177764,
            "epoch": 2,
            "categorial_accuracy": 0.8415957446808511,
            "top_2_accuracy": 0.941914893718476
        },
        {
            "samples_seens": 245896,
            "task": 17,
            "loss": 0.49326395919982424,
            "epoch": 2,
            "categorial_accuracy": 0.8388297873862246,
            "top_2_accuracy": 0.9406382979737952
        },
        {
            "samples_seens": 249507,
            "task": 18,
            "loss": 0.5099406146242264,
            "epoch": 2,
            "categorial_accuracy": 0.8347340426039188,
            "top_2_accuracy": 0.9381382978216131
        },
        {
            "samples_seens": 253119,
            "task": 19,
            "loss": 0.5118170363598682,
            "epoch": 2,
            "categorial_accuracy": 0.8329255320163483,
            "top_2_accuracy": 0.9401595744173578
        },
        {
            "samples_seens": 256730,
            "task": 20,
            "loss": 0.5364305404145667,
            "epoch": 2,
            "categorial_accuracy": 0.8268617020262049,
            "top_2_accuracy": 0.9371276597266501
        },
        {
            "samples_seens": 260341,
            "task": 21,
            "loss": 0.5626428771272619,
            "epoch": 2,
            "categorial_accuracy": 0.8194680849542009,
            "top_2_accuracy": 0.9331382977201583
        },
        {
            "samples_seens": 263951,
            "task": 22,
            "loss": 0.8045893731523067,
            "epoch": 2,
            "categorial_accuracy": 0.7598404256840969,
            "top_2_accuracy": 0.9032446807496091
        },
        {
            "samples_seens": 267561,
            "task": 23,
            "loss": 0.6482026724105185,
            "epoch": 2,
            "categorial_accuracy": 0.799468085106383,
            "top_2_accuracy": 0.9217553189967541
        },
        {
            "samples_seens": 271170,
            "task": 24,
            "loss": 0.856621343074961,
            "epoch": 2,
            "categorial_accuracy": 0.740425531965621,
            "top_2_accuracy": 0.8937234044075012
        }
    ],
    "task_count": 25,
    "id": 1
}