{
    "name": "id1_t25_dp0.5_dc0.0_df0.5",
    "results": [
        {
            "samples_seens": 3629,
            "task": 0,
            "loss": 2.4354701512925168,
            "epoch": 0,
            "categorial_accuracy": 0.3490957447569421,
            "top_2_accuracy": 0.4867553192250272
        },
        {
            "samples_seens": 7250,
            "task": 1,
            "loss": 1.9191837141361643,
            "epoch": 0,
            "categorial_accuracy": 0.4865957447569421,
            "top_2_accuracy": 0.6495744682372885
        },
        {
            "samples_seens": 10870,
            "task": 2,
            "loss": 1.6763430983969505,
            "epoch": 0,
            "categorial_accuracy": 0.5369148936677486,
            "top_2_accuracy": 0.6919680852078377
        },
        {
            "samples_seens": 14491,
            "task": 3,
            "loss": 1.4029595119395155,
            "epoch": 0,
            "categorial_accuracy": 0.6133510639819693,
            "top_2_accuracy": 0.7575531914386343
        },
        {
            "samples_seens": 18111,
            "task": 4,
            "loss": 1.3063621477370566,
            "epoch": 0,
            "categorial_accuracy": 0.6337234044075012,
            "top_2_accuracy": 0.7735106383485997
        },
        {
            "samples_seens": 21728,
            "task": 5,
            "loss": 1.1994952629982156,
            "epoch": 0,
            "categorial_accuracy": 0.6632446808003365,
            "top_2_accuracy": 0.8035638297872341
        },
        {
            "samples_seens": 25347,
            "task": 6,
            "loss": 1.1161990472103687,
            "epoch": 0,
            "categorial_accuracy": 0.6790957445286689,
            "top_2_accuracy": 0.8202659574975358
        },
        {
            "samples_seens": 28967,
            "task": 7,
            "loss": 1.0675653020371783,
            "epoch": 0,
            "categorial_accuracy": 0.6944148935662939,
            "top_2_accuracy": 0.8310638298886888
        },
        {
            "samples_seens": 32588,
            "task": 8,
            "loss": 0.9632762269263572,
            "epoch": 0,
            "categorial_accuracy": 0.7177127661096289,
            "top_2_accuracy": 0.8517021276595744
        },
        {
            "samples_seens": 36212,
            "task": 9,
            "loss": 0.9437384607944083,
            "epoch": 0,
            "categorial_accuracy": 0.7301595744173578,
            "top_2_accuracy": 0.8599468083584563
        },
        {
            "samples_seens": 39834,
            "task": 10,
            "loss": 0.8915215358835585,
            "epoch": 0,
            "categorial_accuracy": 0.7407978724418802,
            "top_2_accuracy": 0.8682446808510639
        },
        {
            "samples_seens": 43455,
            "task": 11,
            "loss": 0.8412236263396892,
            "epoch": 0,
            "categorial_accuracy": 0.7514893616006729,
            "top_2_accuracy": 0.8785638299394161
        },
        {
            "samples_seens": 47077,
            "task": 12,
            "loss": 0.8196286854845413,
            "epoch": 0,
            "categorial_accuracy": 0.7528723404762593,
            "top_2_accuracy": 0.8773936171734587
        },
        {
            "samples_seens": 50698,
            "task": 13,
            "loss": 0.9013217830150685,
            "epoch": 0,
            "categorial_accuracy": 0.7326063831309054,
            "top_2_accuracy": 0.8646808510131024
        },
        {
            "samples_seens": 54320,
            "task": 14,
            "loss": 0.7358943896598005,
            "epoch": 0,
            "categorial_accuracy": 0.7771808511652845,
            "top_2_accuracy": 0.8940957447315784
        },
        {
            "samples_seens": 57944,
            "task": 15,
            "loss": 0.7111581405680231,
            "epoch": 0,
            "categorial_accuracy": 0.7808510639819694,
            "top_2_accuracy": 0.8998936171227313
        },
        {
            "samples_seens": 61565,
            "task": 16,
            "loss": 0.7053805620112318,
            "epoch": 0,
            "categorial_accuracy": 0.7829255317627115,
            "top_2_accuracy": 0.9015957445793964
        },
        {
            "samples_seens": 65185,
            "task": 17,
            "loss": 0.6813539752047113,
            "epoch": 0,
            "categorial_accuracy": 0.7906914892602475,
            "top_2_accuracy": 0.9086170214287779
        },
        {
            "samples_seens": 68804,
            "task": 18,
            "loss": 0.6730285218928722,
            "epoch": 0,
            "categorial_accuracy": 0.7892553190982088,
            "top_2_accuracy": 0.914893617072004
        },
        {
            "samples_seens": 72421,
            "task": 19,
            "loss": 0.6667596652659964,
            "epoch": 0,
            "categorial_accuracy": 0.7969148936677486,
            "top_2_accuracy": 0.9118617019754776
        },
        {
            "samples_seens": 76041,
            "task": 20,
            "loss": 0.6593983473169043,
            "epoch": 0,
            "categorial_accuracy": 0.8005319149443444,
            "top_2_accuracy": 0.9174468085106383
        },
        {
            "samples_seens": 79662,
            "task": 21,
            "loss": 0.6146352504669351,
            "epoch": 0,
            "categorial_accuracy": 0.8055851065351608,
            "top_2_accuracy": 0.9196276596251954
        },
        {
            "samples_seens": 83282,
            "task": 22,
            "loss": 0.6412851873864519,
            "epoch": 0,
            "categorial_accuracy": 0.7993085105875705,
            "top_2_accuracy": 0.9169148934648392
        },
        {
            "samples_seens": 86903,
            "task": 23,
            "loss": 0.708163203736569,
            "epoch": 0,
            "categorial_accuracy": 0.7993085107397526,
            "top_2_accuracy": 0.9193085106890252
        },
        {
            "samples_seens": 90532,
            "task": 24,
            "loss": 0.6643876329381415,
            "epoch": 0,
            "categorial_accuracy": 0.8022872341947352,
            "top_2_accuracy": 0.9229255320670757
        },
        {
            "samples_seens": 94161,
            "task": 0,
            "loss": 0.5883243525789139,
            "epoch": 1,
            "categorial_accuracy": 0.8151063829279961,
            "top_2_accuracy": 0.9254255318641662
        },
        {
            "samples_seens": 97782,
            "task": 1,
            "loss": 0.596984211688346,
            "epoch": 1,
            "categorial_accuracy": 0.8123936171734587,
            "top_2_accuracy": 0.9235638296857793
        },
        {
            "samples_seens": 101402,
            "task": 2,
            "loss": 0.5951817895503755,
            "epoch": 1,
            "categorial_accuracy": 0.8109042552684216,
            "top_2_accuracy": 0.9225000001014547
        },
        {
            "samples_seens": 105023,
            "task": 3,
            "loss": 0.5890557499895704,
            "epoch": 1,
            "categorial_accuracy": 0.8110638298379614,
            "top_2_accuracy": 0.9244680852078377
        },
        {
            "samples_seens": 108643,
            "task": 4,
            "loss": 0.5868557871656215,
            "epoch": 1,
            "categorial_accuracy": 0.8152127658559921,
            "top_2_accuracy": 0.9238297873354973
        },
        {
            "samples_seens": 112260,
            "task": 5,
            "loss": 0.5638016306593063,
            "epoch": 1,
            "categorial_accuracy": 0.8169148936677486,
            "top_2_accuracy": 0.926010638247145
        },
        {
            "samples_seens": 115879,
            "task": 6,
            "loss": 0.5767753960223908,
            "epoch": 1,
            "categorial_accuracy": 0.8174468084091836,
            "top_2_accuracy": 0.9264361703142207
        },
        {
            "samples_seens": 119499,
            "task": 7,
            "loss": 0.5730077002403584,
            "epoch": 1,
            "categorial_accuracy": 0.8177659574468085,
            "top_2_accuracy": 0.9271808511652845
        },
        {
            "samples_seens": 123120,
            "task": 8,
            "loss": 0.5782630481872153,
            "epoch": 1,
            "categorial_accuracy": 0.8162765955924988,
            "top_2_accuracy": 0.9253723403240772
        },
        {
            "samples_seens": 126744,
            "task": 9,
            "loss": 0.621492902243391,
            "epoch": 1,
            "categorial_accuracy": 0.8054787235564373,
            "top_2_accuracy": 0.9172340426546463
        },
        {
            "samples_seens": 130366,
            "task": 10,
            "loss": 0.5660698523927242,
            "epoch": 1,
            "categorial_accuracy": 0.8195212766971994,
            "top_2_accuracy": 0.9279787233535279
        },
        {
            "samples_seens": 133987,
            "task": 11,
            "loss": 0.5572062451281447,
            "epoch": 1,
            "categorial_accuracy": 0.8230851064844334,
            "top_2_accuracy": 0.9285106382978724
        },
        {
            "samples_seens": 137609,
            "task": 12,
            "loss": 0.5487389398382065,
            "epoch": 1,
            "categorial_accuracy": 0.8223404255319149,
            "top_2_accuracy": 0.92952127649429
        },
        {
            "samples_seens": 141230,
            "task": 13,
            "loss": 0.5359625506147425,
            "epoch": 1,
            "categorial_accuracy": 0.8296276594730134,
            "top_2_accuracy": 0.9329787233535279
        },
        {
            "samples_seens": 144852,
            "task": 14,
            "loss": 0.537968571794794,
            "epoch": 1,
            "categorial_accuracy": 0.8215425532422167,
            "top_2_accuracy": 0.9321808511652845
        },
        {
            "samples_seens": 148476,
            "task": 15,
            "loss": 0.5279263865186813,
            "epoch": 1,
            "categorial_accuracy": 0.8292021276595745,
            "top_2_accuracy": 0.9339361703142207
        },
        {
            "samples_seens": 152097,
            "task": 16,
            "loss": 0.5230403088001495,
            "epoch": 1,
            "categorial_accuracy": 0.830053191540089,
            "top_2_accuracy": 0.9340957448330331
        },
        {
            "samples_seens": 155717,
            "task": 17,
            "loss": 0.527313353964623,
            "epoch": 1,
            "categorial_accuracy": 0.8299999998985453,
            "top_2_accuracy": 0.9383510639312419
        },
        {
            "samples_seens": 159336,
            "task": 18,
            "loss": 0.5076308347316498,
            "epoch": 1,
            "categorial_accuracy": 0.8367021275581198,
            "top_2_accuracy": 0.9396276594730134
        },
        {
            "samples_seens": 162953,
            "task": 19,
            "loss": 0.504835171775615,
            "epoch": 1,
            "categorial_accuracy": 0.8351595744680851,
            "top_2_accuracy": 0.9378723403748046
        },
        {
            "samples_seens": 166573,
            "task": 20,
            "loss": 0.5092171492982418,
            "epoch": 1,
            "categorial_accuracy": 0.8317553192503909,
            "top_2_accuracy": 0.9371276595237408
        },
        {
            "samples_seens": 170194,
            "task": 21,
            "loss": 0.505961217093975,
            "epoch": 1,
            "categorial_accuracy": 0.8362234041031371,
            "top_2_accuracy": 0.9388829786726769
        },
        {
            "samples_seens": 173814,
            "task": 22,
            "loss": 0.5126792246230105,
            "epoch": 1,
            "categorial_accuracy": 0.832499999847818,
            "top_2_accuracy": 0.9383510637790599
        },
        {
            "samples_seens": 177435,
            "task": 23,
            "loss": 0.530308356462641,
            "epoch": 1,
            "categorial_accuracy": 0.831648936068758,
            "top_2_accuracy": 0.9403191489361702
        },
        {
            "samples_seens": 181064,
            "task": 24,
            "loss": 0.5125118533854789,
            "epoch": 1,
            "categorial_accuracy": 0.8321276594222861,
            "top_2_accuracy": 0.9407446810032459
        },
        {
            "samples_seens": 184693,
            "task": 0,
            "loss": 0.4968583269829446,
            "epoch": 2,
            "categorial_accuracy": 0.8380851063322514,
            "top_2_accuracy": 0.9431914893109747
        },
        {
            "samples_seens": 188314,
            "task": 1,
            "loss": 0.5170383440940938,
            "epoch": 2,
            "categorial_accuracy": 0.8346808509116477,
            "top_2_accuracy": 0.9394680850049283
        },
        {
            "samples_seens": 191934,
            "task": 2,
            "loss": 0.5348696705889194,
            "epoch": 2,
            "categorial_accuracy": 0.8327127659067195,
            "top_2_accuracy": 0.935053191387907
        },
        {
            "samples_seens": 195555,
            "task": 3,
            "loss": 0.5246996925993168,
            "epoch": 2,
            "categorial_accuracy": 0.8342553193011183,
            "top_2_accuracy": 0.9374468084091836
        },
        {
            "samples_seens": 199175,
            "task": 4,
            "loss": 0.5458788639687477,
            "epoch": 2,
            "categorial_accuracy": 0.8240957447823057,
            "top_2_accuracy": 0.9318617020262049
        },
        {
            "samples_seens": 202792,
            "task": 5,
            "loss": 0.5218245894350904,
            "epoch": 2,
            "categorial_accuracy": 0.8336702128166849,
            "top_2_accuracy": 0.9369680852078377
        },
        {
            "samples_seens": 206411,
            "task": 6,
            "loss": 0.5051763841700047,
            "epoch": 2,
            "categorial_accuracy": 0.8354787234042553,
            "top_2_accuracy": 0.9381382977708858
        },
        {
            "samples_seens": 210031,
            "task": 7,
            "loss": 0.5340776056178073,
            "epoch": 2,
            "categorial_accuracy": 0.8329787232520732,
            "top_2_accuracy": 0.9351063828772687
        },
        {
            "samples_seens": 213652,
            "task": 8,
            "loss": 0.526265112821092,
            "epoch": 2,
            "categorial_accuracy": 0.8317553189967541,
            "top_2_accuracy": 0.9351595743666304
        },
        {
            "samples_seens": 217276,
            "task": 9,
            "loss": 0.5162678344959908,
            "epoch": 2,
            "categorial_accuracy": 0.8352127658052647,
            "top_2_accuracy": 0.9370744681358337
        },
        {
            "samples_seens": 220898,
            "task": 10,
            "loss": 0.5189057019416322,
            "epoch": 2,
            "categorial_accuracy": 0.8294680850049283,
            "top_2_accuracy": 0.9373936169198219
        },
        {
            "samples_seens": 224519,
            "task": 11,
            "loss": 0.529518746771711,
            "epoch": 2,
            "categorial_accuracy": 0.8385638299394161,
            "top_2_accuracy": 0.9367021277610292
        },
        {
            "samples_seens": 228141,
            "task": 12,
            "loss": 0.49302689331643124,
            "epoch": 2,
            "categorial_accuracy": 0.8400531913371796,
            "top_2_accuracy": 0.9393617022291143
        },
        {
            "samples_seens": 231762,
            "task": 13,
            "loss": 0.4871891673067783,
            "epoch": 2,
            "categorial_accuracy": 0.8421808510638298,
            "top_2_accuracy": 0.9418617022291143
        },
        {
            "samples_seens": 235384,
            "task": 14,
            "loss": 0.4804611669449096,
            "epoch": 2,
            "categorial_accuracy": 0.8430851063829787,
            "top_2_accuracy": 0.9414361701620386
        },
        {
            "samples_seens": 239008,
            "task": 15,
            "loss": 0.47319092644021865,
            "epoch": 2,
            "categorial_accuracy": 0.846436170364948,
            "top_2_accuracy": 0.943510638247145
        },
        {
            "samples_seens": 242629,
            "task": 16,
            "loss": 0.47649307068358077,
            "epoch": 2,
            "categorial_accuracy": 0.8425531914893617,
            "top_2_accuracy": 0.9413829788755863
        },
        {
            "samples_seens": 246249,
            "task": 17,
            "loss": 0.4656831159997494,
            "epoch": 2,
            "categorial_accuracy": 0.8472340427053736,
            "top_2_accuracy": 0.9446808511652846
        },
        {
            "samples_seens": 249868,
            "task": 18,
            "loss": 0.4617920427373115,
            "epoch": 2,
            "categorial_accuracy": 0.8484574469606927,
            "top_2_accuracy": 0.9447340427053735
        },
        {
            "samples_seens": 253485,
            "task": 19,
            "loss": 0.4919301349558729,
            "epoch": 2,
            "categorial_accuracy": 0.837074468034379,
            "top_2_accuracy": 0.9391489361194854
        },
        {
            "samples_seens": 257105,
            "task": 20,
            "loss": 0.4743129296505705,
            "epoch": 2,
            "categorial_accuracy": 0.8393085106890252,
            "top_2_accuracy": 0.9431382980245225
        },
        {
            "samples_seens": 260726,
            "task": 21,
            "loss": 0.465358828712017,
            "epoch": 2,
            "categorial_accuracy": 0.8445744679836517,
            "top_2_accuracy": 0.9439893618543097
        },
        {
            "samples_seens": 264346,
            "task": 22,
            "loss": 0.46681070256740487,
            "epoch": 2,
            "categorial_accuracy": 0.8448404255826423,
            "top_2_accuracy": 0.9455851065351608
        },
        {
            "samples_seens": 267967,
            "task": 23,
            "loss": 0.483145646668495,
            "epoch": 2,
            "categorial_accuracy": 0.8384042552684215,
            "top_2_accuracy": 0.9463829787234043
        },
        {
            "samples_seens": 271596,
            "task": 24,
            "loss": 0.4932239429494168,
            "epoch": 2,
            "categorial_accuracy": 0.8408510638805146,
            "top_2_accuracy": 0.9450531914386343
        }
    ],
    "task_count": 25,
    "id": 1
}