{
    "name": "id1_t25_dp0.3_dc0.7_df0.0",
    "results": [
        {
            "samples_seens": 3609,
            "task": 0,
            "loss": 2.876211796009794,
            "epoch": 0,
            "categorial_accuracy": 0.3050000000253637,
            "top_2_accuracy": 0.4587765956685898
        },
        {
            "samples_seens": 7219,
            "task": 1,
            "loss": 2.604542068116208,
            "epoch": 0,
            "categorial_accuracy": 0.41425531917429986,
            "top_2_accuracy": 0.5681382979737951
        },
        {
            "samples_seens": 10829,
            "task": 2,
            "loss": 2.211536907033717,
            "epoch": 0,
            "categorial_accuracy": 0.5084574467324195,
            "top_2_accuracy": 0.6454787234549827
        },
        {
            "samples_seens": 14440,
            "task": 3,
            "loss": 2.140609192340932,
            "epoch": 0,
            "categorial_accuracy": 0.523936170364948,
            "top_2_accuracy": 0.6708510639819693
        },
        {
            "samples_seens": 18052,
            "task": 4,
            "loss": 1.9239333507862497,
            "epoch": 0,
            "categorial_accuracy": 0.5723404256333696,
            "top_2_accuracy": 0.713617021175141
        },
        {
            "samples_seens": 21664,
            "task": 5,
            "loss": 1.7307931612907572,
            "epoch": 0,
            "categorial_accuracy": 0.5861702126137753,
            "top_2_accuracy": 0.7300531914386343
        },
        {
            "samples_seens": 25277,
            "task": 6,
            "loss": 1.5958045299002466,
            "epoch": 0,
            "categorial_accuracy": 0.615319149037625,
            "top_2_accuracy": 0.7573936168690946
        },
        {
            "samples_seens": 28891,
            "task": 7,
            "loss": 1.4690404228453942,
            "epoch": 0,
            "categorial_accuracy": 0.6258510639312419,
            "top_2_accuracy": 0.7706382978723404
        },
        {
            "samples_seens": 32506,
            "task": 8,
            "loss": 1.392907956204516,
            "epoch": 0,
            "categorial_accuracy": 0.6440425530900347,
            "top_2_accuracy": 0.7745744681865611
        },
        {
            "samples_seens": 36122,
            "task": 9,
            "loss": 1.3396748742651432,
            "epoch": 0,
            "categorial_accuracy": 0.6661702128674122,
            "top_2_accuracy": 0.799148936068758
        },
        {
            "samples_seens": 39737,
            "task": 10,
            "loss": 1.2046376866482673,
            "epoch": 0,
            "categorial_accuracy": 0.6810638298379614,
            "top_2_accuracy": 0.8187765958461356
        },
        {
            "samples_seens": 43353,
            "task": 11,
            "loss": 1.0948817554433294,
            "epoch": 0,
            "categorial_accuracy": 0.7007446806988817,
            "top_2_accuracy": 0.8287234042553191
        },
        {
            "samples_seens": 46968,
            "task": 12,
            "loss": 1.1014840821002392,
            "epoch": 0,
            "categorial_accuracy": 0.7117553190474815,
            "top_2_accuracy": 0.8364361701113112
        },
        {
            "samples_seens": 50583,
            "task": 13,
            "loss": 1.039616261746021,
            "epoch": 0,
            "categorial_accuracy": 0.7143617022291143,
            "top_2_accuracy": 0.8486702126137754
        },
        {
            "samples_seens": 54200,
            "task": 14,
            "loss": 1.0197912332352173,
            "epoch": 0,
            "categorial_accuracy": 0.7233510637790599,
            "top_2_accuracy": 0.8512234042553192
        },
        {
            "samples_seens": 57822,
            "task": 15,
            "loss": 0.9145628835292573,
            "epoch": 0,
            "categorial_accuracy": 0.7464893615499456,
            "top_2_accuracy": 0.8686702129181395
        },
        {
            "samples_seens": 61437,
            "task": 16,
            "loss": 0.8886966215803268,
            "epoch": 0,
            "categorial_accuracy": 0.7511170214287778,
            "top_2_accuracy": 0.8726063829787234
        },
        {
            "samples_seens": 65056,
            "task": 17,
            "loss": 0.8343063822705695,
            "epoch": 0,
            "categorial_accuracy": 0.7626595746202672,
            "top_2_accuracy": 0.8807446807496091
        },
        {
            "samples_seens": 68672,
            "task": 18,
            "loss": 0.7886135114507472,
            "epoch": 0,
            "categorial_accuracy": 0.7701595745695399,
            "top_2_accuracy": 0.8899468085106383
        },
        {
            "samples_seens": 72291,
            "task": 19,
            "loss": 0.7599470194857171,
            "epoch": 0,
            "categorial_accuracy": 0.7779255318134389,
            "top_2_accuracy": 0.8944148936170213
        },
        {
            "samples_seens": 75911,
            "task": 20,
            "loss": 0.7342649026627236,
            "epoch": 0,
            "categorial_accuracy": 0.7838297870818605,
            "top_2_accuracy": 0.8985638298379613
        },
        {
            "samples_seens": 79531,
            "task": 21,
            "loss": 0.7026332274396369,
            "epoch": 0,
            "categorial_accuracy": 0.7906382980245225,
            "top_2_accuracy": 0.9041489360180307
        },
        {
            "samples_seens": 83152,
            "task": 22,
            "loss": 0.7115049306382524,
            "epoch": 0,
            "categorial_accuracy": 0.790478723353528,
            "top_2_accuracy": 0.9086702126645028
        },
        {
            "samples_seens": 86772,
            "task": 23,
            "loss": 0.7649327986798388,
            "epoch": 0,
            "categorial_accuracy": 0.7882978722389709,
            "top_2_accuracy": 0.9088297873354972
        },
        {
            "samples_seens": 90394,
            "task": 24,
            "loss": 0.8840940446042,
            "epoch": 0,
            "categorial_accuracy": 0.7650000000507273,
            "top_2_accuracy": 0.906489361752855
        },
        {
            "samples_seens": 94003,
            "task": 0,
            "loss": 0.8180305084269097,
            "epoch": 1,
            "categorial_accuracy": 0.7803723404255319,
            "top_2_accuracy": 0.902021276646472
        },
        {
            "samples_seens": 97613,
            "task": 1,
            "loss": 0.8937774889012601,
            "epoch": 1,
            "categorial_accuracy": 0.7742021275073924,
            "top_2_accuracy": 0.8910106383485997
        },
        {
            "samples_seens": 101223,
            "task": 2,
            "loss": 0.8784077234978371,
            "epoch": 1,
            "categorial_accuracy": 0.7729787234042553,
            "top_2_accuracy": 0.8953723405269867
        },
        {
            "samples_seens": 104834,
            "task": 3,
            "loss": 0.7972860162816149,
            "epoch": 1,
            "categorial_accuracy": 0.7811702128166848,
            "top_2_accuracy": 0.8974468084091836
        },
        {
            "samples_seens": 108446,
            "task": 4,
            "loss": 0.7941701083994926,
            "epoch": 1,
            "categorial_accuracy": 0.7821276594730133,
            "top_2_accuracy": 0.8989361703142207
        },
        {
            "samples_seens": 112058,
            "task": 5,
            "loss": 0.8112520264057403,
            "epoch": 1,
            "categorial_accuracy": 0.7836702128674121,
            "top_2_accuracy": 0.9008510637283326
        },
        {
            "samples_seens": 115671,
            "task": 6,
            "loss": 0.9608110583589432,
            "epoch": 1,
            "categorial_accuracy": 0.7643085107904799,
            "top_2_accuracy": 0.8869148936170212
        },
        {
            "samples_seens": 119285,
            "task": 7,
            "loss": 0.8368702453248045,
            "epoch": 1,
            "categorial_accuracy": 0.7801063831309055,
            "top_2_accuracy": 0.8980851063829787
        },
        {
            "samples_seens": 122900,
            "task": 8,
            "loss": 0.8275507688015066,
            "epoch": 1,
            "categorial_accuracy": 0.7785106381964176,
            "top_2_accuracy": 0.8976595744680851
        },
        {
            "samples_seens": 126516,
            "task": 9,
            "loss": 0.8096166708621573,
            "epoch": 1,
            "categorial_accuracy": 0.7832978723911529,
            "top_2_accuracy": 0.8991489361702127
        },
        {
            "samples_seens": 130131,
            "task": 10,
            "loss": 0.8083742526237001,
            "epoch": 1,
            "categorial_accuracy": 0.7837765958461356,
            "top_2_accuracy": 0.8975
        },
        {
            "samples_seens": 133747,
            "task": 11,
            "loss": 0.7139968330809411,
            "epoch": 1,
            "categorial_accuracy": 0.7871808512160119,
            "top_2_accuracy": 0.9011702128166849
        },
        {
            "samples_seens": 137362,
            "task": 12,
            "loss": 0.7525537647084987,
            "epoch": 1,
            "categorial_accuracy": 0.792446808612093,
            "top_2_accuracy": 0.9019680851063829
        },
        {
            "samples_seens": 140977,
            "task": 13,
            "loss": 0.6991182857878665,
            "epoch": 1,
            "categorial_accuracy": 0.7974468084599109,
            "top_2_accuracy": 0.9109574467577832
        },
        {
            "samples_seens": 144594,
            "task": 14,
            "loss": 0.6737837126407218,
            "epoch": 1,
            "categorial_accuracy": 0.7992021275581197,
            "top_2_accuracy": 0.9101595746202672
        },
        {
            "samples_seens": 148216,
            "task": 15,
            "loss": 0.6483900870414491,
            "epoch": 1,
            "categorial_accuracy": 0.8059574467070559,
            "top_2_accuracy": 0.9143617022291143
        },
        {
            "samples_seens": 151831,
            "task": 16,
            "loss": 0.654483508252083,
            "epoch": 1,
            "categorial_accuracy": 0.8016489362209401,
            "top_2_accuracy": 0.9150531914386344
        },
        {
            "samples_seens": 155450,
            "task": 17,
            "loss": 0.666331688850484,
            "epoch": 1,
            "categorial_accuracy": 0.800053191540089,
            "top_2_accuracy": 0.913404255471331
        },
        {
            "samples_seens": 159066,
            "task": 18,
            "loss": 0.603627497667962,
            "epoch": 1,
            "categorial_accuracy": 0.8121808511652845,
            "top_2_accuracy": 0.9193617022798416
        },
        {
            "samples_seens": 162685,
            "task": 19,
            "loss": 0.5852669918283503,
            "epoch": 1,
            "categorial_accuracy": 0.8204787233028006,
            "top_2_accuracy": 0.9234042553191489
        },
        {
            "samples_seens": 166305,
            "task": 20,
            "loss": 0.6010691884477087,
            "epoch": 1,
            "categorial_accuracy": 0.8107978723404256,
            "top_2_accuracy": 0.9197340427053735
        },
        {
            "samples_seens": 169925,
            "task": 21,
            "loss": 0.5557265537343127,
            "epoch": 1,
            "categorial_accuracy": 0.8242553190474815,
            "top_2_accuracy": 0.9297340425531915
        },
        {
            "samples_seens": 173546,
            "task": 22,
            "loss": 0.5794805765151978,
            "epoch": 1,
            "categorial_accuracy": 0.8199999998985453,
            "top_2_accuracy": 0.9296276597266502
        },
        {
            "samples_seens": 177166,
            "task": 23,
            "loss": 0.6080719900131225,
            "epoch": 1,
            "categorial_accuracy": 0.8079787235564374,
            "top_2_accuracy": 0.9231382978723405
        },
        {
            "samples_seens": 180788,
            "task": 24,
            "loss": 0.6827745157607058,
            "epoch": 1,
            "categorial_accuracy": 0.7952659575482632,
            "top_2_accuracy": 0.9185638296857793
        },
        {
            "samples_seens": 184397,
            "task": 0,
            "loss": 0.8123895488394067,
            "epoch": 2,
            "categorial_accuracy": 0.7859042552176942,
            "top_2_accuracy": 0.9051063831309055
        },
        {
            "samples_seens": 188007,
            "task": 1,
            "loss": 0.8425013374775014,
            "epoch": 2,
            "categorial_accuracy": 0.7885106383485997,
            "top_2_accuracy": 0.9019148934648392
        },
        {
            "samples_seens": 191617,
            "task": 2,
            "loss": 0.74239159994937,
            "epoch": 2,
            "categorial_accuracy": 0.8022872340425532,
            "top_2_accuracy": 0.9158510638297872
        },
        {
            "samples_seens": 195228,
            "task": 3,
            "loss": 0.7859152470243738,
            "epoch": 2,
            "categorial_accuracy": 0.7975531913371796,
            "top_2_accuracy": 0.9103723403748045
        },
        {
            "samples_seens": 198840,
            "task": 4,
            "loss": 0.7827203428491633,
            "epoch": 2,
            "categorial_accuracy": 0.7972340424010094,
            "top_2_accuracy": 0.9119148937692033
        },
        {
            "samples_seens": 202452,
            "task": 5,
            "loss": 0.7394957642859601,
            "epoch": 2,
            "categorial_accuracy": 0.8045744680851064,
            "top_2_accuracy": 0.9134042554206037
        },
        {
            "samples_seens": 206065,
            "task": 6,
            "loss": 0.8014028927620421,
            "epoch": 2,
            "categorial_accuracy": 0.7998936170720039,
            "top_2_accuracy": 0.9101063829787234
        },
        {
            "samples_seens": 209679,
            "task": 7,
            "loss": 0.7932274448617975,
            "epoch": 2,
            "categorial_accuracy": 0.7997340426039189,
            "top_2_accuracy": 0.9105319150457991
        },
        {
            "samples_seens": 213294,
            "task": 8,
            "loss": 0.7879058276846054,
            "epoch": 2,
            "categorial_accuracy": 0.7974468083584563,
            "top_2_accuracy": 0.9090425531914894
        },
        {
            "samples_seens": 216910,
            "task": 9,
            "loss": 0.7434660128836936,
            "epoch": 2,
            "categorial_accuracy": 0.8030319148428897,
            "top_2_accuracy": 0.9129255319148936
        },
        {
            "samples_seens": 220525,
            "task": 10,
            "loss": 0.677533078472665,
            "epoch": 2,
            "categorial_accuracy": 0.8110638298886887,
            "top_2_accuracy": 0.9202127661096289
        },
        {
            "samples_seens": 224141,
            "task": 11,
            "loss": 0.7251399123922307,
            "epoch": 2,
            "categorial_accuracy": 0.8003723403748045,
            "top_2_accuracy": 0.9147340425024642
        },
        {
            "samples_seens": 227756,
            "task": 12,
            "loss": 0.7194200864244015,
            "epoch": 2,
            "categorial_accuracy": 0.804574468034379,
            "top_2_accuracy": 0.9119680852585651
        },
        {
            "samples_seens": 231371,
            "task": 13,
            "loss": 0.622515037135875,
            "epoch": 2,
            "categorial_accuracy": 0.8127127660589015,
            "top_2_accuracy": 0.9230851064844334
        },
        {
            "samples_seens": 234988,
            "task": 14,
            "loss": 0.6194297850892899,
            "epoch": 2,
            "categorial_accuracy": 0.817074468186561,
            "top_2_accuracy": 0.922446808612093
        },
        {
            "samples_seens": 238610,
            "task": 15,
            "loss": 0.5893360292404256,
            "epoch": 2,
            "categorial_accuracy": 0.8247872338903711,
            "top_2_accuracy": 0.9281382979737951
        },
        {
            "samples_seens": 242225,
            "task": 16,
            "loss": 0.5856219253387857,
            "epoch": 2,
            "categorial_accuracy": 0.821914893718476,
            "top_2_accuracy": 0.9258510637790599
        },
        {
            "samples_seens": 245844,
            "task": 17,
            "loss": 0.5593267225458267,
            "epoch": 2,
            "categorial_accuracy": 0.8261170214287779,
            "top_2_accuracy": 0.9279787233535279
        },
        {
            "samples_seens": 249460,
            "task": 18,
            "loss": 0.5418139175151256,
            "epoch": 2,
            "categorial_accuracy": 0.8268617022798417,
            "top_2_accuracy": 0.9322340424517368
        },
        {
            "samples_seens": 253079,
            "task": 19,
            "loss": 0.5561878766658458,
            "epoch": 2,
            "categorial_accuracy": 0.8179787232520732,
            "top_2_accuracy": 0.9295212765957447
        },
        {
            "samples_seens": 256699,
            "task": 20,
            "loss": 0.5209156667678915,
            "epoch": 2,
            "categorial_accuracy": 0.833457446859238,
            "top_2_accuracy": 0.9347340425024642
        },
        {
            "samples_seens": 260319,
            "task": 21,
            "loss": 0.5179519135647632,
            "epoch": 2,
            "categorial_accuracy": 0.8299468086628203,
            "top_2_accuracy": 0.9356382980245225
        },
        {
            "samples_seens": 263940,
            "task": 22,
            "loss": 0.5215805300499531,
            "epoch": 2,
            "categorial_accuracy": 0.8301595744173578,
            "top_2_accuracy": 0.9346276597266502
        },
        {
            "samples_seens": 267560,
            "task": 23,
            "loss": 0.5402215042520077,
            "epoch": 2,
            "categorial_accuracy": 0.8263829786219495,
            "top_2_accuracy": 0.9368617022798417
        },
        {
            "samples_seens": 271182,
            "task": 24,
            "loss": 0.6139707158981486,
            "epoch": 2,
            "categorial_accuracy": 0.8138829788755864,
            "top_2_accuracy": 0.9324468085613656
        }
    ],
    "task_count": 25,
    "id": 1
}