{
    "name": "id1_t25_dp0.0_dc1.0_df0.0",
    "results": [
        {
            "samples_seens": 3609,
            "task": 0,
            "loss": 2.78416103403619,
            "epoch": 0,
            "categorial_accuracy": 0.3132978722896982,
            "top_2_accuracy": 0.43494680845991096
        },
        {
            "samples_seens": 7218,
            "task": 1,
            "loss": 2.5804871780314342,
            "epoch": 0,
            "categorial_accuracy": 0.4060106382978723,
            "top_2_accuracy": 0.5607446807496091
        },
        {
            "samples_seens": 10827,
            "task": 2,
            "loss": 2.1134012800581914,
            "epoch": 0,
            "categorial_accuracy": 0.49930851079047994,
            "top_2_accuracy": 0.6531382980245225
        },
        {
            "samples_seens": 14436,
            "task": 3,
            "loss": 1.8894800017742401,
            "epoch": 0,
            "categorial_accuracy": 0.5450531916415438,
            "top_2_accuracy": 0.6914893618035823
        },
        {
            "samples_seens": 18045,
            "task": 4,
            "loss": 1.8423957308302534,
            "epoch": 0,
            "categorial_accuracy": 0.5721276595744681,
            "top_2_accuracy": 0.7131914894124295
        },
        {
            "samples_seens": 21654,
            "task": 5,
            "loss": 1.6233257587919845,
            "epoch": 0,
            "categorial_accuracy": 0.6040425530393073,
            "top_2_accuracy": 0.7447872340425532
        },
        {
            "samples_seens": 25263,
            "task": 6,
            "loss": 1.4546293306350708,
            "epoch": 0,
            "categorial_accuracy": 0.6204255318641663,
            "top_2_accuracy": 0.762553191540089
        },
        {
            "samples_seens": 28872,
            "task": 7,
            "loss": 1.5879848223544182,
            "epoch": 0,
            "categorial_accuracy": 0.6282978723404256,
            "top_2_accuracy": 0.7684042553698763
        },
        {
            "samples_seens": 32481,
            "task": 8,
            "loss": 1.3617642492943622,
            "epoch": 0,
            "categorial_accuracy": 0.6631382978723405,
            "top_2_accuracy": 0.7991489362716675
        },
        {
            "samples_seens": 36090,
            "task": 9,
            "loss": 1.3217234647020382,
            "epoch": 0,
            "categorial_accuracy": 0.675053191540089,
            "top_2_accuracy": 0.805851063931242
        },
        {
            "samples_seens": 39699,
            "task": 10,
            "loss": 1.1811022525138044,
            "epoch": 0,
            "categorial_accuracy": 0.6899468084091835,
            "top_2_accuracy": 0.8235638296857793
        },
        {
            "samples_seens": 43308,
            "task": 11,
            "loss": 1.0799355975617753,
            "epoch": 0,
            "categorial_accuracy": 0.7095212767479268,
            "top_2_accuracy": 0.8404255318641662
        },
        {
            "samples_seens": 46917,
            "task": 12,
            "loss": 1.1245575995140886,
            "epoch": 0,
            "categorial_accuracy": 0.7089893616006729,
            "top_2_accuracy": 0.8377127659067195
        },
        {
            "samples_seens": 50526,
            "task": 13,
            "loss": 1.0030345307512487,
            "epoch": 0,
            "categorial_accuracy": 0.7319148935155666,
            "top_2_accuracy": 0.8528191489361702
        },
        {
            "samples_seens": 54135,
            "task": 14,
            "loss": 0.9299308719533556,
            "epoch": 0,
            "categorial_accuracy": 0.735212765855992,
            "top_2_accuracy": 0.8644148934648392
        },
        {
            "samples_seens": 57744,
            "task": 15,
            "loss": 0.9333233659318153,
            "epoch": 0,
            "categorial_accuracy": 0.7410638296857793,
            "top_2_accuracy": 0.865319149037625
        },
        {
            "samples_seens": 61353,
            "task": 16,
            "loss": 0.862909381693982,
            "epoch": 0,
            "categorial_accuracy": 0.757872340577714,
            "top_2_accuracy": 0.8811170213780505
        },
        {
            "samples_seens": 64962,
            "task": 17,
            "loss": 0.85310886875112,
            "epoch": 0,
            "categorial_accuracy": 0.7553723402733499,
            "top_2_accuracy": 0.8796276596759228
        },
        {
            "samples_seens": 68571,
            "task": 18,
            "loss": 0.8019848977251256,
            "epoch": 0,
            "categorial_accuracy": 0.7636170211751411,
            "top_2_accuracy": 0.8907446806988818
        },
        {
            "samples_seens": 72180,
            "task": 19,
            "loss": 0.7771554157581735,
            "epoch": 0,
            "categorial_accuracy": 0.7694680851571103,
            "top_2_accuracy": 0.8928191488347155
        },
        {
            "samples_seens": 75789,
            "task": 20,
            "loss": 0.7527779693806425,
            "epoch": 0,
            "categorial_accuracy": 0.7740957447315784,
            "top_2_accuracy": 0.9035106382978724
        },
        {
            "samples_seens": 79398,
            "task": 21,
            "loss": 0.8554464111936854,
            "epoch": 0,
            "categorial_accuracy": 0.7503191487839881,
            "top_2_accuracy": 0.8832446808510638
        },
        {
            "samples_seens": 83007,
            "task": 22,
            "loss": 0.7949373929551308,
            "epoch": 0,
            "categorial_accuracy": 0.7570212765957447,
            "top_2_accuracy": 0.8996276595237407
        },
        {
            "samples_seens": 86616,
            "task": 23,
            "loss": 0.9646702530536245,
            "epoch": 0,
            "categorial_accuracy": 0.7240957447823058,
            "top_2_accuracy": 0.8764893616514003
        },
        {
            "samples_seens": 90225,
            "task": 24,
            "loss": 1.2151192879169546,
            "epoch": 0,
            "categorial_accuracy": 0.6591489362716675,
            "top_2_accuracy": 0.8314361700605839
        },
        {
            "samples_seens": 93834,
            "task": 0,
            "loss": 0.8136616456254999,
            "epoch": 1,
            "categorial_accuracy": 0.771595744528669,
            "top_2_accuracy": 0.8933510637790599
        },
        {
            "samples_seens": 97443,
            "task": 1,
            "loss": 0.9104923237130997,
            "epoch": 1,
            "categorial_accuracy": 0.7699468085106383,
            "top_2_accuracy": 0.8925
        },
        {
            "samples_seens": 101052,
            "task": 2,
            "loss": 0.8474887500417994,
            "epoch": 1,
            "categorial_accuracy": 0.7787765957446808,
            "top_2_accuracy": 0.8946808512160118
        },
        {
            "samples_seens": 104661,
            "task": 3,
            "loss": 0.8705087715514163,
            "epoch": 1,
            "categorial_accuracy": 0.7757446806988818,
            "top_2_accuracy": 0.893936170212766
        },
        {
            "samples_seens": 108270,
            "task": 4,
            "loss": 0.9168714861159629,
            "epoch": 1,
            "categorial_accuracy": 0.7611702126645027,
            "top_2_accuracy": 0.8841489360687581
        },
        {
            "samples_seens": 111879,
            "task": 5,
            "loss": 0.9422530725154471,
            "epoch": 1,
            "categorial_accuracy": 0.7680851063322514,
            "top_2_accuracy": 0.8863829785712222
        },
        {
            "samples_seens": 115488,
            "task": 6,
            "loss": 0.8541741347820201,
            "epoch": 1,
            "categorial_accuracy": 0.7773936170720039,
            "top_2_accuracy": 0.8934574468085107
        },
        {
            "samples_seens": 119097,
            "task": 7,
            "loss": 0.8074016428501049,
            "epoch": 1,
            "categorial_accuracy": 0.7813297870818605,
            "top_2_accuracy": 0.8977127660081742
        },
        {
            "samples_seens": 122706,
            "task": 8,
            "loss": 0.7516891963938449,
            "epoch": 1,
            "categorial_accuracy": 0.7930319149950718,
            "top_2_accuracy": 0.903510638247145
        },
        {
            "samples_seens": 126315,
            "task": 9,
            "loss": 0.7464394391851222,
            "epoch": 1,
            "categorial_accuracy": 0.7926063831309055,
            "top_2_accuracy": 0.9028191488854429
        },
        {
            "samples_seens": 129924,
            "task": 10,
            "loss": 0.7663550411893967,
            "epoch": 1,
            "categorial_accuracy": 0.7886170212765957,
            "top_2_accuracy": 0.9019148937692033
        },
        {
            "samples_seens": 133533,
            "task": 11,
            "loss": 0.7250231087461431,
            "epoch": 1,
            "categorial_accuracy": 0.7942021277610292,
            "top_2_accuracy": 0.9059042552684216
        },
        {
            "samples_seens": 137142,
            "task": 12,
            "loss": 0.6750787394604785,
            "epoch": 1,
            "categorial_accuracy": 0.8010106382978723,
            "top_2_accuracy": 0.9097340425024641
        },
        {
            "samples_seens": 140751,
            "task": 13,
            "loss": 0.7040099629442742,
            "epoch": 1,
            "categorial_accuracy": 0.7981382977201583,
            "top_2_accuracy": 0.9061702127152301
        },
        {
            "samples_seens": 144360,
            "task": 14,
            "loss": 0.6715976573558564,
            "epoch": 1,
            "categorial_accuracy": 0.8051595744173577,
            "top_2_accuracy": 0.9115425532929441
        },
        {
            "samples_seens": 147969,
            "task": 15,
            "loss": 0.6317325118754773,
            "epoch": 1,
            "categorial_accuracy": 0.8110638296857793,
            "top_2_accuracy": 0.9147872339918258
        },
        {
            "samples_seens": 151578,
            "task": 16,
            "loss": 0.6983847443600918,
            "epoch": 1,
            "categorial_accuracy": 0.801914893566294,
            "top_2_accuracy": 0.9105851064844335
        },
        {
            "samples_seens": 155187,
            "task": 17,
            "loss": 0.6261825021530719,
            "epoch": 1,
            "categorial_accuracy": 0.8050531914893617,
            "top_2_accuracy": 0.9186170212258684
        },
        {
            "samples_seens": 158796,
            "task": 18,
            "loss": 0.6305228127317226,
            "epoch": 1,
            "categorial_accuracy": 0.8014361702127659,
            "top_2_accuracy": 0.9161170214287778
        },
        {
            "samples_seens": 162405,
            "task": 19,
            "loss": 0.6550805396222054,
            "epoch": 1,
            "categorial_accuracy": 0.796063829635052,
            "top_2_accuracy": 0.9127659574975359
        },
        {
            "samples_seens": 166014,
            "task": 20,
            "loss": 0.619877793383091,
            "epoch": 1,
            "categorial_accuracy": 0.8085106382978723,
            "top_2_accuracy": 0.9224999998985453
        },
        {
            "samples_seens": 169623,
            "task": 21,
            "loss": 0.713674134092128,
            "epoch": 1,
            "categorial_accuracy": 0.7797340424010094,
            "top_2_accuracy": 0.9114361703142206
        },
        {
            "samples_seens": 173232,
            "task": 22,
            "loss": 0.6778015313757226,
            "epoch": 1,
            "categorial_accuracy": 0.7945744681865611,
            "top_2_accuracy": 0.9188829786219496
        },
        {
            "samples_seens": 176841,
            "task": 23,
            "loss": 0.8297987289124347,
            "epoch": 1,
            "categorial_accuracy": 0.752127659574468,
            "top_2_accuracy": 0.8958510639819693
        },
        {
            "samples_seens": 180450,
            "task": 24,
            "loss": 1.1457742389719536,
            "epoch": 1,
            "categorial_accuracy": 0.6890425531914893,
            "top_2_accuracy": 0.8606914893109747
        },
        {
            "samples_seens": 184059,
            "task": 0,
            "loss": 0.8297580002216582,
            "epoch": 2,
            "categorial_accuracy": 0.7896808511652845,
            "top_2_accuracy": 0.9010106384500544
        },
        {
            "samples_seens": 187668,
            "task": 1,
            "loss": 0.7955900975998412,
            "epoch": 2,
            "categorial_accuracy": 0.7952659575482632,
            "top_2_accuracy": 0.9094680850556556
        },
        {
            "samples_seens": 191277,
            "task": 2,
            "loss": 0.8110396459762086,
            "epoch": 2,
            "categorial_accuracy": 0.7922872340425532,
            "top_2_accuracy": 0.9054787232520732
        },
        {
            "samples_seens": 194886,
            "task": 3,
            "loss": 0.7890194530182696,
            "epoch": 2,
            "categorial_accuracy": 0.7924468086628204,
            "top_2_accuracy": 0.9056382977201584
        },
        {
            "samples_seens": 198495,
            "task": 4,
            "loss": 0.7570993683693257,
            "epoch": 2,
            "categorial_accuracy": 0.7958510637790599,
            "top_2_accuracy": 0.9112234044075013
        },
        {
            "samples_seens": 202104,
            "task": 5,
            "loss": 0.7761264138018831,
            "epoch": 2,
            "categorial_accuracy": 0.792340425684097,
            "top_2_accuracy": 0.9037234044075012
        },
        {
            "samples_seens": 205713,
            "task": 6,
            "loss": 0.7567348362029866,
            "epoch": 2,
            "categorial_accuracy": 0.7997872339410985,
            "top_2_accuracy": 0.9139893618035824
        },
        {
            "samples_seens": 209322,
            "task": 7,
            "loss": 0.7235696921450027,
            "epoch": 2,
            "categorial_accuracy": 0.8026595744173578,
            "top_2_accuracy": 0.9156914893109748
        },
        {
            "samples_seens": 212931,
            "task": 8,
            "loss": 0.7981007326917445,
            "epoch": 2,
            "categorial_accuracy": 0.793510638399327,
            "top_2_accuracy": 0.905159574315903
        },
        {
            "samples_seens": 216540,
            "task": 9,
            "loss": 0.7138613838591474,
            "epoch": 2,
            "categorial_accuracy": 0.8067021275581198,
            "top_2_accuracy": 0.9158510639312419
        },
        {
            "samples_seens": 220149,
            "task": 10,
            "loss": 0.7211881223638007,
            "epoch": 2,
            "categorial_accuracy": 0.8091489360180307,
            "top_2_accuracy": 0.9159574467577832
        },
        {
            "samples_seens": 223758,
            "task": 11,
            "loss": 0.704350719477268,
            "epoch": 2,
            "categorial_accuracy": 0.8073404256333696,
            "top_2_accuracy": 0.913404255471331
        },
        {
            "samples_seens": 227367,
            "task": 12,
            "loss": 0.6761430979282298,
            "epoch": 2,
            "categorial_accuracy": 0.8079787233028006,
            "top_2_accuracy": 0.9149999999492726
        },
        {
            "samples_seens": 230976,
            "task": 13,
            "loss": 0.6558555628898296,
            "epoch": 2,
            "categorial_accuracy": 0.8104255318641662,
            "top_2_accuracy": 0.9169680850556556
        },
        {
            "samples_seens": 234585,
            "task": 14,
            "loss": 0.5750880139685691,
            "epoch": 2,
            "categorial_accuracy": 0.8193085105875705,
            "top_2_accuracy": 0.9270212767479268
        },
        {
            "samples_seens": 238194,
            "task": 15,
            "loss": 0.6070042652779437,
            "epoch": 2,
            "categorial_accuracy": 0.8182978722896982,
            "top_2_accuracy": 0.9230319148428897
        },
        {
            "samples_seens": 241803,
            "task": 16,
            "loss": 0.5999720189165562,
            "epoch": 2,
            "categorial_accuracy": 0.8192553190474815,
            "top_2_accuracy": 0.9245212766971994
        },
        {
            "samples_seens": 245412,
            "task": 17,
            "loss": 0.5738791052077679,
            "epoch": 2,
            "categorial_accuracy": 0.821968085258565,
            "top_2_accuracy": 0.9293617021276596
        },
        {
            "samples_seens": 249021,
            "task": 18,
            "loss": 0.5697101006609329,
            "epoch": 2,
            "categorial_accuracy": 0.8188829785712222,
            "top_2_accuracy": 0.9309042553191489
        },
        {
            "samples_seens": 252630,
            "task": 19,
            "loss": 0.5560951853305736,
            "epoch": 2,
            "categorial_accuracy": 0.8252659574975358,
            "top_2_accuracy": 0.932872340577714
        },
        {
            "samples_seens": 256239,
            "task": 20,
            "loss": 0.5756202884430581,
            "epoch": 2,
            "categorial_accuracy": 0.8138297870818605,
            "top_2_accuracy": 0.9309574467577832
        },
        {
            "samples_seens": 259848,
            "task": 21,
            "loss": 0.6877202655913982,
            "epoch": 2,
            "categorial_accuracy": 0.7887234043060465,
            "top_2_accuracy": 0.9138297871325879
        },
        {
            "samples_seens": 263457,
            "task": 22,
            "loss": 0.6598931223280886,
            "epoch": 2,
            "categorial_accuracy": 0.8071276596251954,
            "top_2_accuracy": 0.92569148920952
        },
        {
            "samples_seens": 267066,
            "task": 23,
            "loss": 0.6808363954057085,
            "epoch": 2,
            "categorial_accuracy": 0.7911170211244136,
            "top_2_accuracy": 0.922340425684097
        },
        {
            "samples_seens": 270675,
            "task": 24,
            "loss": 1.135108978088866,
            "epoch": 2,
            "categorial_accuracy": 0.6912765956432262,
            "top_2_accuracy": 0.8571808510638298
        }
    ],
    "task_count": 25,
    "id": 1
}