{
    "name": "id1_t25_dp0.1_dc0.3_df0.6",
    "results": [
        {
            "samples_seens": 3622,
            "task": 0,
            "loss": 2.4399247646331785,
            "epoch": 0,
            "categorial_accuracy": 0.33579787236578923,
            "top_2_accuracy": 0.4863829786219495
        },
        {
            "samples_seens": 7242,
            "task": 1,
            "loss": 1.9349189754242593,
            "epoch": 0,
            "categorial_accuracy": 0.48308510635761504,
            "top_2_accuracy": 0.6493085106890252
        },
        {
            "samples_seens": 10864,
            "task": 2,
            "loss": 1.5681437869782144,
            "epoch": 0,
            "categorial_accuracy": 0.5697340425531915,
            "top_2_accuracy": 0.7179255319656209
        },
        {
            "samples_seens": 14485,
            "task": 3,
            "loss": 1.4019478379919175,
            "epoch": 0,
            "categorial_accuracy": 0.6086702128166848,
            "top_2_accuracy": 0.7580851064844334
        },
        {
            "samples_seens": 18107,
            "task": 4,
            "loss": 1.250789502427933,
            "epoch": 0,
            "categorial_accuracy": 0.6433510637790599,
            "top_2_accuracy": 0.7943617021276596
        },
        {
            "samples_seens": 21729,
            "task": 5,
            "loss": 1.1015043980010013,
            "epoch": 0,
            "categorial_accuracy": 0.6761170214287778,
            "top_2_accuracy": 0.8212234042553191
        },
        {
            "samples_seens": 25348,
            "task": 6,
            "loss": 1.1455633538834593,
            "epoch": 0,
            "categorial_accuracy": 0.6745744682372885,
            "top_2_accuracy": 0.8178191487839881
        },
        {
            "samples_seens": 28969,
            "task": 7,
            "loss": 0.986919234407709,
            "epoch": 0,
            "categorial_accuracy": 0.7137765958968629,
            "top_2_accuracy": 0.8472872341440079
        },
        {
            "samples_seens": 32592,
            "task": 8,
            "loss": 0.9197878355168282,
            "epoch": 0,
            "categorial_accuracy": 0.7285106383485997,
            "top_2_accuracy": 0.8608510637790598
        },
        {
            "samples_seens": 36219,
            "task": 9,
            "loss": 0.8532513715358491,
            "epoch": 0,
            "categorial_accuracy": 0.7457978723404255,
            "top_2_accuracy": 0.8710638296857793
        },
        {
            "samples_seens": 39840,
            "task": 10,
            "loss": 0.9318050336330495,
            "epoch": 0,
            "categorial_accuracy": 0.7237234044075013,
            "top_2_accuracy": 0.8626063830801781
        },
        {
            "samples_seens": 43460,
            "task": 11,
            "loss": 0.7873578919248378,
            "epoch": 0,
            "categorial_accuracy": 0.759946808612093,
            "top_2_accuracy": 0.8873404256333696
        },
        {
            "samples_seens": 47082,
            "task": 12,
            "loss": 0.7789708814215153,
            "epoch": 0,
            "categorial_accuracy": 0.767553191540089,
            "top_2_accuracy": 0.8878723403240772
        },
        {
            "samples_seens": 50700,
            "task": 13,
            "loss": 0.7268978510004409,
            "epoch": 0,
            "categorial_accuracy": 0.7806382978216131,
            "top_2_accuracy": 0.8963829787741316
        },
        {
            "samples_seens": 54321,
            "task": 14,
            "loss": 0.7225986000832091,
            "epoch": 0,
            "categorial_accuracy": 0.7746276594730134,
            "top_2_accuracy": 0.898031914893617
        },
        {
            "samples_seens": 57949,
            "task": 15,
            "loss": 0.7102532370039757,
            "epoch": 0,
            "categorial_accuracy": 0.7848404254304602,
            "top_2_accuracy": 0.8979255319148937
        },
        {
            "samples_seens": 61570,
            "task": 16,
            "loss": 0.6915639926524872,
            "epoch": 0,
            "categorial_accuracy": 0.7857978723404255,
            "top_2_accuracy": 0.9043617019754775
        },
        {
            "samples_seens": 65193,
            "task": 17,
            "loss": 0.7173640638209404,
            "epoch": 0,
            "categorial_accuracy": 0.7810638299394161,
            "top_2_accuracy": 0.9022340426039188
        },
        {
            "samples_seens": 68814,
            "task": 18,
            "loss": 0.6678645615882062,
            "epoch": 0,
            "categorial_accuracy": 0.7911702127659574,
            "top_2_accuracy": 0.9105851063829787
        },
        {
            "samples_seens": 72435,
            "task": 19,
            "loss": 0.6563637495548167,
            "epoch": 0,
            "categorial_accuracy": 0.792925531965621,
            "top_2_accuracy": 0.914148936068758
        },
        {
            "samples_seens": 76057,
            "task": 20,
            "loss": 0.6986953446205626,
            "epoch": 0,
            "categorial_accuracy": 0.7874999999492727,
            "top_2_accuracy": 0.9116489361194854
        },
        {
            "samples_seens": 79677,
            "task": 21,
            "loss": 0.7344652093217728,
            "epoch": 0,
            "categorial_accuracy": 0.778563829635052,
            "top_2_accuracy": 0.9089893616514003
        },
        {
            "samples_seens": 83297,
            "task": 22,
            "loss": 0.7577752270597092,
            "epoch": 0,
            "categorial_accuracy": 0.7657446809525186,
            "top_2_accuracy": 0.9033510639819693
        },
        {
            "samples_seens": 86918,
            "task": 23,
            "loss": 0.9478315734356008,
            "epoch": 0,
            "categorial_accuracy": 0.7487234041538644,
            "top_2_accuracy": 0.8943617021276595
        },
        {
            "samples_seens": 90541,
            "task": 24,
            "loss": 0.8328695391594095,
            "epoch": 0,
            "categorial_accuracy": 0.7498936171734587,
            "top_2_accuracy": 0.8971808509623751
        },
        {
            "samples_seens": 94163,
            "task": 0,
            "loss": 0.6333065084447252,
            "epoch": 1,
            "categorial_accuracy": 0.7988297871325878,
            "top_2_accuracy": 0.919042553292944
        },
        {
            "samples_seens": 97783,
            "task": 1,
            "loss": 0.6032806680557575,
            "epoch": 1,
            "categorial_accuracy": 0.8092553190982088,
            "top_2_accuracy": 0.9235638297365066
        },
        {
            "samples_seens": 101405,
            "task": 2,
            "loss": 0.5816137191843479,
            "epoch": 1,
            "categorial_accuracy": 0.8147340426546462,
            "top_2_accuracy": 0.9251595744173577
        },
        {
            "samples_seens": 105026,
            "task": 3,
            "loss": 0.5790362862830466,
            "epoch": 1,
            "categorial_accuracy": 0.8139893617021277,
            "top_2_accuracy": 0.9264361701620386
        },
        {
            "samples_seens": 108648,
            "task": 4,
            "loss": 0.5836217559905762,
            "epoch": 1,
            "categorial_accuracy": 0.8167021276595745,
            "top_2_accuracy": 0.9246808511652845
        },
        {
            "samples_seens": 112270,
            "task": 5,
            "loss": 0.5758371724727306,
            "epoch": 1,
            "categorial_accuracy": 0.8168617020769322,
            "top_2_accuracy": 0.9268617022798417
        },
        {
            "samples_seens": 115889,
            "task": 6,
            "loss": 0.590304162172561,
            "epoch": 1,
            "categorial_accuracy": 0.8162234042553191,
            "top_2_accuracy": 0.9235106381456902
        },
        {
            "samples_seens": 119510,
            "task": 7,
            "loss": 0.5632469230509819,
            "epoch": 1,
            "categorial_accuracy": 0.8220212764435626,
            "top_2_accuracy": 0.9296808510131024
        },
        {
            "samples_seens": 123133,
            "task": 8,
            "loss": 0.5666249925785877,
            "epoch": 1,
            "categorial_accuracy": 0.8222340424010094,
            "top_2_accuracy": 0.9285638299394161
        },
        {
            "samples_seens": 126760,
            "task": 9,
            "loss": 0.5592814769897055,
            "epoch": 1,
            "categorial_accuracy": 0.8228723404762592,
            "top_2_accuracy": 0.9280851063322514
        },
        {
            "samples_seens": 130381,
            "task": 10,
            "loss": 0.5531602881817107,
            "epoch": 1,
            "categorial_accuracy": 0.822499999847818,
            "top_2_accuracy": 0.9307446808510639
        },
        {
            "samples_seens": 134001,
            "task": 11,
            "loss": 0.5434544015184362,
            "epoch": 1,
            "categorial_accuracy": 0.8242553190982088,
            "top_2_accuracy": 0.9294680852585651
        },
        {
            "samples_seens": 137623,
            "task": 12,
            "loss": 0.5440510733330504,
            "epoch": 1,
            "categorial_accuracy": 0.8262765956939535,
            "top_2_accuracy": 0.9295212765957447
        },
        {
            "samples_seens": 141241,
            "task": 13,
            "loss": 0.5379815772746471,
            "epoch": 1,
            "categorial_accuracy": 0.8288297870818605,
            "top_2_accuracy": 0.9315957446301237
        },
        {
            "samples_seens": 144862,
            "task": 14,
            "loss": 0.5259720573273111,
            "epoch": 1,
            "categorial_accuracy": 0.832925531965621,
            "top_2_accuracy": 0.9328191487839882
        },
        {
            "samples_seens": 148490,
            "task": 15,
            "loss": 0.5164957190574484,
            "epoch": 1,
            "categorial_accuracy": 0.830425531965621,
            "top_2_accuracy": 0.9356914893109748
        },
        {
            "samples_seens": 152111,
            "task": 16,
            "loss": 0.5247339811223618,
            "epoch": 1,
            "categorial_accuracy": 0.82952127649429,
            "top_2_accuracy": 0.9323404256840969
        },
        {
            "samples_seens": 155734,
            "task": 17,
            "loss": 0.5417069580707145,
            "epoch": 1,
            "categorial_accuracy": 0.8214361703142207,
            "top_2_accuracy": 0.931914893718476
        },
        {
            "samples_seens": 159355,
            "task": 18,
            "loss": 0.5558440920900791,
            "epoch": 1,
            "categorial_accuracy": 0.8232446809525186,
            "top_2_accuracy": 0.9313297873862246
        },
        {
            "samples_seens": 162976,
            "task": 19,
            "loss": 0.5215858179204007,
            "epoch": 1,
            "categorial_accuracy": 0.8309042552176942,
            "top_2_accuracy": 0.933404255319149
        },
        {
            "samples_seens": 166598,
            "task": 20,
            "loss": 0.5308922061767984,
            "epoch": 1,
            "categorial_accuracy": 0.8265957447823058,
            "top_2_accuracy": 0.9329787233535279
        },
        {
            "samples_seens": 170218,
            "task": 21,
            "loss": 0.5781937750096017,
            "epoch": 1,
            "categorial_accuracy": 0.8155319147921624,
            "top_2_accuracy": 0.9273936171734587
        },
        {
            "samples_seens": 173838,
            "task": 22,
            "loss": 0.5918633268741851,
            "epoch": 1,
            "categorial_accuracy": 0.8127127659574468,
            "top_2_accuracy": 0.9255319147414349
        },
        {
            "samples_seens": 177459,
            "task": 23,
            "loss": 0.7241195889736743,
            "epoch": 1,
            "categorial_accuracy": 0.7817021277610292,
            "top_2_accuracy": 0.9127659574975359
        },
        {
            "samples_seens": 181082,
            "task": 24,
            "loss": 0.7743954527631719,
            "epoch": 1,
            "categorial_accuracy": 0.7591489362716675,
            "top_2_accuracy": 0.9044148935155666
        },
        {
            "samples_seens": 184704,
            "task": 0,
            "loss": 0.599745275162636,
            "epoch": 2,
            "categorial_accuracy": 0.8188297873354973,
            "top_2_accuracy": 0.9264361701620386
        },
        {
            "samples_seens": 188324,
            "task": 1,
            "loss": 0.5217990442539783,
            "epoch": 2,
            "categorial_accuracy": 0.8353191487839882,
            "top_2_accuracy": 0.9390957447823057
        },
        {
            "samples_seens": 191946,
            "task": 2,
            "loss": 0.5153598311353237,
            "epoch": 2,
            "categorial_accuracy": 0.836968085258565,
            "top_2_accuracy": 0.9387234043567738
        },
        {
            "samples_seens": 195567,
            "task": 3,
            "loss": 0.5140885433998513,
            "epoch": 2,
            "categorial_accuracy": 0.8382978722389708,
            "top_2_accuracy": 0.9399468084091835
        },
        {
            "samples_seens": 199189,
            "task": 4,
            "loss": 0.5166220026066962,
            "epoch": 2,
            "categorial_accuracy": 0.834095744680851,
            "top_2_accuracy": 0.9376063830294508
        },
        {
            "samples_seens": 202811,
            "task": 5,
            "loss": 0.5146921931682749,
            "epoch": 2,
            "categorial_accuracy": 0.8364893618543098,
            "top_2_accuracy": 0.9381914894631569
        },
        {
            "samples_seens": 206430,
            "task": 6,
            "loss": 0.5247581851228754,
            "epoch": 2,
            "categorial_accuracy": 0.8354787234549826,
            "top_2_accuracy": 0.9385638296857793
        },
        {
            "samples_seens": 210051,
            "task": 7,
            "loss": 0.516434888028084,
            "epoch": 2,
            "categorial_accuracy": 0.8332978723404255,
            "top_2_accuracy": 0.9395212765450173
        },
        {
            "samples_seens": 213674,
            "task": 8,
            "loss": 0.533893270391099,
            "epoch": 2,
            "categorial_accuracy": 0.8340957447315784,
            "top_2_accuracy": 0.9353191488854429
        },
        {
            "samples_seens": 217301,
            "task": 9,
            "loss": 0.4933933063770862,
            "epoch": 2,
            "categorial_accuracy": 0.839095744680851,
            "top_2_accuracy": 0.9387765956939534
        },
        {
            "samples_seens": 220922,
            "task": 10,
            "loss": 0.5137499039984764,
            "epoch": 2,
            "categorial_accuracy": 0.8386702127659574,
            "top_2_accuracy": 0.9391489363223948
        },
        {
            "samples_seens": 224542,
            "task": 11,
            "loss": 0.49582272369810876,
            "epoch": 2,
            "categorial_accuracy": 0.8367553189967541,
            "top_2_accuracy": 0.9404255318641662
        },
        {
            "samples_seens": 228164,
            "task": 12,
            "loss": 0.4801877514605827,
            "epoch": 2,
            "categorial_accuracy": 0.8437234042553191,
            "top_2_accuracy": 0.9411170212258684
        },
        {
            "samples_seens": 231782,
            "task": 13,
            "loss": 0.47480227691061955,
            "epoch": 2,
            "categorial_accuracy": 0.8416489360180307,
            "top_2_accuracy": 0.9401595744173578
        },
        {
            "samples_seens": 235403,
            "task": 14,
            "loss": 0.49325774337383027,
            "epoch": 2,
            "categorial_accuracy": 0.8395212764435626,
            "top_2_accuracy": 0.9383510638297873
        },
        {
            "samples_seens": 239031,
            "task": 15,
            "loss": 0.48602539767610264,
            "epoch": 2,
            "categorial_accuracy": 0.8383510638297872,
            "top_2_accuracy": 0.939946808612093
        },
        {
            "samples_seens": 242652,
            "task": 16,
            "loss": 0.5139835641992853,
            "epoch": 2,
            "categorial_accuracy": 0.8354787232520733,
            "top_2_accuracy": 0.9368085107397526
        },
        {
            "samples_seens": 246275,
            "task": 17,
            "loss": 0.48256586188965656,
            "epoch": 2,
            "categorial_accuracy": 0.8420212767479267,
            "top_2_accuracy": 0.9388297873354973
        },
        {
            "samples_seens": 249896,
            "task": 18,
            "loss": 0.47884713119648875,
            "epoch": 2,
            "categorial_accuracy": 0.8393085106382979,
            "top_2_accuracy": 0.9412234043567739
        },
        {
            "samples_seens": 253517,
            "task": 19,
            "loss": 0.4956986821458695,
            "epoch": 2,
            "categorial_accuracy": 0.8392553189967541,
            "top_2_accuracy": 0.9412234041538644
        },
        {
            "samples_seens": 257139,
            "task": 20,
            "loss": 0.5103447024112052,
            "epoch": 2,
            "categorial_accuracy": 0.8350531913371796,
            "top_2_accuracy": 0.936276595896863
        },
        {
            "samples_seens": 260759,
            "task": 21,
            "loss": 0.5182082151352091,
            "epoch": 2,
            "categorial_accuracy": 0.8327659573453537,
            "top_2_accuracy": 0.9365425533436714
        },
        {
            "samples_seens": 264379,
            "task": 22,
            "loss": 0.5657998279054114,
            "epoch": 2,
            "categorial_accuracy": 0.8154787234042553,
            "top_2_accuracy": 0.9286702126137754
        },
        {
            "samples_seens": 268000,
            "task": 23,
            "loss": 0.6342241023956461,
            "epoch": 2,
            "categorial_accuracy": 0.7990957445286689,
            "top_2_accuracy": 0.9222340427053736
        },
        {
            "samples_seens": 271623,
            "task": 24,
            "loss": 0.8040773927404525,
            "epoch": 2,
            "categorial_accuracy": 0.7613297871833152,
            "top_2_accuracy": 0.90047872350571
        }
    ],
    "task_count": 25,
    "id": 1
}