{
    "task_count": 25,
    "results": [
        {
            "loss": 2.912447379294862,
            "task": 0,
            "epoch": 0,
            "categorial_accuracy": 0.2966489362463038,
            "top_2_accuracy": 0.42750000005072736,
            "samples_seens": 3622
        },
        {
            "loss": 2.0428901447133816,
            "task": 1,
            "epoch": 0,
            "categorial_accuracy": 0.45526595737071746,
            "top_2_accuracy": 0.606010638247145,
            "samples_seens": 7242
        },
        {
            "loss": 1.8166844560744915,
            "task": 2,
            "epoch": 0,
            "categorial_accuracy": 0.5473404255319149,
            "top_2_accuracy": 0.696063829635052,
            "samples_seens": 10864
        },
        {
            "loss": 1.4883641343421123,
            "task": 3,
            "epoch": 0,
            "categorial_accuracy": 0.5919148936170213,
            "top_2_accuracy": 0.7446808510638298,
            "samples_seens": 14486
        },
        {
            "loss": 1.5071629561769202,
            "task": 4,
            "epoch": 0,
            "categorial_accuracy": 0.6072340426039189,
            "top_2_accuracy": 0.7557446808510638,
            "samples_seens": 18109
        },
        {
            "loss": 1.3004300724191868,
            "task": 5,
            "epoch": 0,
            "categorial_accuracy": 0.640957446859238,
            "top_2_accuracy": 0.7817553189967541,
            "samples_seens": 21732
        },
        {
            "loss": 1.2280075655592249,
            "task": 6,
            "epoch": 0,
            "categorial_accuracy": 0.667340425684097,
            "top_2_accuracy": 0.803085106281524,
            "samples_seens": 25351
        },
        {
            "loss": 1.1133651387437862,
            "task": 7,
            "epoch": 0,
            "categorial_accuracy": 0.6874468083584562,
            "top_2_accuracy": 0.8253191487839882,
            "samples_seens": 28973
        },
        {
            "loss": 1.086867593704386,
            "task": 8,
            "epoch": 0,
            "categorial_accuracy": 0.6957978722389708,
            "top_2_accuracy": 0.8277127659574468,
            "samples_seens": 32595
        },
        {
            "loss": 1.0294138248423312,
            "task": 9,
            "epoch": 0,
            "categorial_accuracy": 0.7089361700605838,
            "top_2_accuracy": 0.8403191487839882,
            "samples_seens": 36225
        },
        {
            "loss": 0.9406557950060418,
            "task": 10,
            "epoch": 0,
            "categorial_accuracy": 0.7318085105875705,
            "top_2_accuracy": 0.8579255318641663,
            "samples_seens": 39847
        },
        {
            "loss": 0.8815588002509259,
            "task": 11,
            "epoch": 0,
            "categorial_accuracy": 0.7424468085613657,
            "top_2_accuracy": 0.8694680852078377,
            "samples_seens": 43467
        },
        {
            "loss": 0.8781322563962733,
            "task": 12,
            "epoch": 0,
            "categorial_accuracy": 0.7426595745695398,
            "top_2_accuracy": 0.8715425532929441,
            "samples_seens": 47088
        },
        {
            "loss": 0.8476930249498246,
            "task": 13,
            "epoch": 0,
            "categorial_accuracy": 0.7507978723911529,
            "top_2_accuracy": 0.8764361703142207,
            "samples_seens": 50707
        },
        {
            "loss": 0.798889089594496,
            "task": 14,
            "epoch": 0,
            "categorial_accuracy": 0.7611702128166848,
            "top_2_accuracy": 0.8887765957954082,
            "samples_seens": 54329
        },
        {
            "loss": 0.7936267677773821,
            "task": 15,
            "epoch": 0,
            "categorial_accuracy": 0.7636170214287779,
            "top_2_accuracy": 0.8844148937692033,
            "samples_seens": 57959
        },
        {
            "loss": 0.7310664918067608,
            "task": 16,
            "epoch": 0,
            "categorial_accuracy": 0.781117021175141,
            "top_2_accuracy": 0.8981914892095201,
            "samples_seens": 61581
        },
        {
            "loss": 0.7022985817523713,
            "task": 17,
            "epoch": 0,
            "categorial_accuracy": 0.7863297873354973,
            "top_2_accuracy": 0.904468084954201,
            "samples_seens": 65204
        },
        {
            "loss": 0.703292244140138,
            "task": 18,
            "epoch": 0,
            "categorial_accuracy": 0.7857446809017912,
            "top_2_accuracy": 0.9064893617021277,
            "samples_seens": 68825
        },
        {
            "loss": 0.6998417286669955,
            "task": 19,
            "epoch": 0,
            "categorial_accuracy": 0.7881914894631569,
            "top_2_accuracy": 0.9065425533436714,
            "samples_seens": 72446
        },
        {
            "loss": 0.7825795485110993,
            "task": 20,
            "epoch": 0,
            "categorial_accuracy": 0.7703191489361703,
            "top_2_accuracy": 0.8999999998985453,
            "samples_seens": 76068
        },
        {
            "loss": 0.6993463275280405,
            "task": 21,
            "epoch": 0,
            "categorial_accuracy": 0.7890425530393073,
            "top_2_accuracy": 0.9105851064844335,
            "samples_seens": 79689
        },
        {
            "loss": 0.7016372227668762,
            "task": 22,
            "epoch": 0,
            "categorial_accuracy": 0.7819148936170213,
            "top_2_accuracy": 0.9103191488347155,
            "samples_seens": 83309
        },
        {
            "loss": 0.8357048619047124,
            "task": 23,
            "epoch": 0,
            "categorial_accuracy": 0.7577127659574469,
            "top_2_accuracy": 0.8977659575482633,
            "samples_seens": 86930
        },
        {
            "loss": 0.9830588528957773,
            "task": 24,
            "epoch": 0,
            "categorial_accuracy": 0.7093085107397525,
            "top_2_accuracy": 0.8670744680851064,
            "samples_seens": 90553
        },
        {
            "loss": 0.6912475516948294,
            "task": 0,
            "epoch": 1,
            "categorial_accuracy": 0.7926595745188124,
            "top_2_accuracy": 0.9046808511145571,
            "samples_seens": 94175
        },
        {
            "loss": 0.6523702217162923,
            "task": 1,
            "epoch": 1,
            "categorial_accuracy": 0.8042553190982088,
            "top_2_accuracy": 0.9161170212765958,
            "samples_seens": 97795
        },
        {
            "loss": 0.6405447994394505,
            "task": 2,
            "epoch": 1,
            "categorial_accuracy": 0.8038297873862246,
            "top_2_accuracy": 0.9182446808003365,
            "samples_seens": 101417
        },
        {
            "loss": 0.6733163221085325,
            "task": 3,
            "epoch": 1,
            "categorial_accuracy": 0.8005851064844335,
            "top_2_accuracy": 0.9137765958968629,
            "samples_seens": 105039
        },
        {
            "loss": 0.6505501666982123,
            "task": 4,
            "epoch": 1,
            "categorial_accuracy": 0.8038297873354973,
            "top_2_accuracy": 0.9170212766971994,
            "samples_seens": 108662
        },
        {
            "loss": 0.6554197051677298,
            "task": 5,
            "epoch": 1,
            "categorial_accuracy": 0.8031382979737951,
            "top_2_accuracy": 0.9153191489361702,
            "samples_seens": 112285
        },
        {
            "loss": 0.6491003772552977,
            "task": 6,
            "epoch": 1,
            "categorial_accuracy": 0.8061170212765958,
            "top_2_accuracy": 0.9161170211244136,
            "samples_seens": 115904
        },
        {
            "loss": 0.6054936213188983,
            "task": 7,
            "epoch": 1,
            "categorial_accuracy": 0.8086702127659574,
            "top_2_accuracy": 0.921063829635052,
            "samples_seens": 119526
        },
        {
            "loss": 0.6075559609494311,
            "task": 8,
            "epoch": 1,
            "categorial_accuracy": 0.8133510638297873,
            "top_2_accuracy": 0.9222340425531915,
            "samples_seens": 123148
        },
        {
            "loss": 0.6055441527163729,
            "task": 9,
            "epoch": 1,
            "categorial_accuracy": 0.8093085107904799,
            "top_2_accuracy": 0.9210638299394162,
            "samples_seens": 126778
        },
        {
            "loss": 0.5865905443150946,
            "task": 10,
            "epoch": 1,
            "categorial_accuracy": 0.8151595744680851,
            "top_2_accuracy": 0.9252659573453538,
            "samples_seens": 130400
        },
        {
            "loss": 0.5742464954802331,
            "task": 11,
            "epoch": 1,
            "categorial_accuracy": 0.8186702129181396,
            "top_2_accuracy": 0.9257446810032459,
            "samples_seens": 134020
        },
        {
            "loss": 0.5722659447345327,
            "task": 12,
            "epoch": 1,
            "categorial_accuracy": 0.8163297872340426,
            "top_2_accuracy": 0.92797872350571,
            "samples_seens": 137641
        },
        {
            "loss": 0.5625507260129807,
            "task": 13,
            "epoch": 1,
            "categorial_accuracy": 0.8206382977201584,
            "top_2_accuracy": 0.9277659575482632,
            "samples_seens": 141260
        },
        {
            "loss": 0.5584501560951801,
            "task": 14,
            "epoch": 1,
            "categorial_accuracy": 0.8194148934648392,
            "top_2_accuracy": 0.9245212765450174,
            "samples_seens": 144882
        },
        {
            "loss": 0.561111878790754,
            "task": 15,
            "epoch": 1,
            "categorial_accuracy": 0.8170212767479268,
            "top_2_accuracy": 0.9273936171227313,
            "samples_seens": 148512
        },
        {
            "loss": 0.5432017848085849,
            "task": 16,
            "epoch": 1,
            "categorial_accuracy": 0.8250531916415438,
            "top_2_accuracy": 0.9301595744680851,
            "samples_seens": 152134
        },
        {
            "loss": 0.5370121298445032,
            "task": 17,
            "epoch": 1,
            "categorial_accuracy": 0.8246808511652846,
            "top_2_accuracy": 0.9304255320670757,
            "samples_seens": 155757
        },
        {
            "loss": 0.5698477849808145,
            "task": 18,
            "epoch": 1,
            "categorial_accuracy": 0.8148936169705492,
            "top_2_accuracy": 0.9269148936170213,
            "samples_seens": 159378
        },
        {
            "loss": 0.5602825304041518,
            "task": 19,
            "epoch": 1,
            "categorial_accuracy": 0.8176063829787235,
            "top_2_accuracy": 0.9278191489868975,
            "samples_seens": 162999
        },
        {
            "loss": 0.5380823699971463,
            "task": 20,
            "epoch": 1,
            "categorial_accuracy": 0.8262765956432261,
            "top_2_accuracy": 0.9324999999492727,
            "samples_seens": 166621
        },
        {
            "loss": 0.6045854641021566,
            "task": 21,
            "epoch": 1,
            "categorial_accuracy": 0.8141489360180307,
            "top_2_accuracy": 0.9310106384500544,
            "samples_seens": 170242
        },
        {
            "loss": 0.6371891552336673,
            "task": 22,
            "epoch": 1,
            "categorial_accuracy": 0.8027659574468086,
            "top_2_accuracy": 0.9246808509116478,
            "samples_seens": 173862
        },
        {
            "loss": 0.8056963885591385,
            "task": 23,
            "epoch": 1,
            "categorial_accuracy": 0.7712234041538645,
            "top_2_accuracy": 0.9041489361194854,
            "samples_seens": 177483
        },
        {
            "loss": 0.7250125578109254,
            "task": 24,
            "epoch": 1,
            "categorial_accuracy": 0.7717553193011183,
            "top_2_accuracy": 0.9116489361702128,
            "samples_seens": 181106
        },
        {
            "loss": 0.5728586322956897,
            "task": 0,
            "epoch": 2,
            "categorial_accuracy": 0.8247872340425532,
            "top_2_accuracy": 0.9309574467577832,
            "samples_seens": 184728
        },
        {
            "loss": 0.5673828765940159,
            "task": 1,
            "epoch": 2,
            "categorial_accuracy": 0.827074468034379,
            "top_2_accuracy": 0.9328723405269866,
            "samples_seens": 188348
        },
        {
            "loss": 0.5453493356958349,
            "task": 2,
            "epoch": 2,
            "categorial_accuracy": 0.8285638299394161,
            "top_2_accuracy": 0.9356382979737952,
            "samples_seens": 191970
        },
        {
            "loss": 0.5684778707331799,
            "task": 3,
            "epoch": 2,
            "categorial_accuracy": 0.8261170211751411,
            "top_2_accuracy": 0.9337234043060465,
            "samples_seens": 195592
        },
        {
            "loss": 0.5677357407326394,
            "task": 4,
            "epoch": 2,
            "categorial_accuracy": 0.8243085105368432,
            "top_2_accuracy": 0.9337765958461356,
            "samples_seens": 199215
        },
        {
            "loss": 0.546401903629303,
            "task": 5,
            "epoch": 2,
            "categorial_accuracy": 0.8266489361194854,
            "top_2_accuracy": 0.9318085105875705,
            "samples_seens": 202838
        },
        {
            "loss": 0.5410567147934691,
            "task": 6,
            "epoch": 2,
            "categorial_accuracy": 0.8319148936677486,
            "top_2_accuracy": 0.9365957448330331,
            "samples_seens": 206457
        },
        {
            "loss": 0.5498911349824135,
            "task": 7,
            "epoch": 2,
            "categorial_accuracy": 0.8311702129181395,
            "top_2_accuracy": 0.9348404254304602,
            "samples_seens": 210079
        },
        {
            "loss": 0.526295260089509,
            "task": 8,
            "epoch": 2,
            "categorial_accuracy": 0.832499999847818,
            "top_2_accuracy": 0.9361702126645027,
            "samples_seens": 213701
        },
        {
            "loss": 0.5757402446929445,
            "task": 9,
            "epoch": 2,
            "categorial_accuracy": 0.8267553191996635,
            "top_2_accuracy": 0.9322340425024641,
            "samples_seens": 217331
        },
        {
            "loss": 0.5314313352868912,
            "task": 10,
            "epoch": 2,
            "categorial_accuracy": 0.832606382927996,
            "top_2_accuracy": 0.9369148935662939,
            "samples_seens": 220953
        },
        {
            "loss": 0.516687396156027,
            "task": 11,
            "epoch": 2,
            "categorial_accuracy": 0.833457446859238,
            "top_2_accuracy": 0.9363297871833152,
            "samples_seens": 224573
        },
        {
            "loss": 0.5292048642483164,
            "task": 12,
            "epoch": 2,
            "categorial_accuracy": 0.8304787233028006,
            "top_2_accuracy": 0.9356914893109748,
            "samples_seens": 228194
        },
        {
            "loss": 0.5101143709142157,
            "task": 13,
            "epoch": 2,
            "categorial_accuracy": 0.8370744679836517,
            "top_2_accuracy": 0.9367553193011182,
            "samples_seens": 231813
        },
        {
            "loss": 0.5366337627806562,
            "task": 14,
            "epoch": 2,
            "categorial_accuracy": 0.8329255319148936,
            "top_2_accuracy": 0.9367021277610292,
            "samples_seens": 235435
        },
        {
            "loss": 0.5030139136314392,
            "task": 15,
            "epoch": 2,
            "categorial_accuracy": 0.8365957448330331,
            "top_2_accuracy": 0.9381382978216131,
            "samples_seens": 239065
        },
        {
            "loss": 0.5033545273415586,
            "task": 16,
            "epoch": 2,
            "categorial_accuracy": 0.8335106384500545,
            "top_2_accuracy": 0.9393085105875705,
            "samples_seens": 242687
        },
        {
            "loss": 0.491992521894739,
            "task": 17,
            "epoch": 2,
            "categorial_accuracy": 0.8387765956432262,
            "top_2_accuracy": 0.9392021278117565,
            "samples_seens": 246310
        },
        {
            "loss": 0.49915910008105824,
            "task": 18,
            "epoch": 2,
            "categorial_accuracy": 0.8359042552176942,
            "top_2_accuracy": 0.9379255320163483,
            "samples_seens": 249931
        },
        {
            "loss": 0.4957180984730416,
            "task": 19,
            "epoch": 2,
            "categorial_accuracy": 0.8347340427053735,
            "top_2_accuracy": 0.9387234042045918,
            "samples_seens": 253552
        },
        {
            "loss": 0.49474058828455336,
            "task": 20,
            "epoch": 2,
            "categorial_accuracy": 0.8367553191996635,
            "top_2_accuracy": 0.9394148937692034,
            "samples_seens": 257174
        },
        {
            "loss": 0.5084696261679873,
            "task": 21,
            "epoch": 2,
            "categorial_accuracy": 0.8341489362209401,
            "top_2_accuracy": 0.938404255471331,
            "samples_seens": 260795
        },
        {
            "loss": 0.5692778425013766,
            "task": 22,
            "epoch": 2,
            "categorial_accuracy": 0.822553191387907,
            "top_2_accuracy": 0.9318085106382978,
            "samples_seens": 264415
        },
        {
            "loss": 0.6504995710291761,
            "task": 23,
            "epoch": 2,
            "categorial_accuracy": 0.7921808509623751,
            "top_2_accuracy": 0.9196276596251954,
            "samples_seens": 268036
        },
        {
            "loss": 0.8049637172069956,
            "task": 24,
            "epoch": 2,
            "categorial_accuracy": 0.7504255319148936,
            "top_2_accuracy": 0.8947340427053736,
            "samples_seens": 271659
        }
    ],
    "id": 0,
    "name": "id0_t25_dp0.1_dc0.6_df0.3"
}