{
    "task_count": 25,
    "id": 0,
    "name": "id0_t25_dp0.0_dc0.5_df0.5",
    "results": [
        {
            "task": 0,
            "epoch": 0,
            "samples_seens": 3629,
            "loss": 2.296376944602804,
            "top_2_accuracy": 0.5485106381964177,
            "categorial_accuracy": 0.4037765957954082
        },
        {
            "task": 1,
            "epoch": 0,
            "samples_seens": 7250,
            "loss": 1.9706120074048956,
            "top_2_accuracy": 0.6317021275073924,
            "categorial_accuracy": 0.4785638298379614
        },
        {
            "task": 2,
            "epoch": 0,
            "samples_seens": 10870,
            "loss": 1.7279740952430886,
            "top_2_accuracy": 0.6931382978216131,
            "categorial_accuracy": 0.5279787234549826
        },
        {
            "task": 3,
            "epoch": 0,
            "samples_seens": 14490,
            "loss": 1.5562120154563417,
            "top_2_accuracy": 0.7214361700605839,
            "categorial_accuracy": 0.5729255318134389
        },
        {
            "task": 4,
            "epoch": 0,
            "samples_seens": 18109,
            "loss": 1.3105401172029212,
            "top_2_accuracy": 0.7788829787741316,
            "categorial_accuracy": 0.6278191490376249
        },
        {
            "task": 5,
            "epoch": 0,
            "samples_seens": 21724,
            "loss": 1.198019163456369,
            "top_2_accuracy": 0.801489361600673,
            "categorial_accuracy": 0.6557446809017912
        },
        {
            "task": 6,
            "epoch": 0,
            "samples_seens": 25342,
            "loss": 1.20819494967765,
            "top_2_accuracy": 0.8129255320163483,
            "categorial_accuracy": 0.6690425532422167
        },
        {
            "task": 7,
            "epoch": 0,
            "samples_seens": 28959,
            "loss": 1.0254495280346971,
            "top_2_accuracy": 0.841489361752855,
            "categorial_accuracy": 0.703510638399327
        },
        {
            "task": 8,
            "epoch": 0,
            "samples_seens": 32577,
            "loss": 0.9969088493002222,
            "top_2_accuracy": 0.8485106383485997,
            "categorial_accuracy": 0.7159042553191489
        },
        {
            "task": 9,
            "epoch": 0,
            "samples_seens": 36197,
            "loss": 0.946075363057725,
            "top_2_accuracy": 0.8566489361702128,
            "categorial_accuracy": 0.7263829788755863
        },
        {
            "task": 10,
            "epoch": 0,
            "samples_seens": 39814,
            "loss": 0.8607797822546451,
            "top_2_accuracy": 0.8683510638297872,
            "categorial_accuracy": 0.7434574468085107
        },
        {
            "task": 11,
            "epoch": 0,
            "samples_seens": 43429,
            "loss": 0.8579801660395683,
            "top_2_accuracy": 0.8738829787234043,
            "categorial_accuracy": 0.7432446808510639
        },
        {
            "task": 12,
            "epoch": 0,
            "samples_seens": 47045,
            "loss": 0.7858614023188327,
            "top_2_accuracy": 0.8870212766971994,
            "categorial_accuracy": 0.763563829635052
        },
        {
            "task": 13,
            "epoch": 0,
            "samples_seens": 50661,
            "loss": 0.8285639006533522,
            "top_2_accuracy": 0.8800531914893617,
            "categorial_accuracy": 0.7542021277610291
        },
        {
            "task": 14,
            "epoch": 0,
            "samples_seens": 54276,
            "loss": 0.7536694960898541,
            "top_2_accuracy": 0.8927659573960811,
            "categorial_accuracy": 0.7736170212258684
        },
        {
            "task": 15,
            "epoch": 0,
            "samples_seens": 57890,
            "loss": 0.7454156870537616,
            "top_2_accuracy": 0.8960106381964176,
            "categorial_accuracy": 0.7708510637790599
        },
        {
            "task": 16,
            "epoch": 0,
            "samples_seens": 61503,
            "loss": 0.6881014390701943,
            "top_2_accuracy": 0.9051063828265413,
            "categorial_accuracy": 0.785957446859238
        },
        {
            "task": 17,
            "epoch": 0,
            "samples_seens": 65116,
            "loss": 0.6945667789844756,
            "top_2_accuracy": 0.9061702127659574,
            "categorial_accuracy": 0.7788829787741316
        },
        {
            "task": 18,
            "epoch": 0,
            "samples_seens": 68727,
            "loss": 0.7399187257949342,
            "top_2_accuracy": 0.8978191488854429,
            "categorial_accuracy": 0.7681914894124295
        },
        {
            "task": 19,
            "epoch": 0,
            "samples_seens": 72339,
            "loss": 0.7017724222325264,
            "top_2_accuracy": 0.9106382977708857,
            "categorial_accuracy": 0.7894680851571103
        },
        {
            "task": 20,
            "epoch": 0,
            "samples_seens": 75950,
            "loss": 0.7299549053577666,
            "top_2_accuracy": 0.9086702128166848,
            "categorial_accuracy": 0.7853191487839881
        },
        {
            "task": 21,
            "epoch": 0,
            "samples_seens": 79561,
            "loss": 0.8076304903436214,
            "top_2_accuracy": 0.8992553191996635,
            "categorial_accuracy": 0.7677659575482633
        },
        {
            "task": 22,
            "epoch": 0,
            "samples_seens": 83171,
            "loss": 1.0123115806883953,
            "top_2_accuracy": 0.8597340425531915,
            "categorial_accuracy": 0.7064893618543098
        },
        {
            "task": 23,
            "epoch": 0,
            "samples_seens": 86781,
            "loss": 0.9525836269398953,
            "top_2_accuracy": 0.8697340425024641,
            "categorial_accuracy": 0.7148936169705492
        },
        {
            "task": 24,
            "epoch": 0,
            "samples_seens": 90390,
            "loss": 1.323312722774262,
            "top_2_accuracy": 0.7882446809017912,
            "categorial_accuracy": 0.628776595896863
        },
        {
            "task": 0,
            "epoch": 1,
            "samples_seens": 94019,
            "loss": 0.6532331316521828,
            "top_2_accuracy": 0.9135106382978724,
            "categorial_accuracy": 0.7951063828772686
        },
        {
            "task": 1,
            "epoch": 1,
            "samples_seens": 97640,
            "loss": 0.6136123193071243,
            "top_2_accuracy": 0.9204255318641663,
            "categorial_accuracy": 0.8077659573453538
        },
        {
            "task": 2,
            "epoch": 1,
            "samples_seens": 101260,
            "loss": 0.5866266758898471,
            "top_2_accuracy": 0.9245744680851063,
            "categorial_accuracy": 0.8158510637790599
        },
        {
            "task": 3,
            "epoch": 1,
            "samples_seens": 104880,
            "loss": 0.5962385396247214,
            "top_2_accuracy": 0.9230319148428897,
            "categorial_accuracy": 0.8101063828772687
        },
        {
            "task": 4,
            "epoch": 1,
            "samples_seens": 108499,
            "loss": 0.5996377212950524,
            "top_2_accuracy": 0.9237234042045918,
            "categorial_accuracy": 0.8126063831309055
        },
        {
            "task": 5,
            "epoch": 1,
            "samples_seens": 112114,
            "loss": 0.614189430551326,
            "top_2_accuracy": 0.9231914893109747,
            "categorial_accuracy": 0.8122872340932805
        },
        {
            "task": 6,
            "epoch": 1,
            "samples_seens": 115732,
            "loss": 0.5918656351972134,
            "top_2_accuracy": 0.9257978722896981,
            "categorial_accuracy": 0.8161702128674122
        },
        {
            "task": 7,
            "epoch": 1,
            "samples_seens": 119349,
            "loss": 0.5677759347570703,
            "top_2_accuracy": 0.9296808512160118,
            "categorial_accuracy": 0.8173404256840969
        },
        {
            "task": 8,
            "epoch": 1,
            "samples_seens": 122967,
            "loss": 0.5581413449378724,
            "top_2_accuracy": 0.9301063829279961,
            "categorial_accuracy": 0.8229787235564374
        },
        {
            "task": 9,
            "epoch": 1,
            "samples_seens": 126587,
            "loss": 0.5879370025370984,
            "top_2_accuracy": 0.9222872340425532,
            "categorial_accuracy": 0.8107978724926076
        },
        {
            "task": 10,
            "epoch": 1,
            "samples_seens": 130204,
            "loss": 0.5522566876512893,
            "top_2_accuracy": 0.9303191488854429,
            "categorial_accuracy": 0.8238297873862246
        },
        {
            "task": 11,
            "epoch": 1,
            "samples_seens": 133819,
            "loss": 0.5634613193095999,
            "top_2_accuracy": 0.9278723403748046,
            "categorial_accuracy": 0.8228191489361703
        },
        {
            "task": 12,
            "epoch": 1,
            "samples_seens": 137435,
            "loss": 0.5549985185075313,
            "top_2_accuracy": 0.9283510639312419,
            "categorial_accuracy": 0.8224468085613656
        },
        {
            "task": 13,
            "epoch": 1,
            "samples_seens": 141051,
            "loss": 0.5361156296730042,
            "top_2_accuracy": 0.9314893616514003,
            "categorial_accuracy": 0.8273936171227313
        },
        {
            "task": 14,
            "epoch": 1,
            "samples_seens": 144666,
            "loss": 0.5323628411394484,
            "top_2_accuracy": 0.9312765956939535,
            "categorial_accuracy": 0.8293085104861158
        },
        {
            "task": 15,
            "epoch": 1,
            "samples_seens": 148280,
            "loss": 0.5318783007530455,
            "top_2_accuracy": 0.932074468034379,
            "categorial_accuracy": 0.8275531915400891
        },
        {
            "task": 16,
            "epoch": 1,
            "samples_seens": 151893,
            "loss": 0.5185449945926667,
            "top_2_accuracy": 0.9355851064844335,
            "categorial_accuracy": 0.8283510638297872
        },
        {
            "task": 17,
            "epoch": 1,
            "samples_seens": 155506,
            "loss": 0.5308713378043884,
            "top_2_accuracy": 0.9332446808003365,
            "categorial_accuracy": 0.8247872341440079
        },
        {
            "task": 18,
            "epoch": 1,
            "samples_seens": 159117,
            "loss": 0.5319669809239976,
            "top_2_accuracy": 0.9332446807496091,
            "categorial_accuracy": 0.825638297821613
        },
        {
            "task": 19,
            "epoch": 1,
            "samples_seens": 162729,
            "loss": 0.5602057574657684,
            "top_2_accuracy": 0.9305319148428897,
            "categorial_accuracy": 0.8178191488854428
        },
        {
            "task": 20,
            "epoch": 1,
            "samples_seens": 166340,
            "loss": 0.6080867561380914,
            "top_2_accuracy": 0.9245212767479267,
            "categorial_accuracy": 0.8059574467577832
        },
        {
            "task": 21,
            "epoch": 1,
            "samples_seens": 169951,
            "loss": 0.6557720570361361,
            "top_2_accuracy": 0.9202127661096289,
            "categorial_accuracy": 0.796489361752855
        },
        {
            "task": 22,
            "epoch": 1,
            "samples_seens": 173561,
            "loss": 0.633882447354337,
            "top_2_accuracy": 0.9238829787234043,
            "categorial_accuracy": 0.8013829786726769
        },
        {
            "task": 23,
            "epoch": 1,
            "samples_seens": 177171,
            "loss": 0.7514505488821801,
            "top_2_accuracy": 0.9052659574468085,
            "categorial_accuracy": 0.76132978728477
        },
        {
            "task": 24,
            "epoch": 1,
            "samples_seens": 180780,
            "loss": 1.1517695253453357,
            "top_2_accuracy": 0.8271808511145572,
            "categorial_accuracy": 0.6588297871325879
        },
        {
            "task": 0,
            "epoch": 2,
            "samples_seens": 184409,
            "loss": 0.5929826152578314,
            "top_2_accuracy": 0.9233510637790598,
            "categorial_accuracy": 0.8137234043567738
        },
        {
            "task": 1,
            "epoch": 2,
            "samples_seens": 188030,
            "loss": 0.5665138997169251,
            "top_2_accuracy": 0.9300000001521821,
            "categorial_accuracy": 0.8220212765450173
        },
        {
            "task": 2,
            "epoch": 2,
            "samples_seens": 191650,
            "loss": 0.5671972320942169,
            "top_2_accuracy": 0.9352127659067194,
            "categorial_accuracy": 0.8301595746202671
        },
        {
            "task": 3,
            "epoch": 2,
            "samples_seens": 195270,
            "loss": 0.543921596826391,
            "top_2_accuracy": 0.9349468086628203,
            "categorial_accuracy": 0.8297872339918259
        },
        {
            "task": 4,
            "epoch": 2,
            "samples_seens": 198889,
            "loss": 0.5365646641051516,
            "top_2_accuracy": 0.9341489361702128,
            "categorial_accuracy": 0.8327659572946264
        },
        {
            "task": 5,
            "epoch": 2,
            "samples_seens": 202504,
            "loss": 0.5456467970635028,
            "top_2_accuracy": 0.9343617022291143,
            "categorial_accuracy": 0.8257446807496092
        },
        {
            "task": 6,
            "epoch": 2,
            "samples_seens": 206122,
            "loss": 0.5236249310665942,
            "top_2_accuracy": 0.9387765955924988,
            "categorial_accuracy": 0.8393085106382979
        },
        {
            "task": 7,
            "epoch": 2,
            "samples_seens": 209739,
            "loss": 0.5294978693191041,
            "top_2_accuracy": 0.9359042553698763,
            "categorial_accuracy": 0.8341489360687581
        },
        {
            "task": 8,
            "epoch": 2,
            "samples_seens": 213357,
            "loss": 0.4980745799237109,
            "top_2_accuracy": 0.9393085107397526,
            "categorial_accuracy": 0.8360638296857793
        },
        {
            "task": 9,
            "epoch": 2,
            "samples_seens": 216977,
            "loss": 0.5064000689983368,
            "top_2_accuracy": 0.9396276597266502,
            "categorial_accuracy": 0.8361702126137753
        },
        {
            "task": 10,
            "epoch": 2,
            "samples_seens": 220594,
            "loss": 0.5029742099883708,
            "top_2_accuracy": 0.94047872350571,
            "categorial_accuracy": 0.8387765958968629
        },
        {
            "task": 11,
            "epoch": 2,
            "samples_seens": 224209,
            "loss": 0.5141434437670607,
            "top_2_accuracy": 0.9378191488347155,
            "categorial_accuracy": 0.8369148934648392
        },
        {
            "task": 12,
            "epoch": 2,
            "samples_seens": 227825,
            "loss": 0.5088726305707972,
            "top_2_accuracy": 0.9397872341440079,
            "categorial_accuracy": 0.8411170213273231
        },
        {
            "task": 13,
            "epoch": 2,
            "samples_seens": 231441,
            "loss": 0.5020949584879774,
            "top_2_accuracy": 0.9398936171227313,
            "categorial_accuracy": 0.8400531914893618
        },
        {
            "task": 14,
            "epoch": 2,
            "samples_seens": 235056,
            "loss": 0.502315323885451,
            "top_2_accuracy": 0.9373936171734587,
            "categorial_accuracy": 0.8361170211751411
        },
        {
            "task": 15,
            "epoch": 2,
            "samples_seens": 238670,
            "loss": 0.5039908153199135,
            "top_2_accuracy": 0.9380851064844334,
            "categorial_accuracy": 0.8394148936170213
        },
        {
            "task": 16,
            "epoch": 2,
            "samples_seens": 242283,
            "loss": 0.47656562183765655,
            "top_2_accuracy": 0.9418085105368431,
            "categorial_accuracy": 0.8428191489868976
        },
        {
            "task": 17,
            "epoch": 2,
            "samples_seens": 245896,
            "loss": 0.48450964232708543,
            "top_2_accuracy": 0.9412765958461355,
            "categorial_accuracy": 0.8383510637283326
        },
        {
            "task": 18,
            "epoch": 2,
            "samples_seens": 249507,
            "loss": 0.4952743711370103,
            "top_2_accuracy": 0.9393617020262048,
            "categorial_accuracy": 0.8388829785712222
        },
        {
            "task": 19,
            "epoch": 2,
            "samples_seens": 253119,
            "loss": 0.4964929048304862,
            "top_2_accuracy": 0.940372340577714,
            "categorial_accuracy": 0.8363297871325879
        },
        {
            "task": 20,
            "epoch": 2,
            "samples_seens": 256730,
            "loss": 0.5326367343486623,
            "top_2_accuracy": 0.9378723404255319,
            "categorial_accuracy": 0.827074468034379
        },
        {
            "task": 21,
            "epoch": 2,
            "samples_seens": 260341,
            "loss": 0.5680571313107268,
            "top_2_accuracy": 0.9317553193011182,
            "categorial_accuracy": 0.815585106281524
        },
        {
            "task": 22,
            "epoch": 2,
            "samples_seens": 263951,
            "loss": 0.5962157257059787,
            "top_2_accuracy": 0.9278723402733499,
            "categorial_accuracy": 0.8086702127659574
        },
        {
            "task": 23,
            "epoch": 2,
            "samples_seens": 267561,
            "loss": 0.6379009677501435,
            "top_2_accuracy": 0.926063829787234,
            "categorial_accuracy": 0.7955319148936171
        },
        {
            "task": 24,
            "epoch": 2,
            "samples_seens": 271170,
            "loss": 0.9136864852905273,
            "top_2_accuracy": 0.8875531916415438,
            "categorial_accuracy": 0.7302659573453538
        }
    ]
}