{
    "task_count": 25,
    "id": 0,
    "name": "id0_t25_dp0.3_dc0.7_df0.0",
    "results": [
        {
            "task": 0,
            "epoch": 0,
            "samples_seens": 3609,
            "loss": 2.666766767501831,
            "top_2_accuracy": 0.46962765972665016,
            "categorial_accuracy": 0.323563829711143
        },
        {
            "task": 1,
            "epoch": 0,
            "samples_seens": 7219,
            "loss": 2.449160265618182,
            "top_2_accuracy": 0.6119148936677486,
            "categorial_accuracy": 0.45760638305481444
        },
        {
            "task": 2,
            "epoch": 0,
            "samples_seens": 10829,
            "loss": 2.104079034379188,
            "top_2_accuracy": 0.6551063828772687,
            "categorial_accuracy": 0.498510638247145
        },
        {
            "task": 3,
            "epoch": 0,
            "samples_seens": 14440,
            "loss": 1.9325087576724114,
            "top_2_accuracy": 0.6881914894631569,
            "categorial_accuracy": 0.5418617021783869
        },
        {
            "task": 4,
            "epoch": 0,
            "samples_seens": 18052,
            "loss": 1.8195436021114917,
            "top_2_accuracy": 0.6980851063322514,
            "categorial_accuracy": 0.5575531914893617
        },
        {
            "task": 5,
            "epoch": 0,
            "samples_seens": 21664,
            "loss": 1.7759866051978253,
            "top_2_accuracy": 0.7329787232520732,
            "categorial_accuracy": 0.5885106381964176
        },
        {
            "task": 6,
            "epoch": 0,
            "samples_seens": 25277,
            "loss": 1.6724683454188896,
            "top_2_accuracy": 0.7489361701620386,
            "categorial_accuracy": 0.6128191490376249
        },
        {
            "task": 7,
            "epoch": 0,
            "samples_seens": 28891,
            "loss": 1.5844224642692728,
            "top_2_accuracy": 0.7632446808003365,
            "categorial_accuracy": 0.6204787235564374
        },
        {
            "task": 8,
            "epoch": 0,
            "samples_seens": 32506,
            "loss": 1.4334880898861175,
            "top_2_accuracy": 0.7800531916415437,
            "categorial_accuracy": 0.6467021276595745
        },
        {
            "task": 9,
            "epoch": 0,
            "samples_seens": 36122,
            "loss": 1.4197669210839778,
            "top_2_accuracy": 0.7975531915908164,
            "categorial_accuracy": 0.6612765957446809
        },
        {
            "task": 10,
            "epoch": 0,
            "samples_seens": 39737,
            "loss": 1.319945468192405,
            "top_2_accuracy": 0.8093617020769323,
            "categorial_accuracy": 0.679468085106383
        },
        {
            "task": 11,
            "epoch": 0,
            "samples_seens": 43353,
            "loss": 1.173819387821441,
            "top_2_accuracy": 0.8293617020262049,
            "categorial_accuracy": 0.7022340424010094
        },
        {
            "task": 12,
            "epoch": 0,
            "samples_seens": 46968,
            "loss": 1.0898499336648495,
            "top_2_accuracy": 0.8361702127659575,
            "categorial_accuracy": 0.7087234044075013
        },
        {
            "task": 13,
            "epoch": 0,
            "samples_seens": 50583,
            "loss": 1.035189945951421,
            "top_2_accuracy": 0.8529255320163484,
            "categorial_accuracy": 0.7197872341440079
        },
        {
            "task": 14,
            "epoch": 0,
            "samples_seens": 54200,
            "loss": 1.0404113756849411,
            "top_2_accuracy": 0.8546276597266501,
            "categorial_accuracy": 0.728882978824859
        },
        {
            "task": 15,
            "epoch": 0,
            "samples_seens": 57822,
            "loss": 0.926199818114017,
            "top_2_accuracy": 0.8704787235564374,
            "categorial_accuracy": 0.7488297872847699
        },
        {
            "task": 16,
            "epoch": 0,
            "samples_seens": 61437,
            "loss": 0.8516181412656256,
            "top_2_accuracy": 0.8775000001014547,
            "categorial_accuracy": 0.7553191488854428
        },
        {
            "task": 17,
            "epoch": 0,
            "samples_seens": 65056,
            "loss": 0.8320762937119667,
            "top_2_accuracy": 0.8849468083584562,
            "categorial_accuracy": 0.7600531914386344
        },
        {
            "task": 18,
            "epoch": 0,
            "samples_seens": 68672,
            "loss": 0.7865744339658859,
            "top_2_accuracy": 0.8908510638297872,
            "categorial_accuracy": 0.7731914892602474
        },
        {
            "task": 19,
            "epoch": 0,
            "samples_seens": 72291,
            "loss": 0.7675124201876052,
            "top_2_accuracy": 0.894946808612093,
            "categorial_accuracy": 0.777606382927996
        },
        {
            "task": 20,
            "epoch": 0,
            "samples_seens": 75911,
            "loss": 0.7693123657652672,
            "top_2_accuracy": 0.8963297871325878,
            "categorial_accuracy": 0.7751063831309055
        },
        {
            "task": 21,
            "epoch": 0,
            "samples_seens": 79531,
            "loss": 0.7421562294757112,
            "top_2_accuracy": 0.9033510636776052,
            "categorial_accuracy": 0.7847872340425532
        },
        {
            "task": 22,
            "epoch": 0,
            "samples_seens": 83152,
            "loss": 0.7604902122883086,
            "top_2_accuracy": 0.9038297872847699,
            "categorial_accuracy": 0.7807978724926076
        },
        {
            "task": 23,
            "epoch": 0,
            "samples_seens": 86772,
            "loss": 0.7795544983985576,
            "top_2_accuracy": 0.9034042554206037,
            "categorial_accuracy": 0.7772872340425532
        },
        {
            "task": 24,
            "epoch": 0,
            "samples_seens": 90394,
            "loss": 0.8930486947424868,
            "top_2_accuracy": 0.8979787233535279,
            "categorial_accuracy": 0.762127659422286
        },
        {
            "task": 0,
            "epoch": 1,
            "samples_seens": 94003,
            "loss": 0.8250258653214637,
            "top_2_accuracy": 0.8958510637283326,
            "categorial_accuracy": 0.7808510636776052
        },
        {
            "task": 1,
            "epoch": 1,
            "samples_seens": 97613,
            "loss": 0.7679362182414278,
            "top_2_accuracy": 0.9023936168690945,
            "categorial_accuracy": 0.785957446859238
        },
        {
            "task": 2,
            "epoch": 1,
            "samples_seens": 101223,
            "loss": 0.8216241036070154,
            "top_2_accuracy": 0.8950531915400891,
            "categorial_accuracy": 0.7783510639819693
        },
        {
            "task": 3,
            "epoch": 1,
            "samples_seens": 104834,
            "loss": 0.9472222782195883,
            "top_2_accuracy": 0.8821808511145571,
            "categorial_accuracy": 0.7668617021783869
        },
        {
            "task": 4,
            "epoch": 1,
            "samples_seens": 108446,
            "loss": 0.8557988918588516,
            "top_2_accuracy": 0.893085106281524,
            "categorial_accuracy": 0.7758510636776051
        },
        {
            "task": 5,
            "epoch": 1,
            "samples_seens": 112058,
            "loss": 0.8240965382089006,
            "top_2_accuracy": 0.8982446806988817,
            "categorial_accuracy": 0.7816489362716674
        },
        {
            "task": 6,
            "epoch": 1,
            "samples_seens": 115671,
            "loss": 0.8706109247309096,
            "top_2_accuracy": 0.8935638296857793,
            "categorial_accuracy": 0.7788297873354972
        },
        {
            "task": 7,
            "epoch": 1,
            "samples_seens": 119285,
            "loss": 0.8557317380194969,
            "top_2_accuracy": 0.8935106381964176,
            "categorial_accuracy": 0.7751595746202672
        },
        {
            "task": 8,
            "epoch": 1,
            "samples_seens": 122900,
            "loss": 0.7741239432578392,
            "top_2_accuracy": 0.901010638247145,
            "categorial_accuracy": 0.7857446806988817
        },
        {
            "task": 9,
            "epoch": 1,
            "samples_seens": 126516,
            "loss": 0.7840862175758849,
            "top_2_accuracy": 0.9013829787741316,
            "categorial_accuracy": 0.7866489362209401
        },
        {
            "task": 10,
            "epoch": 1,
            "samples_seens": 130131,
            "loss": 0.7607599918385769,
            "top_2_accuracy": 0.9021808511145571,
            "categorial_accuracy": 0.7867021276088471
        },
        {
            "task": 11,
            "epoch": 1,
            "samples_seens": 133747,
            "loss": 0.7467699802682755,
            "top_2_accuracy": 0.9060106383485997,
            "categorial_accuracy": 0.795053191540089
        },
        {
            "task": 12,
            "epoch": 1,
            "samples_seens": 137362,
            "loss": 0.7406484015951765,
            "top_2_accuracy": 0.9063297870818605,
            "categorial_accuracy": 0.7932978721882434
        },
        {
            "task": 13,
            "epoch": 1,
            "samples_seens": 140977,
            "loss": 0.7028393334023496,
            "top_2_accuracy": 0.9116489360180307,
            "categorial_accuracy": 0.7960106382978723
        },
        {
            "task": 14,
            "epoch": 1,
            "samples_seens": 144594,
            "loss": 0.7246514605461283,
            "top_2_accuracy": 0.9067021277103018,
            "categorial_accuracy": 0.7942021276595744
        },
        {
            "task": 15,
            "epoch": 1,
            "samples_seens": 148216,
            "loss": 0.6257469141483307,
            "top_2_accuracy": 0.9197872339918258,
            "categorial_accuracy": 0.8081914893109747
        },
        {
            "task": 16,
            "epoch": 1,
            "samples_seens": 151831,
            "loss": 0.66726632283089,
            "top_2_accuracy": 0.9147340427053735,
            "categorial_accuracy": 0.8089893616514003
        },
        {
            "task": 17,
            "epoch": 1,
            "samples_seens": 155450,
            "loss": 0.6166338420167883,
            "top_2_accuracy": 0.9197340425024642,
            "categorial_accuracy": 0.8110106383993271
        },
        {
            "task": 18,
            "epoch": 1,
            "samples_seens": 159066,
            "loss": 0.6213713807755328,
            "top_2_accuracy": 0.919946808459911,
            "categorial_accuracy": 0.8130319150457991
        },
        {
            "task": 19,
            "epoch": 1,
            "samples_seens": 162685,
            "loss": 0.6159558251056265,
            "top_2_accuracy": 0.9168617021276596,
            "categorial_accuracy": 0.8096808509116478
        },
        {
            "task": 20,
            "epoch": 1,
            "samples_seens": 166305,
            "loss": 0.5849573807006186,
            "top_2_accuracy": 0.9213829786726769,
            "categorial_accuracy": 0.8167553190474814
        },
        {
            "task": 21,
            "epoch": 1,
            "samples_seens": 169925,
            "loss": 0.5612371174832608,
            "top_2_accuracy": 0.9261170212765958,
            "categorial_accuracy": 0.8226595744173577
        },
        {
            "task": 22,
            "epoch": 1,
            "samples_seens": 173546,
            "loss": 0.5928699894154326,
            "top_2_accuracy": 0.9275531915400891,
            "categorial_accuracy": 0.8186170212765957
        },
        {
            "task": 23,
            "epoch": 1,
            "samples_seens": 177166,
            "loss": 0.5978574799476786,
            "top_2_accuracy": 0.9291489360180307,
            "categorial_accuracy": 0.8161702126137754
        },
        {
            "task": 24,
            "epoch": 1,
            "samples_seens": 180788,
            "loss": 0.80727305671002,
            "top_2_accuracy": 0.9118617019754776,
            "categorial_accuracy": 0.7809574468085106
        },
        {
            "task": 0,
            "epoch": 2,
            "samples_seens": 184397,
            "loss": 0.7232516340499229,
            "top_2_accuracy": 0.9181382978723405,
            "categorial_accuracy": 0.8109042554206036
        },
        {
            "task": 1,
            "epoch": 2,
            "samples_seens": 188007,
            "loss": 0.9109461914732101,
            "top_2_accuracy": 0.9002659572946264,
            "categorial_accuracy": 0.7849999998478179
        },
        {
            "task": 2,
            "epoch": 2,
            "samples_seens": 191617,
            "loss": 0.7927250771826886,
            "top_2_accuracy": 0.9073404255319149,
            "categorial_accuracy": 0.8017553189967541
        },
        {
            "task": 3,
            "epoch": 2,
            "samples_seens": 195228,
            "loss": 0.8408618383711957,
            "top_2_accuracy": 0.9076063829787234,
            "categorial_accuracy": 0.7957978724418803
        },
        {
            "task": 4,
            "epoch": 2,
            "samples_seens": 198840,
            "loss": 0.760041897499815,
            "top_2_accuracy": 0.9134574466563286,
            "categorial_accuracy": 0.8005319150457991
        },
        {
            "task": 5,
            "epoch": 2,
            "samples_seens": 202452,
            "loss": 0.778849327056966,
            "top_2_accuracy": 0.9125000001014547,
            "categorial_accuracy": 0.8031914895138842
        },
        {
            "task": 6,
            "epoch": 2,
            "samples_seens": 206065,
            "loss": 0.7735555550392638,
            "top_2_accuracy": 0.9086702126137753,
            "categorial_accuracy": 0.7982978724418802
        },
        {
            "task": 7,
            "epoch": 2,
            "samples_seens": 209679,
            "loss": 0.7713621596072583,
            "top_2_accuracy": 0.9107446810032459,
            "categorial_accuracy": 0.802606382927996
        },
        {
            "task": 8,
            "epoch": 2,
            "samples_seens": 213294,
            "loss": 0.7265176006580921,
            "top_2_accuracy": 0.9127659572946264,
            "categorial_accuracy": 0.8044680852078377
        },
        {
            "task": 9,
            "epoch": 2,
            "samples_seens": 216910,
            "loss": 0.6660954559102972,
            "top_2_accuracy": 0.9206382979230677,
            "categorial_accuracy": 0.8138297871833152
        },
        {
            "task": 10,
            "epoch": 2,
            "samples_seens": 220525,
            "loss": 0.722452166232657,
            "top_2_accuracy": 0.9137765955924988,
            "categorial_accuracy": 0.8094148935662939
        },
        {
            "task": 11,
            "epoch": 2,
            "samples_seens": 224141,
            "loss": 0.6920665350366146,
            "top_2_accuracy": 0.9140425533436715,
            "categorial_accuracy": 0.8071808509116477
        },
        {
            "task": 12,
            "epoch": 2,
            "samples_seens": 227756,
            "loss": 0.6945098046546286,
            "top_2_accuracy": 0.9167021278117565,
            "categorial_accuracy": 0.8122872340425532
        },
        {
            "task": 13,
            "epoch": 2,
            "samples_seens": 231371,
            "loss": 0.6081463273535384,
            "top_2_accuracy": 0.9234042552684216,
            "categorial_accuracy": 0.8140957446301237
        },
        {
            "task": 14,
            "epoch": 2,
            "samples_seens": 234988,
            "loss": 0.6817404721138325,
            "top_2_accuracy": 0.9177659575989906,
            "categorial_accuracy": 0.8156914892095201
        },
        {
            "task": 15,
            "epoch": 2,
            "samples_seens": 238610,
            "loss": 0.6045521435331791,
            "top_2_accuracy": 0.9219148936170213,
            "categorial_accuracy": 0.8142553193011183
        },
        {
            "task": 16,
            "epoch": 2,
            "samples_seens": 242225,
            "loss": 0.5795877644609898,
            "top_2_accuracy": 0.9267553190982089,
            "categorial_accuracy": 0.8260638298379614
        },
        {
            "task": 17,
            "epoch": 2,
            "samples_seens": 245844,
            "loss": 0.5616262386707549,
            "top_2_accuracy": 0.9301063829279961,
            "categorial_accuracy": 0.8300000000507274
        },
        {
            "task": 18,
            "epoch": 2,
            "samples_seens": 249460,
            "loss": 0.5619957297152661,
            "top_2_accuracy": 0.9265425531407621,
            "categorial_accuracy": 0.8258510638805145
        },
        {
            "task": 19,
            "epoch": 2,
            "samples_seens": 253079,
            "loss": 0.5383159255727809,
            "top_2_accuracy": 0.9296808510638298,
            "categorial_accuracy": 0.828510638399327
        },
        {
            "task": 20,
            "epoch": 2,
            "samples_seens": 256699,
            "loss": 0.5330746537066521,
            "top_2_accuracy": 0.9326595746202672,
            "categorial_accuracy": 0.8306382979230678
        },
        {
            "task": 21,
            "epoch": 2,
            "samples_seens": 260319,
            "loss": 0.5432000671802683,
            "top_2_accuracy": 0.9299999998478179,
            "categorial_accuracy": 0.8283510638805146
        },
        {
            "task": 22,
            "epoch": 2,
            "samples_seens": 263940,
            "loss": 0.5431092895345485,
            "top_2_accuracy": 0.9317553191489362,
            "categorial_accuracy": 0.82382978728477
        },
        {
            "task": 23,
            "epoch": 2,
            "samples_seens": 267560,
            "loss": 0.5997419005505582,
            "top_2_accuracy": 0.925904255471331,
            "categorial_accuracy": 0.811010638247145
        },
        {
            "task": 24,
            "epoch": 2,
            "samples_seens": 271182,
            "loss": 0.5610144702678032,
            "top_2_accuracy": 0.933936170364948,
            "categorial_accuracy": 0.8207446808003365
        }
    ]
}