{
    "task_count": 25,
    "results": [
        {
            "loss": 2.453711413931339,
            "task": 0,
            "epoch": 0,
            "categorial_accuracy": 0.36117021274059374,
            "top_2_accuracy": 0.5034042553191489,
            "samples_seens": 3622
        },
        {
            "loss": 2.1163141839047697,
            "task": 1,
            "epoch": 0,
            "categorial_accuracy": 0.47196808525856504,
            "top_2_accuracy": 0.6332446808510638,
            "samples_seens": 7243
        },
        {
            "loss": 1.730217066622795,
            "task": 2,
            "epoch": 0,
            "categorial_accuracy": 0.542074468034379,
            "top_2_accuracy": 0.6973936169705492,
            "samples_seens": 10864
        },
        {
            "loss": 1.70997293492581,
            "task": 3,
            "epoch": 0,
            "categorial_accuracy": 0.5646808511145571,
            "top_2_accuracy": 0.7192553192503909,
            "samples_seens": 14486
        },
        {
            "loss": 1.451004921223255,
            "task": 4,
            "epoch": 0,
            "categorial_accuracy": 0.612340425684097,
            "top_2_accuracy": 0.7564893616006729,
            "samples_seens": 18108
        },
        {
            "loss": 1.3952580039044644,
            "task": 5,
            "epoch": 0,
            "categorial_accuracy": 0.6330319149443444,
            "top_2_accuracy": 0.7759042553698763,
            "samples_seens": 21730
        },
        {
            "loss": 1.3257667210761537,
            "task": 6,
            "epoch": 0,
            "categorial_accuracy": 0.6435106382978724,
            "top_2_accuracy": 0.7835106382978724,
            "samples_seens": 25351
        },
        {
            "loss": 1.1937447590523578,
            "task": 7,
            "epoch": 0,
            "categorial_accuracy": 0.6777127660081742,
            "top_2_accuracy": 0.8156382978723404,
            "samples_seens": 28973
        },
        {
            "loss": 1.103170395201825,
            "task": 8,
            "epoch": 0,
            "categorial_accuracy": 0.6946808511145571,
            "top_2_accuracy": 0.824042553140762,
            "samples_seens": 32597
        },
        {
            "loss": 1.0911969661712646,
            "task": 9,
            "epoch": 0,
            "categorial_accuracy": 0.7,
            "top_2_accuracy": 0.8313297870818604,
            "samples_seens": 36228
        },
        {
            "loss": 0.9789461717707045,
            "task": 10,
            "epoch": 0,
            "categorial_accuracy": 0.7180851065351608,
            "top_2_accuracy": 0.8514893616514003,
            "samples_seens": 39849
        },
        {
            "loss": 0.9567631762585741,
            "task": 11,
            "epoch": 0,
            "categorial_accuracy": 0.7313297872847699,
            "top_2_accuracy": 0.8568085107904799,
            "samples_seens": 43470
        },
        {
            "loss": 0.8828435414902708,
            "task": 12,
            "epoch": 0,
            "categorial_accuracy": 0.7426595744680851,
            "top_2_accuracy": 0.8709574467070559,
            "samples_seens": 47093
        },
        {
            "loss": 0.9117595675651063,
            "task": 13,
            "epoch": 0,
            "categorial_accuracy": 0.7422340424517367,
            "top_2_accuracy": 0.8636170213273231,
            "samples_seens": 50710
        },
        {
            "loss": 0.8246376566683993,
            "task": 14,
            "epoch": 0,
            "categorial_accuracy": 0.7584574469099653,
            "top_2_accuracy": 0.8782446810032459,
            "samples_seens": 54332
        },
        {
            "loss": 0.7828890435746375,
            "task": 15,
            "epoch": 0,
            "categorial_accuracy": 0.7701063830801781,
            "top_2_accuracy": 0.8873404255826423,
            "samples_seens": 57963
        },
        {
            "loss": 0.7567240849454352,
            "task": 16,
            "epoch": 0,
            "categorial_accuracy": 0.7737234041538644,
            "top_2_accuracy": 0.8929787233028006,
            "samples_seens": 61586
        },
        {
            "loss": 0.768869809952188,
            "task": 17,
            "epoch": 0,
            "categorial_accuracy": 0.7722340426039188,
            "top_2_accuracy": 0.894095744528669,
            "samples_seens": 65208
        },
        {
            "loss": 0.7205004539388291,
            "task": 18,
            "epoch": 0,
            "categorial_accuracy": 0.782340425684097,
            "top_2_accuracy": 0.9004787233028007,
            "samples_seens": 68829
        },
        {
            "loss": 0.7046294572505545,
            "task": 19,
            "epoch": 0,
            "categorial_accuracy": 0.7847340425024641,
            "top_2_accuracy": 0.9067021275073924,
            "samples_seens": 72451
        },
        {
            "loss": 0.7741392087936402,
            "task": 20,
            "epoch": 0,
            "categorial_accuracy": 0.7669148934648392,
            "top_2_accuracy": 0.8960638298379614,
            "samples_seens": 76073
        },
        {
            "loss": 0.7271177322813805,
            "task": 21,
            "epoch": 0,
            "categorial_accuracy": 0.7851595745188125,
            "top_2_accuracy": 0.9125000000507274,
            "samples_seens": 79694
        },
        {
            "loss": 0.7849390528049874,
            "task": 22,
            "epoch": 0,
            "categorial_accuracy": 0.7757978724418803,
            "top_2_accuracy": 0.9100000001014548,
            "samples_seens": 83315
        },
        {
            "loss": 0.7683359592518908,
            "task": 23,
            "epoch": 0,
            "categorial_accuracy": 0.7732978721882434,
            "top_2_accuracy": 0.9051595744173577,
            "samples_seens": 86936
        },
        {
            "loss": 1.102933315824955,
            "task": 24,
            "epoch": 0,
            "categorial_accuracy": 0.6990957446808511,
            "top_2_accuracy": 0.8634574468085107,
            "samples_seens": 90559
        },
        {
            "loss": 0.7182314048422144,
            "task": 0,
            "epoch": 1,
            "categorial_accuracy": 0.7940425530393073,
            "top_2_accuracy": 0.9126595744680851,
            "samples_seens": 94181
        },
        {
            "loss": 0.6930893128983517,
            "task": 1,
            "epoch": 1,
            "categorial_accuracy": 0.7911702128166848,
            "top_2_accuracy": 0.9138297872847699,
            "samples_seens": 97802
        },
        {
            "loss": 0.6717138017999364,
            "task": 2,
            "epoch": 1,
            "categorial_accuracy": 0.8006914893617021,
            "top_2_accuracy": 0.9137765957954082,
            "samples_seens": 101423
        },
        {
            "loss": 0.6887939618496185,
            "task": 3,
            "epoch": 1,
            "categorial_accuracy": 0.7964361702634933,
            "top_2_accuracy": 0.9114361702127659,
            "samples_seens": 105045
        },
        {
            "loss": 0.6909974208283932,
            "task": 4,
            "epoch": 1,
            "categorial_accuracy": 0.8016489361702127,
            "top_2_accuracy": 0.9158510636776052,
            "samples_seens": 108667
        },
        {
            "loss": 0.6967934085967693,
            "task": 5,
            "epoch": 1,
            "categorial_accuracy": 0.7970212767479268,
            "top_2_accuracy": 0.9106914894631568,
            "samples_seens": 112289
        },
        {
            "loss": 0.6928404879570007,
            "task": 6,
            "epoch": 1,
            "categorial_accuracy": 0.8019148936677486,
            "top_2_accuracy": 0.914042553140762,
            "samples_seens": 115910
        },
        {
            "loss": 0.6207337669362413,
            "task": 7,
            "epoch": 1,
            "categorial_accuracy": 0.8115425530393073,
            "top_2_accuracy": 0.9206382980245225,
            "samples_seens": 119532
        },
        {
            "loss": 0.6479706974232451,
            "task": 8,
            "epoch": 1,
            "categorial_accuracy": 0.8061702127659575,
            "top_2_accuracy": 0.9172340425531915,
            "samples_seens": 123156
        },
        {
            "loss": 0.6458935686882507,
            "task": 9,
            "epoch": 1,
            "categorial_accuracy": 0.8101595745695398,
            "top_2_accuracy": 0.9167553190982088,
            "samples_seens": 126787
        },
        {
            "loss": 0.6332497799903788,
            "task": 10,
            "epoch": 1,
            "categorial_accuracy": 0.8135638297365066,
            "top_2_accuracy": 0.9188297873862247,
            "samples_seens": 130408
        },
        {
            "loss": 0.5929269389649655,
            "task": 11,
            "epoch": 1,
            "categorial_accuracy": 0.8161702129181395,
            "top_2_accuracy": 0.9221808510131024,
            "samples_seens": 134029
        },
        {
            "loss": 0.6378580653160176,
            "task": 12,
            "epoch": 1,
            "categorial_accuracy": 0.8103191488347155,
            "top_2_accuracy": 0.9186170212258684,
            "samples_seens": 137652
        },
        {
            "loss": 0.6042460874293712,
            "task": 13,
            "epoch": 1,
            "categorial_accuracy": 0.8146808510638298,
            "top_2_accuracy": 0.9231914893109747,
            "samples_seens": 141269
        },
        {
            "loss": 0.5715323321870033,
            "task": 14,
            "epoch": 1,
            "categorial_accuracy": 0.8156914894124295,
            "top_2_accuracy": 0.9258510637790599,
            "samples_seens": 144891
        },
        {
            "loss": 0.5633521753930031,
            "task": 15,
            "epoch": 1,
            "categorial_accuracy": 0.8248936169198219,
            "top_2_accuracy": 0.9251063829279961,
            "samples_seens": 148522
        },
        {
            "loss": 0.5615399551898875,
            "task": 16,
            "epoch": 1,
            "categorial_accuracy": 0.8210638297365067,
            "top_2_accuracy": 0.9266489361194854,
            "samples_seens": 152145
        },
        {
            "loss": 0.5567483185960891,
            "task": 17,
            "epoch": 1,
            "categorial_accuracy": 0.822393617072004,
            "top_2_accuracy": 0.9296276596759228,
            "samples_seens": 155767
        },
        {
            "loss": 0.5461642931116388,
            "task": 18,
            "epoch": 1,
            "categorial_accuracy": 0.8251595744680851,
            "top_2_accuracy": 0.9295212767479267,
            "samples_seens": 159388
        },
        {
            "loss": 0.5576943239506255,
            "task": 19,
            "epoch": 1,
            "categorial_accuracy": 0.8241489361194854,
            "top_2_accuracy": 0.9286170212765957,
            "samples_seens": 163010
        },
        {
            "loss": 0.5455225300535242,
            "task": 20,
            "epoch": 1,
            "categorial_accuracy": 0.8263829785712222,
            "top_2_accuracy": 0.9317553192503909,
            "samples_seens": 166632
        },
        {
            "loss": 0.5876331236261002,
            "task": 21,
            "epoch": 1,
            "categorial_accuracy": 0.8214361701620386,
            "top_2_accuracy": 0.9300531916415438,
            "samples_seens": 170253
        },
        {
            "loss": 0.6336789750545583,
            "task": 22,
            "epoch": 1,
            "categorial_accuracy": 0.8020744679836517,
            "top_2_accuracy": 0.9236702126137754,
            "samples_seens": 173874
        },
        {
            "loss": 0.630487908809743,
            "task": 23,
            "epoch": 1,
            "categorial_accuracy": 0.8046808509116478,
            "top_2_accuracy": 0.9256914892602474,
            "samples_seens": 177495
        },
        {
            "loss": 0.7866304417366677,
            "task": 24,
            "epoch": 1,
            "categorial_accuracy": 0.7612234044075012,
            "top_2_accuracy": 0.9065425532422167,
            "samples_seens": 181118
        },
        {
            "loss": 0.5735551112509788,
            "task": 0,
            "epoch": 2,
            "categorial_accuracy": 0.8282978724926076,
            "top_2_accuracy": 0.9317021276088471,
            "samples_seens": 184740
        },
        {
            "loss": 0.579661421522181,
            "task": 1,
            "epoch": 2,
            "categorial_accuracy": 0.8264893618035823,
            "top_2_accuracy": 0.9298404254811875,
            "samples_seens": 188361
        },
        {
            "loss": 0.6028514206663091,
            "task": 2,
            "epoch": 2,
            "categorial_accuracy": 0.8218085106382979,
            "top_2_accuracy": 0.9269148937692033,
            "samples_seens": 191982
        },
        {
            "loss": 0.5972063609894286,
            "task": 3,
            "epoch": 2,
            "categorial_accuracy": 0.826489361752855,
            "top_2_accuracy": 0.9291489361194855,
            "samples_seens": 195604
        },
        {
            "loss": 0.5543860599081567,
            "task": 4,
            "epoch": 2,
            "categorial_accuracy": 0.8307446808003365,
            "top_2_accuracy": 0.9360638299394161,
            "samples_seens": 199226
        },
        {
            "loss": 0.5953381128514067,
            "task": 5,
            "epoch": 2,
            "categorial_accuracy": 0.8255851063322514,
            "top_2_accuracy": 0.9310106384500544,
            "samples_seens": 202848
        },
        {
            "loss": 0.6264612945089949,
            "task": 6,
            "epoch": 2,
            "categorial_accuracy": 0.8193617020769323,
            "top_2_accuracy": 0.9287234042553192,
            "samples_seens": 206469
        },
        {
            "loss": 0.565729851266171,
            "task": 7,
            "epoch": 2,
            "categorial_accuracy": 0.82819148920952,
            "top_2_accuracy": 0.9319148937692033,
            "samples_seens": 210091
        },
        {
            "loss": 0.5488195662802838,
            "task": 8,
            "epoch": 2,
            "categorial_accuracy": 0.8298936171227314,
            "top_2_accuracy": 0.9336702127152301,
            "samples_seens": 213715
        },
        {
            "loss": 0.5436513788649376,
            "task": 9,
            "epoch": 2,
            "categorial_accuracy": 0.8314361702634934,
            "top_2_accuracy": 0.9333510639312419,
            "samples_seens": 217346
        },
        {
            "loss": 0.6161563264055455,
            "task": 10,
            "epoch": 2,
            "categorial_accuracy": 0.8206382977708857,
            "top_2_accuracy": 0.9262234042045918,
            "samples_seens": 220967
        },
        {
            "loss": 0.5620732446680677,
            "task": 11,
            "epoch": 2,
            "categorial_accuracy": 0.8279787234549827,
            "top_2_accuracy": 0.9309574469099654,
            "samples_seens": 224588
        },
        {
            "loss": 0.540209579112682,
            "task": 12,
            "epoch": 2,
            "categorial_accuracy": 0.8309042552684216,
            "top_2_accuracy": 0.9330319148428896,
            "samples_seens": 228211
        },
        {
            "loss": 0.5204755226348309,
            "task": 13,
            "epoch": 2,
            "categorial_accuracy": 0.8348936170720039,
            "top_2_accuracy": 0.9345744681865611,
            "samples_seens": 231828
        },
        {
            "loss": 0.5147524978252167,
            "task": 14,
            "epoch": 2,
            "categorial_accuracy": 0.8329255319148936,
            "top_2_accuracy": 0.9362765958461355,
            "samples_seens": 235450
        },
        {
            "loss": 0.5048943962188477,
            "task": 15,
            "epoch": 2,
            "categorial_accuracy": 0.8355319149443444,
            "top_2_accuracy": 0.9367553192503909,
            "samples_seens": 239081
        },
        {
            "loss": 0.5044575764016902,
            "task": 16,
            "epoch": 2,
            "categorial_accuracy": 0.8366489360180307,
            "top_2_accuracy": 0.9368617020262049,
            "samples_seens": 242704
        },
        {
            "loss": 0.502099721127368,
            "task": 17,
            "epoch": 2,
            "categorial_accuracy": 0.8396808512160119,
            "top_2_accuracy": 0.9377659573960812,
            "samples_seens": 246326
        },
        {
            "loss": 0.5028541963912071,
            "task": 18,
            "epoch": 2,
            "categorial_accuracy": 0.8361702127659575,
            "top_2_accuracy": 0.9382446808003365,
            "samples_seens": 249947
        },
        {
            "loss": 0.5145735067002317,
            "task": 19,
            "epoch": 2,
            "categorial_accuracy": 0.8308510637790599,
            "top_2_accuracy": 0.9363297873862246,
            "samples_seens": 253569
        },
        {
            "loss": 0.5077421960932144,
            "task": 20,
            "epoch": 2,
            "categorial_accuracy": 0.8347340425531915,
            "top_2_accuracy": 0.9364361703649481,
            "samples_seens": 257191
        },
        {
            "loss": 0.525249297847139,
            "task": 21,
            "epoch": 2,
            "categorial_accuracy": 0.8312765955924988,
            "top_2_accuracy": 0.9362765956939535,
            "samples_seens": 260812
        },
        {
            "loss": 0.5300463319332042,
            "task": 22,
            "epoch": 2,
            "categorial_accuracy": 0.8278723404762592,
            "top_2_accuracy": 0.9355319150457991,
            "samples_seens": 264433
        },
        {
            "loss": 0.5886264908060115,
            "task": 23,
            "epoch": 2,
            "categorial_accuracy": 0.8086702128674121,
            "top_2_accuracy": 0.931276595896863,
            "samples_seens": 268054
        },
        {
            "loss": 0.9264321075094507,
            "task": 24,
            "epoch": 2,
            "categorial_accuracy": 0.7344148935155665,
            "top_2_accuracy": 0.8899468086628204,
            "samples_seens": 271677
        }
    ],
    "id": 0,
    "name": "id0_t25_dp0.1_dc0.7_df0.2"
}