{
    "task_count": 25,
    "id": 0,
    "name": "id0_t25_dp0.0_dc1.0_df0.0",
    "results": [
        {
            "task": 0,
            "epoch": 0,
            "samples_seens": 3609,
            "loss": 2.6417808944620984,
            "top_2_accuracy": 0.45994680840918356,
            "categorial_accuracy": 0.31324468080033646
        },
        {
            "task": 1,
            "epoch": 0,
            "samples_seens": 7218,
            "loss": 2.6609514130937293,
            "top_2_accuracy": 0.5867553189967541,
            "categorial_accuracy": 0.4280851064083424
        },
        {
            "task": 2,
            "epoch": 0,
            "samples_seens": 10827,
            "loss": 2.0878578115016855,
            "top_2_accuracy": 0.6592021278117566,
            "categorial_accuracy": 0.504999999923909
        },
        {
            "task": 3,
            "epoch": 0,
            "samples_seens": 14436,
            "loss": 2.0098620769825386,
            "top_2_accuracy": 0.6817021275073923,
            "categorial_accuracy": 0.5353723403748045
        },
        {
            "task": 4,
            "epoch": 0,
            "samples_seens": 18045,
            "loss": 1.8718689287469743,
            "top_2_accuracy": 0.6959042553191489,
            "categorial_accuracy": 0.5471276596759228
        },
        {
            "task": 5,
            "epoch": 0,
            "samples_seens": 21654,
            "loss": 1.8267122845954082,
            "top_2_accuracy": 0.7360638297365066,
            "categorial_accuracy": 0.5967021275073924
        },
        {
            "task": 6,
            "epoch": 0,
            "samples_seens": 25263,
            "loss": 1.678198767114193,
            "top_2_accuracy": 0.7492021275073923,
            "categorial_accuracy": 0.6170744679836516
        },
        {
            "task": 7,
            "epoch": 0,
            "samples_seens": 28872,
            "loss": 1.5066281262864458,
            "top_2_accuracy": 0.778563829787234,
            "categorial_accuracy": 0.6390425531914894
        },
        {
            "task": 8,
            "epoch": 0,
            "samples_seens": 32481,
            "loss": 1.3036706877769308,
            "top_2_accuracy": 0.7995212767479267,
            "categorial_accuracy": 0.6631914895138842
        },
        {
            "task": 9,
            "epoch": 0,
            "samples_seens": 36090,
            "loss": 1.2847253326659507,
            "top_2_accuracy": 0.8069680852078377,
            "categorial_accuracy": 0.6732446808003365
        },
        {
            "task": 10,
            "epoch": 0,
            "samples_seens": 39699,
            "loss": 1.1640501270902919,
            "top_2_accuracy": 0.8247872340425532,
            "categorial_accuracy": 0.6924468084091836
        },
        {
            "task": 11,
            "epoch": 0,
            "samples_seens": 43308,
            "loss": 1.147217610338901,
            "top_2_accuracy": 0.8290957446301237,
            "categorial_accuracy": 0.6954255319148936
        },
        {
            "task": 12,
            "epoch": 0,
            "samples_seens": 46917,
            "loss": 1.0535019098951461,
            "top_2_accuracy": 0.84430851079048,
            "categorial_accuracy": 0.7145744681865611
        },
        {
            "task": 13,
            "epoch": 0,
            "samples_seens": 50526,
            "loss": 1.0239283927450789,
            "top_2_accuracy": 0.8509042552684216,
            "categorial_accuracy": 0.7155319148428897
        },
        {
            "task": 14,
            "epoch": 0,
            "samples_seens": 54135,
            "loss": 0.9893813908353765,
            "top_2_accuracy": 0.8523404256333696,
            "categorial_accuracy": 0.7262765956939535
        },
        {
            "task": 15,
            "epoch": 0,
            "samples_seens": 57744,
            "loss": 0.9261933234904675,
            "top_2_accuracy": 0.8672872341947353,
            "categorial_accuracy": 0.7431914894124295
        },
        {
            "task": 16,
            "epoch": 0,
            "samples_seens": 61353,
            "loss": 0.8408204864948354,
            "top_2_accuracy": 0.8795744680851064,
            "categorial_accuracy": 0.7590957447315784
        },
        {
            "task": 17,
            "epoch": 0,
            "samples_seens": 64962,
            "loss": 0.8143766585816729,
            "top_2_accuracy": 0.8867553190474815,
            "categorial_accuracy": 0.7615425531914893
        },
        {
            "task": 18,
            "epoch": 0,
            "samples_seens": 68571,
            "loss": 0.7986011375772192,
            "top_2_accuracy": 0.8888829786219495,
            "categorial_accuracy": 0.7626595744680851
        },
        {
            "task": 19,
            "epoch": 0,
            "samples_seens": 72180,
            "loss": 0.7582954955608286,
            "top_2_accuracy": 0.8952659574975359,
            "categorial_accuracy": 0.7781914894631569
        },
        {
            "task": 20,
            "epoch": 0,
            "samples_seens": 75789,
            "loss": 0.7654917789012827,
            "top_2_accuracy": 0.8963297872847699,
            "categorial_accuracy": 0.7762234043567738
        },
        {
            "task": 21,
            "epoch": 0,
            "samples_seens": 79398,
            "loss": 0.7494195848830203,
            "top_2_accuracy": 0.9056914894631568,
            "categorial_accuracy": 0.7820744680851064
        },
        {
            "task": 22,
            "epoch": 0,
            "samples_seens": 83007,
            "loss": 0.8222278639103504,
            "top_2_accuracy": 0.8922340425531915,
            "categorial_accuracy": 0.7611170214287778
        },
        {
            "task": 23,
            "epoch": 0,
            "samples_seens": 86616,
            "loss": 0.9872159824472793,
            "top_2_accuracy": 0.870904255471331,
            "categorial_accuracy": 0.7219148936677486
        },
        {
            "task": 24,
            "epoch": 0,
            "samples_seens": 90225,
            "loss": 1.1282118443225293,
            "top_2_accuracy": 0.8398404254304602,
            "categorial_accuracy": 0.6692021275073924
        },
        {
            "task": 0,
            "epoch": 1,
            "samples_seens": 93834,
            "loss": 1.0106814987608728,
            "top_2_accuracy": 0.8687765957954082,
            "categorial_accuracy": 0.7408510639312419
        },
        {
            "task": 1,
            "epoch": 1,
            "samples_seens": 97443,
            "loss": 1.0035999191568252,
            "top_2_accuracy": 0.8805319149443444,
            "categorial_accuracy": 0.756489361752855
        },
        {
            "task": 2,
            "epoch": 1,
            "samples_seens": 101052,
            "loss": 1.1236075980612572,
            "top_2_accuracy": 0.8642021275073924,
            "categorial_accuracy": 0.740053191387907
        },
        {
            "task": 3,
            "epoch": 1,
            "samples_seens": 104661,
            "loss": 1.0251355854501116,
            "top_2_accuracy": 0.8802659572946264,
            "categorial_accuracy": 0.7565425530393073
        },
        {
            "task": 4,
            "epoch": 1,
            "samples_seens": 108270,
            "loss": 0.9065651279814699,
            "top_2_accuracy": 0.8880851062307966,
            "categorial_accuracy": 0.7701595746202672
        },
        {
            "task": 5,
            "epoch": 1,
            "samples_seens": 111879,
            "loss": 0.883208444727228,
            "top_2_accuracy": 0.889627659422286,
            "categorial_accuracy": 0.7719680850556556
        },
        {
            "task": 6,
            "epoch": 1,
            "samples_seens": 115488,
            "loss": 0.8492087309918505,
            "top_2_accuracy": 0.8945212765450173,
            "categorial_accuracy": 0.7779255317627115
        },
        {
            "task": 7,
            "epoch": 1,
            "samples_seens": 119097,
            "loss": 0.8349502184543204,
            "top_2_accuracy": 0.8922340426039188,
            "categorial_accuracy": 0.7742553190474815
        },
        {
            "task": 8,
            "epoch": 1,
            "samples_seens": 122706,
            "loss": 0.7824782944740133,
            "top_2_accuracy": 0.9007446809017912,
            "categorial_accuracy": 0.7846808511145571
        },
        {
            "task": 9,
            "epoch": 1,
            "samples_seens": 126315,
            "loss": 0.7481826250603858,
            "top_2_accuracy": 0.9056914894124295,
            "categorial_accuracy": 0.7945212767479267
        },
        {
            "task": 10,
            "epoch": 1,
            "samples_seens": 129924,
            "loss": 0.7385631193505957,
            "top_2_accuracy": 0.9081382977201583,
            "categorial_accuracy": 0.7946808509116478
        },
        {
            "task": 11,
            "epoch": 1,
            "samples_seens": 133533,
            "loss": 0.8023728530964953,
            "top_2_accuracy": 0.9004787232520732,
            "categorial_accuracy": 0.7884042551669669
        },
        {
            "task": 12,
            "epoch": 1,
            "samples_seens": 137142,
            "loss": 0.6764249226387511,
            "top_2_accuracy": 0.9122872340425532,
            "categorial_accuracy": 0.8033510638297873
        },
        {
            "task": 13,
            "epoch": 1,
            "samples_seens": 140751,
            "loss": 0.7174722769919862,
            "top_2_accuracy": 0.9062765957954082,
            "categorial_accuracy": 0.7928723404255319
        },
        {
            "task": 14,
            "epoch": 1,
            "samples_seens": 144360,
            "loss": 0.6524844113816606,
            "top_2_accuracy": 0.9146276595744681,
            "categorial_accuracy": 0.8047340427053735
        },
        {
            "task": 15,
            "epoch": 1,
            "samples_seens": 147969,
            "loss": 0.6548619891734834,
            "top_2_accuracy": 0.9159574467577832,
            "categorial_accuracy": 0.8087234044075012
        },
        {
            "task": 16,
            "epoch": 1,
            "samples_seens": 151578,
            "loss": 0.6129876671446131,
            "top_2_accuracy": 0.9209574467577832,
            "categorial_accuracy": 0.8080851063829787
        },
        {
            "task": 17,
            "epoch": 1,
            "samples_seens": 155187,
            "loss": 0.6004099553189379,
            "top_2_accuracy": 0.9222340424517368,
            "categorial_accuracy": 0.8131914893109747
        },
        {
            "task": 18,
            "epoch": 1,
            "samples_seens": 158796,
            "loss": 0.5985451243278828,
            "top_2_accuracy": 0.9232446810032459,
            "categorial_accuracy": 0.8153723404255319
        },
        {
            "task": 19,
            "epoch": 1,
            "samples_seens": 162405,
            "loss": 0.6327735083153907,
            "top_2_accuracy": 0.9202127661096289,
            "categorial_accuracy": 0.8093617019754775
        },
        {
            "task": 20,
            "epoch": 1,
            "samples_seens": 166014,
            "loss": 0.6106451201438904,
            "top_2_accuracy": 0.922393617072004,
            "categorial_accuracy": 0.811595744680851
        },
        {
            "task": 21,
            "epoch": 1,
            "samples_seens": 169623,
            "loss": 0.6774854826927185,
            "top_2_accuracy": 0.9168085105875705,
            "categorial_accuracy": 0.7938297873862247
        },
        {
            "task": 22,
            "epoch": 1,
            "samples_seens": 173232,
            "loss": 0.7617640540954914,
            "top_2_accuracy": 0.9062765958461355,
            "categorial_accuracy": 0.7763829787741316
        },
        {
            "task": 23,
            "epoch": 1,
            "samples_seens": 176841,
            "loss": 0.8682535536238488,
            "top_2_accuracy": 0.8860106384500545,
            "categorial_accuracy": 0.7380851064844335
        },
        {
            "task": 24,
            "epoch": 1,
            "samples_seens": 180450,
            "loss": 1.0187938725187424,
            "top_2_accuracy": 0.862872340425532,
            "categorial_accuracy": 0.7027659575989906
        },
        {
            "task": 0,
            "epoch": 2,
            "samples_seens": 184059,
            "loss": 0.7183987357007696,
            "top_2_accuracy": 0.9159042552684216,
            "categorial_accuracy": 0.8089361701113112
        },
        {
            "task": 1,
            "epoch": 2,
            "samples_seens": 187668,
            "loss": 0.917584343108725,
            "top_2_accuracy": 0.8965425532422168,
            "categorial_accuracy": 0.7851063829279961
        },
        {
            "task": 2,
            "epoch": 2,
            "samples_seens": 191277,
            "loss": 0.8715026748434026,
            "top_2_accuracy": 0.9023936170720039,
            "categorial_accuracy": 0.7917021276088471
        },
        {
            "task": 3,
            "epoch": 2,
            "samples_seens": 194886,
            "loss": 0.9412272120536642,
            "top_2_accuracy": 0.8939361702634934,
            "categorial_accuracy": 0.7802659575989905
        },
        {
            "task": 4,
            "epoch": 2,
            "samples_seens": 198495,
            "loss": 0.8366978949181577,
            "top_2_accuracy": 0.9024468085613656,
            "categorial_accuracy": 0.7936702126137753
        },
        {
            "task": 5,
            "epoch": 2,
            "samples_seens": 202104,
            "loss": 0.8868216216310542,
            "top_2_accuracy": 0.9029255317627115,
            "categorial_accuracy": 0.7886170212765957
        },
        {
            "task": 6,
            "epoch": 2,
            "samples_seens": 205713,
            "loss": 0.8167595133375615,
            "top_2_accuracy": 0.9063297872847699,
            "categorial_accuracy": 0.7970212767479268
        },
        {
            "task": 7,
            "epoch": 2,
            "samples_seens": 209322,
            "loss": 0.720095850254627,
            "top_2_accuracy": 0.9162234043060465,
            "categorial_accuracy": 0.8069148935662939
        },
        {
            "task": 8,
            "epoch": 2,
            "samples_seens": 212931,
            "loss": 0.7071007321743255,
            "top_2_accuracy": 0.9161702126137754,
            "categorial_accuracy": 0.8091489363223948
        },
        {
            "task": 9,
            "epoch": 2,
            "samples_seens": 216540,
            "loss": 0.7177052181832334,
            "top_2_accuracy": 0.9157446810032459,
            "categorial_accuracy": 0.8029787234042554
        },
        {
            "task": 10,
            "epoch": 2,
            "samples_seens": 220149,
            "loss": 0.7252050446449442,
            "top_2_accuracy": 0.9176063831309055,
            "categorial_accuracy": 0.811489361600673
        },
        {
            "task": 11,
            "epoch": 2,
            "samples_seens": 223758,
            "loss": 0.6587087850621406,
            "top_2_accuracy": 0.9202127661096289,
            "categorial_accuracy": 0.8218617022291143
        },
        {
            "task": 12,
            "epoch": 2,
            "samples_seens": 227367,
            "loss": 0.7126854778350667,
            "top_2_accuracy": 0.9173404254811875,
            "categorial_accuracy": 0.8124468085613656
        },
        {
            "task": 13,
            "epoch": 2,
            "samples_seens": 230976,
            "loss": 0.6649437165260315,
            "top_2_accuracy": 0.9210638297365067,
            "categorial_accuracy": 0.8172340424010094
        },
        {
            "task": 14,
            "epoch": 2,
            "samples_seens": 234585,
            "loss": 0.5945277289887692,
            "top_2_accuracy": 0.9262234044075012,
            "categorial_accuracy": 0.8237234041538645
        },
        {
            "task": 15,
            "epoch": 2,
            "samples_seens": 238194,
            "loss": 0.6648293767584131,
            "top_2_accuracy": 0.9196276595237407,
            "categorial_accuracy": 0.8198404256333696
        },
        {
            "task": 16,
            "epoch": 2,
            "samples_seens": 241803,
            "loss": 0.6038303757474778,
            "top_2_accuracy": 0.9267553190982089,
            "categorial_accuracy": 0.8164893616514003
        },
        {
            "task": 17,
            "epoch": 2,
            "samples_seens": 245412,
            "loss": 0.5789773677765054,
            "top_2_accuracy": 0.9278191488854428,
            "categorial_accuracy": 0.8178191488347155
        },
        {
            "task": 18,
            "epoch": 2,
            "samples_seens": 249021,
            "loss": 0.575044444342877,
            "top_2_accuracy": 0.9292021277610292,
            "categorial_accuracy": 0.816595744528669
        },
        {
            "task": 19,
            "epoch": 2,
            "samples_seens": 252630,
            "loss": 0.5709082445438872,
            "top_2_accuracy": 0.929574468034379,
            "categorial_accuracy": 0.8253723404762593
        },
        {
            "task": 20,
            "epoch": 2,
            "samples_seens": 256239,
            "loss": 0.5795560701349949,
            "top_2_accuracy": 0.9301063829279961,
            "categorial_accuracy": 0.8230851063322514
        },
        {
            "task": 21,
            "epoch": 2,
            "samples_seens": 259848,
            "loss": 0.6039428572198178,
            "top_2_accuracy": 0.9311702127659575,
            "categorial_accuracy": 0.8147340424517368
        },
        {
            "task": 22,
            "epoch": 2,
            "samples_seens": 263457,
            "loss": 0.6247440035292443,
            "top_2_accuracy": 0.9267021275073924,
            "categorial_accuracy": 0.8092021276595744
        },
        {
            "task": 23,
            "epoch": 2,
            "samples_seens": 267066,
            "loss": 0.769031993784803,
            "top_2_accuracy": 0.9045744679329243,
            "categorial_accuracy": 0.7623404253797328
        },
        {
            "task": 24,
            "epoch": 2,
            "samples_seens": 270675,
            "loss": 1.224025742754023,
            "top_2_accuracy": 0.8215425532422167,
            "categorial_accuracy": 0.6503723405269867
        }
    ]
}