{
    "task_count": 25,
    "results": [
        {
            "loss": 2.531857018978038,
            "task": 0,
            "epoch": 0,
            "categorial_accuracy": 0.34505319151472535,
            "top_2_accuracy": 0.48132978733549725,
            "samples_seens": 3623
        },
        {
            "loss": 2.0519003535331564,
            "task": 1,
            "epoch": 0,
            "categorial_accuracy": 0.48563829794843144,
            "top_2_accuracy": 0.6345744680851064,
            "samples_seens": 7244
        },
        {
            "loss": 1.8967717685090735,
            "task": 2,
            "epoch": 0,
            "categorial_accuracy": 0.5163829786219496,
            "top_2_accuracy": 0.6701595746202672,
            "samples_seens": 10865
        },
        {
            "loss": 1.9056938872438796,
            "task": 3,
            "epoch": 0,
            "categorial_accuracy": 0.5346276596759229,
            "top_2_accuracy": 0.6872872339410985,
            "samples_seens": 14486
        },
        {
            "loss": 1.6550333724123367,
            "task": 4,
            "epoch": 0,
            "categorial_accuracy": 0.5782446808003364,
            "top_2_accuracy": 0.7325000000507274,
            "samples_seens": 18108
        },
        {
            "loss": 1.5908548236400524,
            "task": 5,
            "epoch": 0,
            "categorial_accuracy": 0.5890425530900346,
            "top_2_accuracy": 0.7357446809017912,
            "samples_seens": 21730
        },
        {
            "loss": 1.464337931490959,
            "task": 6,
            "epoch": 0,
            "categorial_accuracy": 0.6305319148428896,
            "top_2_accuracy": 0.7647872340932805,
            "samples_seens": 25351
        },
        {
            "loss": 1.4604268941473453,
            "task": 7,
            "epoch": 0,
            "categorial_accuracy": 0.6417021275073924,
            "top_2_accuracy": 0.7785638297365067,
            "samples_seens": 28973
        },
        {
            "loss": 1.2748045793492744,
            "task": 8,
            "epoch": 0,
            "categorial_accuracy": 0.6668617020262049,
            "top_2_accuracy": 0.8028723405269866,
            "samples_seens": 32596
        },
        {
            "loss": 1.1651065417553517,
            "task": 9,
            "epoch": 0,
            "categorial_accuracy": 0.6893617020769323,
            "top_2_accuracy": 0.8228191489361703,
            "samples_seens": 36227
        },
        {
            "loss": 1.0982020719000634,
            "task": 10,
            "epoch": 0,
            "categorial_accuracy": 0.701861702178387,
            "top_2_accuracy": 0.8343617020769322,
            "samples_seens": 39849
        },
        {
            "loss": 1.0973823276479193,
            "task": 11,
            "epoch": 0,
            "categorial_accuracy": 0.7061702126137753,
            "top_2_accuracy": 0.8399468086628203,
            "samples_seens": 43466
        },
        {
            "loss": 1.0170126548726508,
            "task": 12,
            "epoch": 0,
            "categorial_accuracy": 0.7191489362716674,
            "top_2_accuracy": 0.8497340426546462,
            "samples_seens": 47089
        },
        {
            "loss": 0.9454432007606993,
            "task": 13,
            "epoch": 0,
            "categorial_accuracy": 0.7311170212765957,
            "top_2_accuracy": 0.8572340427053735,
            "samples_seens": 50710
        },
        {
            "loss": 0.8923318952702461,
            "task": 14,
            "epoch": 0,
            "categorial_accuracy": 0.744095744528669,
            "top_2_accuracy": 0.8702659573453538,
            "samples_seens": 54331
        },
        {
            "loss": 0.8343370087603306,
            "task": 15,
            "epoch": 0,
            "categorial_accuracy": 0.760531914741435,
            "top_2_accuracy": 0.8778191487839881,
            "samples_seens": 57962
        },
        {
            "loss": 0.7663125484547717,
            "task": 16,
            "epoch": 0,
            "categorial_accuracy": 0.7757446806988818,
            "top_2_accuracy": 0.8896808512160118,
            "samples_seens": 61586
        },
        {
            "loss": 0.7790941438776382,
            "task": 17,
            "epoch": 0,
            "categorial_accuracy": 0.7660106381456903,
            "top_2_accuracy": 0.8899999999492726,
            "samples_seens": 65208
        },
        {
            "loss": 0.7489154506236949,
            "task": 18,
            "epoch": 0,
            "categorial_accuracy": 0.7793085106890252,
            "top_2_accuracy": 0.8952127658052648,
            "samples_seens": 68829
        },
        {
            "loss": 0.774043359502833,
            "task": 19,
            "epoch": 0,
            "categorial_accuracy": 0.7660638299394161,
            "top_2_accuracy": 0.8906914894124295,
            "samples_seens": 72451
        },
        {
            "loss": 0.6895200777053833,
            "task": 20,
            "epoch": 0,
            "categorial_accuracy": 0.7900000001014548,
            "top_2_accuracy": 0.9075531913371796,
            "samples_seens": 76073
        },
        {
            "loss": 0.6749348232593942,
            "task": 21,
            "epoch": 0,
            "categorial_accuracy": 0.7981914893617021,
            "top_2_accuracy": 0.9132446806988818,
            "samples_seens": 79695
        },
        {
            "loss": 0.7009282528085912,
            "task": 22,
            "epoch": 0,
            "categorial_accuracy": 0.7914361700605839,
            "top_2_accuracy": 0.9119680850049283,
            "samples_seens": 83316
        },
        {
            "loss": 0.978070618142473,
            "task": 23,
            "epoch": 0,
            "categorial_accuracy": 0.7323404254304602,
            "top_2_accuracy": 0.8717553190982088,
            "samples_seens": 86937
        },
        {
            "loss": 0.9758861243978459,
            "task": 24,
            "epoch": 0,
            "categorial_accuracy": 0.733404255471331,
            "top_2_accuracy": 0.8820744681865611,
            "samples_seens": 90559
        },
        {
            "loss": 0.699269624365137,
            "task": 0,
            "epoch": 1,
            "categorial_accuracy": 0.7956914892602475,
            "top_2_accuracy": 0.9119148937692033,
            "samples_seens": 94182
        },
        {
            "loss": 0.7019279669700785,
            "task": 1,
            "epoch": 1,
            "categorial_accuracy": 0.7935638297365066,
            "top_2_accuracy": 0.9131382977201583,
            "samples_seens": 97803
        },
        {
            "loss": 0.7246721916503095,
            "task": 2,
            "epoch": 1,
            "categorial_accuracy": 0.7916489360687581,
            "top_2_accuracy": 0.9077127659574468,
            "samples_seens": 101424
        },
        {
            "loss": 0.7475112886124469,
            "task": 3,
            "epoch": 1,
            "categorial_accuracy": 0.7908510638297872,
            "top_2_accuracy": 0.9067553193011182,
            "samples_seens": 105045
        },
        {
            "loss": 0.7445295722433861,
            "task": 4,
            "epoch": 1,
            "categorial_accuracy": 0.794414893718476,
            "top_2_accuracy": 0.9077127661096289,
            "samples_seens": 108667
        },
        {
            "loss": 0.7784673966752722,
            "task": 5,
            "epoch": 1,
            "categorial_accuracy": 0.787500000152182,
            "top_2_accuracy": 0.9035106382978724,
            "samples_seens": 112289
        },
        {
            "loss": 0.7116042822979867,
            "task": 6,
            "epoch": 1,
            "categorial_accuracy": 0.7981914892095201,
            "top_2_accuracy": 0.9136170212258684,
            "samples_seens": 115910
        },
        {
            "loss": 0.7049003164311672,
            "task": 7,
            "epoch": 1,
            "categorial_accuracy": 0.7974468084599109,
            "top_2_accuracy": 0.9121276595237408,
            "samples_seens": 119532
        },
        {
            "loss": 0.7032049445903048,
            "task": 8,
            "epoch": 1,
            "categorial_accuracy": 0.7989893616006729,
            "top_2_accuracy": 0.9120744679329243,
            "samples_seens": 123155
        },
        {
            "loss": 0.6637297361708702,
            "task": 9,
            "epoch": 1,
            "categorial_accuracy": 0.8026595746202672,
            "top_2_accuracy": 0.9160106384500544,
            "samples_seens": 126786
        },
        {
            "loss": 0.6975990690068996,
            "task": 10,
            "epoch": 1,
            "categorial_accuracy": 0.8030319149443443,
            "top_2_accuracy": 0.9133510638297873,
            "samples_seens": 130408
        },
        {
            "loss": 0.6356359328868542,
            "task": 11,
            "epoch": 1,
            "categorial_accuracy": 0.8130851062307967,
            "top_2_accuracy": 0.9194148934648392,
            "samples_seens": 134025
        },
        {
            "loss": 0.6440481866166947,
            "task": 12,
            "epoch": 1,
            "categorial_accuracy": 0.8110638298379614,
            "top_2_accuracy": 0.9179787233535279,
            "samples_seens": 137648
        },
        {
            "loss": 0.6211460803417449,
            "task": 13,
            "epoch": 1,
            "categorial_accuracy": 0.8064361703142207,
            "top_2_accuracy": 0.9178723405269866,
            "samples_seens": 141269
        },
        {
            "loss": 0.635104302041074,
            "task": 14,
            "epoch": 1,
            "categorial_accuracy": 0.8115425531914894,
            "top_2_accuracy": 0.9206914893617021,
            "samples_seens": 144890
        },
        {
            "loss": 0.5813010928478647,
            "task": 15,
            "epoch": 1,
            "categorial_accuracy": 0.8189893618035824,
            "top_2_accuracy": 0.9262234042045918,
            "samples_seens": 148521
        },
        {
            "loss": 0.5713637443045352,
            "task": 16,
            "epoch": 1,
            "categorial_accuracy": 0.8204787232520733,
            "top_2_accuracy": 0.9247872339918258,
            "samples_seens": 152145
        },
        {
            "loss": 0.5687039979468,
            "task": 17,
            "epoch": 1,
            "categorial_accuracy": 0.8202659574975358,
            "top_2_accuracy": 0.9253191490376249,
            "samples_seens": 155767
        },
        {
            "loss": 0.6000230018636014,
            "task": 18,
            "epoch": 1,
            "categorial_accuracy": 0.8164361703142207,
            "top_2_accuracy": 0.9193617020262048,
            "samples_seens": 159388
        },
        {
            "loss": 0.5575423851165365,
            "task": 19,
            "epoch": 1,
            "categorial_accuracy": 0.8172872341947353,
            "top_2_accuracy": 0.9281382980245225,
            "samples_seens": 163010
        },
        {
            "loss": 0.5504286357950657,
            "task": 20,
            "epoch": 1,
            "categorial_accuracy": 0.8240425530900346,
            "top_2_accuracy": 0.9292021275073924,
            "samples_seens": 166632
        },
        {
            "loss": 0.5736117916411542,
            "task": 21,
            "epoch": 1,
            "categorial_accuracy": 0.8152659574468085,
            "top_2_accuracy": 0.9279787234042554,
            "samples_seens": 170254
        },
        {
            "loss": 0.5491175345157056,
            "task": 22,
            "epoch": 1,
            "categorial_accuracy": 0.8217021276088471,
            "top_2_accuracy": 0.9335106384500544,
            "samples_seens": 173875
        },
        {
            "loss": 0.596630951394426,
            "task": 23,
            "epoch": 1,
            "categorial_accuracy": 0.8066489360180307,
            "top_2_accuracy": 0.9282978722896982,
            "samples_seens": 177496
        },
        {
            "loss": 0.8873869962387897,
            "task": 24,
            "epoch": 1,
            "categorial_accuracy": 0.7451063828772687,
            "top_2_accuracy": 0.8870744679329243,
            "samples_seens": 181118
        },
        {
            "loss": 0.6799141543215894,
            "task": 0,
            "epoch": 2,
            "categorial_accuracy": 0.8138297873354973,
            "top_2_accuracy": 0.9250531915908164,
            "samples_seens": 184741
        },
        {
            "loss": 0.691531296258277,
            "task": 1,
            "epoch": 2,
            "categorial_accuracy": 0.8122872340932805,
            "top_2_accuracy": 0.9206382978216131,
            "samples_seens": 188362
        },
        {
            "loss": 0.615367317047525,
            "task": 2,
            "epoch": 2,
            "categorial_accuracy": 0.8193617021783869,
            "top_2_accuracy": 0.9269148937692033,
            "samples_seens": 191983
        },
        {
            "loss": 0.695244741313001,
            "task": 3,
            "epoch": 2,
            "categorial_accuracy": 0.8117021276088471,
            "top_2_accuracy": 0.9228723403748046,
            "samples_seens": 195604
        },
        {
            "loss": 0.6478445204775384,
            "task": 4,
            "epoch": 2,
            "categorial_accuracy": 0.816063829635052,
            "top_2_accuracy": 0.92180851079048,
            "samples_seens": 199226
        },
        {
            "loss": 0.6215987449757596,
            "task": 5,
            "epoch": 2,
            "categorial_accuracy": 0.8181914893109747,
            "top_2_accuracy": 0.9255319148428897,
            "samples_seens": 202848
        },
        {
            "loss": 0.691829380811529,
            "task": 6,
            "epoch": 2,
            "categorial_accuracy": 0.8071276595237408,
            "top_2_accuracy": 0.9186702127659574,
            "samples_seens": 206469
        },
        {
            "loss": 0.5991755113703139,
            "task": 7,
            "epoch": 2,
            "categorial_accuracy": 0.8205319150457991,
            "top_2_accuracy": 0.9288297871833152,
            "samples_seens": 210091
        },
        {
            "loss": 0.636100835394352,
            "task": 8,
            "epoch": 2,
            "categorial_accuracy": 0.81819148920952,
            "top_2_accuracy": 0.9237234044075012,
            "samples_seens": 213714
        },
        {
            "loss": 0.5889397288636958,
            "task": 9,
            "epoch": 2,
            "categorial_accuracy": 0.820957446707056,
            "top_2_accuracy": 0.9283510639819693,
            "samples_seens": 217345
        },
        {
            "loss": 0.6153978320131911,
            "task": 10,
            "epoch": 2,
            "categorial_accuracy": 0.819521276646472,
            "top_2_accuracy": 0.9254255320670757,
            "samples_seens": 220967
        },
        {
            "loss": 0.5803659237699306,
            "task": 11,
            "epoch": 2,
            "categorial_accuracy": 0.8286170211244137,
            "top_2_accuracy": 0.9293085106382979,
            "samples_seens": 224584
        },
        {
            "loss": 0.5610980785907583,
            "task": 12,
            "epoch": 2,
            "categorial_accuracy": 0.8273936171734587,
            "top_2_accuracy": 0.9287765956432261,
            "samples_seens": 228207
        },
        {
            "loss": 0.5839672876672541,
            "task": 13,
            "epoch": 2,
            "categorial_accuracy": 0.8283510636776051,
            "top_2_accuracy": 0.928617021175141,
            "samples_seens": 231828
        },
        {
            "loss": 0.5997461420678077,
            "task": 14,
            "epoch": 2,
            "categorial_accuracy": 0.8224468085613656,
            "top_2_accuracy": 0.9271808510131024,
            "samples_seens": 235449
        },
        {
            "loss": 0.5374058197153375,
            "task": 15,
            "epoch": 2,
            "categorial_accuracy": 0.8294680849542009,
            "top_2_accuracy": 0.9324468084599109,
            "samples_seens": 239080
        },
        {
            "loss": 0.5226183375145527,
            "task": 16,
            "epoch": 2,
            "categorial_accuracy": 0.8318617019754775,
            "top_2_accuracy": 0.9362234042045918,
            "samples_seens": 242704
        },
        {
            "loss": 0.5299843127930418,
            "task": 17,
            "epoch": 2,
            "categorial_accuracy": 0.8351595743666304,
            "top_2_accuracy": 0.9342021277610292,
            "samples_seens": 246326
        },
        {
            "loss": 0.5151087117702403,
            "task": 18,
            "epoch": 2,
            "categorial_accuracy": 0.8337765957954082,
            "top_2_accuracy": 0.93617021271523,
            "samples_seens": 249947
        },
        {
            "loss": 0.5305096518739741,
            "task": 19,
            "epoch": 2,
            "categorial_accuracy": 0.8272872339410985,
            "top_2_accuracy": 0.9338829788755864,
            "samples_seens": 253569
        },
        {
            "loss": 0.5080940468006946,
            "task": 20,
            "epoch": 2,
            "categorial_accuracy": 0.8322872339918258,
            "top_2_accuracy": 0.9352127661096289,
            "samples_seens": 257191
        },
        {
            "loss": 0.5043531225082722,
            "task": 21,
            "epoch": 2,
            "categorial_accuracy": 0.8346276597266502,
            "top_2_accuracy": 0.9371276597266501,
            "samples_seens": 260813
        },
        {
            "loss": 0.6108191109210886,
            "task": 22,
            "epoch": 2,
            "categorial_accuracy": 0.8152127658559921,
            "top_2_accuracy": 0.9253191490376249,
            "samples_seens": 264434
        },
        {
            "loss": 0.6087245063578829,
            "task": 23,
            "epoch": 2,
            "categorial_accuracy": 0.813031914893617,
            "top_2_accuracy": 0.9299999998478179,
            "samples_seens": 268055
        },
        {
            "loss": 0.7340372721185076,
            "task": 24,
            "epoch": 2,
            "categorial_accuracy": 0.779042553292944,
            "top_2_accuracy": 0.9141489362209402,
            "samples_seens": 271677
        }
    ],
    "id": 0,
    "name": "id0_t25_dp0.2_dc0.7_df0.1"
}