{
    "task_count": 25,
    "results": [
        {
            "loss": 2.6581089348488667,
            "task": 0,
            "epoch": 0,
            "categorial_accuracy": 0.29803191484288966,
            "top_2_accuracy": 0.426063829711143,
            "samples_seens": 3629
        },
        {
            "loss": 2.003755129753275,
            "task": 1,
            "epoch": 0,
            "categorial_accuracy": 0.4717553192503909,
            "top_2_accuracy": 0.6259574469606927,
            "samples_seens": 7250
        },
        {
            "loss": 1.7274217937347738,
            "task": 2,
            "epoch": 0,
            "categorial_accuracy": 0.5348936169705493,
            "top_2_accuracy": 0.6840957447823057,
            "samples_seens": 10870
        },
        {
            "loss": 1.5158019115569743,
            "task": 3,
            "epoch": 0,
            "categorial_accuracy": 0.5850000001014547,
            "top_2_accuracy": 0.731968085106383,
            "samples_seens": 14491
        },
        {
            "loss": 1.2711953274747159,
            "task": 4,
            "epoch": 0,
            "categorial_accuracy": 0.6426595744680851,
            "top_2_accuracy": 0.7873404256333696,
            "samples_seens": 18112
        },
        {
            "loss": 1.2414696836471557,
            "task": 5,
            "epoch": 0,
            "categorial_accuracy": 0.6570212766971993,
            "top_2_accuracy": 0.803031914741435,
            "samples_seens": 21729
        },
        {
            "loss": 1.1105815946294906,
            "task": 6,
            "epoch": 0,
            "categorial_accuracy": 0.6873404253797328,
            "top_2_accuracy": 0.8252659574975358,
            "samples_seens": 25350
        },
        {
            "loss": 1.0898392468310416,
            "task": 7,
            "epoch": 0,
            "categorial_accuracy": 0.6935106381964177,
            "top_2_accuracy": 0.8328191488854428,
            "samples_seens": 28971
        },
        {
            "loss": 0.9811747907577677,
            "task": 8,
            "epoch": 0,
            "categorial_accuracy": 0.7120744682372885,
            "top_2_accuracy": 0.8471808512160118,
            "samples_seens": 32594
        },
        {
            "loss": 0.9558296247746082,
            "task": 9,
            "epoch": 0,
            "categorial_accuracy": 0.7230319148936171,
            "top_2_accuracy": 0.8502127659067195,
            "samples_seens": 36220
        },
        {
            "loss": 0.9394706526715705,
            "task": 10,
            "epoch": 0,
            "categorial_accuracy": 0.7273404254811875,
            "top_2_accuracy": 0.8585106382978723,
            "samples_seens": 39842
        },
        {
            "loss": 0.8498099773488146,
            "task": 11,
            "epoch": 0,
            "categorial_accuracy": 0.7448936171734587,
            "top_2_accuracy": 0.8720744680851064,
            "samples_seens": 43463
        },
        {
            "loss": 0.8371556302841674,
            "task": 12,
            "epoch": 0,
            "categorial_accuracy": 0.7477659572946265,
            "top_2_accuracy": 0.8794148935662939,
            "samples_seens": 47084
        },
        {
            "loss": 0.7706183809929705,
            "task": 13,
            "epoch": 0,
            "categorial_accuracy": 0.7669148935662939,
            "top_2_accuracy": 0.8887234043567739,
            "samples_seens": 50705
        },
        {
            "loss": 0.7553542876243591,
            "task": 14,
            "epoch": 0,
            "categorial_accuracy": 0.7666489363223948,
            "top_2_accuracy": 0.8895744679836517,
            "samples_seens": 54327
        },
        {
            "loss": 0.7333227914952217,
            "task": 15,
            "epoch": 0,
            "categorial_accuracy": 0.7763297870818605,
            "top_2_accuracy": 0.8976063830294507,
            "samples_seens": 57953
        },
        {
            "loss": 0.7167028215083671,
            "task": 16,
            "epoch": 0,
            "categorial_accuracy": 0.7787234041031371,
            "top_2_accuracy": 0.8968617021783869,
            "samples_seens": 61571
        },
        {
            "loss": 0.7009243888550616,
            "task": 17,
            "epoch": 0,
            "categorial_accuracy": 0.7923936171227313,
            "top_2_accuracy": 0.9080319147921623,
            "samples_seens": 65193
        },
        {
            "loss": 0.6596730739512342,
            "task": 18,
            "epoch": 0,
            "categorial_accuracy": 0.7955319147414349,
            "top_2_accuracy": 0.9136170212258684,
            "samples_seens": 68810
        },
        {
            "loss": 0.6705097429295803,
            "task": 19,
            "epoch": 0,
            "categorial_accuracy": 0.8003191489361702,
            "top_2_accuracy": 0.9149468085106383,
            "samples_seens": 72431
        },
        {
            "loss": 0.6270048252065131,
            "task": 20,
            "epoch": 0,
            "categorial_accuracy": 0.800531914893617,
            "top_2_accuracy": 0.9161702129181395,
            "samples_seens": 76052
        },
        {
            "loss": 0.6576997319180915,
            "task": 21,
            "epoch": 0,
            "categorial_accuracy": 0.8008510638805146,
            "top_2_accuracy": 0.9178723403240772,
            "samples_seens": 79673
        },
        {
            "loss": 0.6846613547142516,
            "task": 22,
            "epoch": 0,
            "categorial_accuracy": 0.7945744681358338,
            "top_2_accuracy": 0.9180851064844334,
            "samples_seens": 83294
        },
        {
            "loss": 0.6652285408466421,
            "task": 23,
            "epoch": 0,
            "categorial_accuracy": 0.7954255318641663,
            "top_2_accuracy": 0.9206382979230677,
            "samples_seens": 86914
        },
        {
            "loss": 0.7600974842335315,
            "task": 24,
            "epoch": 0,
            "categorial_accuracy": 0.77702127649429,
            "top_2_accuracy": 0.9104787232520732,
            "samples_seens": 90536
        },
        {
            "loss": 0.574903319160989,
            "task": 0,
            "epoch": 1,
            "categorial_accuracy": 0.8142553191996635,
            "top_2_accuracy": 0.9246276596759228,
            "samples_seens": 94165
        },
        {
            "loss": 0.6035924837944355,
            "task": 1,
            "epoch": 1,
            "categorial_accuracy": 0.8068617021276596,
            "top_2_accuracy": 0.9204787235564373,
            "samples_seens": 97786
        },
        {
            "loss": 0.5875593423843384,
            "task": 2,
            "epoch": 1,
            "categorial_accuracy": 0.8106914894631568,
            "top_2_accuracy": 0.9230319148428897,
            "samples_seens": 101406
        },
        {
            "loss": 0.6312181944035469,
            "task": 3,
            "epoch": 1,
            "categorial_accuracy": 0.8003191490883523,
            "top_2_accuracy": 0.9186702129181396,
            "samples_seens": 105027
        },
        {
            "loss": 0.5942680321094838,
            "task": 4,
            "epoch": 1,
            "categorial_accuracy": 0.8103723404762593,
            "top_2_accuracy": 0.9221276595744681,
            "samples_seens": 108648
        },
        {
            "loss": 0.5759726249918025,
            "task": 5,
            "epoch": 1,
            "categorial_accuracy": 0.8172340426546462,
            "top_2_accuracy": 0.9266489363223949,
            "samples_seens": 112265
        },
        {
            "loss": 0.5974346882485329,
            "task": 6,
            "epoch": 1,
            "categorial_accuracy": 0.8134574466563286,
            "top_2_accuracy": 0.9240957446808511,
            "samples_seens": 115886
        },
        {
            "loss": 0.5758659097235254,
            "task": 7,
            "epoch": 1,
            "categorial_accuracy": 0.8188829787234042,
            "top_2_accuracy": 0.9285638298886888,
            "samples_seens": 119507
        },
        {
            "loss": 0.5802646037619165,
            "task": 8,
            "epoch": 1,
            "categorial_accuracy": 0.8159574468085107,
            "top_2_accuracy": 0.9245212767479267,
            "samples_seens": 123130
        },
        {
            "loss": 0.5726168493260728,
            "task": 9,
            "epoch": 1,
            "categorial_accuracy": 0.8198936170212766,
            "top_2_accuracy": 0.9253191490376249,
            "samples_seens": 126756
        },
        {
            "loss": 0.5525191477004517,
            "task": 10,
            "epoch": 1,
            "categorial_accuracy": 0.8242021275073924,
            "top_2_accuracy": 0.9312765958461355,
            "samples_seens": 130378
        },
        {
            "loss": 0.5351790763723089,
            "task": 11,
            "epoch": 1,
            "categorial_accuracy": 0.8276595746202672,
            "top_2_accuracy": 0.9324468086120931,
            "samples_seens": 133999
        },
        {
            "loss": 0.5454075042491263,
            "task": 12,
            "epoch": 1,
            "categorial_accuracy": 0.8244680850556556,
            "top_2_accuracy": 0.9295212766971994,
            "samples_seens": 137620
        },
        {
            "loss": 0.5489297097540916,
            "task": 13,
            "epoch": 1,
            "categorial_accuracy": 0.8219148935155666,
            "top_2_accuracy": 0.9307978722896981,
            "samples_seens": 141241
        },
        {
            "loss": 0.5372233815396086,
            "task": 14,
            "epoch": 1,
            "categorial_accuracy": 0.8261702129181395,
            "top_2_accuracy": 0.9307446809525185,
            "samples_seens": 144863
        },
        {
            "loss": 0.5234351310577798,
            "task": 15,
            "epoch": 1,
            "categorial_accuracy": 0.8294148934648392,
            "top_2_accuracy": 0.9328191488347155,
            "samples_seens": 148489
        },
        {
            "loss": 0.5258020040583103,
            "task": 16,
            "epoch": 1,
            "categorial_accuracy": 0.830531914893617,
            "top_2_accuracy": 0.9323936169198219,
            "samples_seens": 152107
        },
        {
            "loss": 0.5197734139067062,
            "task": 17,
            "epoch": 1,
            "categorial_accuracy": 0.8288297870818605,
            "top_2_accuracy": 0.9347872341440079,
            "samples_seens": 155729
        },
        {
            "loss": 0.5083828924818242,
            "task": 18,
            "epoch": 1,
            "categorial_accuracy": 0.8338829785712222,
            "top_2_accuracy": 0.9365425532929441,
            "samples_seens": 159346
        },
        {
            "loss": 0.505464346408844,
            "task": 19,
            "epoch": 1,
            "categorial_accuracy": 0.8343085106382979,
            "top_2_accuracy": 0.9384574469099654,
            "samples_seens": 162967
        },
        {
            "loss": 0.5352305030315481,
            "task": 20,
            "epoch": 1,
            "categorial_accuracy": 0.8313829787234043,
            "top_2_accuracy": 0.9356914893109748,
            "samples_seens": 166588
        },
        {
            "loss": 0.512122596426213,
            "task": 21,
            "epoch": 1,
            "categorial_accuracy": 0.8327659575482632,
            "top_2_accuracy": 0.9373404256840969,
            "samples_seens": 170209
        },
        {
            "loss": 0.5773759608573102,
            "task": 22,
            "epoch": 1,
            "categorial_accuracy": 0.8137234043567738,
            "top_2_accuracy": 0.9282446808510638,
            "samples_seens": 173830
        },
        {
            "loss": 0.5911305615242491,
            "task": 23,
            "epoch": 1,
            "categorial_accuracy": 0.8144680849542009,
            "top_2_accuracy": 0.9300000001521821,
            "samples_seens": 177450
        },
        {
            "loss": 0.6151936703032636,
            "task": 24,
            "epoch": 1,
            "categorial_accuracy": 0.8078191490883523,
            "top_2_accuracy": 0.9292021278117566,
            "samples_seens": 181072
        },
        {
            "loss": 0.5299869507931648,
            "task": 0,
            "epoch": 2,
            "categorial_accuracy": 0.8357978723911529,
            "top_2_accuracy": 0.9375531915908164,
            "samples_seens": 184701
        },
        {
            "loss": 0.5332499969005585,
            "task": 1,
            "epoch": 2,
            "categorial_accuracy": 0.8327127659574468,
            "top_2_accuracy": 0.937819149037625,
            "samples_seens": 188322
        },
        {
            "loss": 0.5215705020630613,
            "task": 2,
            "epoch": 2,
            "categorial_accuracy": 0.8346808509116477,
            "top_2_accuracy": 0.9389361703142207,
            "samples_seens": 191942
        },
        {
            "loss": 0.5402445922760253,
            "task": 3,
            "epoch": 2,
            "categorial_accuracy": 0.8313297872847699,
            "top_2_accuracy": 0.9349468085106383,
            "samples_seens": 195563
        },
        {
            "loss": 0.549248735169147,
            "task": 4,
            "epoch": 2,
            "categorial_accuracy": 0.8286702128166848,
            "top_2_accuracy": 0.9344680850556556,
            "samples_seens": 199184
        },
        {
            "loss": 0.5186583528620131,
            "task": 5,
            "epoch": 2,
            "categorial_accuracy": 0.8352659574468085,
            "top_2_accuracy": 0.9395744681865611,
            "samples_seens": 202801
        },
        {
            "loss": 0.5224277782693822,
            "task": 6,
            "epoch": 2,
            "categorial_accuracy": 0.8361170213780504,
            "top_2_accuracy": 0.9386702128674121,
            "samples_seens": 206422
        },
        {
            "loss": 0.5090637609045556,
            "task": 7,
            "epoch": 2,
            "categorial_accuracy": 0.8363829787741316,
            "top_2_accuracy": 0.9388829788248589,
            "samples_seens": 210043
        },
        {
            "loss": 0.5184035983491451,
            "task": 8,
            "epoch": 2,
            "categorial_accuracy": 0.8361170211244137,
            "top_2_accuracy": 0.9389361701620386,
            "samples_seens": 213666
        },
        {
            "loss": 0.48804029614367384,
            "task": 9,
            "epoch": 2,
            "categorial_accuracy": 0.8424468084091836,
            "top_2_accuracy": 0.940053191387907,
            "samples_seens": 217292
        },
        {
            "loss": 0.49008532775209307,
            "task": 10,
            "epoch": 2,
            "categorial_accuracy": 0.8429255319656209,
            "top_2_accuracy": 0.9419680850556557,
            "samples_seens": 220914
        },
        {
            "loss": 0.5035848139702006,
            "task": 11,
            "epoch": 2,
            "categorial_accuracy": 0.8354787232520733,
            "top_2_accuracy": 0.9377127659067195,
            "samples_seens": 224535
        },
        {
            "loss": 0.49461760487962275,
            "task": 12,
            "epoch": 2,
            "categorial_accuracy": 0.8372872339410985,
            "top_2_accuracy": 0.9375000001014547,
            "samples_seens": 228156
        },
        {
            "loss": 0.4853496015325506,
            "task": 13,
            "epoch": 2,
            "categorial_accuracy": 0.8426595744680851,
            "top_2_accuracy": 0.9430319149950718,
            "samples_seens": 231777
        },
        {
            "loss": 0.4840558861925247,
            "task": 14,
            "epoch": 2,
            "categorial_accuracy": 0.840053191387907,
            "top_2_accuracy": 0.9394680851571103,
            "samples_seens": 235399
        },
        {
            "loss": 0.47838151459998274,
            "task": 15,
            "epoch": 2,
            "categorial_accuracy": 0.8424468086628204,
            "top_2_accuracy": 0.9434574469099654,
            "samples_seens": 239025
        },
        {
            "loss": 0.46847767824822284,
            "task": 16,
            "epoch": 2,
            "categorial_accuracy": 0.8467553190982088,
            "top_2_accuracy": 0.944414893718476,
            "samples_seens": 242643
        },
        {
            "loss": 0.47484187590314986,
            "task": 17,
            "epoch": 2,
            "categorial_accuracy": 0.8416489361194854,
            "top_2_accuracy": 0.9436702128674122,
            "samples_seens": 246265
        },
        {
            "loss": 0.4913623403234685,
            "task": 18,
            "epoch": 2,
            "categorial_accuracy": 0.8358510637283325,
            "top_2_accuracy": 0.9392021276088471,
            "samples_seens": 249882
        },
        {
            "loss": 0.4648651007895774,
            "task": 19,
            "epoch": 2,
            "categorial_accuracy": 0.844095744680851,
            "top_2_accuracy": 0.9435106384500545,
            "samples_seens": 253503
        },
        {
            "loss": 0.46181386797986135,
            "task": 20,
            "epoch": 2,
            "categorial_accuracy": 0.8453723404255319,
            "top_2_accuracy": 0.9438829788248589,
            "samples_seens": 257124
        },
        {
            "loss": 0.48876384958307795,
            "task": 21,
            "epoch": 2,
            "categorial_accuracy": 0.8392553191489361,
            "top_2_accuracy": 0.94117021271523,
            "samples_seens": 260745
        },
        {
            "loss": 0.49402204959950546,
            "task": 22,
            "epoch": 2,
            "categorial_accuracy": 0.8350531915908164,
            "top_2_accuracy": 0.9403723403240772,
            "samples_seens": 264366
        },
        {
            "loss": 0.5606348197510902,
            "task": 23,
            "epoch": 2,
            "categorial_accuracy": 0.8242021278117565,
            "top_2_accuracy": 0.9362765957954082,
            "samples_seens": 267986
        },
        {
            "loss": 0.5600020406094003,
            "task": 24,
            "epoch": 2,
            "categorial_accuracy": 0.8245212765957447,
            "top_2_accuracy": 0.9405319148428897,
            "samples_seens": 271608
        }
    ],
    "id": 0,
    "name": "id0_t25_dp0.3_dc0.2_df0.5"
}