{
    "task_count": 25,
    "id": 0,
    "name": "id0_t25_dp0.7_dc0.3_df0.0",
    "results": [
        {
            "task": 0,
            "epoch": 0,
            "samples_seens": 3609,
            "loss": 2.8480671103457187,
            "top_2_accuracy": 0.42223404247710045,
            "categorial_accuracy": 0.2738297872086789
        },
        {
            "task": 1,
            "epoch": 0,
            "samples_seens": 7219,
            "loss": 2.3703024058646345,
            "top_2_accuracy": 0.600425531965621,
            "categorial_accuracy": 0.44388297877413163
        },
        {
            "task": 2,
            "epoch": 0,
            "samples_seens": 10830,
            "loss": 2.0232238373857863,
            "top_2_accuracy": 0.654042553292944,
            "categorial_accuracy": 0.49515957441735775
        },
        {
            "task": 3,
            "epoch": 0,
            "samples_seens": 14442,
            "loss": 1.9977370903339793,
            "top_2_accuracy": 0.6713297872847699,
            "categorial_accuracy": 0.5306914894631568
        },
        {
            "task": 4,
            "epoch": 0,
            "samples_seens": 18053,
            "loss": 1.8242279045632546,
            "top_2_accuracy": 0.7080851065351608,
            "categorial_accuracy": 0.5682978722389708
        },
        {
            "task": 5,
            "epoch": 0,
            "samples_seens": 21665,
            "loss": 1.7782045312637977,
            "top_2_accuracy": 0.7180319148936171,
            "categorial_accuracy": 0.5741489362209401
        },
        {
            "task": 6,
            "epoch": 0,
            "samples_seens": 25277,
            "loss": 1.719977800998282,
            "top_2_accuracy": 0.7312765956432261,
            "categorial_accuracy": 0.5887234042045918
        },
        {
            "task": 7,
            "epoch": 0,
            "samples_seens": 28890,
            "loss": 1.6352105183297014,
            "top_2_accuracy": 0.7627127658559921,
            "categorial_accuracy": 0.6234042553698763
        },
        {
            "task": 8,
            "epoch": 0,
            "samples_seens": 32504,
            "loss": 1.570925585056873,
            "top_2_accuracy": 0.7610106381456903,
            "categorial_accuracy": 0.6211170212765957
        },
        {
            "task": 9,
            "epoch": 0,
            "samples_seens": 36118,
            "loss": 1.4624737155183833,
            "top_2_accuracy": 0.788351063931242,
            "categorial_accuracy": 0.6517021275581197
        },
        {
            "task": 10,
            "epoch": 0,
            "samples_seens": 39731,
            "loss": 1.3665876344924277,
            "top_2_accuracy": 0.8011170213780504,
            "categorial_accuracy": 0.668936170364948
        },
        {
            "task": 11,
            "epoch": 0,
            "samples_seens": 43346,
            "loss": 1.2200029479696395,
            "top_2_accuracy": 0.8159042554206036,
            "categorial_accuracy": 0.6833510639312419
        },
        {
            "task": 12,
            "epoch": 0,
            "samples_seens": 46961,
            "loss": 1.1881517059245008,
            "top_2_accuracy": 0.8222872338903712,
            "categorial_accuracy": 0.6956382978723404
        },
        {
            "task": 13,
            "epoch": 0,
            "samples_seens": 50577,
            "loss": 1.0958508623407242,
            "top_2_accuracy": 0.8320212766464721,
            "categorial_accuracy": 0.6995744682372884
        },
        {
            "task": 14,
            "epoch": 0,
            "samples_seens": 54194,
            "loss": 1.0988364915644868,
            "top_2_accuracy": 0.8417021276088471,
            "categorial_accuracy": 0.7169680850049283
        },
        {
            "task": 15,
            "epoch": 0,
            "samples_seens": 57812,
            "loss": 1.0751493460066774,
            "top_2_accuracy": 0.8474999998985453,
            "categorial_accuracy": 0.7169148935155666
        },
        {
            "task": 16,
            "epoch": 0,
            "samples_seens": 61430,
            "loss": 0.9372165285272801,
            "top_2_accuracy": 0.8607978723911529,
            "categorial_accuracy": 0.7398936168690945
        },
        {
            "task": 17,
            "epoch": 0,
            "samples_seens": 65050,
            "loss": 0.9059639518311683,
            "top_2_accuracy": 0.8696276596251954,
            "categorial_accuracy": 0.7426063828772687
        },
        {
            "task": 18,
            "epoch": 0,
            "samples_seens": 68668,
            "loss": 0.8552222494368857,
            "top_2_accuracy": 0.8797872339918258,
            "categorial_accuracy": 0.7579255318134389
        },
        {
            "task": 19,
            "epoch": 0,
            "samples_seens": 72287,
            "loss": 0.8096034938731093,
            "top_2_accuracy": 0.8846276595237407,
            "categorial_accuracy": 0.7639361702127659
        },
        {
            "task": 20,
            "epoch": 0,
            "samples_seens": 75910,
            "loss": 0.7615772602405954,
            "top_2_accuracy": 0.8957978722389708,
            "categorial_accuracy": 0.7763829786726769
        },
        {
            "task": 21,
            "epoch": 0,
            "samples_seens": 79528,
            "loss": 0.734874485249215,
            "top_2_accuracy": 0.8968617021783869,
            "categorial_accuracy": 0.7780851063829787
        },
        {
            "task": 22,
            "epoch": 0,
            "samples_seens": 83141,
            "loss": 0.688805542499461,
            "top_2_accuracy": 0.9036170211244137,
            "categorial_accuracy": 0.7919148936677486
        },
        {
            "task": 23,
            "epoch": 0,
            "samples_seens": 86762,
            "loss": 0.6790807849802869,
            "top_2_accuracy": 0.9100531913371797,
            "categorial_accuracy": 0.7953191488347156
        },
        {
            "task": 24,
            "epoch": 0,
            "samples_seens": 90383,
            "loss": 0.6562455703857097,
            "top_2_accuracy": 0.9190425531914893,
            "categorial_accuracy": 0.7971808510638297
        },
        {
            "task": 0,
            "epoch": 1,
            "samples_seens": 93992,
            "loss": 0.8752933482920869,
            "top_2_accuracy": 0.8942553191489362,
            "categorial_accuracy": 0.7746808510638298
        },
        {
            "task": 1,
            "epoch": 1,
            "samples_seens": 97602,
            "loss": 0.9780143103701003,
            "top_2_accuracy": 0.8882978724418803,
            "categorial_accuracy": 0.768882978824859
        },
        {
            "task": 2,
            "epoch": 1,
            "samples_seens": 101213,
            "loss": 0.8561184512300695,
            "top_2_accuracy": 0.8951595745188125,
            "categorial_accuracy": 0.7715425531914893
        },
        {
            "task": 3,
            "epoch": 1,
            "samples_seens": 104825,
            "loss": 0.8868543488421339,
            "top_2_accuracy": 0.8912234043060465,
            "categorial_accuracy": 0.7711702126137754
        },
        {
            "task": 4,
            "epoch": 1,
            "samples_seens": 108436,
            "loss": 0.9808051342152535,
            "top_2_accuracy": 0.8826595745695398,
            "categorial_accuracy": 0.7608510639312419
        },
        {
            "task": 5,
            "epoch": 1,
            "samples_seens": 112048,
            "loss": 1.0750243827129933,
            "top_2_accuracy": 0.8685638298379614,
            "categorial_accuracy": 0.7443617019754775
        },
        {
            "task": 6,
            "epoch": 1,
            "samples_seens": 115660,
            "loss": 0.9069357613299756,
            "top_2_accuracy": 0.8890425530900347,
            "categorial_accuracy": 0.7714361702634933
        },
        {
            "task": 7,
            "epoch": 1,
            "samples_seens": 119273,
            "loss": 0.8675843544209257,
            "top_2_accuracy": 0.8942021275073924,
            "categorial_accuracy": 0.7706914895138842
        },
        {
            "task": 8,
            "epoch": 1,
            "samples_seens": 122887,
            "loss": 0.9517309218771914,
            "top_2_accuracy": 0.885585106281524,
            "categorial_accuracy": 0.7618617020262048
        },
        {
            "task": 9,
            "epoch": 1,
            "samples_seens": 126501,
            "loss": 0.8213722413651486,
            "top_2_accuracy": 0.8979787233028006,
            "categorial_accuracy": 0.7796808509116477
        },
        {
            "task": 10,
            "epoch": 1,
            "samples_seens": 130114,
            "loss": 0.8092534784560508,
            "top_2_accuracy": 0.8969680851063829,
            "categorial_accuracy": 0.7804255318641663
        },
        {
            "task": 11,
            "epoch": 1,
            "samples_seens": 133729,
            "loss": 0.7743065790419883,
            "top_2_accuracy": 0.8968617022798416,
            "categorial_accuracy": 0.7845744680851063
        },
        {
            "task": 12,
            "epoch": 1,
            "samples_seens": 137344,
            "loss": 0.8161507843910379,
            "top_2_accuracy": 0.8953723402733499,
            "categorial_accuracy": 0.7821276596759228
        },
        {
            "task": 13,
            "epoch": 1,
            "samples_seens": 140960,
            "loss": 0.7698645862112654,
            "top_2_accuracy": 0.8964893616006729,
            "categorial_accuracy": 0.7814361700605839
        },
        {
            "task": 14,
            "epoch": 1,
            "samples_seens": 144577,
            "loss": 0.8047660054044521,
            "top_2_accuracy": 0.8950000001014548,
            "categorial_accuracy": 0.7848936171734586
        },
        {
            "task": 15,
            "epoch": 1,
            "samples_seens": 148195,
            "loss": 0.7438397219333243,
            "top_2_accuracy": 0.9070212764435626,
            "categorial_accuracy": 0.7952659574975358
        },
        {
            "task": 16,
            "epoch": 1,
            "samples_seens": 151813,
            "loss": 0.721240836559458,
            "top_2_accuracy": 0.905585106433706,
            "categorial_accuracy": 0.7937765957446808
        },
        {
            "task": 17,
            "epoch": 1,
            "samples_seens": 155433,
            "loss": 0.6795660423217936,
            "top_2_accuracy": 0.912340425684097,
            "categorial_accuracy": 0.8002659574975358
        },
        {
            "task": 18,
            "epoch": 1,
            "samples_seens": 159051,
            "loss": 0.669346721781061,
            "top_2_accuracy": 0.9129255318641663,
            "categorial_accuracy": 0.8069680850556556
        },
        {
            "task": 19,
            "epoch": 1,
            "samples_seens": 162670,
            "loss": 0.6277102880021359,
            "top_2_accuracy": 0.9163297872340426,
            "categorial_accuracy": 0.8070212765957446
        },
        {
            "task": 20,
            "epoch": 1,
            "samples_seens": 166293,
            "loss": 0.6245695475568163,
            "top_2_accuracy": 0.9171808512160119,
            "categorial_accuracy": 0.8111170213273231
        },
        {
            "task": 21,
            "epoch": 1,
            "samples_seens": 169911,
            "loss": 0.5955855942279734,
            "top_2_accuracy": 0.9252659574975358,
            "categorial_accuracy": 0.812499999847818
        },
        {
            "task": 22,
            "epoch": 1,
            "samples_seens": 173524,
            "loss": 0.5848691067797073,
            "top_2_accuracy": 0.9282446806988818,
            "categorial_accuracy": 0.8184042554206037
        },
        {
            "task": 23,
            "epoch": 1,
            "samples_seens": 177145,
            "loss": 0.5752793582956842,
            "top_2_accuracy": 0.9296276597266502,
            "categorial_accuracy": 0.8184042552684215
        },
        {
            "task": 24,
            "epoch": 1,
            "samples_seens": 180766,
            "loss": 0.5620531266800901,
            "top_2_accuracy": 0.9320744682372885,
            "categorial_accuracy": 0.8212234043567739
        },
        {
            "task": 0,
            "epoch": 2,
            "samples_seens": 184375,
            "loss": 0.8972877021038785,
            "top_2_accuracy": 0.8988829787234043,
            "categorial_accuracy": 0.7835106382978724
        },
        {
            "task": 1,
            "epoch": 2,
            "samples_seens": 187985,
            "loss": 0.8813212539287324,
            "top_2_accuracy": 0.9037234043060465,
            "categorial_accuracy": 0.7923936170212766
        },
        {
            "task": 2,
            "epoch": 2,
            "samples_seens": 191596,
            "loss": 0.8833630004842231,
            "top_2_accuracy": 0.9047872340425532,
            "categorial_accuracy": 0.7946808512160118
        },
        {
            "task": 3,
            "epoch": 2,
            "samples_seens": 195208,
            "loss": 0.8159869527309499,
            "top_2_accuracy": 0.9095212764435626,
            "categorial_accuracy": 0.7996808510638298
        },
        {
            "task": 4,
            "epoch": 2,
            "samples_seens": 198819,
            "loss": 0.8804225849598012,
            "top_2_accuracy": 0.9037765957954083,
            "categorial_accuracy": 0.7893085107904799
        },
        {
            "task": 5,
            "epoch": 2,
            "samples_seens": 202431,
            "loss": 0.8154868170048328,
            "top_2_accuracy": 0.906489361752855,
            "categorial_accuracy": 0.7936702127659574
        },
        {
            "task": 6,
            "epoch": 2,
            "samples_seens": 206043,
            "loss": 0.8419306332507032,
            "top_2_accuracy": 0.9064893617021277,
            "categorial_accuracy": 0.7920744679329244
        },
        {
            "task": 7,
            "epoch": 2,
            "samples_seens": 209656,
            "loss": 0.8306578304412517,
            "top_2_accuracy": 0.9021808509623751,
            "categorial_accuracy": 0.7870744682372884
        },
        {
            "task": 8,
            "epoch": 2,
            "samples_seens": 213270,
            "loss": 0.7416410314783137,
            "top_2_accuracy": 0.9128191488347155,
            "categorial_accuracy": 0.8014893617021277
        },
        {
            "task": 9,
            "epoch": 2,
            "samples_seens": 216884,
            "loss": 0.7499583600937052,
            "top_2_accuracy": 0.9151063831309054,
            "categorial_accuracy": 0.804468085106383
        },
        {
            "task": 10,
            "epoch": 2,
            "samples_seens": 220497,
            "loss": 0.8470023876048149,
            "top_2_accuracy": 0.9072340425024641,
            "categorial_accuracy": 0.7956914894631568
        },
        {
            "task": 11,
            "epoch": 2,
            "samples_seens": 224112,
            "loss": 0.7346900788266608,
            "top_2_accuracy": 0.9129787234042553,
            "categorial_accuracy": 0.8024468085106383
        },
        {
            "task": 12,
            "epoch": 2,
            "samples_seens": 227727,
            "loss": 0.7133412739571104,
            "top_2_accuracy": 0.9122340424517368,
            "categorial_accuracy": 0.8036702128166848
        },
        {
            "task": 13,
            "epoch": 2,
            "samples_seens": 231343,
            "loss": 0.6798952413619833,
            "top_2_accuracy": 0.9164361702127659,
            "categorial_accuracy": 0.8089893618035824
        },
        {
            "task": 14,
            "epoch": 2,
            "samples_seens": 234960,
            "loss": 0.7430618945081183,
            "top_2_accuracy": 0.9131914895138842,
            "categorial_accuracy": 0.8052659573960812
        },
        {
            "task": 15,
            "epoch": 2,
            "samples_seens": 238578,
            "loss": 0.6737273681417425,
            "top_2_accuracy": 0.9167553193011182,
            "categorial_accuracy": 0.8079255319148936
        },
        {
            "task": 16,
            "epoch": 2,
            "samples_seens": 242196,
            "loss": 0.6587896325233135,
            "top_2_accuracy": 0.9190957446301237,
            "categorial_accuracy": 0.8153191490376249
        },
        {
            "task": 17,
            "epoch": 2,
            "samples_seens": 245816,
            "loss": 0.6046431930521701,
            "top_2_accuracy": 0.9252659572946265,
            "categorial_accuracy": 0.8204255320670757
        },
        {
            "task": 18,
            "epoch": 2,
            "samples_seens": 249434,
            "loss": 0.6228872839694327,
            "top_2_accuracy": 0.9229787232520732,
            "categorial_accuracy": 0.8168617019754775
        },
        {
            "task": 19,
            "epoch": 2,
            "samples_seens": 253053,
            "loss": 0.573283761257821,
            "top_2_accuracy": 0.9253191489361702,
            "categorial_accuracy": 0.8208510636776052
        },
        {
            "task": 20,
            "epoch": 2,
            "samples_seens": 256676,
            "loss": 0.5541479647159576,
            "top_2_accuracy": 0.9268617022798417,
            "categorial_accuracy": 0.8267021275581198
        },
        {
            "task": 21,
            "epoch": 2,
            "samples_seens": 260294,
            "loss": 0.5811227768532773,
            "top_2_accuracy": 0.9248404255826422,
            "categorial_accuracy": 0.8185638299394161
        },
        {
            "task": 22,
            "epoch": 2,
            "samples_seens": 263907,
            "loss": 0.5356691521279355,
            "top_2_accuracy": 0.931595744528669,
            "categorial_accuracy": 0.8290957447315784
        },
        {
            "task": 23,
            "epoch": 2,
            "samples_seens": 267528,
            "loss": 0.5188404984423455,
            "top_2_accuracy": 0.9347340425024642,
            "categorial_accuracy": 0.8323404255319149
        },
        {
            "task": 24,
            "epoch": 2,
            "samples_seens": 271149,
            "loss": 0.5745339185126285,
            "top_2_accuracy": 0.9316489363223949,
            "categorial_accuracy": 0.8160638298886888
        }
    ]
}