{
    "task_count": 25,
    "id": 0,
    "name": "id0_t25_dp0.0_dc0.7_df0.3",
    "results": [
        {
            "task": 0,
            "epoch": 0,
            "samples_seens": 3622,
            "loss": 2.55670596366233,
            "top_2_accuracy": 0.5082446809525185,
            "categorial_accuracy": 0.37106382978723407
        },
        {
            "task": 1,
            "epoch": 0,
            "samples_seens": 7242,
            "loss": 1.9892470046307178,
            "top_2_accuracy": 0.6278191489361702,
            "categorial_accuracy": 0.46324468082570014
        },
        {
            "task": 2,
            "epoch": 0,
            "samples_seens": 10863,
            "loss": 1.749012701663565,
            "top_2_accuracy": 0.6803191489361702,
            "categorial_accuracy": 0.5326063830548144
        },
        {
            "task": 3,
            "epoch": 0,
            "samples_seens": 14483,
            "loss": 1.5184761223894485,
            "top_2_accuracy": 0.7466489362209401,
            "categorial_accuracy": 0.602074468034379
        },
        {
            "task": 4,
            "epoch": 0,
            "samples_seens": 18103,
            "loss": 1.446228244862658,
            "top_2_accuracy": 0.759787234144008,
            "categorial_accuracy": 0.6167021277103019
        },
        {
            "task": 5,
            "epoch": 0,
            "samples_seens": 21722,
            "loss": 1.2841905680108578,
            "top_2_accuracy": 0.7904787234042553,
            "categorial_accuracy": 0.6442021276088471
        },
        {
            "task": 6,
            "epoch": 0,
            "samples_seens": 25338,
            "loss": 1.191741334935452,
            "top_2_accuracy": 0.805053191540089,
            "categorial_accuracy": 0.6684574469606928
        },
        {
            "task": 7,
            "epoch": 0,
            "samples_seens": 28957,
            "loss": 1.1812719820915385,
            "top_2_accuracy": 0.8113297870818604,
            "categorial_accuracy": 0.6800531915908165
        },
        {
            "task": 8,
            "epoch": 0,
            "samples_seens": 32572,
            "loss": 1.0389873872919286,
            "top_2_accuracy": 0.836648936068758,
            "categorial_accuracy": 0.7021808512160118
        },
        {
            "task": 9,
            "epoch": 0,
            "samples_seens": 36194,
            "loss": 1.179126534157611,
            "top_2_accuracy": 0.8091489362209401,
            "categorial_accuracy": 0.6682446809017912
        },
        {
            "task": 10,
            "epoch": 0,
            "samples_seens": 39811,
            "loss": 1.0247394823013467,
            "top_2_accuracy": 0.8470212765450174,
            "categorial_accuracy": 0.717659574315903
        },
        {
            "task": 11,
            "epoch": 0,
            "samples_seens": 43426,
            "loss": 0.9398444573929969,
            "top_2_accuracy": 0.8602127659574468,
            "categorial_accuracy": 0.733085106281524
        },
        {
            "task": 12,
            "epoch": 0,
            "samples_seens": 47041,
            "loss": 0.8399404169143514,
            "top_2_accuracy": 0.8765425533436715,
            "categorial_accuracy": 0.750904255471331
        },
        {
            "task": 13,
            "epoch": 0,
            "samples_seens": 50657,
            "loss": 0.8326320709066188,
            "top_2_accuracy": 0.8752127660589015,
            "categorial_accuracy": 0.7499468086120931
        },
        {
            "task": 14,
            "epoch": 0,
            "samples_seens": 54272,
            "loss": 0.8126276127328264,
            "top_2_accuracy": 0.8836170213780504,
            "categorial_accuracy": 0.7556914894631569
        },
        {
            "task": 15,
            "epoch": 0,
            "samples_seens": 57888,
            "loss": 0.7903123433031934,
            "top_2_accuracy": 0.8858510639312419,
            "categorial_accuracy": 0.7645744681358337
        },
        {
            "task": 16,
            "epoch": 0,
            "samples_seens": 61503,
            "loss": 0.7337647617116888,
            "top_2_accuracy": 0.8976595743666304,
            "categorial_accuracy": 0.7779255318641662
        },
        {
            "task": 17,
            "epoch": 0,
            "samples_seens": 65117,
            "loss": 0.7348928638722034,
            "top_2_accuracy": 0.8995212764435626,
            "categorial_accuracy": 0.773563829787234
        },
        {
            "task": 18,
            "epoch": 0,
            "samples_seens": 68730,
            "loss": 0.7640033530681691,
            "top_2_accuracy": 0.899095744528669,
            "categorial_accuracy": 0.7727127658052647
        },
        {
            "task": 19,
            "epoch": 0,
            "samples_seens": 72342,
            "loss": 0.7054357680361322,
            "top_2_accuracy": 0.9052659573453538,
            "categorial_accuracy": 0.7851063830801781
        },
        {
            "task": 20,
            "epoch": 0,
            "samples_seens": 75954,
            "loss": 0.7077174962835109,
            "top_2_accuracy": 0.9094680851571103,
            "categorial_accuracy": 0.7894680850049283
        },
        {
            "task": 21,
            "epoch": 0,
            "samples_seens": 79565,
            "loss": 0.7795707869529724,
            "top_2_accuracy": 0.8998936171227313,
            "categorial_accuracy": 0.7731382979737952
        },
        {
            "task": 22,
            "epoch": 0,
            "samples_seens": 83175,
            "loss": 0.7872001715923878,
            "top_2_accuracy": 0.9026063830294507,
            "categorial_accuracy": 0.7652127658052648
        },
        {
            "task": 23,
            "epoch": 0,
            "samples_seens": 86785,
            "loss": 0.9284843610702677,
            "top_2_accuracy": 0.8811702126137754,
            "categorial_accuracy": 0.7359574469606928
        },
        {
            "task": 24,
            "epoch": 0,
            "samples_seens": 90394,
            "loss": 1.23770120630873,
            "top_2_accuracy": 0.8139893618035824,
            "categorial_accuracy": 0.6419680852585651
        },
        {
            "task": 0,
            "epoch": 1,
            "samples_seens": 94016,
            "loss": 0.6680423072043885,
            "top_2_accuracy": 0.9134042553191489,
            "categorial_accuracy": 0.7963829786726769
        },
        {
            "task": 1,
            "epoch": 1,
            "samples_seens": 97636,
            "loss": 0.6736697555095591,
            "top_2_accuracy": 0.9135106381964176,
            "categorial_accuracy": 0.8000531914386343
        },
        {
            "task": 2,
            "epoch": 1,
            "samples_seens": 101257,
            "loss": 0.6816984595136439,
            "top_2_accuracy": 0.9090957447315784,
            "categorial_accuracy": 0.7917553190982088
        },
        {
            "task": 3,
            "epoch": 1,
            "samples_seens": 104877,
            "loss": 0.6506572389095387,
            "top_2_accuracy": 0.9167553191996636,
            "categorial_accuracy": 0.8023936170212767
        },
        {
            "task": 4,
            "epoch": 1,
            "samples_seens": 108497,
            "loss": 0.6736057250043179,
            "top_2_accuracy": 0.9120744680851064,
            "categorial_accuracy": 0.7930851062307966
        },
        {
            "task": 5,
            "epoch": 1,
            "samples_seens": 112116,
            "loss": 0.6246720516428035,
            "top_2_accuracy": 0.9189893618543097,
            "categorial_accuracy": 0.8039893616006729
        },
        {
            "task": 6,
            "epoch": 1,
            "samples_seens": 115732,
            "loss": 0.6540014240589548,
            "top_2_accuracy": 0.9165425532929441,
            "categorial_accuracy": 0.8021276596759228
        },
        {
            "task": 7,
            "epoch": 1,
            "samples_seens": 119351,
            "loss": 0.6019931879703034,
            "top_2_accuracy": 0.9218617020769322,
            "categorial_accuracy": 0.8178191488854428
        },
        {
            "task": 8,
            "epoch": 1,
            "samples_seens": 122966,
            "loss": 0.6004736967543338,
            "top_2_accuracy": 0.9223936169705492,
            "categorial_accuracy": 0.8084042552176942
        },
        {
            "task": 9,
            "epoch": 1,
            "samples_seens": 126588,
            "loss": 0.5986894899226249,
            "top_2_accuracy": 0.9215425532929441,
            "categorial_accuracy": 0.8156382978216131
        },
        {
            "task": 10,
            "epoch": 1,
            "samples_seens": 130205,
            "loss": 0.6010725542078627,
            "top_2_accuracy": 0.9204255320670757,
            "categorial_accuracy": 0.8160638299394161
        },
        {
            "task": 11,
            "epoch": 1,
            "samples_seens": 133820,
            "loss": 0.5863088380529525,
            "top_2_accuracy": 0.9216489361194854,
            "categorial_accuracy": 0.8174468085613656
        },
        {
            "task": 12,
            "epoch": 1,
            "samples_seens": 137435,
            "loss": 0.5959926054832784,
            "top_2_accuracy": 0.9212765956939535,
            "categorial_accuracy": 0.8153191489868976
        },
        {
            "task": 13,
            "epoch": 1,
            "samples_seens": 141051,
            "loss": 0.5717572925953155,
            "top_2_accuracy": 0.9265957448330331,
            "categorial_accuracy": 0.8219148934648393
        },
        {
            "task": 14,
            "epoch": 1,
            "samples_seens": 144666,
            "loss": 0.5569475281999466,
            "top_2_accuracy": 0.9281914895138842,
            "categorial_accuracy": 0.820957446859238
        },
        {
            "task": 15,
            "epoch": 1,
            "samples_seens": 148282,
            "loss": 0.5744461162293211,
            "top_2_accuracy": 0.9248404254811875,
            "categorial_accuracy": 0.8209574469099653
        },
        {
            "task": 16,
            "epoch": 1,
            "samples_seens": 151897,
            "loss": 0.5948898797846855,
            "top_2_accuracy": 0.9198936168690945,
            "categorial_accuracy": 0.8102127661096289
        },
        {
            "task": 17,
            "epoch": 1,
            "samples_seens": 155511,
            "loss": 0.5393840588153677,
            "top_2_accuracy": 0.9305851064844335,
            "categorial_accuracy": 0.8228723403240772
        },
        {
            "task": 18,
            "epoch": 1,
            "samples_seens": 159124,
            "loss": 0.569490588751245,
            "top_2_accuracy": 0.9303723405269866,
            "categorial_accuracy": 0.8193617022798416
        },
        {
            "task": 19,
            "epoch": 1,
            "samples_seens": 162736,
            "loss": 0.6565205028716554,
            "top_2_accuracy": 0.9157446806988817,
            "categorial_accuracy": 0.7976595744173578
        },
        {
            "task": 20,
            "epoch": 1,
            "samples_seens": 166348,
            "loss": 0.5973982586759202,
            "top_2_accuracy": 0.9286170214287778,
            "categorial_accuracy": 0.8094148934648392
        },
        {
            "task": 21,
            "epoch": 1,
            "samples_seens": 169959,
            "loss": 0.7415135867544945,
            "top_2_accuracy": 0.9027659574975359,
            "categorial_accuracy": 0.7811702129181395
        },
        {
            "task": 22,
            "epoch": 1,
            "samples_seens": 173569,
            "loss": 0.6661010523552591,
            "top_2_accuracy": 0.9215425530393073,
            "categorial_accuracy": 0.7984574467577833
        },
        {
            "task": 23,
            "epoch": 1,
            "samples_seens": 177179,
            "loss": 0.8632771999277967,
            "top_2_accuracy": 0.8878723403240772,
            "categorial_accuracy": 0.7475531913371797
        },
        {
            "task": 24,
            "epoch": 1,
            "samples_seens": 180788,
            "loss": 0.9005535698444286,
            "top_2_accuracy": 0.8829787233028006,
            "categorial_accuracy": 0.7332446808003364
        },
        {
            "task": 0,
            "epoch": 2,
            "samples_seens": 184410,
            "loss": 0.5576874699744773,
            "top_2_accuracy": 0.9332978721882434,
            "categorial_accuracy": 0.827659574315903
        },
        {
            "task": 1,
            "epoch": 2,
            "samples_seens": 188030,
            "loss": 0.5897987644469485,
            "top_2_accuracy": 0.9312234042045918,
            "categorial_accuracy": 0.825
        },
        {
            "task": 2,
            "epoch": 2,
            "samples_seens": 191651,
            "loss": 0.5580348810743778,
            "top_2_accuracy": 0.9342021276595744,
            "categorial_accuracy": 0.8295212767479268
        },
        {
            "task": 3,
            "epoch": 2,
            "samples_seens": 195271,
            "loss": 0.5838566818389487,
            "top_2_accuracy": 0.933404255319149,
            "categorial_accuracy": 0.8282446808510638
        },
        {
            "task": 4,
            "epoch": 2,
            "samples_seens": 198891,
            "loss": 0.5750986859646249,
            "top_2_accuracy": 0.9335106384500544,
            "categorial_accuracy": 0.8313829788755863
        },
        {
            "task": 5,
            "epoch": 2,
            "samples_seens": 202510,
            "loss": 0.6064605996202915,
            "top_2_accuracy": 0.9281914894631569,
            "categorial_accuracy": 0.8224468083584562
        },
        {
            "task": 6,
            "epoch": 2,
            "samples_seens": 206126,
            "loss": 0.5821758409510267,
            "top_2_accuracy": 0.9323936171227313,
            "categorial_accuracy": 0.8276063831309055
        },
        {
            "task": 7,
            "epoch": 2,
            "samples_seens": 209745,
            "loss": 0.5829864770300844,
            "top_2_accuracy": 0.9321808512160119,
            "categorial_accuracy": 0.8310638297365067
        },
        {
            "task": 8,
            "epoch": 2,
            "samples_seens": 213360,
            "loss": 0.5293033387559526,
            "top_2_accuracy": 0.9359042552684216,
            "categorial_accuracy": 0.8336170213273231
        },
        {
            "task": 9,
            "epoch": 2,
            "samples_seens": 216982,
            "loss": 0.5423042008978255,
            "top_2_accuracy": 0.9350531914386343,
            "categorial_accuracy": 0.8356914895138842
        },
        {
            "task": 10,
            "epoch": 2,
            "samples_seens": 220599,
            "loss": 0.5238854526205265,
            "top_2_accuracy": 0.9373404256840969,
            "categorial_accuracy": 0.8363297871833152
        },
        {
            "task": 11,
            "epoch": 2,
            "samples_seens": 224214,
            "loss": 0.5209876662365933,
            "top_2_accuracy": 0.9362234042045918,
            "categorial_accuracy": 0.8322872339410985
        },
        {
            "task": 12,
            "epoch": 2,
            "samples_seens": 227829,
            "loss": 0.5310774253023431,
            "top_2_accuracy": 0.9354255320163484,
            "categorial_accuracy": 0.8367021275581198
        },
        {
            "task": 13,
            "epoch": 2,
            "samples_seens": 231445,
            "loss": 0.5109400452197866,
            "top_2_accuracy": 0.9360638297365067,
            "categorial_accuracy": 0.8352127659574468
        },
        {
            "task": 14,
            "epoch": 2,
            "samples_seens": 235060,
            "loss": 0.4921010249472679,
            "top_2_accuracy": 0.9380319148428896,
            "categorial_accuracy": 0.8420744682372885
        },
        {
            "task": 15,
            "epoch": 2,
            "samples_seens": 238676,
            "loss": 0.5048372320672299,
            "top_2_accuracy": 0.9379255320163483,
            "categorial_accuracy": 0.8412765956939535
        },
        {
            "task": 16,
            "epoch": 2,
            "samples_seens": 242291,
            "loss": 0.54000976072981,
            "top_2_accuracy": 0.9307446808510639,
            "categorial_accuracy": 0.822872340577714
        },
        {
            "task": 17,
            "epoch": 2,
            "samples_seens": 245905,
            "loss": 0.5529105324440814,
            "top_2_accuracy": 0.9289893618035824,
            "categorial_accuracy": 0.8262765955924988
        },
        {
            "task": 18,
            "epoch": 2,
            "samples_seens": 249518,
            "loss": 0.5017916786163411,
            "top_2_accuracy": 0.9389361703142207,
            "categorial_accuracy": 0.8372340426039189
        },
        {
            "task": 19,
            "epoch": 2,
            "samples_seens": 253130,
            "loss": 0.5219820813168871,
            "top_2_accuracy": 0.9359042552684216,
            "categorial_accuracy": 0.8340957446301237
        },
        {
            "task": 20,
            "epoch": 2,
            "samples_seens": 256742,
            "loss": 0.5359192225273619,
            "top_2_accuracy": 0.9367021277610292,
            "categorial_accuracy": 0.8298404254811875
        },
        {
            "task": 21,
            "epoch": 2,
            "samples_seens": 260353,
            "loss": 0.6063402488637478,
            "top_2_accuracy": 0.9300531914893617,
            "categorial_accuracy": 0.8117021277610292
        },
        {
            "task": 22,
            "epoch": 2,
            "samples_seens": 263963,
            "loss": 0.8318865872951264,
            "top_2_accuracy": 0.887446808612093,
            "categorial_accuracy": 0.7490425533436714
        },
        {
            "task": 23,
            "epoch": 2,
            "samples_seens": 267573,
            "loss": 0.6853342446875065,
            "top_2_accuracy": 0.9208510638805146,
            "categorial_accuracy": 0.792712765855992
        },
        {
            "task": 24,
            "epoch": 2,
            "samples_seens": 271182,
            "loss": 0.9133381888714243,
            "top_2_accuracy": 0.876010638247145,
            "categorial_accuracy": 0.7280319147414349
        }
    ]
}