{
    "task_count": 25,
    "id": 0,
    "name": "id0_t25_dp0.0_dc0.3_df0.7",
    "results": [
        {
            "task": 0,
            "epoch": 0,
            "samples_seens": 3621,
            "loss": 2.5443109997282636,
            "top_2_accuracy": 0.5025531914893617,
            "categorial_accuracy": 0.33680851063829786
        },
        {
            "task": 1,
            "epoch": 0,
            "samples_seens": 7242,
            "loss": 1.8771811411228585,
            "top_2_accuracy": 0.6561170212258683,
            "categorial_accuracy": 0.4959574469606927
        },
        {
            "task": 2,
            "epoch": 0,
            "samples_seens": 10855,
            "loss": 1.6412698570210882,
            "top_2_accuracy": 0.7051063829787234,
            "categorial_accuracy": 0.5530851063829787
        },
        {
            "task": 3,
            "epoch": 0,
            "samples_seens": 14473,
            "loss": 1.3989422494807142,
            "top_2_accuracy": 0.7654255320163483,
            "categorial_accuracy": 0.6163297873354973
        },
        {
            "task": 4,
            "epoch": 0,
            "samples_seens": 18096,
            "loss": 1.3001001643119974,
            "top_2_accuracy": 0.7797340424010094,
            "categorial_accuracy": 0.6322340424010094
        },
        {
            "task": 5,
            "epoch": 0,
            "samples_seens": 21715,
            "loss": 1.1911908229868462,
            "top_2_accuracy": 0.7989361702634933,
            "categorial_accuracy": 0.6527127661096289
        },
        {
            "task": 6,
            "epoch": 0,
            "samples_seens": 25333,
            "loss": 1.0535913726116748,
            "top_2_accuracy": 0.8373936168690945,
            "categorial_accuracy": 0.7031914893109747
        },
        {
            "task": 7,
            "epoch": 0,
            "samples_seens": 28953,
            "loss": 0.9698289280242108,
            "top_2_accuracy": 0.8497872341440079,
            "categorial_accuracy": 0.7182978723911528
        },
        {
            "task": 8,
            "epoch": 0,
            "samples_seens": 32571,
            "loss": 0.9780192143866356,
            "top_2_accuracy": 0.8431382979230678,
            "categorial_accuracy": 0.7084042553698763
        },
        {
            "task": 9,
            "epoch": 0,
            "samples_seens": 36189,
            "loss": 0.9030751267899858,
            "top_2_accuracy": 0.8657446809525186,
            "categorial_accuracy": 0.7317021275073924
        },
        {
            "task": 10,
            "epoch": 0,
            "samples_seens": 39806,
            "loss": 0.834497788510424,
            "top_2_accuracy": 0.8779787235564374,
            "categorial_accuracy": 0.7492553190474814
        },
        {
            "task": 11,
            "epoch": 0,
            "samples_seens": 43422,
            "loss": 0.7833181064686877,
            "top_2_accuracy": 0.8880319148428897,
            "categorial_accuracy": 0.7657978722896982
        },
        {
            "task": 12,
            "epoch": 0,
            "samples_seens": 47037,
            "loss": 0.7553626077733141,
            "top_2_accuracy": 0.8936170213780504,
            "categorial_accuracy": 0.7707978724926076
        },
        {
            "task": 13,
            "epoch": 0,
            "samples_seens": 50652,
            "loss": 0.7810838150978089,
            "top_2_accuracy": 0.8884574466563285,
            "categorial_accuracy": 0.7662765958461356
        },
        {
            "task": 14,
            "epoch": 0,
            "samples_seens": 54265,
            "loss": 0.7101178174830498,
            "top_2_accuracy": 0.9055851063829787,
            "categorial_accuracy": 0.783031914741435
        },
        {
            "task": 15,
            "epoch": 0,
            "samples_seens": 57879,
            "loss": 0.7124361025018895,
            "top_2_accuracy": 0.904148936068758,
            "categorial_accuracy": 0.7745744679836517
        },
        {
            "task": 16,
            "epoch": 0,
            "samples_seens": 61493,
            "loss": 0.6959029249942049,
            "top_2_accuracy": 0.9063297871325878,
            "categorial_accuracy": 0.7852659575989905
        },
        {
            "task": 17,
            "epoch": 0,
            "samples_seens": 65106,
            "loss": 0.6831290346003593,
            "top_2_accuracy": 0.9110638298379614,
            "categorial_accuracy": 0.7928191488854428
        },
        {
            "task": 18,
            "epoch": 0,
            "samples_seens": 68718,
            "loss": 0.6746296153169997,
            "top_2_accuracy": 0.9132446810032459,
            "categorial_accuracy": 0.79180851079048
        },
        {
            "task": 19,
            "epoch": 0,
            "samples_seens": 72330,
            "loss": 0.6851742942282494,
            "top_2_accuracy": 0.911542553140762,
            "categorial_accuracy": 0.7924468084599109
        },
        {
            "task": 20,
            "epoch": 0,
            "samples_seens": 75941,
            "loss": 0.751307484647061,
            "top_2_accuracy": 0.9075531914386343,
            "categorial_accuracy": 0.7763297873354973
        },
        {
            "task": 21,
            "epoch": 0,
            "samples_seens": 79553,
            "loss": 0.7362936159397694,
            "top_2_accuracy": 0.9079255320163483,
            "categorial_accuracy": 0.7754787232520732
        },
        {
            "task": 22,
            "epoch": 0,
            "samples_seens": 83164,
            "loss": 0.8150667324979255,
            "top_2_accuracy": 0.8949468084599109,
            "categorial_accuracy": 0.7530319150457991
        },
        {
            "task": 23,
            "epoch": 0,
            "samples_seens": 86774,
            "loss": 1.1593326209453827,
            "top_2_accuracy": 0.8264893617021276,
            "categorial_accuracy": 0.6557446808510639
        },
        {
            "task": 24,
            "epoch": 0,
            "samples_seens": 90383,
            "loss": 1.260829530472451,
            "top_2_accuracy": 0.800372340577714,
            "categorial_accuracy": 0.6331914893617021
        },
        {
            "task": 0,
            "epoch": 1,
            "samples_seens": 94004,
            "loss": 0.6035190023259913,
            "top_2_accuracy": 0.9220744679836517,
            "categorial_accuracy": 0.8018617021783869
        },
        {
            "task": 1,
            "epoch": 1,
            "samples_seens": 97625,
            "loss": 0.6124393376390985,
            "top_2_accuracy": 0.9168617020769322,
            "categorial_accuracy": 0.8028723404255319
        },
        {
            "task": 2,
            "epoch": 1,
            "samples_seens": 101238,
            "loss": 0.5719327119563489,
            "top_2_accuracy": 0.9298936171734586,
            "categorial_accuracy": 0.818404255471331
        },
        {
            "task": 3,
            "epoch": 1,
            "samples_seens": 104856,
            "loss": 0.5868004700478087,
            "top_2_accuracy": 0.9268617022798417,
            "categorial_accuracy": 0.816276595896863
        },
        {
            "task": 4,
            "epoch": 1,
            "samples_seens": 108479,
            "loss": 0.5665400136024394,
            "top_2_accuracy": 0.93,
            "categorial_accuracy": 0.8196808511652846
        },
        {
            "task": 5,
            "epoch": 1,
            "samples_seens": 112098,
            "loss": 0.5549762830835707,
            "top_2_accuracy": 0.9304787235564373,
            "categorial_accuracy": 0.8213829788755863
        },
        {
            "task": 6,
            "epoch": 1,
            "samples_seens": 115716,
            "loss": 0.5584980904548726,
            "top_2_accuracy": 0.9295212765957447,
            "categorial_accuracy": 0.8202127661096289
        },
        {
            "task": 7,
            "epoch": 1,
            "samples_seens": 119336,
            "loss": 0.5727032486428606,
            "top_2_accuracy": 0.9309574467577832,
            "categorial_accuracy": 0.8185638297872341
        },
        {
            "task": 8,
            "epoch": 1,
            "samples_seens": 122954,
            "loss": 0.5565121724250469,
            "top_2_accuracy": 0.9305319148428897,
            "categorial_accuracy": 0.8247872339410984
        },
        {
            "task": 9,
            "epoch": 1,
            "samples_seens": 126572,
            "loss": 0.5477049545785214,
            "top_2_accuracy": 0.9323936171734587,
            "categorial_accuracy": 0.8246276597266502
        },
        {
            "task": 10,
            "epoch": 1,
            "samples_seens": 130189,
            "loss": 0.5521931342114793,
            "top_2_accuracy": 0.9314361703142207,
            "categorial_accuracy": 0.823510638247145
        },
        {
            "task": 11,
            "epoch": 1,
            "samples_seens": 133805,
            "loss": 0.5527578707958789,
            "top_2_accuracy": 0.931382978824859,
            "categorial_accuracy": 0.8198404255826423
        },
        {
            "task": 12,
            "epoch": 1,
            "samples_seens": 137420,
            "loss": 0.5436627866359467,
            "top_2_accuracy": 0.9316489363223949,
            "categorial_accuracy": 0.8270744679329243
        },
        {
            "task": 13,
            "epoch": 1,
            "samples_seens": 141035,
            "loss": 0.5213397112044882,
            "top_2_accuracy": 0.9336702129181396,
            "categorial_accuracy": 0.8304255318641662
        },
        {
            "task": 14,
            "epoch": 1,
            "samples_seens": 144648,
            "loss": 0.5180359319676744,
            "top_2_accuracy": 0.9329787234042554,
            "categorial_accuracy": 0.825053191387907
        },
        {
            "task": 15,
            "epoch": 1,
            "samples_seens": 148262,
            "loss": 0.5279614802117043,
            "top_2_accuracy": 0.9346276595237407,
            "categorial_accuracy": 0.8247340424010094
        },
        {
            "task": 16,
            "epoch": 1,
            "samples_seens": 151876,
            "loss": 0.5211230629048449,
            "top_2_accuracy": 0.9346276596759228,
            "categorial_accuracy": 0.8298404256333696
        },
        {
            "task": 17,
            "epoch": 1,
            "samples_seens": 155489,
            "loss": 0.5732959229895409,
            "top_2_accuracy": 0.929946808459911,
            "categorial_accuracy": 0.818031914741435
        },
        {
            "task": 18,
            "epoch": 1,
            "samples_seens": 159101,
            "loss": 0.5635372395718351,
            "top_2_accuracy": 0.9303191490883523,
            "categorial_accuracy": 0.8203723403748046
        },
        {
            "task": 19,
            "epoch": 1,
            "samples_seens": 162713,
            "loss": 0.6241022639071687,
            "top_2_accuracy": 0.9209042553698763,
            "categorial_accuracy": 0.8030319147921623
        },
        {
            "task": 20,
            "epoch": 1,
            "samples_seens": 166324,
            "loss": 0.6277403651907089,
            "top_2_accuracy": 0.9250000001014547,
            "categorial_accuracy": 0.8003723405269866
        },
        {
            "task": 21,
            "epoch": 1,
            "samples_seens": 169936,
            "loss": 0.650635003181214,
            "top_2_accuracy": 0.9167553191996636,
            "categorial_accuracy": 0.7932978723911529
        },
        {
            "task": 22,
            "epoch": 1,
            "samples_seens": 173547,
            "loss": 0.7737839253405308,
            "top_2_accuracy": 0.8993085105368431,
            "categorial_accuracy": 0.7558510639312419
        },
        {
            "task": 23,
            "epoch": 1,
            "samples_seens": 177157,
            "loss": 0.8618694631596829,
            "top_2_accuracy": 0.8901063830801781,
            "categorial_accuracy": 0.7396808510131024
        },
        {
            "task": 24,
            "epoch": 1,
            "samples_seens": 180766,
            "loss": 0.9512012399511134,
            "top_2_accuracy": 0.8661170212765957,
            "categorial_accuracy": 0.708617021175141
        },
        {
            "task": 0,
            "epoch": 2,
            "samples_seens": 184387,
            "loss": 0.502656271229399,
            "top_2_accuracy": 0.9394148937692034,
            "categorial_accuracy": 0.837872340577714
        },
        {
            "task": 1,
            "epoch": 2,
            "samples_seens": 188008,
            "loss": 0.5492549600246105,
            "top_2_accuracy": 0.9345212766971994,
            "categorial_accuracy": 0.8277659575482632
        },
        {
            "task": 2,
            "epoch": 2,
            "samples_seens": 191621,
            "loss": 0.5293546380641613,
            "top_2_accuracy": 0.9367021277610292,
            "categorial_accuracy": 0.8323936170212766
        },
        {
            "task": 3,
            "epoch": 2,
            "samples_seens": 195239,
            "loss": 0.5309472819084817,
            "top_2_accuracy": 0.9338829788248589,
            "categorial_accuracy": 0.831861702178387
        },
        {
            "task": 4,
            "epoch": 2,
            "samples_seens": 198862,
            "loss": 0.5470247183708434,
            "top_2_accuracy": 0.9357978724418803,
            "categorial_accuracy": 0.8301595744680851
        },
        {
            "task": 5,
            "epoch": 2,
            "samples_seens": 202481,
            "loss": 0.5028303223214251,
            "top_2_accuracy": 0.9392553192503909,
            "categorial_accuracy": 0.8344680852585651
        },
        {
            "task": 6,
            "epoch": 2,
            "samples_seens": 206099,
            "loss": 0.4904352280687779,
            "top_2_accuracy": 0.9427127660589015,
            "categorial_accuracy": 0.8418617022291143
        },
        {
            "task": 7,
            "epoch": 2,
            "samples_seens": 209719,
            "loss": 0.5022008920984066,
            "top_2_accuracy": 0.9391489362716675,
            "categorial_accuracy": 0.8389361700605839
        },
        {
            "task": 8,
            "epoch": 2,
            "samples_seens": 213337,
            "loss": 0.5199844064864706,
            "top_2_accuracy": 0.9384042554206037,
            "categorial_accuracy": 0.8370744680851064
        },
        {
            "task": 9,
            "epoch": 2,
            "samples_seens": 216955,
            "loss": 0.49302518639158693,
            "top_2_accuracy": 0.9418617020769322,
            "categorial_accuracy": 0.8397340424517368
        },
        {
            "task": 10,
            "epoch": 2,
            "samples_seens": 220572,
            "loss": 0.4964391720294952,
            "top_2_accuracy": 0.9387765956939534,
            "categorial_accuracy": 0.8377127659067195
        },
        {
            "task": 11,
            "epoch": 2,
            "samples_seens": 224188,
            "loss": 0.5214028842905735,
            "top_2_accuracy": 0.9358510637790599,
            "categorial_accuracy": 0.8298936171734587
        },
        {
            "task": 12,
            "epoch": 2,
            "samples_seens": 227803,
            "loss": 0.4951077163473089,
            "top_2_accuracy": 0.9403191490376249,
            "categorial_accuracy": 0.837872340577714
        },
        {
            "task": 13,
            "epoch": 2,
            "samples_seens": 231418,
            "loss": 0.482282844984785,
            "top_2_accuracy": 0.9407978722389708,
            "categorial_accuracy": 0.8398404254811875
        },
        {
            "task": 14,
            "epoch": 2,
            "samples_seens": 235031,
            "loss": 0.4827632967969204,
            "top_2_accuracy": 0.9405319149950717,
            "categorial_accuracy": 0.84
        },
        {
            "task": 15,
            "epoch": 2,
            "samples_seens": 238645,
            "loss": 0.49145627729436187,
            "top_2_accuracy": 0.938510638399327,
            "categorial_accuracy": 0.8357978723911529
        },
        {
            "task": 16,
            "epoch": 2,
            "samples_seens": 242259,
            "loss": 0.4811579152878295,
            "top_2_accuracy": 0.940585106281524,
            "categorial_accuracy": 0.8386702126137754
        },
        {
            "task": 17,
            "epoch": 2,
            "samples_seens": 245872,
            "loss": 0.4881271629891497,
            "top_2_accuracy": 0.9394680852078376,
            "categorial_accuracy": 0.8361702128674121
        },
        {
            "task": 18,
            "epoch": 2,
            "samples_seens": 249484,
            "loss": 0.5281245291993973,
            "top_2_accuracy": 0.936382978672677,
            "categorial_accuracy": 0.8338829787234042
        },
        {
            "task": 19,
            "epoch": 2,
            "samples_seens": 253096,
            "loss": 0.5842208699216234,
            "top_2_accuracy": 0.9237234042045918,
            "categorial_accuracy": 0.8117021276595745
        },
        {
            "task": 20,
            "epoch": 2,
            "samples_seens": 256707,
            "loss": 0.5713121489514695,
            "top_2_accuracy": 0.9310106382978723,
            "categorial_accuracy": 0.8153723405269866
        },
        {
            "task": 21,
            "epoch": 2,
            "samples_seens": 260319,
            "loss": 0.6076250671325846,
            "top_2_accuracy": 0.9250531915908164,
            "categorial_accuracy": 0.8093617022798416
        },
        {
            "task": 22,
            "epoch": 2,
            "samples_seens": 263930,
            "loss": 0.6869923835612358,
            "top_2_accuracy": 0.9149999998985453,
            "categorial_accuracy": 0.7874999999492727
        },
        {
            "task": 23,
            "epoch": 2,
            "samples_seens": 267540,
            "loss": 0.8734771561115346,
            "top_2_accuracy": 0.8868617020769323,
            "categorial_accuracy": 0.7320744682372885
        },
        {
            "task": 24,
            "epoch": 2,
            "samples_seens": 271149,
            "loss": 0.8581341835285755,
            "top_2_accuracy": 0.8842553192503909,
            "categorial_accuracy": 0.7270744681865611
        }
    ]
}