{
    "task_count": 25,
    "results": [
        {
            "loss": 2.3918173069649553,
            "task": 0,
            "epoch": 0,
            "categorial_accuracy": 0.3663829786726769,
            "top_2_accuracy": 0.5215957447823057,
            "samples_seens": 3622
        },
        {
            "loss": 1.9550178007369345,
            "task": 1,
            "epoch": 0,
            "categorial_accuracy": 0.48494680843454724,
            "top_2_accuracy": 0.6444148935662939,
            "samples_seens": 7242
        },
        {
            "loss": 1.6972886831202405,
            "task": 2,
            "epoch": 0,
            "categorial_accuracy": 0.5549999998985453,
            "top_2_accuracy": 0.7040425531914893,
            "samples_seens": 10863
        },
        {
            "loss": 1.6842924050067334,
            "task": 3,
            "epoch": 0,
            "categorial_accuracy": 0.5514893618035823,
            "top_2_accuracy": 0.7026063828265413,
            "samples_seens": 14484
        },
        {
            "loss": 1.5261101336174823,
            "task": 4,
            "epoch": 0,
            "categorial_accuracy": 0.5936702129181395,
            "top_2_accuracy": 0.7443617020262049,
            "samples_seens": 18105
        },
        {
            "loss": 1.3480553398741053,
            "task": 5,
            "epoch": 0,
            "categorial_accuracy": 0.6340957446301237,
            "top_2_accuracy": 0.7738829788755863,
            "samples_seens": 21726
        },
        {
            "loss": 1.3094546664014777,
            "task": 6,
            "epoch": 0,
            "categorial_accuracy": 0.6532446808510638,
            "top_2_accuracy": 0.7921276597266501,
            "samples_seens": 25343
        },
        {
            "loss": 1.1972705384518239,
            "task": 7,
            "epoch": 0,
            "categorial_accuracy": 0.6698404253797329,
            "top_2_accuracy": 0.8114893615499456,
            "samples_seens": 28965
        },
        {
            "loss": 1.1175008872214784,
            "task": 8,
            "epoch": 0,
            "categorial_accuracy": 0.6802659572946265,
            "top_2_accuracy": 0.8188297872340425,
            "samples_seens": 32583
        },
        {
            "loss": 1.036288503332341,
            "task": 9,
            "epoch": 0,
            "categorial_accuracy": 0.7092553193011183,
            "top_2_accuracy": 0.841542553292944,
            "samples_seens": 36209
        },
        {
            "loss": 0.9909053495082449,
            "task": 10,
            "epoch": 0,
            "categorial_accuracy": 0.7223404255319149,
            "top_2_accuracy": 0.8518617022291143,
            "samples_seens": 39831
        },
        {
            "loss": 0.9210948636684012,
            "task": 11,
            "epoch": 0,
            "categorial_accuracy": 0.7327659574975358,
            "top_2_accuracy": 0.8606382980245225,
            "samples_seens": 43452
        },
        {
            "loss": 0.8890364540384171,
            "task": 12,
            "epoch": 0,
            "categorial_accuracy": 0.7388297872340426,
            "top_2_accuracy": 0.8672872338903711,
            "samples_seens": 47073
        },
        {
            "loss": 0.8942733127005557,
            "task": 13,
            "epoch": 0,
            "categorial_accuracy": 0.7379255318134389,
            "top_2_accuracy": 0.8672340425531915,
            "samples_seens": 50694
        },
        {
            "loss": 0.8124056825231999,
            "task": 14,
            "epoch": 0,
            "categorial_accuracy": 0.7620212765450173,
            "top_2_accuracy": 0.8797872339918258,
            "samples_seens": 54316
        },
        {
            "loss": 0.7762417847044925,
            "task": 15,
            "epoch": 0,
            "categorial_accuracy": 0.7696808510131025,
            "top_2_accuracy": 0.8886170211244137,
            "samples_seens": 57942
        },
        {
            "loss": 0.7612960433959961,
            "task": 16,
            "epoch": 0,
            "categorial_accuracy": 0.7699468085613657,
            "top_2_accuracy": 0.8915425533436714,
            "samples_seens": 61565
        },
        {
            "loss": 0.72846811441665,
            "task": 17,
            "epoch": 0,
            "categorial_accuracy": 0.7836170212765957,
            "top_2_accuracy": 0.8993617019754775,
            "samples_seens": 65186
        },
        {
            "loss": 0.7181168883404834,
            "task": 18,
            "epoch": 0,
            "categorial_accuracy": 0.7817021278117565,
            "top_2_accuracy": 0.8967021275073924,
            "samples_seens": 68807
        },
        {
            "loss": 0.672615713058634,
            "task": 19,
            "epoch": 0,
            "categorial_accuracy": 0.7968617021783869,
            "top_2_accuracy": 0.907500000152182,
            "samples_seens": 72424
        },
        {
            "loss": 0.6630662470168256,
            "task": 20,
            "epoch": 0,
            "categorial_accuracy": 0.7973404254811876,
            "top_2_accuracy": 0.9106914895138842,
            "samples_seens": 76045
        },
        {
            "loss": 0.6548952677909364,
            "task": 21,
            "epoch": 0,
            "categorial_accuracy": 0.7990957448330331,
            "top_2_accuracy": 0.9169680852585651,
            "samples_seens": 79666
        },
        {
            "loss": 0.6573286042314894,
            "task": 22,
            "epoch": 0,
            "categorial_accuracy": 0.8005851064844335,
            "top_2_accuracy": 0.9173936170212766,
            "samples_seens": 83286
        },
        {
            "loss": 0.8061220525680705,
            "task": 23,
            "epoch": 0,
            "categorial_accuracy": 0.7718617022798416,
            "top_2_accuracy": 0.8965425530900346,
            "samples_seens": 86907
        },
        {
            "loss": 0.7122081532884151,
            "task": 24,
            "epoch": 0,
            "categorial_accuracy": 0.8035638297365066,
            "top_2_accuracy": 0.9202659574975358,
            "samples_seens": 90536
        },
        {
            "loss": 0.6718458412555938,
            "task": 0,
            "epoch": 1,
            "categorial_accuracy": 0.7967553190474814,
            "top_2_accuracy": 0.9153191487839881,
            "samples_seens": 94158
        },
        {
            "loss": 0.6540085067647569,
            "task": 1,
            "epoch": 1,
            "categorial_accuracy": 0.8026063830801781,
            "top_2_accuracy": 0.916542553140762,
            "samples_seens": 97778
        },
        {
            "loss": 0.6751999407118939,
            "task": 2,
            "epoch": 1,
            "categorial_accuracy": 0.7941489361194854,
            "top_2_accuracy": 0.9138297873862247,
            "samples_seens": 101399
        },
        {
            "loss": 0.676845172364661,
            "task": 3,
            "epoch": 1,
            "categorial_accuracy": 0.7943085107904799,
            "top_2_accuracy": 0.9124468085106383,
            "samples_seens": 105020
        },
        {
            "loss": 0.669104712161612,
            "task": 4,
            "epoch": 1,
            "categorial_accuracy": 0.7979787235564374,
            "top_2_accuracy": 0.9138297872847699,
            "samples_seens": 108641
        },
        {
            "loss": 0.6455480754629095,
            "task": 5,
            "epoch": 1,
            "categorial_accuracy": 0.8024468084599109,
            "top_2_accuracy": 0.9149468085106383,
            "samples_seens": 112262
        },
        {
            "loss": 0.6730421990536629,
            "task": 6,
            "epoch": 1,
            "categorial_accuracy": 0.8034574467070559,
            "top_2_accuracy": 0.9122340425531915,
            "samples_seens": 115879
        },
        {
            "loss": 0.653849301718651,
            "task": 7,
            "epoch": 1,
            "categorial_accuracy": 0.7998404253797328,
            "top_2_accuracy": 0.9173936169705492,
            "samples_seens": 119501
        },
        {
            "loss": 0.6258527957124913,
            "task": 8,
            "epoch": 1,
            "categorial_accuracy": 0.8056914895138843,
            "top_2_accuracy": 0.9177659573960811,
            "samples_seens": 123119
        },
        {
            "loss": 0.6223469249999269,
            "task": 9,
            "epoch": 1,
            "categorial_accuracy": 0.8082446808510638,
            "top_2_accuracy": 0.9185638299394161,
            "samples_seens": 126745
        },
        {
            "loss": 0.621073186194643,
            "task": 10,
            "epoch": 1,
            "categorial_accuracy": 0.8062765958461355,
            "top_2_accuracy": 0.9195744682372885,
            "samples_seens": 130367
        },
        {
            "loss": 0.5999901991194867,
            "task": 11,
            "epoch": 1,
            "categorial_accuracy": 0.8133510637283325,
            "top_2_accuracy": 0.924042553140762,
            "samples_seens": 133988
        },
        {
            "loss": 0.5991300638178562,
            "task": 12,
            "epoch": 1,
            "categorial_accuracy": 0.8153191488854429,
            "top_2_accuracy": 0.9246808512160118,
            "samples_seens": 137609
        },
        {
            "loss": 0.5794481156481073,
            "task": 13,
            "epoch": 1,
            "categorial_accuracy": 0.8194680852585651,
            "top_2_accuracy": 0.9259574469099654,
            "samples_seens": 141230
        },
        {
            "loss": 0.5864733023846403,
            "task": 14,
            "epoch": 1,
            "categorial_accuracy": 0.8184574466563286,
            "top_2_accuracy": 0.9233510637790598,
            "samples_seens": 144852
        },
        {
            "loss": 0.5764701674085982,
            "task": 15,
            "epoch": 1,
            "categorial_accuracy": 0.8187234041538645,
            "top_2_accuracy": 0.9264361703649481,
            "samples_seens": 148478
        },
        {
            "loss": 0.5652795627269339,
            "task": 16,
            "epoch": 1,
            "categorial_accuracy": 0.8195212767479267,
            "top_2_accuracy": 0.9281382978216131,
            "samples_seens": 152101
        },
        {
            "loss": 0.5480039585904872,
            "task": 17,
            "epoch": 1,
            "categorial_accuracy": 0.8222872341947353,
            "top_2_accuracy": 0.9301595744173577,
            "samples_seens": 155722
        },
        {
            "loss": 0.5580319122811581,
            "task": 18,
            "epoch": 1,
            "categorial_accuracy": 0.8245744682372884,
            "top_2_accuracy": 0.9292021277610292,
            "samples_seens": 159343
        },
        {
            "loss": 0.5319799824978443,
            "task": 19,
            "epoch": 1,
            "categorial_accuracy": 0.8262765958461356,
            "top_2_accuracy": 0.9310638298886887,
            "samples_seens": 162960
        },
        {
            "loss": 0.5323052385259182,
            "task": 20,
            "epoch": 1,
            "categorial_accuracy": 0.8276595745695399,
            "top_2_accuracy": 0.9345212766971994,
            "samples_seens": 166581
        },
        {
            "loss": 0.5369785517073692,
            "task": 21,
            "epoch": 1,
            "categorial_accuracy": 0.8257446808510638,
            "top_2_accuracy": 0.9356914894631568,
            "samples_seens": 170202
        },
        {
            "loss": 0.5168966089664622,
            "task": 22,
            "epoch": 1,
            "categorial_accuracy": 0.8290425533436714,
            "top_2_accuracy": 0.9362234042553191,
            "samples_seens": 173822
        },
        {
            "loss": 0.5301697027429622,
            "task": 23,
            "epoch": 1,
            "categorial_accuracy": 0.8307978722896981,
            "top_2_accuracy": 0.9363297871833152,
            "samples_seens": 177443
        },
        {
            "loss": 0.5309052643370121,
            "task": 24,
            "epoch": 1,
            "categorial_accuracy": 0.8300000001014547,
            "top_2_accuracy": 0.9364893618543098,
            "samples_seens": 181072
        },
        {
            "loss": 0.6000617369692376,
            "task": 0,
            "epoch": 2,
            "categorial_accuracy": 0.8250000001014547,
            "top_2_accuracy": 0.9314361703142207,
            "samples_seens": 184694
        },
        {
            "loss": 0.5967550242961721,
            "task": 1,
            "epoch": 2,
            "categorial_accuracy": 0.8188829787741316,
            "top_2_accuracy": 0.9276063830801781,
            "samples_seens": 188314
        },
        {
            "loss": 0.5783857434861204,
            "task": 2,
            "epoch": 2,
            "categorial_accuracy": 0.8231382978216131,
            "top_2_accuracy": 0.9312765958461355,
            "samples_seens": 191935
        },
        {
            "loss": 0.5900171052395029,
            "task": 3,
            "epoch": 2,
            "categorial_accuracy": 0.8188829787741316,
            "top_2_accuracy": 0.9268617020262049,
            "samples_seens": 195556
        },
        {
            "loss": 0.6106618406163885,
            "task": 4,
            "epoch": 2,
            "categorial_accuracy": 0.8182446809017911,
            "top_2_accuracy": 0.9259574467070559,
            "samples_seens": 199177
        },
        {
            "loss": 0.5807115897980142,
            "task": 5,
            "epoch": 2,
            "categorial_accuracy": 0.8262765956939535,
            "top_2_accuracy": 0.9319680852078377,
            "samples_seens": 202798
        },
        {
            "loss": 0.5318189561367035,
            "task": 6,
            "epoch": 2,
            "categorial_accuracy": 0.8286170213780505,
            "top_2_accuracy": 0.93547872350571,
            "samples_seens": 206415
        },
        {
            "loss": 0.5390958724884277,
            "task": 7,
            "epoch": 2,
            "categorial_accuracy": 0.8302127659574469,
            "top_2_accuracy": 0.9345744681865611,
            "samples_seens": 210037
        },
        {
            "loss": 0.545440844069136,
            "task": 8,
            "epoch": 2,
            "categorial_accuracy": 0.828510638399327,
            "top_2_accuracy": 0.9343617022291143,
            "samples_seens": 213655
        },
        {
            "loss": 0.5673248343772077,
            "task": 9,
            "epoch": 2,
            "categorial_accuracy": 0.8269680849542009,
            "top_2_accuracy": 0.9320744681865611,
            "samples_seens": 217281
        },
        {
            "loss": 0.5558200424021863,
            "task": 10,
            "epoch": 2,
            "categorial_accuracy": 0.8276063828265413,
            "top_2_accuracy": 0.9327659575482632,
            "samples_seens": 220903
        },
        {
            "loss": 0.5525209596055619,
            "task": 11,
            "epoch": 2,
            "categorial_accuracy": 0.8269680849542009,
            "top_2_accuracy": 0.9330319149950718,
            "samples_seens": 224524
        },
        {
            "loss": 0.5464882633280247,
            "task": 12,
            "epoch": 2,
            "categorial_accuracy": 0.8278191489868976,
            "top_2_accuracy": 0.9330851063322514,
            "samples_seens": 228145
        },
        {
            "loss": 0.5342651760578155,
            "task": 13,
            "epoch": 2,
            "categorial_accuracy": 0.8348404253797328,
            "top_2_accuracy": 0.9361170213780504,
            "samples_seens": 231766
        },
        {
            "loss": 0.5409606947543774,
            "task": 14,
            "epoch": 2,
            "categorial_accuracy": 0.8337234041538645,
            "top_2_accuracy": 0.9364361701113112,
            "samples_seens": 235388
        },
        {
            "loss": 0.5040117758892952,
            "task": 15,
            "epoch": 2,
            "categorial_accuracy": 0.8358510639819693,
            "top_2_accuracy": 0.9403191488347155,
            "samples_seens": 239014
        },
        {
            "loss": 0.5003603266401494,
            "task": 16,
            "epoch": 2,
            "categorial_accuracy": 0.8382978721882435,
            "top_2_accuracy": 0.9396276594730134,
            "samples_seens": 242637
        },
        {
            "loss": 0.5018027115375437,
            "task": 17,
            "epoch": 2,
            "categorial_accuracy": 0.8384574469606927,
            "top_2_accuracy": 0.9376063828772687,
            "samples_seens": 246258
        },
        {
            "loss": 0.5275903223676884,
            "task": 18,
            "epoch": 2,
            "categorial_accuracy": 0.827180850962375,
            "top_2_accuracy": 0.9343617022291143,
            "samples_seens": 249879
        },
        {
            "loss": 0.4882664431409633,
            "task": 19,
            "epoch": 2,
            "categorial_accuracy": 0.8414361701620386,
            "top_2_accuracy": 0.9422340426546462,
            "samples_seens": 253496
        },
        {
            "loss": 0.483195647356358,
            "task": 20,
            "epoch": 2,
            "categorial_accuracy": 0.841968084954201,
            "top_2_accuracy": 0.9427659575482632,
            "samples_seens": 257117
        },
        {
            "loss": 0.5096563722224946,
            "task": 21,
            "epoch": 2,
            "categorial_accuracy": 0.8347872339410984,
            "top_2_accuracy": 0.9410638297365067,
            "samples_seens": 260738
        },
        {
            "loss": 0.5529786942360249,
            "task": 22,
            "epoch": 2,
            "categorial_accuracy": 0.8210106382471449,
            "top_2_accuracy": 0.9323404255826423,
            "samples_seens": 264358
        },
        {
            "loss": 0.47869360505266395,
            "task": 23,
            "epoch": 2,
            "categorial_accuracy": 0.83952127649429,
            "top_2_accuracy": 0.9426063830801781,
            "samples_seens": 267979
        },
        {
            "loss": 0.5142096243006118,
            "task": 24,
            "epoch": 2,
            "categorial_accuracy": 0.8347872341440079,
            "top_2_accuracy": 0.9396808510638298,
            "samples_seens": 271608
        }
    ],
    "id": 0,
    "name": "id0_t25_dp0.5_dc0.2_df0.3"
}