{
    "task_count": 25,
    "results": [
        {
            "loss": 2.5958239068376256,
            "task": 0,
            "epoch": 0,
            "categorial_accuracy": 0.295478723353528,
            "top_2_accuracy": 0.4571808510891935,
            "samples_seens": 3622
        },
        {
            "loss": 2.077089173945975,
            "task": 1,
            "epoch": 0,
            "categorial_accuracy": 0.4543617020769322,
            "top_2_accuracy": 0.6171276596759228,
            "samples_seens": 7242
        },
        {
            "loss": 1.6747021073483406,
            "task": 2,
            "epoch": 0,
            "categorial_accuracy": 0.542606382927996,
            "top_2_accuracy": 0.6969680849542009,
            "samples_seens": 10864
        },
        {
            "loss": 1.4395753642345996,
            "task": 3,
            "epoch": 0,
            "categorial_accuracy": 0.6057446809525185,
            "top_2_accuracy": 0.7505319149443443,
            "samples_seens": 14485
        },
        {
            "loss": 1.259316902363554,
            "task": 4,
            "epoch": 0,
            "categorial_accuracy": 0.6489361701620386,
            "top_2_accuracy": 0.7952659574975358,
            "samples_seens": 18107
        },
        {
            "loss": 1.1476315818948948,
            "task": 5,
            "epoch": 0,
            "categorial_accuracy": 0.6786702129181396,
            "top_2_accuracy": 0.8140957446301237,
            "samples_seens": 21729
        },
        {
            "loss": 1.1005832260213,
            "task": 6,
            "epoch": 0,
            "categorial_accuracy": 0.7001063829787234,
            "top_2_accuracy": 0.8296808512160119,
            "samples_seens": 25348
        },
        {
            "loss": 1.0615737749667877,
            "task": 7,
            "epoch": 0,
            "categorial_accuracy": 0.6977659573960812,
            "top_2_accuracy": 0.8339893616514003,
            "samples_seens": 28969
        },
        {
            "loss": 0.9632574751022014,
            "task": 8,
            "epoch": 0,
            "categorial_accuracy": 0.7194148936170213,
            "top_2_accuracy": 0.8531914894631568,
            "samples_seens": 32592
        },
        {
            "loss": 0.8943667748633851,
            "task": 9,
            "epoch": 0,
            "categorial_accuracy": 0.7407446808510638,
            "top_2_accuracy": 0.8643617021276596,
            "samples_seens": 36219
        },
        {
            "loss": 0.8761882825100675,
            "task": 10,
            "epoch": 0,
            "categorial_accuracy": 0.7407446809525186,
            "top_2_accuracy": 0.8677127658052647,
            "samples_seens": 39840
        },
        {
            "loss": 0.8156354490239569,
            "task": 11,
            "epoch": 0,
            "categorial_accuracy": 0.758776595896863,
            "top_2_accuracy": 0.8825531916415438,
            "samples_seens": 43460
        },
        {
            "loss": 0.7835304667087312,
            "task": 12,
            "epoch": 0,
            "categorial_accuracy": 0.7650531914386344,
            "top_2_accuracy": 0.8889361702634934,
            "samples_seens": 47082
        },
        {
            "loss": 0.7358244337426855,
            "task": 13,
            "epoch": 0,
            "categorial_accuracy": 0.779095744528669,
            "top_2_accuracy": 0.8949468085106383,
            "samples_seens": 50700
        },
        {
            "loss": 0.7274437515786354,
            "task": 14,
            "epoch": 0,
            "categorial_accuracy": 0.7794680850049283,
            "top_2_accuracy": 0.8963829786219495,
            "samples_seens": 54321
        },
        {
            "loss": 0.7107629009003334,
            "task": 15,
            "epoch": 0,
            "categorial_accuracy": 0.7814361703142206,
            "top_2_accuracy": 0.9031382979737952,
            "samples_seens": 57949
        },
        {
            "loss": 0.6821124537954939,
            "task": 16,
            "epoch": 0,
            "categorial_accuracy": 0.7922340427053736,
            "top_2_accuracy": 0.90702127649429,
            "samples_seens": 61570
        },
        {
            "loss": 0.6704015955011895,
            "task": 17,
            "epoch": 0,
            "categorial_accuracy": 0.7931382979230678,
            "top_2_accuracy": 0.9129255320163483,
            "samples_seens": 65193
        },
        {
            "loss": 0.6869273344506609,
            "task": 18,
            "epoch": 0,
            "categorial_accuracy": 0.7922872340425532,
            "top_2_accuracy": 0.9093617022291143,
            "samples_seens": 68814
        },
        {
            "loss": 0.6914213283518528,
            "task": 19,
            "epoch": 0,
            "categorial_accuracy": 0.7857978723404255,
            "top_2_accuracy": 0.906914893566294,
            "samples_seens": 72435
        },
        {
            "loss": 0.6488757138049349,
            "task": 20,
            "epoch": 0,
            "categorial_accuracy": 0.7970212765450173,
            "top_2_accuracy": 0.9156382979230678,
            "samples_seens": 76057
        },
        {
            "loss": 0.6921897905430895,
            "task": 21,
            "epoch": 0,
            "categorial_accuracy": 0.7860106384500544,
            "top_2_accuracy": 0.9118617020769322,
            "samples_seens": 79677
        },
        {
            "loss": 0.8195215505234739,
            "task": 22,
            "epoch": 0,
            "categorial_accuracy": 0.759946808612093,
            "top_2_accuracy": 0.8979255317627115,
            "samples_seens": 83297
        },
        {
            "loss": 0.8711840000051133,
            "task": 23,
            "epoch": 0,
            "categorial_accuracy": 0.7516489363223948,
            "top_2_accuracy": 0.8958510639819693,
            "samples_seens": 86918
        },
        {
            "loss": 1.0174068302803851,
            "task": 24,
            "epoch": 0,
            "categorial_accuracy": 0.7133510637790599,
            "top_2_accuracy": 0.8772872340425532,
            "samples_seens": 90541
        },
        {
            "loss": 0.5917373375436092,
            "task": 0,
            "epoch": 1,
            "categorial_accuracy": 0.812872340577714,
            "top_2_accuracy": 0.9236702126137754,
            "samples_seens": 94163
        },
        {
            "loss": 0.5930900805047218,
            "task": 1,
            "epoch": 1,
            "categorial_accuracy": 0.8101595744680851,
            "top_2_accuracy": 0.9227659572946264,
            "samples_seens": 97783
        },
        {
            "loss": 0.5786604634244391,
            "task": 2,
            "epoch": 1,
            "categorial_accuracy": 0.8175531914386344,
            "top_2_accuracy": 0.9253723403748045,
            "samples_seens": 101405
        },
        {
            "loss": 0.6028874088094589,
            "task": 3,
            "epoch": 1,
            "categorial_accuracy": 0.8126595744680851,
            "top_2_accuracy": 0.9217553191489362,
            "samples_seens": 105026
        },
        {
            "loss": 0.6012840803379708,
            "task": 4,
            "epoch": 1,
            "categorial_accuracy": 0.8134042552684215,
            "top_2_accuracy": 0.9239893616514003,
            "samples_seens": 108648
        },
        {
            "loss": 0.558477830633204,
            "task": 5,
            "epoch": 1,
            "categorial_accuracy": 0.822500000152182,
            "top_2_accuracy": 0.9282978723404255,
            "samples_seens": 112270
        },
        {
            "loss": 0.5759649421560004,
            "task": 6,
            "epoch": 1,
            "categorial_accuracy": 0.820372340577714,
            "top_2_accuracy": 0.9265425533436714,
            "samples_seens": 115889
        },
        {
            "loss": 0.5680241837653708,
            "task": 7,
            "epoch": 1,
            "categorial_accuracy": 0.8199468085613657,
            "top_2_accuracy": 0.9278191488854428,
            "samples_seens": 119510
        },
        {
            "loss": 0.5455183374120834,
            "task": 8,
            "epoch": 1,
            "categorial_accuracy": 0.8263829786726768,
            "top_2_accuracy": 0.9304255320163484,
            "samples_seens": 123133
        },
        {
            "loss": 0.558029143353726,
            "task": 9,
            "epoch": 1,
            "categorial_accuracy": 0.8219148936677486,
            "top_2_accuracy": 0.9296808510638298,
            "samples_seens": 126760
        },
        {
            "loss": 0.5463697806571393,
            "task": 10,
            "epoch": 1,
            "categorial_accuracy": 0.8233510637283326,
            "top_2_accuracy": 0.929042553292944,
            "samples_seens": 130381
        },
        {
            "loss": 0.5586352902016741,
            "task": 11,
            "epoch": 1,
            "categorial_accuracy": 0.8223404253797328,
            "top_2_accuracy": 0.9297872339918258,
            "samples_seens": 134001
        },
        {
            "loss": 0.5658700611997158,
            "task": 12,
            "epoch": 1,
            "categorial_accuracy": 0.8203723403240772,
            "top_2_accuracy": 0.9263829785712222,
            "samples_seens": 137623
        },
        {
            "loss": 0.5406999654972807,
            "task": 13,
            "epoch": 1,
            "categorial_accuracy": 0.8245212764435627,
            "top_2_accuracy": 0.9326063831309055,
            "samples_seens": 141241
        },
        {
            "loss": 0.530328355875421,
            "task": 14,
            "epoch": 1,
            "categorial_accuracy": 0.8292553190474815,
            "top_2_accuracy": 0.9326063830801781,
            "samples_seens": 144862
        },
        {
            "loss": 0.5204314066247737,
            "task": 15,
            "epoch": 1,
            "categorial_accuracy": 0.8343617019754775,
            "top_2_accuracy": 0.9331382978723404,
            "samples_seens": 148490
        },
        {
            "loss": 0.5554247823167354,
            "task": 16,
            "epoch": 1,
            "categorial_accuracy": 0.8182978724418802,
            "top_2_accuracy": 0.928510638247145,
            "samples_seens": 152111
        },
        {
            "loss": 0.5105457381745602,
            "task": 17,
            "epoch": 1,
            "categorial_accuracy": 0.8306914895138842,
            "top_2_accuracy": 0.9366489362716675,
            "samples_seens": 155734
        },
        {
            "loss": 0.5175303560114921,
            "task": 18,
            "epoch": 1,
            "categorial_accuracy": 0.8303191489868975,
            "top_2_accuracy": 0.9356382979737952,
            "samples_seens": 159355
        },
        {
            "loss": 0.6145109738187587,
            "task": 19,
            "epoch": 1,
            "categorial_accuracy": 0.8036702129181396,
            "top_2_accuracy": 0.9200531913371797,
            "samples_seens": 162976
        },
        {
            "loss": 0.5387461720882578,
            "task": 20,
            "epoch": 1,
            "categorial_accuracy": 0.826914893718476,
            "top_2_accuracy": 0.9356914893617021,
            "samples_seens": 166598
        },
        {
            "loss": 0.6102547210835396,
            "task": 21,
            "epoch": 1,
            "categorial_accuracy": 0.8175531915400891,
            "top_2_accuracy": 0.9292021275073924,
            "samples_seens": 170218
        },
        {
            "loss": 0.6429015617167696,
            "task": 22,
            "epoch": 1,
            "categorial_accuracy": 0.8067021276088471,
            "top_2_accuracy": 0.9232446806988818,
            "samples_seens": 173838
        },
        {
            "loss": 0.6631697412247354,
            "task": 23,
            "epoch": 1,
            "categorial_accuracy": 0.790957446859238,
            "top_2_accuracy": 0.9243085106382979,
            "samples_seens": 177459
        },
        {
            "loss": 0.8867242388522372,
            "task": 24,
            "epoch": 1,
            "categorial_accuracy": 0.7373936170720039,
            "top_2_accuracy": 0.8925531914386343,
            "samples_seens": 181082
        },
        {
            "loss": 0.5328831533929135,
            "task": 0,
            "epoch": 2,
            "categorial_accuracy": 0.8246808510131024,
            "top_2_accuracy": 0.9331914895138842,
            "samples_seens": 184704
        },
        {
            "loss": 0.5309662638065663,
            "task": 1,
            "epoch": 2,
            "categorial_accuracy": 0.837872340577714,
            "top_2_accuracy": 0.938404255471331,
            "samples_seens": 188324
        },
        {
            "loss": 0.5151200806080026,
            "task": 2,
            "epoch": 2,
            "categorial_accuracy": 0.838085106281524,
            "top_2_accuracy": 0.9375531913879069,
            "samples_seens": 191946
        },
        {
            "loss": 0.5249141234286288,
            "task": 3,
            "epoch": 2,
            "categorial_accuracy": 0.8345744682372884,
            "top_2_accuracy": 0.9368085105875705,
            "samples_seens": 195567
        },
        {
            "loss": 0.5563825493163251,
            "task": 4,
            "epoch": 2,
            "categorial_accuracy": 0.830053191387907,
            "top_2_accuracy": 0.9333510639819693,
            "samples_seens": 199189
        },
        {
            "loss": 0.5111376831379343,
            "task": 5,
            "epoch": 2,
            "categorial_accuracy": 0.8364361703142207,
            "top_2_accuracy": 0.9381914894631569,
            "samples_seens": 202811
        },
        {
            "loss": 0.4945130502670369,
            "task": 6,
            "epoch": 2,
            "categorial_accuracy": 0.8419148935155666,
            "top_2_accuracy": 0.9421276595237408,
            "samples_seens": 206430
        },
        {
            "loss": 0.5018805285210305,
            "task": 7,
            "epoch": 2,
            "categorial_accuracy": 0.8366489361702127,
            "top_2_accuracy": 0.9404255320163484,
            "samples_seens": 210051
        },
        {
            "loss": 0.5213508285867406,
            "task": 8,
            "epoch": 2,
            "categorial_accuracy": 0.8366489362209402,
            "top_2_accuracy": 0.9393617020769323,
            "samples_seens": 213674
        },
        {
            "loss": 0.5008695414979407,
            "task": 9,
            "epoch": 2,
            "categorial_accuracy": 0.8364893618543098,
            "top_2_accuracy": 0.9409042552176943,
            "samples_seens": 217301
        },
        {
            "loss": 0.4910011804357488,
            "task": 10,
            "epoch": 2,
            "categorial_accuracy": 0.8427659572946264,
            "top_2_accuracy": 0.9403723405269866,
            "samples_seens": 220922
        },
        {
            "loss": 0.49527471159366854,
            "task": 11,
            "epoch": 2,
            "categorial_accuracy": 0.8419680851571103,
            "top_2_accuracy": 0.9406382979737952,
            "samples_seens": 224542
        },
        {
            "loss": 0.48858609924925134,
            "task": 12,
            "epoch": 2,
            "categorial_accuracy": 0.8429255318641663,
            "top_2_accuracy": 0.944042553140762,
            "samples_seens": 228164
        },
        {
            "loss": 0.4870633111608789,
            "task": 13,
            "epoch": 2,
            "categorial_accuracy": 0.8407978724418802,
            "top_2_accuracy": 0.9421276595237408,
            "samples_seens": 231782
        },
        {
            "loss": 0.4712891613422556,
            "task": 14,
            "epoch": 2,
            "categorial_accuracy": 0.8467021278117566,
            "top_2_accuracy": 0.941382978824859,
            "samples_seens": 235403
        },
        {
            "loss": 0.48896639714849754,
            "task": 15,
            "epoch": 2,
            "categorial_accuracy": 0.8410106383993271,
            "top_2_accuracy": 0.9419680852078377,
            "samples_seens": 239031
        },
        {
            "loss": 0.4719618144187521,
            "task": 16,
            "epoch": 2,
            "categorial_accuracy": 0.8437765958461355,
            "top_2_accuracy": 0.9420212766971994,
            "samples_seens": 242652
        },
        {
            "loss": 0.4824077518189207,
            "task": 17,
            "epoch": 2,
            "categorial_accuracy": 0.8379255317627116,
            "top_2_accuracy": 0.9406914892602474,
            "samples_seens": 246275
        },
        {
            "loss": 0.5092270896028965,
            "task": 18,
            "epoch": 2,
            "categorial_accuracy": 0.8338829785712222,
            "top_2_accuracy": 0.9359574469099654,
            "samples_seens": 249896
        },
        {
            "loss": 0.5283791298815544,
            "task": 19,
            "epoch": 2,
            "categorial_accuracy": 0.8287234043060465,
            "top_2_accuracy": 0.9343617022798416,
            "samples_seens": 253517
        },
        {
            "loss": 0.560572539441129,
            "task": 20,
            "epoch": 2,
            "categorial_accuracy": 0.8184574467577833,
            "top_2_accuracy": 0.9298404255319149,
            "samples_seens": 257139
        },
        {
            "loss": 0.5087549492907016,
            "task": 21,
            "epoch": 2,
            "categorial_accuracy": 0.8294148935155665,
            "top_2_accuracy": 0.9367021276595745,
            "samples_seens": 260759
        },
        {
            "loss": 0.5371463875314023,
            "task": 22,
            "epoch": 2,
            "categorial_accuracy": 0.8228723405269867,
            "top_2_accuracy": 0.9370744682372885,
            "samples_seens": 264379
        },
        {
            "loss": 0.5961840369599931,
            "task": 23,
            "epoch": 2,
            "categorial_accuracy": 0.8085638298886888,
            "top_2_accuracy": 0.9296276596251954,
            "samples_seens": 268000
        },
        {
            "loss": 0.698080379658557,
            "task": 24,
            "epoch": 2,
            "categorial_accuracy": 0.7866489363223949,
            "top_2_accuracy": 0.9228723404762593,
            "samples_seens": 271623
        }
    ],
    "id": 0,
    "name": "id0_t25_dp0.1_dc0.3_df0.6"
}