{
    "task_count": 25,
    "results": [
        {
            "loss": 2.495067537388903,
            "task": 0,
            "epoch": 0,
            "categorial_accuracy": 0.3403191489868976,
            "top_2_accuracy": 0.49228723419473525,
            "samples_seens": 3622
        },
        {
            "loss": 1.9676656796069856,
            "task": 1,
            "epoch": 0,
            "categorial_accuracy": 0.4962765958461356,
            "top_2_accuracy": 0.6512234044075013,
            "samples_seens": 7242
        },
        {
            "loss": 1.7536315055603677,
            "task": 2,
            "epoch": 0,
            "categorial_accuracy": 0.5406914893870658,
            "top_2_accuracy": 0.6880319149443443,
            "samples_seens": 10863
        },
        {
            "loss": 1.5408224267147956,
            "task": 3,
            "epoch": 0,
            "categorial_accuracy": 0.5836170213780505,
            "top_2_accuracy": 0.732872340577714,
            "samples_seens": 14484
        },
        {
            "loss": 1.4957989076857872,
            "task": 4,
            "epoch": 0,
            "categorial_accuracy": 0.6163297871833152,
            "top_2_accuracy": 0.7611702126645027,
            "samples_seens": 18106
        },
        {
            "loss": 1.2889688976774825,
            "task": 5,
            "epoch": 0,
            "categorial_accuracy": 0.6422340425024642,
            "top_2_accuracy": 0.7875,
            "samples_seens": 21727
        },
        {
            "loss": 1.2272072361885233,
            "task": 6,
            "epoch": 0,
            "categorial_accuracy": 0.655053191540089,
            "top_2_accuracy": 0.8006382978216131,
            "samples_seens": 25346
        },
        {
            "loss": 1.2207173052239926,
            "task": 7,
            "epoch": 0,
            "categorial_accuracy": 0.6610638299394161,
            "top_2_accuracy": 0.8028723404255319,
            "samples_seens": 28969
        },
        {
            "loss": 1.0842970910985419,
            "task": 8,
            "epoch": 0,
            "categorial_accuracy": 0.6989893616006729,
            "top_2_accuracy": 0.8338829786726769,
            "samples_seens": 32589
        },
        {
            "loss": 1.043755640882127,
            "task": 9,
            "epoch": 0,
            "categorial_accuracy": 0.7122340427053736,
            "top_2_accuracy": 0.8396808511652845,
            "samples_seens": 36217
        },
        {
            "loss": 0.9765551380400962,
            "task": 10,
            "epoch": 0,
            "categorial_accuracy": 0.725531914893617,
            "top_2_accuracy": 0.852446808612093,
            "samples_seens": 39839
        },
        {
            "loss": 0.9522606576757228,
            "task": 11,
            "epoch": 0,
            "categorial_accuracy": 0.7248936171734587,
            "top_2_accuracy": 0.8549468085613656,
            "samples_seens": 43460
        },
        {
            "loss": 0.8983432386783843,
            "task": 12,
            "epoch": 0,
            "categorial_accuracy": 0.7417553190474815,
            "top_2_accuracy": 0.8645744681865611,
            "samples_seens": 47080
        },
        {
            "loss": 0.8366713767863334,
            "task": 13,
            "epoch": 0,
            "categorial_accuracy": 0.7514893615499456,
            "top_2_accuracy": 0.8795212767479268,
            "samples_seens": 50701
        },
        {
            "loss": 0.8070528068441025,
            "task": 14,
            "epoch": 0,
            "categorial_accuracy": 0.7579255317627115,
            "top_2_accuracy": 0.8837234042045918,
            "samples_seens": 54323
        },
        {
            "loss": 0.759261000359312,
            "task": 15,
            "epoch": 0,
            "categorial_accuracy": 0.7693617022798417,
            "top_2_accuracy": 0.8880851064844334,
            "samples_seens": 57951
        },
        {
            "loss": 0.8301030134140177,
            "task": 16,
            "epoch": 0,
            "categorial_accuracy": 0.7487234041538644,
            "top_2_accuracy": 0.8774468085613657,
            "samples_seens": 61571
        },
        {
            "loss": 0.7380629301071167,
            "task": 17,
            "epoch": 0,
            "categorial_accuracy": 0.7745212764942899,
            "top_2_accuracy": 0.8973936169705492,
            "samples_seens": 65194
        },
        {
            "loss": 0.6861381487136191,
            "task": 18,
            "epoch": 0,
            "categorial_accuracy": 0.7888297872340425,
            "top_2_accuracy": 0.9036702128674121,
            "samples_seens": 68813
        },
        {
            "loss": 0.6671466913121812,
            "task": 19,
            "epoch": 0,
            "categorial_accuracy": 0.7981914892095201,
            "top_2_accuracy": 0.9122872339410985,
            "samples_seens": 72434
        },
        {
            "loss": 0.6747415862692163,
            "task": 20,
            "epoch": 0,
            "categorial_accuracy": 0.7957978723404255,
            "top_2_accuracy": 0.9120212766971993,
            "samples_seens": 76056
        },
        {
            "loss": 0.6966938721372726,
            "task": 21,
            "epoch": 0,
            "categorial_accuracy": 0.7859574469606927,
            "top_2_accuracy": 0.9076063828265414,
            "samples_seens": 79677
        },
        {
            "loss": 0.6766616176544352,
            "task": 22,
            "epoch": 0,
            "categorial_accuracy": 0.7976595743159031,
            "top_2_accuracy": 0.9183510637283325,
            "samples_seens": 83298
        },
        {
            "loss": 0.7673472479049196,
            "task": 23,
            "epoch": 0,
            "categorial_accuracy": 0.7877659572946264,
            "top_2_accuracy": 0.9152127660081741,
            "samples_seens": 86918
        },
        {
            "loss": 0.8040499958078912,
            "task": 24,
            "epoch": 0,
            "categorial_accuracy": 0.7630319149443444,
            "top_2_accuracy": 0.8967021276595745,
            "samples_seens": 90540
        },
        {
            "loss": 0.651388332336507,
            "task": 0,
            "epoch": 1,
            "categorial_accuracy": 0.7981382978723405,
            "top_2_accuracy": 0.9152127659067194,
            "samples_seens": 94162
        },
        {
            "loss": 0.650623771484862,
            "task": 1,
            "epoch": 1,
            "categorial_accuracy": 0.8021808509623751,
            "top_2_accuracy": 0.9149468085106383,
            "samples_seens": 97782
        },
        {
            "loss": 0.6477296858138226,
            "task": 2,
            "epoch": 1,
            "categorial_accuracy": 0.8037765958968629,
            "top_2_accuracy": 0.9177659572946264,
            "samples_seens": 101403
        },
        {
            "loss": 0.6655597434145339,
            "task": 3,
            "epoch": 1,
            "categorial_accuracy": 0.8019680850049282,
            "top_2_accuracy": 0.9153191489868976,
            "samples_seens": 105024
        },
        {
            "loss": 0.6483375344885156,
            "task": 4,
            "epoch": 1,
            "categorial_accuracy": 0.8037234042553192,
            "top_2_accuracy": 0.9161702127152301,
            "samples_seens": 108646
        },
        {
            "loss": 0.6632494378089905,
            "task": 5,
            "epoch": 1,
            "categorial_accuracy": 0.8006382980245225,
            "top_2_accuracy": 0.9145212764435626,
            "samples_seens": 112267
        },
        {
            "loss": 0.6454939355748766,
            "task": 6,
            "epoch": 1,
            "categorial_accuracy": 0.8032446808510638,
            "top_2_accuracy": 0.9151063830294508,
            "samples_seens": 115886
        },
        {
            "loss": 0.6344713816236942,
            "task": 7,
            "epoch": 1,
            "categorial_accuracy": 0.8035638299394161,
            "top_2_accuracy": 0.9154787232520732,
            "samples_seens": 119509
        },
        {
            "loss": 0.6176933739033151,
            "task": 8,
            "epoch": 1,
            "categorial_accuracy": 0.8097872340425532,
            "top_2_accuracy": 0.9189893616006729,
            "samples_seens": 123129
        },
        {
            "loss": 0.5946734038312385,
            "task": 9,
            "epoch": 1,
            "categorial_accuracy": 0.8135638299394161,
            "top_2_accuracy": 0.9239893617021276,
            "samples_seens": 126757
        },
        {
            "loss": 0.5902393243667927,
            "task": 10,
            "epoch": 1,
            "categorial_accuracy": 0.8176595746202672,
            "top_2_accuracy": 0.9243085107904799,
            "samples_seens": 130379
        },
        {
            "loss": 0.6230258041747073,
            "task": 11,
            "epoch": 1,
            "categorial_accuracy": 0.807393617072004,
            "top_2_accuracy": 0.92,
            "samples_seens": 134000
        },
        {
            "loss": 0.621882561774964,
            "task": 12,
            "epoch": 1,
            "categorial_accuracy": 0.8111170211244136,
            "top_2_accuracy": 0.9205851065351608,
            "samples_seens": 137620
        },
        {
            "loss": 0.5653783786550481,
            "task": 13,
            "epoch": 1,
            "categorial_accuracy": 0.8242553193011183,
            "top_2_accuracy": 0.9282978723404255,
            "samples_seens": 141241
        },
        {
            "loss": 0.5674538655737613,
            "task": 14,
            "epoch": 1,
            "categorial_accuracy": 0.8231914894631568,
            "top_2_accuracy": 0.9281914893109747,
            "samples_seens": 144863
        },
        {
            "loss": 0.5667745239683922,
            "task": 15,
            "epoch": 1,
            "categorial_accuracy": 0.8217553193011182,
            "top_2_accuracy": 0.9247340425024642,
            "samples_seens": 148491
        },
        {
            "loss": 0.5623881920601459,
            "task": 16,
            "epoch": 1,
            "categorial_accuracy": 0.8210106383485997,
            "top_2_accuracy": 0.9286170212258684,
            "samples_seens": 152111
        },
        {
            "loss": 0.5326826337296912,
            "task": 17,
            "epoch": 1,
            "categorial_accuracy": 0.8295744679329243,
            "top_2_accuracy": 0.9327659575482632,
            "samples_seens": 155734
        },
        {
            "loss": 0.5563921406421256,
            "task": 18,
            "epoch": 1,
            "categorial_accuracy": 0.8214893616514003,
            "top_2_accuracy": 0.9298404254304602,
            "samples_seens": 159353
        },
        {
            "loss": 0.5393753288654571,
            "task": 19,
            "epoch": 1,
            "categorial_accuracy": 0.8252659574468085,
            "top_2_accuracy": 0.9323936168690945,
            "samples_seens": 162974
        },
        {
            "loss": 0.5304463774346291,
            "task": 20,
            "epoch": 1,
            "categorial_accuracy": 0.8322340424010094,
            "top_2_accuracy": 0.9334574467577833,
            "samples_seens": 166596
        },
        {
            "loss": 0.5188824593259933,
            "task": 21,
            "epoch": 1,
            "categorial_accuracy": 0.831861702178387,
            "top_2_accuracy": 0.9342553193011183,
            "samples_seens": 170217
        },
        {
            "loss": 0.5648033045707865,
            "task": 22,
            "epoch": 1,
            "categorial_accuracy": 0.8227659574468085,
            "top_2_accuracy": 0.9329787234549827,
            "samples_seens": 173838
        },
        {
            "loss": 0.5897128580478912,
            "task": 23,
            "epoch": 1,
            "categorial_accuracy": 0.8121276597266501,
            "top_2_accuracy": 0.9303191489361702,
            "samples_seens": 177458
        },
        {
            "loss": 0.5984076622699169,
            "task": 24,
            "epoch": 1,
            "categorial_accuracy": 0.8160638298886888,
            "top_2_accuracy": 0.9335638297872341,
            "samples_seens": 181080
        },
        {
            "loss": 0.5531556404905116,
            "task": 0,
            "epoch": 2,
            "categorial_accuracy": 0.8264361701113112,
            "top_2_accuracy": 0.9343617019754775,
            "samples_seens": 184702
        },
        {
            "loss": 0.575068156465571,
            "task": 1,
            "epoch": 2,
            "categorial_accuracy": 0.8279255320163483,
            "top_2_accuracy": 0.9302127658052647,
            "samples_seens": 188322
        },
        {
            "loss": 0.5874596133891572,
            "task": 2,
            "epoch": 2,
            "categorial_accuracy": 0.8229255317627115,
            "top_2_accuracy": 0.9292553191489362,
            "samples_seens": 191943
        },
        {
            "loss": 0.6009897743133789,
            "task": 3,
            "epoch": 2,
            "categorial_accuracy": 0.8223404255826422,
            "top_2_accuracy": 0.9284042552684216,
            "samples_seens": 195564
        },
        {
            "loss": 0.5894685335869485,
            "task": 4,
            "epoch": 2,
            "categorial_accuracy": 0.8264893616514003,
            "top_2_accuracy": 0.9285638297365066,
            "samples_seens": 199186
        },
        {
            "loss": 0.5745011397118264,
            "task": 5,
            "epoch": 2,
            "categorial_accuracy": 0.8270212766464721,
            "top_2_accuracy": 0.9299468085106383,
            "samples_seens": 202807
        },
        {
            "loss": 0.5804453316394319,
            "task": 6,
            "epoch": 2,
            "categorial_accuracy": 0.8207978722389708,
            "top_2_accuracy": 0.9282446808003365,
            "samples_seens": 206426
        },
        {
            "loss": 0.5696716849601016,
            "task": 7,
            "epoch": 2,
            "categorial_accuracy": 0.8276595744680851,
            "top_2_accuracy": 0.9335638299394161,
            "samples_seens": 210049
        },
        {
            "loss": 0.554265980492247,
            "task": 8,
            "epoch": 2,
            "categorial_accuracy": 0.8290425532929441,
            "top_2_accuracy": 0.9338829788755864,
            "samples_seens": 213669
        },
        {
            "loss": 0.5318953862849702,
            "task": 9,
            "epoch": 2,
            "categorial_accuracy": 0.833510638399327,
            "top_2_accuracy": 0.936010638247145,
            "samples_seens": 217297
        },
        {
            "loss": 0.5598308164261757,
            "task": 10,
            "epoch": 2,
            "categorial_accuracy": 0.830053191540089,
            "top_2_accuracy": 0.9330851065351607,
            "samples_seens": 220919
        },
        {
            "loss": 0.5424978670414458,
            "task": 11,
            "epoch": 2,
            "categorial_accuracy": 0.8327127661096289,
            "top_2_accuracy": 0.934042553140762,
            "samples_seens": 224540
        },
        {
            "loss": 0.544873105591916,
            "task": 12,
            "epoch": 2,
            "categorial_accuracy": 0.8274999999492726,
            "top_2_accuracy": 0.9322340427053736,
            "samples_seens": 228160
        },
        {
            "loss": 0.5206961958966356,
            "task": 13,
            "epoch": 2,
            "categorial_accuracy": 0.8331382977708857,
            "top_2_accuracy": 0.9364361703142207,
            "samples_seens": 231781
        },
        {
            "loss": 0.524262470463489,
            "task": 14,
            "epoch": 2,
            "categorial_accuracy": 0.8290425531914893,
            "top_2_accuracy": 0.9342553192503908,
            "samples_seens": 235403
        },
        {
            "loss": 0.5208840079510466,
            "task": 15,
            "epoch": 2,
            "categorial_accuracy": 0.8359042553191489,
            "top_2_accuracy": 0.9337765958461356,
            "samples_seens": 239031
        },
        {
            "loss": 0.4966064679115377,
            "task": 16,
            "epoch": 2,
            "categorial_accuracy": 0.8392021278117565,
            "top_2_accuracy": 0.9410106383993271,
            "samples_seens": 242651
        },
        {
            "loss": 0.5008723046931814,
            "task": 17,
            "epoch": 2,
            "categorial_accuracy": 0.8396276595237407,
            "top_2_accuracy": 0.9375000001014547,
            "samples_seens": 246274
        },
        {
            "loss": 0.49038155900671127,
            "task": 18,
            "epoch": 2,
            "categorial_accuracy": 0.8382446807496091,
            "top_2_accuracy": 0.9409574469099653,
            "samples_seens": 249893
        },
        {
            "loss": 0.4830418023403655,
            "task": 19,
            "epoch": 2,
            "categorial_accuracy": 0.8364893615499456,
            "top_2_accuracy": 0.9411702128674122,
            "samples_seens": 253514
        },
        {
            "loss": 0.49119119862292676,
            "task": 20,
            "epoch": 2,
            "categorial_accuracy": 0.8382446806988818,
            "top_2_accuracy": 0.9406382977708857,
            "samples_seens": 257136
        },
        {
            "loss": 0.4819716622981619,
            "task": 21,
            "epoch": 2,
            "categorial_accuracy": 0.8416489362209402,
            "top_2_accuracy": 0.9445744680343791,
            "samples_seens": 260757
        },
        {
            "loss": 0.5310498756804365,
            "task": 22,
            "epoch": 2,
            "categorial_accuracy": 0.8300000001014547,
            "top_2_accuracy": 0.9372872341440079,
            "samples_seens": 264378
        },
        {
            "loss": 0.5387645652953614,
            "task": 23,
            "epoch": 2,
            "categorial_accuracy": 0.8237765955924988,
            "top_2_accuracy": 0.9368085107397526,
            "samples_seens": 267998
        },
        {
            "loss": 0.5966711785945487,
            "task": 24,
            "epoch": 2,
            "categorial_accuracy": 0.8145212766971994,
            "top_2_accuracy": 0.9323936170212765,
            "samples_seens": 271620
        }
    ],
    "id": 0,
    "name": "id0_t25_dp0.3_dc0.4_df0.3"
}