{
    "task_count": 25,
    "results": [
        {
            "loss": 2.8006494611374877,
            "task": 0,
            "epoch": 0,
            "categorial_accuracy": 0.25218085101310245,
            "top_2_accuracy": 0.42388297874876796,
            "samples_seens": 3629
        },
        {
            "loss": 1.962195157193123,
            "task": 1,
            "epoch": 0,
            "categorial_accuracy": 0.4875000001014547,
            "top_2_accuracy": 0.6413297872340425,
            "samples_seens": 7250
        },
        {
            "loss": 1.61099352796027,
            "task": 2,
            "epoch": 0,
            "categorial_accuracy": 0.5610638296857793,
            "top_2_accuracy": 0.7111702126137753,
            "samples_seens": 10870
        },
        {
            "loss": 1.4675815177471079,
            "task": 3,
            "epoch": 0,
            "categorial_accuracy": 0.6059574468085106,
            "top_2_accuracy": 0.7515957446808511,
            "samples_seens": 14491
        },
        {
            "loss": 1.3076084286101322,
            "task": 4,
            "epoch": 0,
            "categorial_accuracy": 0.638989361752855,
            "top_2_accuracy": 0.779893617072004,
            "samples_seens": 18111
        },
        {
            "loss": 1.2780744119400673,
            "task": 5,
            "epoch": 0,
            "categorial_accuracy": 0.6499999999492726,
            "top_2_accuracy": 0.7955851062307967,
            "samples_seens": 21728
        },
        {
            "loss": 1.1331140391370083,
            "task": 6,
            "epoch": 0,
            "categorial_accuracy": 0.6834042552176942,
            "top_2_accuracy": 0.8209042553191489,
            "samples_seens": 25347
        },
        {
            "loss": 1.0546016945737473,
            "task": 7,
            "epoch": 0,
            "categorial_accuracy": 0.7008510636776052,
            "top_2_accuracy": 0.8332446806988818,
            "samples_seens": 28967
        },
        {
            "loss": 0.9976405348676316,
            "task": 8,
            "epoch": 0,
            "categorial_accuracy": 0.7072872339410985,
            "top_2_accuracy": 0.8501063830294507,
            "samples_seens": 32588
        },
        {
            "loss": 0.9517634051911374,
            "task": 9,
            "epoch": 0,
            "categorial_accuracy": 0.7184574469606927,
            "top_2_accuracy": 0.8554255320163483,
            "samples_seens": 36212
        },
        {
            "loss": 0.9506610209891136,
            "task": 10,
            "epoch": 0,
            "categorial_accuracy": 0.7290425532929441,
            "top_2_accuracy": 0.8574468084091836,
            "samples_seens": 39834
        },
        {
            "loss": 0.8822312379897909,
            "task": 11,
            "epoch": 0,
            "categorial_accuracy": 0.7365957446301237,
            "top_2_accuracy": 0.8675,
            "samples_seens": 43455
        },
        {
            "loss": 0.7983679343284444,
            "task": 12,
            "epoch": 0,
            "categorial_accuracy": 0.7605851063829787,
            "top_2_accuracy": 0.8829787234042553,
            "samples_seens": 47077
        },
        {
            "loss": 0.7866238996830393,
            "task": 13,
            "epoch": 0,
            "categorial_accuracy": 0.7616489363223948,
            "top_2_accuracy": 0.8853723404255319,
            "samples_seens": 50698
        },
        {
            "loss": 0.7819018953911802,
            "task": 14,
            "epoch": 0,
            "categorial_accuracy": 0.7665957445793964,
            "top_2_accuracy": 0.88680851079048,
            "samples_seens": 54320
        },
        {
            "loss": 0.725539121830717,
            "task": 15,
            "epoch": 0,
            "categorial_accuracy": 0.7825531915908164,
            "top_2_accuracy": 0.8996276596251954,
            "samples_seens": 57944
        },
        {
            "loss": 0.7200412523492854,
            "task": 16,
            "epoch": 0,
            "categorial_accuracy": 0.7810106381964176,
            "top_2_accuracy": 0.9009042552176942,
            "samples_seens": 61565
        },
        {
            "loss": 0.6745247600940948,
            "task": 17,
            "epoch": 0,
            "categorial_accuracy": 0.7920212767479268,
            "top_2_accuracy": 0.9094148935155666,
            "samples_seens": 65185
        },
        {
            "loss": 0.6784655905277172,
            "task": 18,
            "epoch": 0,
            "categorial_accuracy": 0.7922872341440079,
            "top_2_accuracy": 0.908563829635052,
            "samples_seens": 68804
        },
        {
            "loss": 0.6549886278903231,
            "task": 19,
            "epoch": 0,
            "categorial_accuracy": 0.7941489362716675,
            "top_2_accuracy": 0.9132446809017912,
            "samples_seens": 72421
        },
        {
            "loss": 0.672713690209896,
            "task": 20,
            "epoch": 0,
            "categorial_accuracy": 0.7946276596251954,
            "top_2_accuracy": 0.9139361700605839,
            "samples_seens": 76041
        },
        {
            "loss": 0.6294962329052864,
            "task": 21,
            "epoch": 0,
            "categorial_accuracy": 0.8038829788755864,
            "top_2_accuracy": 0.9192553191996635,
            "samples_seens": 79662
        },
        {
            "loss": 0.6985292324614018,
            "task": 22,
            "epoch": 0,
            "categorial_accuracy": 0.8023936171227313,
            "top_2_accuracy": 0.9188297872340425,
            "samples_seens": 83282
        },
        {
            "loss": 0.6495774567888138,
            "task": 23,
            "epoch": 0,
            "categorial_accuracy": 0.8111170213273231,
            "top_2_accuracy": 0.9255319150457991,
            "samples_seens": 86903
        },
        {
            "loss": 0.7227508655507514,
            "task": 24,
            "epoch": 0,
            "categorial_accuracy": 0.792446808612093,
            "top_2_accuracy": 0.9117021278117565,
            "samples_seens": 90532
        },
        {
            "loss": 0.6037340152010005,
            "task": 0,
            "epoch": 1,
            "categorial_accuracy": 0.8097340425531915,
            "top_2_accuracy": 0.9222340426039188,
            "samples_seens": 94161
        },
        {
            "loss": 0.6044360989205381,
            "task": 1,
            "epoch": 1,
            "categorial_accuracy": 0.8122872340425532,
            "top_2_accuracy": 0.9238829788755863,
            "samples_seens": 97782
        },
        {
            "loss": 0.6093467557176631,
            "task": 2,
            "epoch": 1,
            "categorial_accuracy": 0.8087234044075012,
            "top_2_accuracy": 0.920904255319149,
            "samples_seens": 101402
        },
        {
            "loss": 0.5969051251005619,
            "task": 3,
            "epoch": 1,
            "categorial_accuracy": 0.810851063931242,
            "top_2_accuracy": 0.9242021278117566,
            "samples_seens": 105023
        },
        {
            "loss": 0.7094725611362052,
            "task": 4,
            "epoch": 1,
            "categorial_accuracy": 0.7907978722896982,
            "top_2_accuracy": 0.9096808511145571,
            "samples_seens": 108643
        },
        {
            "loss": 0.5903801713598535,
            "task": 5,
            "epoch": 1,
            "categorial_accuracy": 0.8112765957954082,
            "top_2_accuracy": 0.9254787234042553,
            "samples_seens": 112260
        },
        {
            "loss": 0.6300803737944745,
            "task": 6,
            "epoch": 1,
            "categorial_accuracy": 0.8065957446301237,
            "top_2_accuracy": 0.9145212766464721,
            "samples_seens": 115879
        },
        {
            "loss": 0.5962061713096943,
            "task": 7,
            "epoch": 1,
            "categorial_accuracy": 0.8165957448330331,
            "top_2_accuracy": 0.9249999998478179,
            "samples_seens": 119499
        },
        {
            "loss": 0.5937003078866512,
            "task": 8,
            "epoch": 1,
            "categorial_accuracy": 0.8186702129181396,
            "top_2_accuracy": 0.9247340425531915,
            "samples_seens": 123120
        },
        {
            "loss": 0.6139514777000914,
            "task": 9,
            "epoch": 1,
            "categorial_accuracy": 0.8115957448330331,
            "top_2_accuracy": 0.925372340577714,
            "samples_seens": 126744
        },
        {
            "loss": 0.5741005511994057,
            "task": 10,
            "epoch": 1,
            "categorial_accuracy": 0.8209042553698763,
            "top_2_accuracy": 0.9277659575989906,
            "samples_seens": 130366
        },
        {
            "loss": 0.5639004883106719,
            "task": 11,
            "epoch": 1,
            "categorial_accuracy": 0.8231914892602474,
            "top_2_accuracy": 0.9301595746202672,
            "samples_seens": 133987
        },
        {
            "loss": 0.5536491554087781,
            "task": 12,
            "epoch": 1,
            "categorial_accuracy": 0.823882978824859,
            "top_2_accuracy": 0.9298936171734586,
            "samples_seens": 137609
        },
        {
            "loss": 0.5604186995485996,
            "task": 13,
            "epoch": 1,
            "categorial_accuracy": 0.8183510639819693,
            "top_2_accuracy": 0.927500000152182,
            "samples_seens": 141230
        },
        {
            "loss": 0.536516844034195,
            "task": 14,
            "epoch": 1,
            "categorial_accuracy": 0.8273936169705493,
            "top_2_accuracy": 0.9314361702127659,
            "samples_seens": 144852
        },
        {
            "loss": 0.5464370521839629,
            "task": 15,
            "epoch": 1,
            "categorial_accuracy": 0.8266489362209402,
            "top_2_accuracy": 0.9320212765957446,
            "samples_seens": 148476
        },
        {
            "loss": 0.5131778787298406,
            "task": 16,
            "epoch": 1,
            "categorial_accuracy": 0.832925531965621,
            "top_2_accuracy": 0.934840425684097,
            "samples_seens": 152097
        },
        {
            "loss": 0.5248576398352359,
            "task": 17,
            "epoch": 1,
            "categorial_accuracy": 0.830053191387907,
            "top_2_accuracy": 0.9346808510638298,
            "samples_seens": 155717
        },
        {
            "loss": 0.501086936174555,
            "task": 18,
            "epoch": 1,
            "categorial_accuracy": 0.8373936169198218,
            "top_2_accuracy": 0.9373936169705492,
            "samples_seens": 159336
        },
        {
            "loss": 0.512492983265126,
            "task": 19,
            "epoch": 1,
            "categorial_accuracy": 0.8332978723404255,
            "top_2_accuracy": 0.9330851063829787,
            "samples_seens": 162953
        },
        {
            "loss": 0.4948922248089567,
            "task": 20,
            "epoch": 1,
            "categorial_accuracy": 0.8387765958968629,
            "top_2_accuracy": 0.9368085105875705,
            "samples_seens": 166573
        },
        {
            "loss": 0.5229465953086285,
            "task": 21,
            "epoch": 1,
            "categorial_accuracy": 0.830531914741435,
            "top_2_accuracy": 0.9358510638297872,
            "samples_seens": 170194
        },
        {
            "loss": 0.5574665623015546,
            "task": 22,
            "epoch": 1,
            "categorial_accuracy": 0.8271808510638298,
            "top_2_accuracy": 0.9331914893617022,
            "samples_seens": 173814
        },
        {
            "loss": 0.6115688823639078,
            "task": 23,
            "epoch": 1,
            "categorial_accuracy": 0.8199999998985453,
            "top_2_accuracy": 0.9303723402733498,
            "samples_seens": 177435
        },
        {
            "loss": 0.5388520423909451,
            "task": 24,
            "epoch": 1,
            "categorial_accuracy": 0.8339361701620386,
            "top_2_accuracy": 0.938617021327323,
            "samples_seens": 181064
        },
        {
            "loss": 0.5178895927236435,
            "task": 0,
            "epoch": 2,
            "categorial_accuracy": 0.8376595745695398,
            "top_2_accuracy": 0.9398936169705492,
            "samples_seens": 184693
        },
        {
            "loss": 0.5400860279418053,
            "task": 1,
            "epoch": 2,
            "categorial_accuracy": 0.8248936171227313,
            "top_2_accuracy": 0.933510638247145,
            "samples_seens": 188314
        },
        {
            "loss": 0.5228947588484338,
            "task": 2,
            "epoch": 2,
            "categorial_accuracy": 0.8336702127152301,
            "top_2_accuracy": 0.9391489361194854,
            "samples_seens": 191934
        },
        {
            "loss": 0.5182995658478838,
            "task": 3,
            "epoch": 2,
            "categorial_accuracy": 0.8313829787234043,
            "top_2_accuracy": 0.9382446809525186,
            "samples_seens": 195555
        },
        {
            "loss": 0.5254826703223776,
            "task": 4,
            "epoch": 2,
            "categorial_accuracy": 0.8328191490376249,
            "top_2_accuracy": 0.9383510637790599,
            "samples_seens": 199175
        },
        {
            "loss": 0.5698872330087297,
            "task": 5,
            "epoch": 2,
            "categorial_accuracy": 0.8261170213780504,
            "top_2_accuracy": 0.9322872341947352,
            "samples_seens": 202792
        },
        {
            "loss": 0.5195124324078255,
            "task": 6,
            "epoch": 2,
            "categorial_accuracy": 0.836436170364948,
            "top_2_accuracy": 0.9372340425024641,
            "samples_seens": 206411
        },
        {
            "loss": 0.5156328528231763,
            "task": 7,
            "epoch": 2,
            "categorial_accuracy": 0.8363297872847699,
            "top_2_accuracy": 0.9379255319148936,
            "samples_seens": 210031
        },
        {
            "loss": 0.5274929669562807,
            "task": 8,
            "epoch": 2,
            "categorial_accuracy": 0.8349468083584562,
            "top_2_accuracy": 0.9376595743159031,
            "samples_seens": 213652
        },
        {
            "loss": 0.5394892278377046,
            "task": 9,
            "epoch": 2,
            "categorial_accuracy": 0.8339361702634933,
            "top_2_accuracy": 0.9358510639819693,
            "samples_seens": 217276
        },
        {
            "loss": 0.5235455141422597,
            "task": 10,
            "epoch": 2,
            "categorial_accuracy": 0.8387234042045918,
            "top_2_accuracy": 0.9383510637790599,
            "samples_seens": 220898
        },
        {
            "loss": 0.4983150549898756,
            "task": 11,
            "epoch": 2,
            "categorial_accuracy": 0.8409574468085106,
            "top_2_accuracy": 0.9407978724418803,
            "samples_seens": 224519
        },
        {
            "loss": 0.5174751428086707,
            "task": 12,
            "epoch": 2,
            "categorial_accuracy": 0.8373936170212766,
            "top_2_accuracy": 0.9373936169705492,
            "samples_seens": 228141
        },
        {
            "loss": 0.4864785333136295,
            "task": 13,
            "epoch": 2,
            "categorial_accuracy": 0.839095744528669,
            "top_2_accuracy": 0.9403723405269866,
            "samples_seens": 231762
        },
        {
            "loss": 0.4842610376692833,
            "task": 14,
            "epoch": 2,
            "categorial_accuracy": 0.8434042553698763,
            "top_2_accuracy": 0.9409042552684216,
            "samples_seens": 235384
        },
        {
            "loss": 0.4868408389548038,
            "task": 15,
            "epoch": 2,
            "categorial_accuracy": 0.841542553140762,
            "top_2_accuracy": 0.9418617021276596,
            "samples_seens": 239008
        },
        {
            "loss": 0.47009142784362146,
            "task": 16,
            "epoch": 2,
            "categorial_accuracy": 0.8452659574468085,
            "top_2_accuracy": 0.9431914895138842,
            "samples_seens": 242629
        },
        {
            "loss": 0.4691793547539001,
            "task": 17,
            "epoch": 2,
            "categorial_accuracy": 0.8431914892602475,
            "top_2_accuracy": 0.9437765958968629,
            "samples_seens": 246249
        },
        {
            "loss": 0.4858633197114823,
            "task": 18,
            "epoch": 2,
            "categorial_accuracy": 0.8406382978723405,
            "top_2_accuracy": 0.9411170212765958,
            "samples_seens": 249868
        },
        {
            "loss": 0.45977217326772973,
            "task": 19,
            "epoch": 2,
            "categorial_accuracy": 0.8447872339410984,
            "top_2_accuracy": 0.9432978723404255,
            "samples_seens": 253485
        },
        {
            "loss": 0.4868348154362212,
            "task": 20,
            "epoch": 2,
            "categorial_accuracy": 0.8378723404255319,
            "top_2_accuracy": 0.9411702126137754,
            "samples_seens": 257105
        },
        {
            "loss": 0.4963125311821065,
            "task": 21,
            "epoch": 2,
            "categorial_accuracy": 0.8352659574468085,
            "top_2_accuracy": 0.9393085106382979,
            "samples_seens": 260726
        },
        {
            "loss": 0.4618234901732587,
            "task": 22,
            "epoch": 2,
            "categorial_accuracy": 0.8442553190474814,
            "top_2_accuracy": 0.9439893617021277,
            "samples_seens": 264346
        },
        {
            "loss": 0.5311411412726057,
            "task": 23,
            "epoch": 2,
            "categorial_accuracy": 0.8302659572946265,
            "top_2_accuracy": 0.9366489360180307,
            "samples_seens": 267967
        },
        {
            "loss": 0.47678378769691954,
            "task": 24,
            "epoch": 2,
            "categorial_accuracy": 0.841968085258565,
            "top_2_accuracy": 0.9438829788755864,
            "samples_seens": 271596
        }
    ],
    "id": 0,
    "name": "id0_t25_dp0.5_dc0.0_df0.5"
}