{
    "task_count": 25,
    "results": [
        {
            "loss": 2.842124668486575,
            "task": 0,
            "epoch": 0,
            "categorial_accuracy": 0.30452127651965366,
            "top_2_accuracy": 0.43909574470621476,
            "samples_seens": 3623
        },
        {
            "loss": 2.048971791977578,
            "task": 1,
            "epoch": 0,
            "categorial_accuracy": 0.4772340424517368,
            "top_2_accuracy": 0.6306382980245225,
            "samples_seens": 7244
        },
        {
            "loss": 2.0195444165899397,
            "task": 2,
            "epoch": 0,
            "categorial_accuracy": 0.518563829787234,
            "top_2_accuracy": 0.6652659573453538,
            "samples_seens": 10865
        },
        {
            "loss": 1.6931003124155897,
            "task": 3,
            "epoch": 0,
            "categorial_accuracy": 0.5724468085106383,
            "top_2_accuracy": 0.7187765955924987,
            "samples_seens": 14487
        },
        {
            "loss": 1.5508694420469569,
            "task": 4,
            "epoch": 0,
            "categorial_accuracy": 0.6034042551669668,
            "top_2_accuracy": 0.7448404255826423,
            "samples_seens": 18110
        },
        {
            "loss": 1.5059781929787168,
            "task": 5,
            "epoch": 0,
            "categorial_accuracy": 0.5983510639312419,
            "top_2_accuracy": 0.7436702126645027,
            "samples_seens": 21733
        },
        {
            "loss": 1.3804878769529627,
            "task": 6,
            "epoch": 0,
            "categorial_accuracy": 0.6333510639819693,
            "top_2_accuracy": 0.7805851063829787,
            "samples_seens": 25354
        },
        {
            "loss": 1.3105108411261377,
            "task": 7,
            "epoch": 0,
            "categorial_accuracy": 0.6485638299394161,
            "top_2_accuracy": 0.7930319149950718,
            "samples_seens": 28976
        },
        {
            "loss": 1.2688546963955494,
            "task": 8,
            "epoch": 0,
            "categorial_accuracy": 0.6683510637283325,
            "top_2_accuracy": 0.8050000000507274,
            "samples_seens": 32600
        },
        {
            "loss": 1.2214990046683778,
            "task": 9,
            "epoch": 0,
            "categorial_accuracy": 0.6802659572946265,
            "top_2_accuracy": 0.8126063831309055,
            "samples_seens": 36232
        },
        {
            "loss": 1.1066186148055057,
            "task": 10,
            "epoch": 0,
            "categorial_accuracy": 0.7103191488854429,
            "top_2_accuracy": 0.8337234043060465,
            "samples_seens": 39854
        },
        {
            "loss": 1.0470001964366182,
            "task": 11,
            "epoch": 0,
            "categorial_accuracy": 0.7176063828772687,
            "top_2_accuracy": 0.8460106382978724,
            "samples_seens": 43472
        },
        {
            "loss": 0.9868946062757614,
            "task": 12,
            "epoch": 0,
            "categorial_accuracy": 0.7262765957446808,
            "top_2_accuracy": 0.8541489360180307,
            "samples_seens": 47094
        },
        {
            "loss": 0.9626875622729038,
            "task": 13,
            "epoch": 0,
            "categorial_accuracy": 0.7364361702634933,
            "top_2_accuracy": 0.8580319149950717,
            "samples_seens": 50712
        },
        {
            "loss": 0.8525343072160761,
            "task": 14,
            "epoch": 0,
            "categorial_accuracy": 0.7474468085106383,
            "top_2_accuracy": 0.8758510639312419,
            "samples_seens": 54334
        },
        {
            "loss": 0.8224238444896455,
            "task": 15,
            "epoch": 0,
            "categorial_accuracy": 0.7649999999492726,
            "top_2_accuracy": 0.8810106381456903,
            "samples_seens": 57966
        },
        {
            "loss": 0.7904586576908192,
            "task": 16,
            "epoch": 0,
            "categorial_accuracy": 0.7697340426546462,
            "top_2_accuracy": 0.8849999998985453,
            "samples_seens": 61590
        },
        {
            "loss": 0.786944397611821,
            "task": 17,
            "epoch": 0,
            "categorial_accuracy": 0.7712765956432261,
            "top_2_accuracy": 0.8910106384500545,
            "samples_seens": 65212
        },
        {
            "loss": 0.7330863823789231,
            "task": 18,
            "epoch": 0,
            "categorial_accuracy": 0.7762234041538645,
            "top_2_accuracy": 0.8980319148428897,
            "samples_seens": 68833
        },
        {
            "loss": 0.759939482262794,
            "task": 19,
            "epoch": 0,
            "categorial_accuracy": 0.7756914892602474,
            "top_2_accuracy": 0.9000531915400891,
            "samples_seens": 72456
        },
        {
            "loss": 0.7156098715295183,
            "task": 20,
            "epoch": 0,
            "categorial_accuracy": 0.7862765958461355,
            "top_2_accuracy": 0.9063297871833152,
            "samples_seens": 76079
        },
        {
            "loss": 0.7117951024846828,
            "task": 21,
            "epoch": 0,
            "categorial_accuracy": 0.7863297872340426,
            "top_2_accuracy": 0.9100000000507273,
            "samples_seens": 79701
        },
        {
            "loss": 0.7496107138978674,
            "task": 22,
            "epoch": 0,
            "categorial_accuracy": 0.7817021275073924,
            "top_2_accuracy": 0.9119148935155665,
            "samples_seens": 83322
        },
        {
            "loss": 0.9166840923086126,
            "task": 23,
            "epoch": 0,
            "categorial_accuracy": 0.737553191540089,
            "top_2_accuracy": 0.8823936171227313,
            "samples_seens": 86943
        },
        {
            "loss": 1.0571977684852925,
            "task": 24,
            "epoch": 0,
            "categorial_accuracy": 0.7195744681358337,
            "top_2_accuracy": 0.8792553190982089,
            "samples_seens": 90566
        },
        {
            "loss": 0.7388106416134124,
            "task": 0,
            "epoch": 1,
            "categorial_accuracy": 0.7871276594730133,
            "top_2_accuracy": 0.9077659574975359,
            "samples_seens": 94189
        },
        {
            "loss": 0.7685240867797365,
            "task": 1,
            "epoch": 1,
            "categorial_accuracy": 0.7865957446301237,
            "top_2_accuracy": 0.9027659574468085,
            "samples_seens": 97810
        },
        {
            "loss": 0.7401671250323032,
            "task": 2,
            "epoch": 1,
            "categorial_accuracy": 0.7909574469606927,
            "top_2_accuracy": 0.9057978723911528,
            "samples_seens": 101431
        },
        {
            "loss": 0.7607734526471889,
            "task": 3,
            "epoch": 1,
            "categorial_accuracy": 0.7904255320670757,
            "top_2_accuracy": 0.9029255320670757,
            "samples_seens": 105053
        },
        {
            "loss": 0.7354720338861993,
            "task": 4,
            "epoch": 1,
            "categorial_accuracy": 0.7927659574975359,
            "top_2_accuracy": 0.9068617021276596,
            "samples_seens": 108676
        },
        {
            "loss": 0.7819103241981344,
            "task": 5,
            "epoch": 1,
            "categorial_accuracy": 0.7894148935155666,
            "top_2_accuracy": 0.9030319149443444,
            "samples_seens": 112299
        },
        {
            "loss": 0.7255276698761798,
            "task": 6,
            "epoch": 1,
            "categorial_accuracy": 0.7963829788755863,
            "top_2_accuracy": 0.9059042551669668,
            "samples_seens": 115920
        },
        {
            "loss": 0.7260467355809314,
            "task": 7,
            "epoch": 1,
            "categorial_accuracy": 0.7954255317627116,
            "top_2_accuracy": 0.9094148934648392,
            "samples_seens": 119542
        },
        {
            "loss": 0.6692587900669017,
            "task": 8,
            "epoch": 1,
            "categorial_accuracy": 0.8038829786219496,
            "top_2_accuracy": 0.9125,
            "samples_seens": 123166
        },
        {
            "loss": 0.7041249103749052,
            "task": 9,
            "epoch": 1,
            "categorial_accuracy": 0.8015425530900346,
            "top_2_accuracy": 0.9116489361702128,
            "samples_seens": 126798
        },
        {
            "loss": 0.6910231426421632,
            "task": 10,
            "epoch": 1,
            "categorial_accuracy": 0.8046276596759228,
            "top_2_accuracy": 0.9140425531914894,
            "samples_seens": 130420
        },
        {
            "loss": 0.6371639357475525,
            "task": 11,
            "epoch": 1,
            "categorial_accuracy": 0.8084574469606927,
            "top_2_accuracy": 0.9183510638297873,
            "samples_seens": 134038
        },
        {
            "loss": 0.7190459686644534,
            "task": 12,
            "epoch": 1,
            "categorial_accuracy": 0.7967553190982088,
            "top_2_accuracy": 0.9097340425024641,
            "samples_seens": 137660
        },
        {
            "loss": 0.6105836553015608,
            "task": 13,
            "epoch": 1,
            "categorial_accuracy": 0.8167553190474814,
            "top_2_accuracy": 0.9197872341947353,
            "samples_seens": 141278
        },
        {
            "loss": 0.6085148999792465,
            "task": 14,
            "epoch": 1,
            "categorial_accuracy": 0.8149468085106383,
            "top_2_accuracy": 0.9203191488854429,
            "samples_seens": 144900
        },
        {
            "loss": 0.5716435475805972,
            "task": 15,
            "epoch": 1,
            "categorial_accuracy": 0.8232446807496091,
            "top_2_accuracy": 0.9249468086628204,
            "samples_seens": 148532
        },
        {
            "loss": 0.5815523893782433,
            "task": 16,
            "epoch": 1,
            "categorial_accuracy": 0.8212234041031371,
            "top_2_accuracy": 0.923936170364948,
            "samples_seens": 152156
        },
        {
            "loss": 0.5540312044671242,
            "task": 17,
            "epoch": 1,
            "categorial_accuracy": 0.8267021275073924,
            "top_2_accuracy": 0.9283510637790598,
            "samples_seens": 155778
        },
        {
            "loss": 0.5849223540184346,
            "task": 18,
            "epoch": 1,
            "categorial_accuracy": 0.8143617022291143,
            "top_2_accuracy": 0.9232446809017912,
            "samples_seens": 159399
        },
        {
            "loss": 0.584360022849225,
            "task": 19,
            "epoch": 1,
            "categorial_accuracy": 0.8196276595237407,
            "top_2_accuracy": 0.9238297870818605,
            "samples_seens": 163022
        },
        {
            "loss": 0.5935546804996247,
            "task": 20,
            "epoch": 1,
            "categorial_accuracy": 0.8105851063322513,
            "top_2_accuracy": 0.9247872338903711,
            "samples_seens": 166645
        },
        {
            "loss": 0.6345373709151085,
            "task": 21,
            "epoch": 1,
            "categorial_accuracy": 0.8084042552684216,
            "top_2_accuracy": 0.9239893617528551,
            "samples_seens": 170267
        },
        {
            "loss": 0.631811647110797,
            "task": 22,
            "epoch": 1,
            "categorial_accuracy": 0.8047340425531915,
            "top_2_accuracy": 0.9231382979230678,
            "samples_seens": 173888
        },
        {
            "loss": 0.7069421950299689,
            "task": 23,
            "epoch": 1,
            "categorial_accuracy": 0.7841489361702128,
            "top_2_accuracy": 0.9156382977201584,
            "samples_seens": 177509
        },
        {
            "loss": 0.7915397344751561,
            "task": 24,
            "epoch": 1,
            "categorial_accuracy": 0.7701595745188125,
            "top_2_accuracy": 0.9057446808510639,
            "samples_seens": 181132
        },
        {
            "loss": 0.6075048841060476,
            "task": 0,
            "epoch": 2,
            "categorial_accuracy": 0.8225531916415437,
            "top_2_accuracy": 0.9304787234042553,
            "samples_seens": 184755
        },
        {
            "loss": 0.7510924519883826,
            "task": 1,
            "epoch": 2,
            "categorial_accuracy": 0.8040425531914893,
            "top_2_accuracy": 0.9134574469606928,
            "samples_seens": 188376
        },
        {
            "loss": 0.7021940868966123,
            "task": 2,
            "epoch": 2,
            "categorial_accuracy": 0.8059574467070559,
            "top_2_accuracy": 0.9162765957446809,
            "samples_seens": 191997
        },
        {
            "loss": 0.6973381536311292,
            "task": 3,
            "epoch": 2,
            "categorial_accuracy": 0.8091489362716675,
            "top_2_accuracy": 0.9157978724926076,
            "samples_seens": 195619
        },
        {
            "loss": 0.6765021039323604,
            "task": 4,
            "epoch": 2,
            "categorial_accuracy": 0.8123404255826423,
            "top_2_accuracy": 0.9209574466563286,
            "samples_seens": 199242
        },
        {
            "loss": 0.6098774662930915,
            "task": 5,
            "epoch": 2,
            "categorial_accuracy": 0.8239893617021277,
            "top_2_accuracy": 0.9283510637790598,
            "samples_seens": 202865
        },
        {
            "loss": 0.6188335070457864,
            "task": 6,
            "epoch": 2,
            "categorial_accuracy": 0.8208510639819693,
            "top_2_accuracy": 0.9263829786726769,
            "samples_seens": 206486
        },
        {
            "loss": 0.6625238259802473,
            "task": 7,
            "epoch": 2,
            "categorial_accuracy": 0.8139361700605839,
            "top_2_accuracy": 0.9211702129181395,
            "samples_seens": 210108
        },
        {
            "loss": 0.5902397015500576,
            "task": 8,
            "epoch": 2,
            "categorial_accuracy": 0.8246808511652846,
            "top_2_accuracy": 0.92952127649429,
            "samples_seens": 213732
        },
        {
            "loss": 0.6054573548347392,
            "task": 9,
            "epoch": 2,
            "categorial_accuracy": 0.8220212766464721,
            "top_2_accuracy": 0.926382978824859,
            "samples_seens": 217364
        },
        {
            "loss": 0.6239014915202526,
            "task": 10,
            "epoch": 2,
            "categorial_accuracy": 0.8192021276088471,
            "top_2_accuracy": 0.9245212767479267,
            "samples_seens": 220986
        },
        {
            "loss": 0.6114970757352545,
            "task": 11,
            "epoch": 2,
            "categorial_accuracy": 0.8205851065351608,
            "top_2_accuracy": 0.923031914741435,
            "samples_seens": 224604
        },
        {
            "loss": 0.5960321362728768,
            "task": 12,
            "epoch": 2,
            "categorial_accuracy": 0.8244148936170212,
            "top_2_accuracy": 0.9283510637790598,
            "samples_seens": 228226
        },
        {
            "loss": 0.5764777657833505,
            "task": 13,
            "epoch": 2,
            "categorial_accuracy": 0.825159574315903,
            "top_2_accuracy": 0.9298404254811875,
            "samples_seens": 231844
        },
        {
            "loss": 0.5796683268344148,
            "task": 14,
            "epoch": 2,
            "categorial_accuracy": 0.8251595745695398,
            "top_2_accuracy": 0.9291489361194855,
            "samples_seens": 235466
        },
        {
            "loss": 0.5406108663437215,
            "task": 15,
            "epoch": 2,
            "categorial_accuracy": 0.8325531915400891,
            "top_2_accuracy": 0.9330851063322514,
            "samples_seens": 239098
        },
        {
            "loss": 0.5360459512852608,
            "task": 16,
            "epoch": 2,
            "categorial_accuracy": 0.833882978824859,
            "top_2_accuracy": 0.9341489362716675,
            "samples_seens": 242722
        },
        {
            "loss": 0.5170965300722326,
            "task": 17,
            "epoch": 2,
            "categorial_accuracy": 0.8351063828772687,
            "top_2_accuracy": 0.9365957447823058,
            "samples_seens": 246344
        },
        {
            "loss": 0.5252749530051617,
            "task": 18,
            "epoch": 2,
            "categorial_accuracy": 0.8312765957446808,
            "top_2_accuracy": 0.9336170212258684,
            "samples_seens": 249965
        },
        {
            "loss": 0.5470732575781801,
            "task": 19,
            "epoch": 2,
            "categorial_accuracy": 0.8211702129181395,
            "top_2_accuracy": 0.931010638247145,
            "samples_seens": 253588
        },
        {
            "loss": 0.5138210529723066,
            "task": 20,
            "epoch": 2,
            "categorial_accuracy": 0.8341489360180306,
            "top_2_accuracy": 0.9366489361194854,
            "samples_seens": 257211
        },
        {
            "loss": 0.5461766055543372,
            "task": 21,
            "epoch": 2,
            "categorial_accuracy": 0.8214361702127659,
            "top_2_accuracy": 0.933936170364948,
            "samples_seens": 260833
        },
        {
            "loss": 0.5511928315111931,
            "task": 22,
            "epoch": 2,
            "categorial_accuracy": 0.8234042552684215,
            "top_2_accuracy": 0.9361702128674122,
            "samples_seens": 264454
        },
        {
            "loss": 0.6123563597050119,
            "task": 23,
            "epoch": 2,
            "categorial_accuracy": 0.8075000001014547,
            "top_2_accuracy": 0.9257978723404255,
            "samples_seens": 268075
        },
        {
            "loss": 0.8105356020115791,
            "task": 24,
            "epoch": 2,
            "categorial_accuracy": 0.7578723405269866,
            "top_2_accuracy": 0.9027659573453538,
            "samples_seens": 271698
        }
    ],
    "id": 0,
    "name": "id0_t25_dp0.1_dc0.8_df0.1"
}