{
    "task_count": 25,
    "results": [
        {
            "loss": 2.599251697215628,
            "task": 0,
            "epoch": 0,
            "categorial_accuracy": 0.31393617023812964,
            "top_2_accuracy": 0.4742021277356655,
            "samples_seens": 3623
        },
        {
            "loss": 2.283964284734523,
            "task": 1,
            "epoch": 0,
            "categorial_accuracy": 0.4162765957954082,
            "top_2_accuracy": 0.5703723404255319,
            "samples_seens": 7244
        },
        {
            "loss": 1.8970482912469417,
            "task": 2,
            "epoch": 0,
            "categorial_accuracy": 0.5221276595998318,
            "top_2_accuracy": 0.674042553140762,
            "samples_seens": 10864
        },
        {
            "loss": 1.8676693798633333,
            "task": 3,
            "epoch": 0,
            "categorial_accuracy": 0.5541489361702128,
            "top_2_accuracy": 0.7014893618035823,
            "samples_seens": 14485
        },
        {
            "loss": 1.6028071059571936,
            "task": 4,
            "epoch": 0,
            "categorial_accuracy": 0.59297872350571,
            "top_2_accuracy": 0.7412765958461356,
            "samples_seens": 18107
        },
        {
            "loss": 1.6017375565589742,
            "task": 5,
            "epoch": 0,
            "categorial_accuracy": 0.6076063828265413,
            "top_2_accuracy": 0.747553191540089,
            "samples_seens": 21728
        },
        {
            "loss": 1.3989070534198842,
            "task": 6,
            "epoch": 0,
            "categorial_accuracy": 0.6337234043060465,
            "top_2_accuracy": 0.7729255320670757,
            "samples_seens": 25349
        },
        {
            "loss": 1.358731956684843,
            "task": 7,
            "epoch": 0,
            "categorial_accuracy": 0.6554787233028007,
            "top_2_accuracy": 0.7912765956939535,
            "samples_seens": 28972
        },
        {
            "loss": 1.349058093720294,
            "task": 8,
            "epoch": 0,
            "categorial_accuracy": 0.6554255318641663,
            "top_2_accuracy": 0.7970744680851064,
            "samples_seens": 32594
        },
        {
            "loss": 1.1758062048161284,
            "task": 9,
            "epoch": 0,
            "categorial_accuracy": 0.6881382977201583,
            "top_2_accuracy": 0.8225531915908164,
            "samples_seens": 36224
        },
        {
            "loss": 1.0776853231673544,
            "task": 10,
            "epoch": 0,
            "categorial_accuracy": 0.7005851062307966,
            "top_2_accuracy": 0.8347872339918259,
            "samples_seens": 39846
        },
        {
            "loss": 0.9857128571956716,
            "task": 11,
            "epoch": 0,
            "categorial_accuracy": 0.7148404256333696,
            "top_2_accuracy": 0.8499468086628204,
            "samples_seens": 43465
        },
        {
            "loss": 0.9688102455849343,
            "task": 12,
            "epoch": 0,
            "categorial_accuracy": 0.7259042554206037,
            "top_2_accuracy": 0.855638297821613,
            "samples_seens": 47086
        },
        {
            "loss": 0.9717516428866285,
            "task": 13,
            "epoch": 0,
            "categorial_accuracy": 0.7319148935662939,
            "top_2_accuracy": 0.8562765958968629,
            "samples_seens": 50706
        },
        {
            "loss": 0.8831526361627782,
            "task": 14,
            "epoch": 0,
            "categorial_accuracy": 0.7446276594730133,
            "top_2_accuracy": 0.8675,
            "samples_seens": 54328
        },
        {
            "loss": 0.8468465331260194,
            "task": 15,
            "epoch": 0,
            "categorial_accuracy": 0.7568085107397526,
            "top_2_accuracy": 0.8772340425024642,
            "samples_seens": 57958
        },
        {
            "loss": 0.8366683392829083,
            "task": 16,
            "epoch": 0,
            "categorial_accuracy": 0.7531382977708857,
            "top_2_accuracy": 0.8799999999492727,
            "samples_seens": 61580
        },
        {
            "loss": 0.7538078372529212,
            "task": 17,
            "epoch": 0,
            "categorial_accuracy": 0.7772340425024641,
            "top_2_accuracy": 0.8943085106890253,
            "samples_seens": 65202
        },
        {
            "loss": 0.7250891130021277,
            "task": 18,
            "epoch": 0,
            "categorial_accuracy": 0.7807978724926076,
            "top_2_accuracy": 0.898244681003246,
            "samples_seens": 68821
        },
        {
            "loss": 0.712678742205843,
            "task": 19,
            "epoch": 0,
            "categorial_accuracy": 0.7872340426546462,
            "top_2_accuracy": 0.9080851064337061,
            "samples_seens": 72444
        },
        {
            "loss": 0.7046579240230804,
            "task": 20,
            "epoch": 0,
            "categorial_accuracy": 0.7903191490883523,
            "top_2_accuracy": 0.9075531914386343,
            "samples_seens": 76067
        },
        {
            "loss": 0.704593067524281,
            "task": 21,
            "epoch": 0,
            "categorial_accuracy": 0.7885638298379614,
            "top_2_accuracy": 0.9077127659574468,
            "samples_seens": 79689
        },
        {
            "loss": 0.7300549700919619,
            "task": 22,
            "epoch": 0,
            "categorial_accuracy": 0.7914361701620386,
            "top_2_accuracy": 0.9129787234549827,
            "samples_seens": 83311
        },
        {
            "loss": 0.7730529402164703,
            "task": 23,
            "epoch": 0,
            "categorial_accuracy": 0.7673404253797328,
            "top_2_accuracy": 0.9008510638805146,
            "samples_seens": 86931
        },
        {
            "loss": 0.7740153131079166,
            "task": 24,
            "epoch": 0,
            "categorial_accuracy": 0.7821808511652845,
            "top_2_accuracy": 0.9124468085613656,
            "samples_seens": 90553
        },
        {
            "loss": 0.7250040666093217,
            "task": 0,
            "epoch": 1,
            "categorial_accuracy": 0.7943617022798416,
            "top_2_accuracy": 0.9117021276088471,
            "samples_seens": 94176
        },
        {
            "loss": 0.7053445481746755,
            "task": 1,
            "epoch": 1,
            "categorial_accuracy": 0.7926595744680851,
            "top_2_accuracy": 0.9080851063829787,
            "samples_seens": 97797
        },
        {
            "loss": 0.7426182189900824,
            "task": 2,
            "epoch": 1,
            "categorial_accuracy": 0.7876595746202671,
            "top_2_accuracy": 0.9071808510638298,
            "samples_seens": 101417
        },
        {
            "loss": 0.7837141295696827,
            "task": 3,
            "epoch": 1,
            "categorial_accuracy": 0.782446808459911,
            "top_2_accuracy": 0.8968617019754775,
            "samples_seens": 105038
        },
        {
            "loss": 0.7267315354753048,
            "task": 4,
            "epoch": 1,
            "categorial_accuracy": 0.7931382977708857,
            "top_2_accuracy": 0.9089893615499456,
            "samples_seens": 108660
        },
        {
            "loss": 0.7127741118694874,
            "task": 5,
            "epoch": 1,
            "categorial_accuracy": 0.7903191488854429,
            "top_2_accuracy": 0.9068085106890252,
            "samples_seens": 112281
        },
        {
            "loss": 0.6909545913148434,
            "task": 6,
            "epoch": 1,
            "categorial_accuracy": 0.7979787235057101,
            "top_2_accuracy": 0.9111702128166848,
            "samples_seens": 115902
        },
        {
            "loss": 0.7263119482994079,
            "task": 7,
            "epoch": 1,
            "categorial_accuracy": 0.7929255317627115,
            "top_2_accuracy": 0.9077127658052647,
            "samples_seens": 119525
        },
        {
            "loss": 0.6863196794022906,
            "task": 8,
            "epoch": 1,
            "categorial_accuracy": 0.7988829788755863,
            "top_2_accuracy": 0.9146276597266502,
            "samples_seens": 123147
        },
        {
            "loss": 0.6993364255479042,
            "task": 9,
            "epoch": 1,
            "categorial_accuracy": 0.7992021275073924,
            "top_2_accuracy": 0.9105319148936171,
            "samples_seens": 126777
        },
        {
            "loss": 0.6676841877369171,
            "task": 10,
            "epoch": 1,
            "categorial_accuracy": 0.8020212766971994,
            "top_2_accuracy": 0.9158510639819694,
            "samples_seens": 130399
        },
        {
            "loss": 0.6659494487782742,
            "task": 11,
            "epoch": 1,
            "categorial_accuracy": 0.8038829786219496,
            "top_2_accuracy": 0.9152659573960812,
            "samples_seens": 134018
        },
        {
            "loss": 0.6223493100988104,
            "task": 12,
            "epoch": 1,
            "categorial_accuracy": 0.8105319149443444,
            "top_2_accuracy": 0.9182446810032459,
            "samples_seens": 137639
        },
        {
            "loss": 0.6291287694078811,
            "task": 13,
            "epoch": 1,
            "categorial_accuracy": 0.8083510637790599,
            "top_2_accuracy": 0.9179255320670757,
            "samples_seens": 141259
        },
        {
            "loss": 0.6008596387822577,
            "task": 14,
            "epoch": 1,
            "categorial_accuracy": 0.8196276595237407,
            "top_2_accuracy": 0.9236702127152301,
            "samples_seens": 144881
        },
        {
            "loss": 0.6005320584266743,
            "task": 15,
            "epoch": 1,
            "categorial_accuracy": 0.8151595746202672,
            "top_2_accuracy": 0.920904255471331,
            "samples_seens": 148511
        },
        {
            "loss": 0.6191159759683812,
            "task": 16,
            "epoch": 1,
            "categorial_accuracy": 0.812925531965621,
            "top_2_accuracy": 0.9195212767479267,
            "samples_seens": 152133
        },
        {
            "loss": 0.5790750595356555,
            "task": 17,
            "epoch": 1,
            "categorial_accuracy": 0.8148936169705492,
            "top_2_accuracy": 0.92180851079048,
            "samples_seens": 155755
        },
        {
            "loss": 0.5657078783055569,
            "task": 18,
            "epoch": 1,
            "categorial_accuracy": 0.8252127660081742,
            "top_2_accuracy": 0.926914893566294,
            "samples_seens": 159374
        },
        {
            "loss": 0.5787720439281869,
            "task": 19,
            "epoch": 1,
            "categorial_accuracy": 0.8157978722389708,
            "top_2_accuracy": 0.9245744682372885,
            "samples_seens": 162997
        },
        {
            "loss": 0.549781671559557,
            "task": 20,
            "epoch": 1,
            "categorial_accuracy": 0.8260106381964176,
            "top_2_accuracy": 0.9305851065351608,
            "samples_seens": 166620
        },
        {
            "loss": 0.543175029729275,
            "task": 21,
            "epoch": 1,
            "categorial_accuracy": 0.828404255319149,
            "top_2_accuracy": 0.9318085105875705,
            "samples_seens": 170242
        },
        {
            "loss": 0.5976081772560768,
            "task": 22,
            "epoch": 1,
            "categorial_accuracy": 0.8176595743666304,
            "top_2_accuracy": 0.9282978724926076,
            "samples_seens": 173864
        },
        {
            "loss": 0.5755487611445975,
            "task": 23,
            "epoch": 1,
            "categorial_accuracy": 0.8142021276595744,
            "top_2_accuracy": 0.930531914893617,
            "samples_seens": 177484
        },
        {
            "loss": 0.782952431465717,
            "task": 24,
            "epoch": 1,
            "categorial_accuracy": 0.7751063830801781,
            "top_2_accuracy": 0.9064893616514003,
            "samples_seens": 181106
        },
        {
            "loss": 0.6588084684787913,
            "task": 0,
            "epoch": 2,
            "categorial_accuracy": 0.8132978724418802,
            "top_2_accuracy": 0.9203191487839881,
            "samples_seens": 184729
        },
        {
            "loss": 0.6819769945296835,
            "task": 1,
            "epoch": 2,
            "categorial_accuracy": 0.8095744681358338,
            "top_2_accuracy": 0.9217021278117565,
            "samples_seens": 188350
        },
        {
            "loss": 0.6273431840856024,
            "task": 2,
            "epoch": 2,
            "categorial_accuracy": 0.8144680851571103,
            "top_2_accuracy": 0.9262234042553191,
            "samples_seens": 191970
        },
        {
            "loss": 0.6819176090270915,
            "task": 3,
            "epoch": 2,
            "categorial_accuracy": 0.8111702128166848,
            "top_2_accuracy": 0.9232446808510638,
            "samples_seens": 195591
        },
        {
            "loss": 0.6055919665985919,
            "task": 4,
            "epoch": 2,
            "categorial_accuracy": 0.8189361701113113,
            "top_2_accuracy": 0.9287234042045918,
            "samples_seens": 199213
        },
        {
            "loss": 0.6433581272591936,
            "task": 5,
            "epoch": 2,
            "categorial_accuracy": 0.8157978721882435,
            "top_2_accuracy": 0.9264361702127659,
            "samples_seens": 202834
        },
        {
            "loss": 0.6504190860149708,
            "task": 6,
            "epoch": 2,
            "categorial_accuracy": 0.8148404253797328,
            "top_2_accuracy": 0.9225531916415438,
            "samples_seens": 206455
        },
        {
            "loss": 0.6110839451373892,
            "task": 7,
            "epoch": 2,
            "categorial_accuracy": 0.8218085104861158,
            "top_2_accuracy": 0.9284574469099653,
            "samples_seens": 210078
        },
        {
            "loss": 0.6191530003192577,
            "task": 8,
            "epoch": 2,
            "categorial_accuracy": 0.8184574469099654,
            "top_2_accuracy": 0.9268085105875705,
            "samples_seens": 213700
        },
        {
            "loss": 0.6014892712806134,
            "task": 9,
            "epoch": 2,
            "categorial_accuracy": 0.8210638296857793,
            "top_2_accuracy": 0.927500000152182,
            "samples_seens": 217330
        },
        {
            "loss": 0.5901305179139401,
            "task": 10,
            "epoch": 2,
            "categorial_accuracy": 0.8227659573453538,
            "top_2_accuracy": 0.9281914895138842,
            "samples_seens": 220952
        },
        {
            "loss": 0.6237556324360218,
            "task": 11,
            "epoch": 2,
            "categorial_accuracy": 0.8187765958461356,
            "top_2_accuracy": 0.9234574469606928,
            "samples_seens": 224571
        },
        {
            "loss": 0.584185165395128,
            "task": 12,
            "epoch": 2,
            "categorial_accuracy": 0.8253723402733498,
            "top_2_accuracy": 0.9303723405269866,
            "samples_seens": 228192
        },
        {
            "loss": 0.5657688609843559,
            "task": 13,
            "epoch": 2,
            "categorial_accuracy": 0.8271808511145572,
            "top_2_accuracy": 0.9291489362716675,
            "samples_seens": 231812
        },
        {
            "loss": 0.5539923322961685,
            "task": 14,
            "epoch": 2,
            "categorial_accuracy": 0.8277659574975359,
            "top_2_accuracy": 0.9332446808003365,
            "samples_seens": 235434
        },
        {
            "loss": 0.5523688508094625,
            "task": 15,
            "epoch": 2,
            "categorial_accuracy": 0.827925531965621,
            "top_2_accuracy": 0.9310638296857793,
            "samples_seens": 239064
        },
        {
            "loss": 0.5253531071226648,
            "task": 16,
            "epoch": 2,
            "categorial_accuracy": 0.8361702127152301,
            "top_2_accuracy": 0.9365957447823058,
            "samples_seens": 242686
        },
        {
            "loss": 0.5179588672455321,
            "task": 17,
            "epoch": 2,
            "categorial_accuracy": 0.8379255318641663,
            "top_2_accuracy": 0.9369680852078377,
            "samples_seens": 246308
        },
        {
            "loss": 0.5201216318759513,
            "task": 18,
            "epoch": 2,
            "categorial_accuracy": 0.8336702129181395,
            "top_2_accuracy": 0.9357446809525185,
            "samples_seens": 249927
        },
        {
            "loss": 0.5068984473005255,
            "task": 19,
            "epoch": 2,
            "categorial_accuracy": 0.8400531916415438,
            "top_2_accuracy": 0.9369680852078377,
            "samples_seens": 253550
        },
        {
            "loss": 0.49794262647628784,
            "task": 20,
            "epoch": 2,
            "categorial_accuracy": 0.8375531916415437,
            "top_2_accuracy": 0.9357446809525185,
            "samples_seens": 257173
        },
        {
            "loss": 0.507913699581268,
            "task": 21,
            "epoch": 2,
            "categorial_accuracy": 0.8392021275581197,
            "top_2_accuracy": 0.9380851063322514,
            "samples_seens": 260795
        },
        {
            "loss": 0.5076663142823158,
            "task": 22,
            "epoch": 2,
            "categorial_accuracy": 0.8356914892602474,
            "top_2_accuracy": 0.9407978724926076,
            "samples_seens": 264417
        },
        {
            "loss": 0.5263850232641748,
            "task": 23,
            "epoch": 2,
            "categorial_accuracy": 0.8291489363223948,
            "top_2_accuracy": 0.9379787234042554,
            "samples_seens": 268037
        },
        {
            "loss": 0.6326048666872877,
            "task": 24,
            "epoch": 2,
            "categorial_accuracy": 0.8138829786219496,
            "top_2_accuracy": 0.9286170211244137,
            "samples_seens": 271659
        }
    ],
    "id": 0,
    "name": "id0_t25_dp0.3_dc0.6_df0.1"
}