{
    "task_count": 25,
    "results": [
        {
            "loss": 2.648490334977495,
            "task": 0,
            "epoch": 0,
            "categorial_accuracy": 0.29968085108919346,
            "top_2_accuracy": 0.45627659577004454,
            "samples_seens": 3623
        },
        {
            "loss": 2.0946122780252012,
            "task": 1,
            "epoch": 0,
            "categorial_accuracy": 0.4719148936931123,
            "top_2_accuracy": 0.620106382927996,
            "samples_seens": 7244
        },
        {
            "loss": 2.020836061619698,
            "task": 2,
            "epoch": 0,
            "categorial_accuracy": 0.4997872340932806,
            "top_2_accuracy": 0.6479255320163483,
            "samples_seens": 10864
        },
        {
            "loss": 1.9017986648640735,
            "task": 3,
            "epoch": 0,
            "categorial_accuracy": 0.5459042553445126,
            "top_2_accuracy": 0.6924468085613656,
            "samples_seens": 14484
        },
        {
            "loss": 1.7697141936484804,
            "task": 4,
            "epoch": 0,
            "categorial_accuracy": 0.568617021175141,
            "top_2_accuracy": 0.7122340425531914,
            "samples_seens": 18106
        },
        {
            "loss": 1.5478915426578927,
            "task": 5,
            "epoch": 0,
            "categorial_accuracy": 0.6043085105368432,
            "top_2_accuracy": 0.7446808510131024,
            "samples_seens": 21727
        },
        {
            "loss": 1.4621368191090036,
            "task": 6,
            "epoch": 0,
            "categorial_accuracy": 0.6230851062307966,
            "top_2_accuracy": 0.7648404255826422,
            "samples_seens": 25348
        },
        {
            "loss": 1.3665300254618868,
            "task": 7,
            "epoch": 0,
            "categorial_accuracy": 0.6395744681358337,
            "top_2_accuracy": 0.7767021276595745,
            "samples_seens": 28971
        },
        {
            "loss": 1.2859025286613626,
            "task": 8,
            "epoch": 0,
            "categorial_accuracy": 0.6582978722389708,
            "top_2_accuracy": 0.7975531914386343,
            "samples_seens": 32592
        },
        {
            "loss": 1.3596680584359677,
            "task": 9,
            "epoch": 0,
            "categorial_accuracy": 0.6541489362716675,
            "top_2_accuracy": 0.7931382980245225,
            "samples_seens": 36220
        },
        {
            "loss": 1.1533735092650068,
            "task": 10,
            "epoch": 0,
            "categorial_accuracy": 0.6957978723404256,
            "top_2_accuracy": 0.8262234041031371,
            "samples_seens": 39841
        },
        {
            "loss": 1.0757264126108048,
            "task": 11,
            "epoch": 0,
            "categorial_accuracy": 0.6978723404255319,
            "top_2_accuracy": 0.8344680851063829,
            "samples_seens": 43459
        },
        {
            "loss": 1.0296841208478238,
            "task": 12,
            "epoch": 0,
            "categorial_accuracy": 0.7080851063322514,
            "top_2_accuracy": 0.8427659574975359,
            "samples_seens": 47081
        },
        {
            "loss": 1.004073088473462,
            "task": 13,
            "epoch": 0,
            "categorial_accuracy": 0.7228191487839881,
            "top_2_accuracy": 0.8530319147921623,
            "samples_seens": 50701
        },
        {
            "loss": 0.9176520215196813,
            "task": 14,
            "epoch": 0,
            "categorial_accuracy": 0.7393085105368432,
            "top_2_accuracy": 0.8650531914893617,
            "samples_seens": 54322
        },
        {
            "loss": 0.8827153108475057,
            "task": 15,
            "epoch": 0,
            "categorial_accuracy": 0.7487234044075012,
            "top_2_accuracy": 0.8693617019754775,
            "samples_seens": 57949
        },
        {
            "loss": 0.8309682691350896,
            "task": 16,
            "epoch": 0,
            "categorial_accuracy": 0.7617021276595745,
            "top_2_accuracy": 0.8800531913371796,
            "samples_seens": 61572
        },
        {
            "loss": 0.8125600026008931,
            "task": 17,
            "epoch": 0,
            "categorial_accuracy": 0.7588829785712222,
            "top_2_accuracy": 0.8798404254811876,
            "samples_seens": 65193
        },
        {
            "loss": 0.7653915413897088,
            "task": 18,
            "epoch": 0,
            "categorial_accuracy": 0.7706914894631568,
            "top_2_accuracy": 0.8908510637790599,
            "samples_seens": 68812
        },
        {
            "loss": 0.7239571642875672,
            "task": 19,
            "epoch": 0,
            "categorial_accuracy": 0.7836702126645028,
            "top_2_accuracy": 0.8983510636776052,
            "samples_seens": 72434
        },
        {
            "loss": 0.7305180322870295,
            "task": 20,
            "epoch": 0,
            "categorial_accuracy": 0.7844148934648392,
            "top_2_accuracy": 0.90069148920952,
            "samples_seens": 76056
        },
        {
            "loss": 0.6807163410491132,
            "task": 21,
            "epoch": 0,
            "categorial_accuracy": 0.7963297871325878,
            "top_2_accuracy": 0.9077659574468085,
            "samples_seens": 79677
        },
        {
            "loss": 0.6602552486480551,
            "task": 22,
            "epoch": 0,
            "categorial_accuracy": 0.798138297821613,
            "top_2_accuracy": 0.9153191487839881,
            "samples_seens": 83299
        },
        {
            "loss": 0.6977588532326069,
            "task": 23,
            "epoch": 0,
            "categorial_accuracy": 0.7965425530393073,
            "top_2_accuracy": 0.9123936169198219,
            "samples_seens": 86919
        },
        {
            "loss": 0.6677346746464993,
            "task": 24,
            "epoch": 0,
            "categorial_accuracy": 0.8005319147921623,
            "top_2_accuracy": 0.9196276597266502,
            "samples_seens": 90541
        },
        {
            "loss": 0.7371072484584564,
            "task": 0,
            "epoch": 1,
            "categorial_accuracy": 0.7854255318641663,
            "top_2_accuracy": 0.9026595743666304,
            "samples_seens": 94164
        },
        {
            "loss": 0.757904913476173,
            "task": 1,
            "epoch": 1,
            "categorial_accuracy": 0.7863829788755863,
            "top_2_accuracy": 0.9039361700605839,
            "samples_seens": 97785
        },
        {
            "loss": 0.7823967490804956,
            "task": 2,
            "epoch": 1,
            "categorial_accuracy": 0.7831914895138842,
            "top_2_accuracy": 0.8995212765957447,
            "samples_seens": 101405
        },
        {
            "loss": 0.7770082726377122,
            "task": 3,
            "epoch": 1,
            "categorial_accuracy": 0.7807978722896982,
            "top_2_accuracy": 0.8995212766464721,
            "samples_seens": 105025
        },
        {
            "loss": 0.792428989917674,
            "task": 4,
            "epoch": 1,
            "categorial_accuracy": 0.7820212766971993,
            "top_2_accuracy": 0.901489361752855,
            "samples_seens": 108647
        },
        {
            "loss": 0.7520315948445746,
            "task": 5,
            "epoch": 1,
            "categorial_accuracy": 0.7879255320163483,
            "top_2_accuracy": 0.9037765958968629,
            "samples_seens": 112268
        },
        {
            "loss": 0.7393508532706727,
            "task": 6,
            "epoch": 1,
            "categorial_accuracy": 0.7872872339918259,
            "top_2_accuracy": 0.9036170211244137,
            "samples_seens": 115889
        },
        {
            "loss": 0.7157408609288805,
            "task": 7,
            "epoch": 1,
            "categorial_accuracy": 0.7905319150457991,
            "top_2_accuracy": 0.9048404255826422,
            "samples_seens": 119512
        },
        {
            "loss": 0.6929423006037448,
            "task": 8,
            "epoch": 1,
            "categorial_accuracy": 0.7943085106890252,
            "top_2_accuracy": 0.9070744681358337,
            "samples_seens": 123133
        },
        {
            "loss": 0.7061350705268535,
            "task": 9,
            "epoch": 1,
            "categorial_accuracy": 0.7893617022291143,
            "top_2_accuracy": 0.9061702129181395,
            "samples_seens": 126761
        },
        {
            "loss": 0.6867505728437545,
            "task": 10,
            "epoch": 1,
            "categorial_accuracy": 0.796010638247145,
            "top_2_accuracy": 0.9095212766971994,
            "samples_seens": 130382
        },
        {
            "loss": 0.7102993150974842,
            "task": 11,
            "epoch": 1,
            "categorial_accuracy": 0.7937765957446808,
            "top_2_accuracy": 0.9057978721882435,
            "samples_seens": 134000
        },
        {
            "loss": 0.673817021390225,
            "task": 12,
            "epoch": 1,
            "categorial_accuracy": 0.7951595745695398,
            "top_2_accuracy": 0.9100000000507273,
            "samples_seens": 137622
        },
        {
            "loss": 0.6727898833599496,
            "task": 13,
            "epoch": 1,
            "categorial_accuracy": 0.7969680850049282,
            "top_2_accuracy": 0.9086702126137753,
            "samples_seens": 141242
        },
        {
            "loss": 0.6519597982853017,
            "task": 14,
            "epoch": 1,
            "categorial_accuracy": 0.8044148935155666,
            "top_2_accuracy": 0.9154255320163484,
            "samples_seens": 144863
        },
        {
            "loss": 0.6334175340672756,
            "task": 15,
            "epoch": 1,
            "categorial_accuracy": 0.8084042552684216,
            "top_2_accuracy": 0.91569148920952,
            "samples_seens": 148490
        },
        {
            "loss": 0.6267802327237231,
            "task": 16,
            "epoch": 1,
            "categorial_accuracy": 0.813031914741435,
            "top_2_accuracy": 0.9195212767479267,
            "samples_seens": 152113
        },
        {
            "loss": 0.6759273429119841,
            "task": 17,
            "epoch": 1,
            "categorial_accuracy": 0.8005319149950717,
            "top_2_accuracy": 0.912340425684097,
            "samples_seens": 155734
        },
        {
            "loss": 0.5854253053411524,
            "task": 18,
            "epoch": 1,
            "categorial_accuracy": 0.8169680852078377,
            "top_2_accuracy": 0.921914893566294,
            "samples_seens": 159353
        },
        {
            "loss": 0.6003271202077257,
            "task": 19,
            "epoch": 1,
            "categorial_accuracy": 0.8117021276595745,
            "top_2_accuracy": 0.9197872338903711,
            "samples_seens": 162975
        },
        {
            "loss": 0.5557930005357621,
            "task": 20,
            "epoch": 1,
            "categorial_accuracy": 0.8223404254304602,
            "top_2_accuracy": 0.9280851065351607,
            "samples_seens": 166597
        },
        {
            "loss": 0.5504437276403955,
            "task": 21,
            "epoch": 1,
            "categorial_accuracy": 0.8268085106382979,
            "top_2_accuracy": 0.9284042552684216,
            "samples_seens": 170218
        },
        {
            "loss": 0.5546372284280493,
            "task": 22,
            "epoch": 1,
            "categorial_accuracy": 0.8209574466563285,
            "top_2_accuracy": 0.929574468034379,
            "samples_seens": 173840
        },
        {
            "loss": 0.5729196721442202,
            "task": 23,
            "epoch": 1,
            "categorial_accuracy": 0.8233510638805146,
            "top_2_accuracy": 0.9284042553191489,
            "samples_seens": 177460
        },
        {
            "loss": 0.5735983256329882,
            "task": 24,
            "epoch": 1,
            "categorial_accuracy": 0.8195744679329243,
            "top_2_accuracy": 0.9327127658052647,
            "samples_seens": 181082
        },
        {
            "loss": 0.6943112419006673,
            "task": 0,
            "epoch": 2,
            "categorial_accuracy": 0.8070744681358337,
            "top_2_accuracy": 0.9155319150457991,
            "samples_seens": 184705
        },
        {
            "loss": 0.6979006650092754,
            "task": 1,
            "epoch": 2,
            "categorial_accuracy": 0.8107446807496091,
            "top_2_accuracy": 0.9198936169705493,
            "samples_seens": 188326
        },
        {
            "loss": 0.7567009107610012,
            "task": 2,
            "epoch": 2,
            "categorial_accuracy": 0.8027659574975359,
            "top_2_accuracy": 0.9122340424010095,
            "samples_seens": 191946
        },
        {
            "loss": 0.6931043292106466,
            "task": 3,
            "epoch": 2,
            "categorial_accuracy": 0.8071276596759228,
            "top_2_accuracy": 0.9167021275073924,
            "samples_seens": 195566
        },
        {
            "loss": 0.6631769729675131,
            "task": 4,
            "epoch": 2,
            "categorial_accuracy": 0.811595744680851,
            "top_2_accuracy": 0.9215425530393073,
            "samples_seens": 199188
        },
        {
            "loss": 0.702711186053905,
            "task": 5,
            "epoch": 2,
            "categorial_accuracy": 0.806063829787234,
            "top_2_accuracy": 0.9137234043060465,
            "samples_seens": 202809
        },
        {
            "loss": 0.620676196534583,
            "task": 6,
            "epoch": 2,
            "categorial_accuracy": 0.811968085258565,
            "top_2_accuracy": 0.9229255320670757,
            "samples_seens": 206430
        },
        {
            "loss": 0.6607456641501569,
            "task": 7,
            "epoch": 2,
            "categorial_accuracy": 0.8106914895138841,
            "top_2_accuracy": 0.9205851065351608,
            "samples_seens": 210053
        },
        {
            "loss": 0.6164071239816381,
            "task": 8,
            "epoch": 2,
            "categorial_accuracy": 0.8187765955924988,
            "top_2_accuracy": 0.9240425530393073,
            "samples_seens": 213674
        },
        {
            "loss": 0.626847798367764,
            "task": 9,
            "epoch": 2,
            "categorial_accuracy": 0.817074468186561,
            "top_2_accuracy": 0.9243617019754775,
            "samples_seens": 217302
        },
        {
            "loss": 0.6152935888412151,
            "task": 10,
            "epoch": 2,
            "categorial_accuracy": 0.8207446807496092,
            "top_2_accuracy": 0.923936170364948,
            "samples_seens": 220923
        },
        {
            "loss": 0.6582695070733415,
            "task": 11,
            "epoch": 2,
            "categorial_accuracy": 0.8110106381964176,
            "top_2_accuracy": 0.9209574467577832,
            "samples_seens": 224541
        },
        {
            "loss": 0.5966613590970953,
            "task": 12,
            "epoch": 2,
            "categorial_accuracy": 0.8185638296350519,
            "top_2_accuracy": 0.9255319149950717,
            "samples_seens": 228163
        },
        {
            "loss": 0.5905581760406494,
            "task": 13,
            "epoch": 2,
            "categorial_accuracy": 0.8255319149443444,
            "top_2_accuracy": 0.9277127660589015,
            "samples_seens": 231783
        },
        {
            "loss": 0.5912852210440535,
            "task": 14,
            "epoch": 2,
            "categorial_accuracy": 0.8234574467070559,
            "top_2_accuracy": 0.9271808510131024,
            "samples_seens": 235404
        },
        {
            "loss": 0.571112320676763,
            "task": 15,
            "epoch": 2,
            "categorial_accuracy": 0.8259574469099653,
            "top_2_accuracy": 0.9290957448330331,
            "samples_seens": 239031
        },
        {
            "loss": 0.5579506616135861,
            "task": 16,
            "epoch": 2,
            "categorial_accuracy": 0.8208510639819693,
            "top_2_accuracy": 0.9288297872340425,
            "samples_seens": 242654
        },
        {
            "loss": 0.566879021766338,
            "task": 17,
            "epoch": 2,
            "categorial_accuracy": 0.8237765956939535,
            "top_2_accuracy": 0.9262765955924988,
            "samples_seens": 246275
        },
        {
            "loss": 0.5458291642462954,
            "task": 18,
            "epoch": 2,
            "categorial_accuracy": 0.8302659573960811,
            "top_2_accuracy": 0.9328723403748046,
            "samples_seens": 249894
        },
        {
            "loss": 0.5176742546862745,
            "task": 19,
            "epoch": 2,
            "categorial_accuracy": 0.835531915045799,
            "top_2_accuracy": 0.9373936171734587,
            "samples_seens": 253516
        },
        {
            "loss": 0.5101697657463399,
            "task": 20,
            "epoch": 2,
            "categorial_accuracy": 0.8368085106382979,
            "top_2_accuracy": 0.9371276596759228,
            "samples_seens": 257138
        },
        {
            "loss": 0.5108636010454056,
            "task": 21,
            "epoch": 2,
            "categorial_accuracy": 0.8375531913371796,
            "top_2_accuracy": 0.9382978722389708,
            "samples_seens": 260759
        },
        {
            "loss": 0.5068675147218907,
            "task": 22,
            "epoch": 2,
            "categorial_accuracy": 0.8353191490883523,
            "top_2_accuracy": 0.9387234042045918,
            "samples_seens": 264381
        },
        {
            "loss": 0.5127102263683968,
            "task": 23,
            "epoch": 2,
            "categorial_accuracy": 0.8349999998985452,
            "top_2_accuracy": 0.9381914895138842,
            "samples_seens": 268001
        },
        {
            "loss": 0.5605642999993994,
            "task": 24,
            "epoch": 2,
            "categorial_accuracy": 0.8293085105875705,
            "top_2_accuracy": 0.9348404255319149,
            "samples_seens": 271623
        }
    ],
    "id": 0,
    "name": "id0_t25_dp0.6_dc0.3_df0.1"
}