{
    "task_count": 25,
    "id": 0,
    "name": "id0_t25_dp0.5_dc0.5_df0.0",
    "results": [
        {
            "task": 0,
            "epoch": 0,
            "samples_seens": 3609,
            "loss": 2.508688820980965,
            "top_2_accuracy": 0.48898936160067297,
            "categorial_accuracy": 0.34824468090179117
        },
        {
            "task": 1,
            "epoch": 0,
            "samples_seens": 7219,
            "loss": 2.2964421684183973,
            "top_2_accuracy": 0.5988829786219495,
            "categorial_accuracy": 0.4547340425531915
        },
        {
            "task": 2,
            "epoch": 0,
            "samples_seens": 10829,
            "loss": 2.092021092962711,
            "top_2_accuracy": 0.6436170212765957,
            "categorial_accuracy": 0.49202127662110834
        },
        {
            "task": 3,
            "epoch": 0,
            "samples_seens": 14440,
            "loss": 2.2946227229909693,
            "top_2_accuracy": 0.6654255318641663,
            "categorial_accuracy": 0.514680850962375
        },
        {
            "task": 4,
            "epoch": 0,
            "samples_seens": 18051,
            "loss": 1.9055378071805265,
            "top_2_accuracy": 0.7051595744680851,
            "categorial_accuracy": 0.5579787234042554
        },
        {
            "task": 5,
            "epoch": 0,
            "samples_seens": 21663,
            "loss": 1.8309359713818165,
            "top_2_accuracy": 0.7243617020262049,
            "categorial_accuracy": 0.5868085104861158
        },
        {
            "task": 6,
            "epoch": 0,
            "samples_seens": 25274,
            "loss": 1.6963030924695603,
            "top_2_accuracy": 0.7442021277610292,
            "categorial_accuracy": 0.6046808511652845
        },
        {
            "task": 7,
            "epoch": 0,
            "samples_seens": 28887,
            "loss": 1.5053792183449928,
            "top_2_accuracy": 0.7585638297365067,
            "categorial_accuracy": 0.6190425530900346
        },
        {
            "task": 8,
            "epoch": 0,
            "samples_seens": 32500,
            "loss": 1.4863798694407686,
            "top_2_accuracy": 0.7682978724926076,
            "categorial_accuracy": 0.6240425530393073
        },
        {
            "task": 9,
            "epoch": 0,
            "samples_seens": 36114,
            "loss": 1.437972917049489,
            "top_2_accuracy": 0.7937765958968629,
            "categorial_accuracy": 0.6566489363223948
        },
        {
            "task": 10,
            "epoch": 0,
            "samples_seens": 39729,
            "loss": 1.3126477077159475,
            "top_2_accuracy": 0.8059042552176943,
            "categorial_accuracy": 0.6730851063829787
        },
        {
            "task": 11,
            "epoch": 0,
            "samples_seens": 43345,
            "loss": 1.252358700163821,
            "top_2_accuracy": 0.8147872339918258,
            "categorial_accuracy": 0.6794148936170212
        },
        {
            "task": 12,
            "epoch": 0,
            "samples_seens": 46961,
            "loss": 1.143499890489781,
            "top_2_accuracy": 0.8337765956432261,
            "categorial_accuracy": 0.7040957448330332
        },
        {
            "task": 13,
            "epoch": 0,
            "samples_seens": 50576,
            "loss": 1.088916266826873,
            "top_2_accuracy": 0.8346808509623751,
            "categorial_accuracy": 0.7004787234042553
        },
        {
            "task": 14,
            "epoch": 0,
            "samples_seens": 54193,
            "loss": 0.9921022610461459,
            "top_2_accuracy": 0.8554787235564374,
            "categorial_accuracy": 0.7267021275581198
        },
        {
            "task": 15,
            "epoch": 0,
            "samples_seens": 57813,
            "loss": 0.9642624013981921,
            "top_2_accuracy": 0.8609042552176942,
            "categorial_accuracy": 0.7362765955924988
        },
        {
            "task": 16,
            "epoch": 0,
            "samples_seens": 61431,
            "loss": 0.9365258792613415,
            "top_2_accuracy": 0.8634574467070559,
            "categorial_accuracy": 0.7351063831309055
        },
        {
            "task": 17,
            "epoch": 0,
            "samples_seens": 65048,
            "loss": 0.8395451544700785,
            "top_2_accuracy": 0.8779787233028006,
            "categorial_accuracy": 0.7594148935155666
        },
        {
            "task": 18,
            "epoch": 0,
            "samples_seens": 68666,
            "loss": 0.8173766980272659,
            "top_2_accuracy": 0.8834042552176942,
            "categorial_accuracy": 0.7630851062307966
        },
        {
            "task": 19,
            "epoch": 0,
            "samples_seens": 72281,
            "loss": 0.7605053675935624,
            "top_2_accuracy": 0.8939361702634934,
            "categorial_accuracy": 0.7732978722896982
        },
        {
            "task": 20,
            "epoch": 0,
            "samples_seens": 75900,
            "loss": 0.7438763400341603,
            "top_2_accuracy": 0.8988829787234043,
            "categorial_accuracy": 0.7828191489361702
        },
        {
            "task": 21,
            "epoch": 0,
            "samples_seens": 79520,
            "loss": 0.7014702843097931,
            "top_2_accuracy": 0.9014361703142206,
            "categorial_accuracy": 0.7903723404762593
        },
        {
            "task": 22,
            "epoch": 0,
            "samples_seens": 83140,
            "loss": 0.7538849116893525,
            "top_2_accuracy": 0.8987765956432261,
            "categorial_accuracy": 0.7779787233028006
        },
        {
            "task": 23,
            "epoch": 0,
            "samples_seens": 86761,
            "loss": 0.6704233720454764,
            "top_2_accuracy": 0.9131382979230678,
            "categorial_accuracy": 0.7984574469099653
        },
        {
            "task": 24,
            "epoch": 0,
            "samples_seens": 90390,
            "loss": 0.7497158302144802,
            "top_2_accuracy": 0.9142021277103018,
            "categorial_accuracy": 0.7875000000507274
        },
        {
            "task": 0,
            "epoch": 1,
            "samples_seens": 93999,
            "loss": 0.8300292850047984,
            "top_2_accuracy": 0.8968617019754775,
            "categorial_accuracy": 0.7727659575989906
        },
        {
            "task": 1,
            "epoch": 1,
            "samples_seens": 97609,
            "loss": 0.8796785512376338,
            "top_2_accuracy": 0.8947872339410985,
            "categorial_accuracy": 0.7727127659067194
        },
        {
            "task": 2,
            "epoch": 1,
            "samples_seens": 101219,
            "loss": 0.9378955939475526,
            "top_2_accuracy": 0.8879787233028006,
            "categorial_accuracy": 0.7681914892095201
        },
        {
            "task": 3,
            "epoch": 1,
            "samples_seens": 104830,
            "loss": 0.8874725110987399,
            "top_2_accuracy": 0.8907978723404255,
            "categorial_accuracy": 0.7718617019754775
        },
        {
            "task": 4,
            "epoch": 1,
            "samples_seens": 108441,
            "loss": 0.9089050523270952,
            "top_2_accuracy": 0.892127659422286,
            "categorial_accuracy": 0.7704255318641663
        },
        {
            "task": 5,
            "epoch": 1,
            "samples_seens": 112053,
            "loss": 0.95388029631148,
            "top_2_accuracy": 0.8864893618035824,
            "categorial_accuracy": 0.7663297873354973
        },
        {
            "task": 6,
            "epoch": 1,
            "samples_seens": 115664,
            "loss": 0.9300913931968364,
            "top_2_accuracy": 0.8859574468592379,
            "categorial_accuracy": 0.7660106381456903
        },
        {
            "task": 7,
            "epoch": 1,
            "samples_seens": 119277,
            "loss": 0.8597574446049142,
            "top_2_accuracy": 0.894680850962375,
            "categorial_accuracy": 0.7768617021783869
        },
        {
            "task": 8,
            "epoch": 1,
            "samples_seens": 122890,
            "loss": 0.7998315051768689,
            "top_2_accuracy": 0.898563829787234,
            "categorial_accuracy": 0.7779787235564374
        },
        {
            "task": 9,
            "epoch": 1,
            "samples_seens": 126504,
            "loss": 0.7757679683096865,
            "top_2_accuracy": 0.8978723403240771,
            "categorial_accuracy": 0.7805851064844335
        },
        {
            "task": 10,
            "epoch": 1,
            "samples_seens": 130119,
            "loss": 0.7899887446646995,
            "top_2_accuracy": 0.9014893618035824,
            "categorial_accuracy": 0.7882978721882434
        },
        {
            "task": 11,
            "epoch": 1,
            "samples_seens": 133735,
            "loss": 0.7876804711463603,
            "top_2_accuracy": 0.9017553189967541,
            "categorial_accuracy": 0.7894148937692034
        },
        {
            "task": 12,
            "epoch": 1,
            "samples_seens": 137351,
            "loss": 0.7630306224112815,
            "top_2_accuracy": 0.9048404255319149,
            "categorial_accuracy": 0.793404255471331
        },
        {
            "task": 13,
            "epoch": 1,
            "samples_seens": 140966,
            "loss": 0.7736683775008993,
            "top_2_accuracy": 0.8990957445793963,
            "categorial_accuracy": 0.7810106383485997
        },
        {
            "task": 14,
            "epoch": 1,
            "samples_seens": 144583,
            "loss": 0.691902181899294,
            "top_2_accuracy": 0.9074999998478179,
            "categorial_accuracy": 0.7962234042553191
        },
        {
            "task": 15,
            "epoch": 1,
            "samples_seens": 148203,
            "loss": 0.6894231007454243,
            "top_2_accuracy": 0.9096808509116477,
            "categorial_accuracy": 0.7980319148428897
        },
        {
            "task": 16,
            "epoch": 1,
            "samples_seens": 151821,
            "loss": 0.6668742603951312,
            "top_2_accuracy": 0.9108510639819694,
            "categorial_accuracy": 0.8013297872340426
        },
        {
            "task": 17,
            "epoch": 1,
            "samples_seens": 155438,
            "loss": 0.6194497472174624,
            "top_2_accuracy": 0.917127659422286,
            "categorial_accuracy": 0.8118617020262049
        },
        {
            "task": 18,
            "epoch": 1,
            "samples_seens": 159056,
            "loss": 0.6295249750512711,
            "top_2_accuracy": 0.914042553140762,
            "categorial_accuracy": 0.803723404103137
        },
        {
            "task": 19,
            "epoch": 1,
            "samples_seens": 162671,
            "loss": 0.6048892094987504,
            "top_2_accuracy": 0.9209042554206036,
            "categorial_accuracy": 0.8110106383485997
        },
        {
            "task": 20,
            "epoch": 1,
            "samples_seens": 166290,
            "loss": 0.5882632465058185,
            "top_2_accuracy": 0.9245744680851063,
            "categorial_accuracy": 0.8201063828772687
        },
        {
            "task": 21,
            "epoch": 1,
            "samples_seens": 169910,
            "loss": 0.5665510179641399,
            "top_2_accuracy": 0.9276595746202672,
            "categorial_accuracy": 0.8237234043060465
        },
        {
            "task": 22,
            "epoch": 1,
            "samples_seens": 173530,
            "loss": 0.5713403132621279,
            "top_2_accuracy": 0.9303191487839881,
            "categorial_accuracy": 0.8240425530900346
        },
        {
            "task": 23,
            "epoch": 1,
            "samples_seens": 177151,
            "loss": 0.5655763846255363,
            "top_2_accuracy": 0.9299999998478179,
            "categorial_accuracy": 0.8219680850556557
        },
        {
            "task": 24,
            "epoch": 1,
            "samples_seens": 180780,
            "loss": 0.5804727895716404,
            "top_2_accuracy": 0.9346808512160119,
            "categorial_accuracy": 0.8228723405269867
        },
        {
            "task": 0,
            "epoch": 2,
            "samples_seens": 184389,
            "loss": 0.7769913206201918,
            "top_2_accuracy": 0.9104255319656209,
            "categorial_accuracy": 0.8008510637790599
        },
        {
            "task": 1,
            "epoch": 2,
            "samples_seens": 187999,
            "loss": 0.8996318734453079,
            "top_2_accuracy": 0.9016489360180306,
            "categorial_accuracy": 0.7889893616006729
        },
        {
            "task": 2,
            "epoch": 2,
            "samples_seens": 191609,
            "loss": 0.7744176256910283,
            "top_2_accuracy": 0.9109042551669668,
            "categorial_accuracy": 0.8003723403748045
        },
        {
            "task": 3,
            "epoch": 2,
            "samples_seens": 195220,
            "loss": 0.7659620481349052,
            "top_2_accuracy": 0.9146276595744681,
            "categorial_accuracy": 0.8029255318641663
        },
        {
            "task": 4,
            "epoch": 2,
            "samples_seens": 198831,
            "loss": 0.7954380737974288,
            "top_2_accuracy": 0.9080851064337061,
            "categorial_accuracy": 0.7964893618543097
        },
        {
            "task": 5,
            "epoch": 2,
            "samples_seens": 202443,
            "loss": 0.7599052655950506,
            "top_2_accuracy": 0.912127659422286,
            "categorial_accuracy": 0.8036170214287778
        },
        {
            "task": 6,
            "epoch": 2,
            "samples_seens": 206054,
            "loss": 0.8120362323395749,
            "top_2_accuracy": 0.9053723402733499,
            "categorial_accuracy": 0.7947340424010094
        },
        {
            "task": 7,
            "epoch": 2,
            "samples_seens": 209667,
            "loss": 0.7442754307706305,
            "top_2_accuracy": 0.9138297872340425,
            "categorial_accuracy": 0.8065425532422167
        },
        {
            "task": 8,
            "epoch": 2,
            "samples_seens": 213280,
            "loss": 0.7045127194485766,
            "top_2_accuracy": 0.9145744681358338,
            "categorial_accuracy": 0.8097340425024642
        },
        {
            "task": 9,
            "epoch": 2,
            "samples_seens": 216894,
            "loss": 0.6920694662662262,
            "top_2_accuracy": 0.9158510639819694,
            "categorial_accuracy": 0.8084574469606927
        },
        {
            "task": 10,
            "epoch": 2,
            "samples_seens": 220509,
            "loss": 0.7692237936182225,
            "top_2_accuracy": 0.9100531914893617,
            "categorial_accuracy": 0.8025000000507273
        },
        {
            "task": 11,
            "epoch": 2,
            "samples_seens": 224125,
            "loss": 0.7397958493232727,
            "top_2_accuracy": 0.9138829787741316,
            "categorial_accuracy": 0.8081914895138842
        },
        {
            "task": 12,
            "epoch": 2,
            "samples_seens": 227741,
            "loss": 0.6795921015232167,
            "top_2_accuracy": 0.9161702126137754,
            "categorial_accuracy": 0.8074468084091836
        },
        {
            "task": 13,
            "epoch": 2,
            "samples_seens": 231356,
            "loss": 0.6555675797259554,
            "top_2_accuracy": 0.920372340577714,
            "categorial_accuracy": 0.8147340425024642
        },
        {
            "task": 14,
            "epoch": 2,
            "samples_seens": 234973,
            "loss": 0.6318088924377523,
            "top_2_accuracy": 0.9195212767479267,
            "categorial_accuracy": 0.8144680852585651
        },
        {
            "task": 15,
            "epoch": 2,
            "samples_seens": 238593,
            "loss": 0.6115777459550411,
            "top_2_accuracy": 0.9245212766971994,
            "categorial_accuracy": 0.8198404255319149
        },
        {
            "task": 16,
            "epoch": 2,
            "samples_seens": 242211,
            "loss": 0.6076179643641126,
            "top_2_accuracy": 0.924468085258565,
            "categorial_accuracy": 0.8203723405269866
        },
        {
            "task": 17,
            "epoch": 2,
            "samples_seens": 245828,
            "loss": 0.570156666395512,
            "top_2_accuracy": 0.9259574469606927,
            "categorial_accuracy": 0.8235106381964177
        },
        {
            "task": 18,
            "epoch": 2,
            "samples_seens": 249446,
            "loss": 0.572800061094,
            "top_2_accuracy": 0.9252127660081741,
            "categorial_accuracy": 0.8155851063322513
        },
        {
            "task": 19,
            "epoch": 2,
            "samples_seens": 253061,
            "loss": 0.5412422569254611,
            "top_2_accuracy": 0.9313297873862246,
            "categorial_accuracy": 0.8292021277103018
        },
        {
            "task": 20,
            "epoch": 2,
            "samples_seens": 256680,
            "loss": 0.5326631272600052,
            "top_2_accuracy": 0.9340425531914893,
            "categorial_accuracy": 0.8315957445793963
        },
        {
            "task": 21,
            "epoch": 2,
            "samples_seens": 260300,
            "loss": 0.5179313881853793,
            "top_2_accuracy": 0.935904255471331,
            "categorial_accuracy": 0.8361702128166848
        },
        {
            "task": 22,
            "epoch": 2,
            "samples_seens": 263920,
            "loss": 0.5125842411213732,
            "top_2_accuracy": 0.9376595746202672,
            "categorial_accuracy": 0.836489361752855
        },
        {
            "task": 23,
            "epoch": 2,
            "samples_seens": 267541,
            "loss": 0.5388741359051238,
            "top_2_accuracy": 0.9352127659067194,
            "categorial_accuracy": 0.8287765958968629
        },
        {
            "task": 24,
            "epoch": 2,
            "samples_seens": 271170,
            "loss": 0.5309370093650007,
            "top_2_accuracy": 0.9394148937692034,
            "categorial_accuracy": 0.8312765957954082
        }
    ]
}