{
    "name": "id0_t10_dp0.5_dc0.0_df0.5",
    "task_count": 10,
    "id": 0,
    "results": [
        {
            "samples_seens": 9029,
            "top_2_accuracy": 0.6923404254304601,
            "task": 0,
            "categorial_accuracy": 0.5427659574468086,
            "loss": 1.7152532770278606,
            "epoch": 0
        },
        {
            "samples_seens": 18056,
            "top_2_accuracy": 0.7893085107904799,
            "task": 1,
            "categorial_accuracy": 0.6489893616514003,
            "loss": 1.2478942589049644,
            "epoch": 0
        },
        {
            "samples_seens": 27083,
            "top_2_accuracy": 0.8301063831309055,
            "task": 2,
            "categorial_accuracy": 0.6972872339410985,
            "loss": 1.058180759308186,
            "epoch": 0
        },
        {
            "samples_seens": 36109,
            "top_2_accuracy": 0.8657978723404255,
            "task": 3,
            "categorial_accuracy": 0.7410638297872341,
            "loss": 0.8914289024535645,
            "epoch": 0
        },
        {
            "samples_seens": 45137,
            "top_2_accuracy": 0.887872340577714,
            "task": 4,
            "categorial_accuracy": 0.7677659573453538,
            "loss": 0.7894843219696207,
            "epoch": 0
        },
        {
            "samples_seens": 54165,
            "top_2_accuracy": 0.8957978722896982,
            "task": 5,
            "categorial_accuracy": 0.7654787233028006,
            "loss": 0.784383039017941,
            "epoch": 0
        },
        {
            "samples_seens": 63191,
            "top_2_accuracy": 0.9052127660081741,
            "task": 6,
            "categorial_accuracy": 0.7928191488347155,
            "loss": 0.6804103265417383,
            "epoch": 0
        },
        {
            "samples_seens": 72218,
            "top_2_accuracy": 0.9178723402733499,
            "task": 7,
            "categorial_accuracy": 0.7998404254811875,
            "loss": 0.6493664907394572,
            "epoch": 0
        },
        {
            "samples_seens": 81245,
            "top_2_accuracy": 0.9238297872340425,
            "task": 8,
            "categorial_accuracy": 0.8085638299394161,
            "loss": 0.6257996105133219,
            "epoch": 0
        },
        {
            "samples_seens": 90274,
            "top_2_accuracy": 0.9272340426039188,
            "task": 9,
            "categorial_accuracy": 0.816542553140762,
            "loss": 0.600258008672836,
            "epoch": 0
        },
        {
            "samples_seens": 99303,
            "top_2_accuracy": 0.9239893616514003,
            "task": 0,
            "categorial_accuracy": 0.8111702128674122,
            "loss": 0.6073101960851791,
            "epoch": 1
        },
        {
            "samples_seens": 108330,
            "top_2_accuracy": 0.9265425533436714,
            "task": 1,
            "categorial_accuracy": 0.8189361701620386,
            "loss": 0.5685886796230966,
            "epoch": 1
        },
        {
            "samples_seens": 117357,
            "top_2_accuracy": 0.9284574467577833,
            "task": 2,
            "categorial_accuracy": 0.8180851063829787,
            "loss": 0.5804296723578839,
            "epoch": 1
        },
        {
            "samples_seens": 126383,
            "top_2_accuracy": 0.9270212766971994,
            "task": 3,
            "categorial_accuracy": 0.8164893618543098,
            "loss": 0.5711475573702062,
            "epoch": 1
        },
        {
            "samples_seens": 135411,
            "top_2_accuracy": 0.9341489362716675,
            "task": 4,
            "categorial_accuracy": 0.8280319149443444,
            "loss": 0.5326714529889696,
            "epoch": 1
        },
        {
            "samples_seens": 144439,
            "top_2_accuracy": 0.9336702127152301,
            "task": 5,
            "categorial_accuracy": 0.8294148936677487,
            "loss": 0.5336040007053537,
            "epoch": 1
        },
        {
            "samples_seens": 153465,
            "top_2_accuracy": 0.9304787235564373,
            "task": 6,
            "categorial_accuracy": 0.8240425531914893,
            "loss": 0.5438654544759304,
            "epoch": 1
        },
        {
            "samples_seens": 162492,
            "top_2_accuracy": 0.938510638247145,
            "task": 7,
            "categorial_accuracy": 0.8345212765957447,
            "loss": 0.5045133271369528,
            "epoch": 1
        },
        {
            "samples_seens": 171519,
            "top_2_accuracy": 0.942074468186561,
            "task": 8,
            "categorial_accuracy": 0.8411170211244137,
            "loss": 0.4856195681399487,
            "epoch": 1
        },
        {
            "samples_seens": 180548,
            "top_2_accuracy": 0.9400531916415438,
            "task": 9,
            "categorial_accuracy": 0.8337765958461356,
            "loss": 0.5096804163811055,
            "epoch": 1
        },
        {
            "samples_seens": 189577,
            "top_2_accuracy": 0.939414893718476,
            "task": 0,
            "categorial_accuracy": 0.8369680850049283,
            "loss": 0.5232780085725988,
            "epoch": 2
        },
        {
            "samples_seens": 198604,
            "top_2_accuracy": 0.9398404256333696,
            "task": 1,
            "categorial_accuracy": 0.839627659574468,
            "loss": 0.5121518636003454,
            "epoch": 2
        },
        {
            "samples_seens": 207631,
            "top_2_accuracy": 0.9376595745695399,
            "task": 2,
            "categorial_accuracy": 0.8334574467070559,
            "loss": 0.5321398788817385,
            "epoch": 2
        },
        {
            "samples_seens": 216657,
            "top_2_accuracy": 0.9403723405269866,
            "task": 3,
            "categorial_accuracy": 0.8354787234042553,
            "loss": 0.5096761590876477,
            "epoch": 2
        },
        {
            "samples_seens": 225685,
            "top_2_accuracy": 0.9425000001014547,
            "task": 4,
            "categorial_accuracy": 0.8425000000507273,
            "loss": 0.4901746721216973,
            "epoch": 2
        },
        {
            "samples_seens": 234713,
            "top_2_accuracy": 0.9456914894631568,
            "task": 5,
            "categorial_accuracy": 0.8465957446301237,
            "loss": 0.47106652292799445,
            "epoch": 2
        },
        {
            "samples_seens": 243739,
            "top_2_accuracy": 0.9460106381964176,
            "task": 6,
            "categorial_accuracy": 0.8477127659574468,
            "loss": 0.4619395162704143,
            "epoch": 2
        },
        {
            "samples_seens": 252766,
            "top_2_accuracy": 0.9474468086628204,
            "task": 7,
            "categorial_accuracy": 0.8457978721882434,
            "loss": 0.46545687213857123,
            "epoch": 2
        },
        {
            "samples_seens": 261793,
            "top_2_accuracy": 0.9455319150457991,
            "task": 8,
            "categorial_accuracy": 0.8443085106890252,
            "loss": 0.4746600457708886,
            "epoch": 2
        },
        {
            "samples_seens": 270822,
            "top_2_accuracy": 0.944840425684097,
            "task": 9,
            "categorial_accuracy": 0.8403723405269866,
            "loss": 0.47933687083264614,
            "epoch": 2
        }
    ]
}