{
    "name": "id0_t10_dp0.0_dc1.0_df0.0",
    "task_count": 10,
    "id": 0,
    "results": [
        {
            "samples_seens": 9023,
            "top_2_accuracy": 0.6506382978723404,
            "task": 0,
            "categorial_accuracy": 0.507127659498377,
            "loss": 2.266580236313191,
            "epoch": 0
        },
        {
            "samples_seens": 18046,
            "top_2_accuracy": 0.7270744680851063,
            "task": 1,
            "categorial_accuracy": 0.5832446810032459,
            "loss": 1.8099121832340321,
            "epoch": 0
        },
        {
            "samples_seens": 27069,
            "top_2_accuracy": 0.7806382977201584,
            "task": 2,
            "categorial_accuracy": 0.6444680852078377,
            "loss": 1.495035138840371,
            "epoch": 0
        },
        {
            "samples_seens": 36092,
            "top_2_accuracy": 0.8163297873354972,
            "task": 3,
            "categorial_accuracy": 0.6832978723911529,
            "loss": 1.2572558069229125,
            "epoch": 0
        },
        {
            "samples_seens": 45115,
            "top_2_accuracy": 0.8433510638297872,
            "task": 4,
            "categorial_accuracy": 0.7189893617021277,
            "loss": 1.0737827342621824,
            "epoch": 0
        },
        {
            "samples_seens": 54138,
            "top_2_accuracy": 0.8625000001521821,
            "task": 5,
            "categorial_accuracy": 0.740425531965621,
            "loss": 0.952910490644739,
            "epoch": 0
        },
        {
            "samples_seens": 63161,
            "top_2_accuracy": 0.8841489360687581,
            "task": 6,
            "categorial_accuracy": 0.7688297871325879,
            "loss": 0.8175444088083632,
            "epoch": 0
        },
        {
            "samples_seens": 72184,
            "top_2_accuracy": 0.8972340424010095,
            "task": 7,
            "categorial_accuracy": 0.7814361702634933,
            "loss": 0.7517441201717295,
            "epoch": 0
        },
        {
            "samples_seens": 81207,
            "top_2_accuracy": 0.9086170211244137,
            "task": 8,
            "categorial_accuracy": 0.7811170213273231,
            "loss": 0.7437164844857885,
            "epoch": 0
        },
        {
            "samples_seens": 90230,
            "top_2_accuracy": 0.8683510636776052,
            "task": 9,
            "categorial_accuracy": 0.7075,
            "loss": 1.0365864752708598,
            "epoch": 0
        },
        {
            "samples_seens": 99253,
            "top_2_accuracy": 0.8932446806988817,
            "task": 0,
            "categorial_accuracy": 0.7757978722896982,
            "loss": 0.8916241404858042,
            "epoch": 1
        },
        {
            "samples_seens": 108276,
            "top_2_accuracy": 0.8981914892095201,
            "task": 1,
            "categorial_accuracy": 0.778457446707056,
            "loss": 0.8696885302218985,
            "epoch": 1
        },
        {
            "samples_seens": 117299,
            "top_2_accuracy": 0.8964893618035824,
            "task": 2,
            "categorial_accuracy": 0.778936170212766,
            "loss": 0.858107983710918,
            "epoch": 1
        },
        {
            "samples_seens": 126322,
            "top_2_accuracy": 0.9020744679836517,
            "task": 3,
            "categorial_accuracy": 0.7881382978723405,
            "loss": 0.7683587940195773,
            "epoch": 1
        },
        {
            "samples_seens": 135345,
            "top_2_accuracy": 0.9100000001521821,
            "task": 4,
            "categorial_accuracy": 0.7990425531914893,
            "loss": 0.7261616568362459,
            "epoch": 1
        },
        {
            "samples_seens": 144368,
            "top_2_accuracy": 0.9161702127152301,
            "task": 5,
            "categorial_accuracy": 0.8026063831309055,
            "loss": 0.6708882867529037,
            "epoch": 1
        },
        {
            "samples_seens": 153391,
            "top_2_accuracy": 0.915478723353528,
            "task": 6,
            "categorial_accuracy": 0.8073936171227313,
            "loss": 0.660918397852715,
            "epoch": 1
        },
        {
            "samples_seens": 162414,
            "top_2_accuracy": 0.9253191490376249,
            "task": 7,
            "categorial_accuracy": 0.8128723405269866,
            "loss": 0.5966735707445348,
            "epoch": 1
        },
        {
            "samples_seens": 171437,
            "top_2_accuracy": 0.9253191489868976,
            "task": 8,
            "categorial_accuracy": 0.8031382977201583,
            "loss": 0.6323550685415876,
            "epoch": 1
        },
        {
            "samples_seens": 180460,
            "top_2_accuracy": 0.8930319149950717,
            "task": 9,
            "categorial_accuracy": 0.7436170214287778,
            "loss": 0.8884997775199566,
            "epoch": 1
        },
        {
            "samples_seens": 189483,
            "top_2_accuracy": 0.9076595745188125,
            "task": 0,
            "categorial_accuracy": 0.7963829787234042,
            "loss": 0.8224364989869138,
            "epoch": 2
        },
        {
            "samples_seens": 198506,
            "top_2_accuracy": 0.9079787232520733,
            "task": 1,
            "categorial_accuracy": 0.7945744681358338,
            "loss": 0.8296066545425578,
            "epoch": 2
        },
        {
            "samples_seens": 207529,
            "top_2_accuracy": 0.908936170212766,
            "task": 2,
            "categorial_accuracy": 0.7985106381456902,
            "loss": 0.8179946963330532,
            "epoch": 2
        },
        {
            "samples_seens": 216552,
            "top_2_accuracy": 0.9134042551669669,
            "task": 3,
            "categorial_accuracy": 0.8056914895138843,
            "loss": 0.7173086688873616,
            "epoch": 2
        },
        {
            "samples_seens": 225575,
            "top_2_accuracy": 0.914468085106383,
            "task": 4,
            "categorial_accuracy": 0.8042021276088471,
            "loss": 0.7145743389839821,
            "epoch": 2
        },
        {
            "samples_seens": 234598,
            "top_2_accuracy": 0.926010638247145,
            "task": 5,
            "categorial_accuracy": 0.8226595745188124,
            "loss": 0.5976228579308124,
            "epoch": 2
        },
        {
            "samples_seens": 243621,
            "top_2_accuracy": 0.927712765855992,
            "task": 6,
            "categorial_accuracy": 0.8290425531914893,
            "loss": 0.5778086083239697,
            "epoch": 2
        },
        {
            "samples_seens": 252644,
            "top_2_accuracy": 0.9293085105875705,
            "task": 7,
            "categorial_accuracy": 0.8211170213273231,
            "loss": 0.5710687769473867,
            "epoch": 2
        },
        {
            "samples_seens": 261667,
            "top_2_accuracy": 0.9332978724926076,
            "task": 8,
            "categorial_accuracy": 0.8197872340932806,
            "loss": 0.5860378615653261,
            "epoch": 2
        },
        {
            "samples_seens": 270690,
            "top_2_accuracy": 0.9125531915400891,
            "task": 9,
            "categorial_accuracy": 0.7806914894124295,
            "loss": 0.7464665920683679,
            "epoch": 2
        }
    ]
}