{
    "name": "id0_t10_dp0.1_dc0.8_df0.1",
    "task_count": 10,
    "id": 0,
    "results": [
        {
            "samples_seens": 9030,
            "top_2_accuracy": 0.6617553192503909,
            "task": 0,
            "categorial_accuracy": 0.516542553140762,
            "loss": 1.9936528636039572,
            "epoch": 0
        },
        {
            "samples_seens": 18060,
            "top_2_accuracy": 0.7343617020262049,
            "task": 1,
            "categorial_accuracy": 0.5878191489361703,
            "loss": 1.6719808338043538,
            "epoch": 0
        },
        {
            "samples_seens": 27088,
            "top_2_accuracy": 0.7908510637283325,
            "task": 2,
            "categorial_accuracy": 0.653244681003246,
            "loss": 1.3578535900724695,
            "epoch": 0
        },
        {
            "samples_seens": 36114,
            "top_2_accuracy": 0.8242553189967541,
            "task": 3,
            "categorial_accuracy": 0.693510638247145,
            "loss": 1.1760265811960748,
            "epoch": 0
        },
        {
            "samples_seens": 45142,
            "top_2_accuracy": 0.8468085105875706,
            "task": 4,
            "categorial_accuracy": 0.7172872339918258,
            "loss": 1.0208128210838805,
            "epoch": 0
        },
        {
            "samples_seens": 54170,
            "top_2_accuracy": 0.8727127658052647,
            "task": 5,
            "categorial_accuracy": 0.7503191489361702,
            "loss": 0.8785329731981805,
            "epoch": 0
        },
        {
            "samples_seens": 63196,
            "top_2_accuracy": 0.8909042552684215,
            "task": 6,
            "categorial_accuracy": 0.7692553192503909,
            "loss": 0.770713886403023,
            "epoch": 0
        },
        {
            "samples_seens": 72224,
            "top_2_accuracy": 0.9021808509623751,
            "task": 7,
            "categorial_accuracy": 0.7803723403748045,
            "loss": 0.7386237711602069,
            "epoch": 0
        },
        {
            "samples_seens": 81254,
            "top_2_accuracy": 0.9119148936677486,
            "task": 8,
            "categorial_accuracy": 0.7893617020262048,
            "loss": 0.7211599373817443,
            "epoch": 0
        },
        {
            "samples_seens": 90284,
            "top_2_accuracy": 0.8955319149950718,
            "task": 9,
            "categorial_accuracy": 0.7514893618543097,
            "loss": 0.8622720239517536,
            "epoch": 0
        },
        {
            "samples_seens": 99314,
            "top_2_accuracy": 0.8861702128166848,
            "task": 0,
            "categorial_accuracy": 0.7649468083584562,
            "loss": 0.9104773094298991,
            "epoch": 1
        },
        {
            "samples_seens": 108344,
            "top_2_accuracy": 0.903457446859238,
            "task": 1,
            "categorial_accuracy": 0.7831382977201583,
            "loss": 0.7611015858041479,
            "epoch": 1
        },
        {
            "samples_seens": 117372,
            "top_2_accuracy": 0.9035638296857793,
            "task": 2,
            "categorial_accuracy": 0.7891489360180307,
            "loss": 0.7827595331313763,
            "epoch": 1
        },
        {
            "samples_seens": 126398,
            "top_2_accuracy": 0.9111170213273231,
            "task": 3,
            "categorial_accuracy": 0.8004787234549827,
            "loss": 0.6740282725273294,
            "epoch": 1
        },
        {
            "samples_seens": 135426,
            "top_2_accuracy": 0.914840425684097,
            "task": 4,
            "categorial_accuracy": 0.8021808511145572,
            "loss": 0.6473774917582248,
            "epoch": 1
        },
        {
            "samples_seens": 144454,
            "top_2_accuracy": 0.9197340427053735,
            "task": 5,
            "categorial_accuracy": 0.8088297872340425,
            "loss": 0.6055183193024168,
            "epoch": 1
        },
        {
            "samples_seens": 153480,
            "top_2_accuracy": 0.9253723403748045,
            "task": 6,
            "categorial_accuracy": 0.8187234043567738,
            "loss": 0.5753536338755425,
            "epoch": 1
        },
        {
            "samples_seens": 162508,
            "top_2_accuracy": 0.9297872341947353,
            "task": 7,
            "categorial_accuracy": 0.8249468085613657,
            "loss": 0.5504639747802247,
            "epoch": 1
        },
        {
            "samples_seens": 171538,
            "top_2_accuracy": 0.9277127659574468,
            "task": 8,
            "categorial_accuracy": 0.8198404253797328,
            "loss": 0.5700329081048356,
            "epoch": 1
        },
        {
            "samples_seens": 180568,
            "top_2_accuracy": 0.9192021275073924,
            "task": 9,
            "categorial_accuracy": 0.7936702128674121,
            "loss": 0.7070224024387116,
            "epoch": 1
        },
        {
            "samples_seens": 189598,
            "top_2_accuracy": 0.9219148934648392,
            "task": 0,
            "categorial_accuracy": 0.8134574467070559,
            "loss": 0.6642906262773148,
            "epoch": 2
        },
        {
            "samples_seens": 198628,
            "top_2_accuracy": 0.9225531914893617,
            "task": 1,
            "categorial_accuracy": 0.8114361703142207,
            "loss": 0.6505707169340011,
            "epoch": 2
        },
        {
            "samples_seens": 207656,
            "top_2_accuracy": 0.9209574468085107,
            "task": 2,
            "categorial_accuracy": 0.8122872341440079,
            "loss": 0.6688959829858009,
            "epoch": 2
        },
        {
            "samples_seens": 216682,
            "top_2_accuracy": 0.9220212767479268,
            "task": 3,
            "categorial_accuracy": 0.8173404255826423,
            "loss": 0.6415670587661418,
            "epoch": 2
        },
        {
            "samples_seens": 225710,
            "top_2_accuracy": 0.9225531916415438,
            "task": 4,
            "categorial_accuracy": 0.8187234042553192,
            "loss": 0.6076679397897518,
            "epoch": 2
        },
        {
            "samples_seens": 234738,
            "top_2_accuracy": 0.9311170212258684,
            "task": 5,
            "categorial_accuracy": 0.8332978721882435,
            "loss": 0.5442653435595493,
            "epoch": 2
        },
        {
            "samples_seens": 243764,
            "top_2_accuracy": 0.936382978672677,
            "task": 6,
            "categorial_accuracy": 0.8345212765957447,
            "loss": 0.5163719796627125,
            "epoch": 2
        },
        {
            "samples_seens": 252792,
            "top_2_accuracy": 0.9369148936677486,
            "task": 7,
            "categorial_accuracy": 0.8357446808510638,
            "loss": 0.5029037690416296,
            "epoch": 2
        },
        {
            "samples_seens": 261822,
            "top_2_accuracy": 0.9344148935662939,
            "task": 8,
            "categorial_accuracy": 0.828457446859238,
            "loss": 0.5275974068235844,
            "epoch": 2
        },
        {
            "samples_seens": 270852,
            "top_2_accuracy": 0.9272340427053736,
            "task": 9,
            "categorial_accuracy": 0.8069680851571104,
            "loss": 0.6278601231473557,
            "epoch": 2
        }
    ]
}