{
    "name": "id0_t10_dp0.2_dc0.7_df0.1",
    "task_count": 10,
    "id": 0,
    "results": [
        {
            "samples_seens": 9030,
            "top_2_accuracy": 0.6545212766464721,
            "task": 0,
            "categorial_accuracy": 0.517127659422286,
            "loss": 1.9206632122080376,
            "epoch": 0
        },
        {
            "samples_seens": 18060,
            "top_2_accuracy": 0.7326063829279961,
            "task": 1,
            "categorial_accuracy": 0.5875531915400891,
            "loss": 1.6098859922936621,
            "epoch": 0
        },
        {
            "samples_seens": 27089,
            "top_2_accuracy": 0.7856382979737951,
            "task": 2,
            "categorial_accuracy": 0.6509042552176942,
            "loss": 1.3585897715548252,
            "epoch": 0
        },
        {
            "samples_seens": 36115,
            "top_2_accuracy": 0.824946808459911,
            "task": 3,
            "categorial_accuracy": 0.6948404254304602,
            "loss": 1.1277109291198406,
            "epoch": 0
        },
        {
            "samples_seens": 45143,
            "top_2_accuracy": 0.8503723404762593,
            "task": 4,
            "categorial_accuracy": 0.7178191490883523,
            "loss": 1.0235829816473292,
            "epoch": 0
        },
        {
            "samples_seens": 54171,
            "top_2_accuracy": 0.8746808512160119,
            "task": 5,
            "categorial_accuracy": 0.7514893618543097,
            "loss": 0.8619831908510086,
            "epoch": 0
        },
        {
            "samples_seens": 63198,
            "top_2_accuracy": 0.8886170213273231,
            "task": 6,
            "categorial_accuracy": 0.7702127660589015,
            "loss": 0.7681993582908143,
            "epoch": 0
        },
        {
            "samples_seens": 72226,
            "top_2_accuracy": 0.9050531913371797,
            "task": 7,
            "categorial_accuracy": 0.7895744680851063,
            "loss": 0.6887260565859206,
            "epoch": 0
        },
        {
            "samples_seens": 81255,
            "top_2_accuracy": 0.9147340426039189,
            "task": 8,
            "categorial_accuracy": 0.7938297872847699,
            "loss": 0.6891181571940158,
            "epoch": 0
        },
        {
            "samples_seens": 90283,
            "top_2_accuracy": 0.9140957446808511,
            "task": 9,
            "categorial_accuracy": 0.7757978721882435,
            "loss": 0.7843372106552124,
            "epoch": 0
        },
        {
            "samples_seens": 99313,
            "top_2_accuracy": 0.9123936170212766,
            "task": 0,
            "categorial_accuracy": 0.7989893618035824,
            "loss": 0.6957517227213433,
            "epoch": 1
        },
        {
            "samples_seens": 108343,
            "top_2_accuracy": 0.9035106383485997,
            "task": 1,
            "categorial_accuracy": 0.7870212765957447,
            "loss": 0.7699188448520417,
            "epoch": 1
        },
        {
            "samples_seens": 117372,
            "top_2_accuracy": 0.9105319150457991,
            "task": 2,
            "categorial_accuracy": 0.7971276596251955,
            "loss": 0.7129477810352407,
            "epoch": 1
        },
        {
            "samples_seens": 126398,
            "top_2_accuracy": 0.9118085104861158,
            "task": 3,
            "categorial_accuracy": 0.8003723405269866,
            "loss": 0.6794830522131413,
            "epoch": 1
        },
        {
            "samples_seens": 135426,
            "top_2_accuracy": 0.915053191540089,
            "task": 4,
            "categorial_accuracy": 0.8010106382978723,
            "loss": 0.660787432599575,
            "epoch": 1
        },
        {
            "samples_seens": 144454,
            "top_2_accuracy": 0.9245212766971994,
            "task": 5,
            "categorial_accuracy": 0.8142553189967541,
            "loss": 0.612308584958949,
            "epoch": 1
        },
        {
            "samples_seens": 153481,
            "top_2_accuracy": 0.9288297871833152,
            "task": 6,
            "categorial_accuracy": 0.8221276594730134,
            "loss": 0.5653112467045479,
            "epoch": 1
        },
        {
            "samples_seens": 162509,
            "top_2_accuracy": 0.9316489361194854,
            "task": 7,
            "categorial_accuracy": 0.8259042554713311,
            "loss": 0.5450053102158485,
            "epoch": 1
        },
        {
            "samples_seens": 171538,
            "top_2_accuracy": 0.9309042552684216,
            "task": 8,
            "categorial_accuracy": 0.8248936169198219,
            "loss": 0.5473351326140952,
            "epoch": 1
        },
        {
            "samples_seens": 180566,
            "top_2_accuracy": 0.9303191490883523,
            "task": 9,
            "categorial_accuracy": 0.8121808511145572,
            "loss": 0.6165672628423001,
            "epoch": 1
        },
        {
            "samples_seens": 189596,
            "top_2_accuracy": 0.9278191487839882,
            "task": 0,
            "categorial_accuracy": 0.82202127649429,
            "loss": 0.6085882613760359,
            "epoch": 2
        },
        {
            "samples_seens": 198626,
            "top_2_accuracy": 0.9286702129181396,
            "task": 1,
            "categorial_accuracy": 0.8209042551669669,
            "loss": 0.6140274425009463,
            "epoch": 2
        },
        {
            "samples_seens": 207655,
            "top_2_accuracy": 0.924840425684097,
            "task": 2,
            "categorial_accuracy": 0.820425531965621,
            "loss": 0.6246931414401278,
            "epoch": 2
        },
        {
            "samples_seens": 216681,
            "top_2_accuracy": 0.9280851065351607,
            "task": 3,
            "categorial_accuracy": 0.8239893617021277,
            "loss": 0.6127296910387404,
            "epoch": 2
        },
        {
            "samples_seens": 225709,
            "top_2_accuracy": 0.9337765958461356,
            "task": 4,
            "categorial_accuracy": 0.8312234041031371,
            "loss": 0.5609582081754156,
            "epoch": 2
        },
        {
            "samples_seens": 234737,
            "top_2_accuracy": 0.9363297873354973,
            "task": 5,
            "categorial_accuracy": 0.828936170212766,
            "loss": 0.5385334541696183,
            "epoch": 2
        },
        {
            "samples_seens": 243764,
            "top_2_accuracy": 0.9373404256333696,
            "task": 6,
            "categorial_accuracy": 0.8373936171227313,
            "loss": 0.5140425281321749,
            "epoch": 2
        },
        {
            "samples_seens": 252792,
            "top_2_accuracy": 0.9392021275581197,
            "task": 7,
            "categorial_accuracy": 0.8361702127152301,
            "loss": 0.5034935956559282,
            "epoch": 2
        },
        {
            "samples_seens": 261821,
            "top_2_accuracy": 0.9392021275581197,
            "task": 8,
            "categorial_accuracy": 0.8350000000507274,
            "loss": 0.5015422732272047,
            "epoch": 2
        },
        {
            "samples_seens": 270849,
            "top_2_accuracy": 0.9373404256333696,
            "task": 9,
            "categorial_accuracy": 0.8240957447823057,
            "loss": 0.5422118266592635,
            "epoch": 2
        }
    ]
}