{
    "name": "id0_t10_dp0.6_dc0.3_df0.1",
    "task_count": 10,
    "id": 0,
    "results": [
        {
            "samples_seens": 9030,
            "top_2_accuracy": 0.6561170211244137,
            "task": 0,
            "categorial_accuracy": 0.4980319149189807,
            "loss": 2.017306379764638,
            "epoch": 0
        },
        {
            "samples_seens": 18059,
            "top_2_accuracy": 0.7251595744680851,
            "task": 1,
            "categorial_accuracy": 0.5819148935662939,
            "loss": 1.7256727362693625,
            "epoch": 0
        },
        {
            "samples_seens": 27087,
            "top_2_accuracy": 0.7689893615499456,
            "task": 2,
            "categorial_accuracy": 0.626648936068758,
            "loss": 1.417353784277084,
            "epoch": 0
        },
        {
            "samples_seens": 36112,
            "top_2_accuracy": 0.8137765958461356,
            "task": 3,
            "categorial_accuracy": 0.6811702126137754,
            "loss": 1.2387981307252924,
            "epoch": 0
        },
        {
            "samples_seens": 45140,
            "top_2_accuracy": 0.8374999998985453,
            "task": 4,
            "categorial_accuracy": 0.706914893718476,
            "loss": 1.1077643813478186,
            "epoch": 0
        },
        {
            "samples_seens": 54166,
            "top_2_accuracy": 0.861648936068758,
            "task": 5,
            "categorial_accuracy": 0.7362765958461356,
            "loss": 0.9400454238120546,
            "epoch": 0
        },
        {
            "samples_seens": 63193,
            "top_2_accuracy": 0.8811170213273231,
            "task": 6,
            "categorial_accuracy": 0.760000000152182,
            "loss": 0.8114665417975567,
            "epoch": 0
        },
        {
            "samples_seens": 72221,
            "top_2_accuracy": 0.8980851064844334,
            "task": 7,
            "categorial_accuracy": 0.7773936169705492,
            "loss": 0.7200546587781703,
            "epoch": 0
        },
        {
            "samples_seens": 81249,
            "top_2_accuracy": 0.9096808510638298,
            "task": 8,
            "categorial_accuracy": 0.7911170214287778,
            "loss": 0.6760010490518935,
            "epoch": 0
        },
        {
            "samples_seens": 90277,
            "top_2_accuracy": 0.9233510638805146,
            "task": 9,
            "categorial_accuracy": 0.808617021327323,
            "loss": 0.6072592163085937,
            "epoch": 0
        },
        {
            "samples_seens": 99307,
            "top_2_accuracy": 0.9036702127152301,
            "task": 0,
            "categorial_accuracy": 0.7841489360180307,
            "loss": 0.7676983907882203,
            "epoch": 1
        },
        {
            "samples_seens": 108336,
            "top_2_accuracy": 0.9055319148936171,
            "task": 1,
            "categorial_accuracy": 0.7864893618035824,
            "loss": 0.7660454964130483,
            "epoch": 1
        },
        {
            "samples_seens": 117364,
            "top_2_accuracy": 0.9047340424010094,
            "task": 2,
            "categorial_accuracy": 0.7868085104861158,
            "loss": 0.7384328301409457,
            "epoch": 1
        },
        {
            "samples_seens": 126389,
            "top_2_accuracy": 0.9095212764942899,
            "task": 3,
            "categorial_accuracy": 0.7951595743666304,
            "loss": 0.6965136025307026,
            "epoch": 1
        },
        {
            "samples_seens": 135417,
            "top_2_accuracy": 0.9070212765450173,
            "task": 4,
            "categorial_accuracy": 0.7947872340425531,
            "loss": 0.6903241690676263,
            "epoch": 1
        },
        {
            "samples_seens": 144443,
            "top_2_accuracy": 0.9151595745188125,
            "task": 5,
            "categorial_accuracy": 0.8078723403240772,
            "loss": 0.6458251668544526,
            "epoch": 1
        },
        {
            "samples_seens": 153470,
            "top_2_accuracy": 0.922074468034379,
            "task": 6,
            "categorial_accuracy": 0.817127659422286,
            "loss": 0.5990745297137727,
            "epoch": 1
        },
        {
            "samples_seens": 162498,
            "top_2_accuracy": 0.9258510639819693,
            "task": 7,
            "categorial_accuracy": 0.8162234044075012,
            "loss": 0.5688044540171927,
            "epoch": 1
        },
        {
            "samples_seens": 171526,
            "top_2_accuracy": 0.9329255318641663,
            "task": 8,
            "categorial_accuracy": 0.830372340577714,
            "loss": 0.5311989857541753,
            "epoch": 1
        },
        {
            "samples_seens": 180554,
            "top_2_accuracy": 0.9334574467577833,
            "task": 9,
            "categorial_accuracy": 0.8285638297872341,
            "loss": 0.5451711110104905,
            "epoch": 1
        },
        {
            "samples_seens": 189584,
            "top_2_accuracy": 0.9225,
            "task": 0,
            "categorial_accuracy": 0.8159042552684216,
            "loss": 0.6707451032070404,
            "epoch": 2
        },
        {
            "samples_seens": 198613,
            "top_2_accuracy": 0.9209574469606927,
            "task": 1,
            "categorial_accuracy": 0.812819149037625,
            "loss": 0.6517840880536019,
            "epoch": 2
        },
        {
            "samples_seens": 207641,
            "top_2_accuracy": 0.9211702127152301,
            "task": 2,
            "categorial_accuracy": 0.8134574467577833,
            "loss": 0.6609149665781792,
            "epoch": 2
        },
        {
            "samples_seens": 216666,
            "top_2_accuracy": 0.9232978724926076,
            "task": 3,
            "categorial_accuracy": 0.8161170211751411,
            "loss": 0.6250711889723514,
            "epoch": 2
        },
        {
            "samples_seens": 225694,
            "top_2_accuracy": 0.9262234041031371,
            "task": 4,
            "categorial_accuracy": 0.82117021271523,
            "loss": 0.5993992582280585,
            "epoch": 2
        },
        {
            "samples_seens": 234720,
            "top_2_accuracy": 0.926276595896863,
            "task": 5,
            "categorial_accuracy": 0.8188829786726769,
            "loss": 0.6043150840414331,
            "epoch": 2
        },
        {
            "samples_seens": 243747,
            "top_2_accuracy": 0.9330319150457991,
            "task": 6,
            "categorial_accuracy": 0.8304255320163483,
            "loss": 0.5404515681114602,
            "epoch": 2
        },
        {
            "samples_seens": 252775,
            "top_2_accuracy": 0.9369680852078377,
            "task": 7,
            "categorial_accuracy": 0.8369148936677486,
            "loss": 0.5138237904234135,
            "epoch": 2
        },
        {
            "samples_seens": 261803,
            "top_2_accuracy": 0.9368617022798417,
            "task": 8,
            "categorial_accuracy": 0.8352659575989906,
            "loss": 0.5027282886302218,
            "epoch": 2
        },
        {
            "samples_seens": 270831,
            "top_2_accuracy": 0.9398404254811875,
            "task": 9,
            "categorial_accuracy": 0.8405319149950717,
            "loss": 0.4874723262736138,
            "epoch": 2
        }
    ]
}