{
    "task_count": 10,
    "id": 0,
    "name": "id0_t10_dp0.5_dc0.2_df0.3",
    "results": [
        {
            "epoch": 0,
            "categorial_accuracy": 0.5337765956432261,
            "top_2_accuracy": 0.6862765957446808,
            "loss": 1.7217264200778717,
            "task": 0,
            "samples_seens": 9029
        },
        {
            "epoch": 0,
            "categorial_accuracy": 0.6119148935155666,
            "top_2_accuracy": 0.7596276595237407,
            "loss": 1.4383561875972342,
            "task": 1,
            "samples_seens": 18057
        },
        {
            "epoch": 0,
            "categorial_accuracy": 0.6630851062307966,
            "top_2_accuracy": 0.8003191487839881,
            "loss": 1.250028748512268,
            "task": 2,
            "samples_seens": 27085
        },
        {
            "epoch": 0,
            "categorial_accuracy": 0.7090425532929441,
            "top_2_accuracy": 0.8430319149443444,
            "loss": 1.018282493986982,
            "task": 3,
            "samples_seens": 36111
        },
        {
            "epoch": 0,
            "categorial_accuracy": 0.7395212764435626,
            "top_2_accuracy": 0.8661702128166848,
            "loss": 0.9034396458179392,
            "task": 4,
            "samples_seens": 45139
        },
        {
            "epoch": 0,
            "categorial_accuracy": 0.7619680849542009,
            "top_2_accuracy": 0.8843617020769322,
            "loss": 0.789199037856244,
            "task": 5,
            "samples_seens": 54167
        },
        {
            "epoch": 0,
            "categorial_accuracy": 0.7816489363223948,
            "top_2_accuracy": 0.899840425684097,
            "loss": 0.7174507015816709,
            "task": 6,
            "samples_seens": 63195
        },
        {
            "epoch": 0,
            "categorial_accuracy": 0.7871808509116477,
            "top_2_accuracy": 0.9075531913371796,
            "loss": 0.6938618005082963,
            "task": 7,
            "samples_seens": 72223
        },
        {
            "epoch": 0,
            "categorial_accuracy": 0.7913297871833151,
            "top_2_accuracy": 0.9093085106890252,
            "loss": 0.6889947878046239,
            "task": 8,
            "samples_seens": 81250
        },
        {
            "epoch": 0,
            "categorial_accuracy": 0.79202127649429,
            "top_2_accuracy": 0.9140425533436715,
            "loss": 0.6684784935383087,
            "task": 9,
            "samples_seens": 90279
        },
        {
            "epoch": 1,
            "categorial_accuracy": 0.8016489360180307,
            "top_2_accuracy": 0.9180851063829787,
            "loss": 0.6483805168943202,
            "task": 0,
            "samples_seens": 99308
        },
        {
            "epoch": 1,
            "categorial_accuracy": 0.8046276595237407,
            "top_2_accuracy": 0.9163829785712222,
            "loss": 0.6410090887292903,
            "task": 1,
            "samples_seens": 108336
        },
        {
            "epoch": 1,
            "categorial_accuracy": 0.8043617020262048,
            "top_2_accuracy": 0.9162234042045918,
            "loss": 0.6308364440532441,
            "task": 2,
            "samples_seens": 117364
        },
        {
            "epoch": 1,
            "categorial_accuracy": 0.8106914892602474,
            "top_2_accuracy": 0.9208510638297872,
            "loss": 0.6180788227598718,
            "task": 3,
            "samples_seens": 126390
        },
        {
            "epoch": 1,
            "categorial_accuracy": 0.8183510637283326,
            "top_2_accuracy": 0.9256914895138842,
            "loss": 0.5815122504183586,
            "task": 4,
            "samples_seens": 135418
        },
        {
            "epoch": 1,
            "categorial_accuracy": 0.8206914892095201,
            "top_2_accuracy": 0.9278723404255319,
            "loss": 0.5624807775527872,
            "task": 5,
            "samples_seens": 144446
        },
        {
            "epoch": 1,
            "categorial_accuracy": 0.828723404103137,
            "top_2_accuracy": 0.9314893616514003,
            "loss": 0.5349062264726517,
            "task": 6,
            "samples_seens": 153474
        },
        {
            "epoch": 1,
            "categorial_accuracy": 0.8292021276088472,
            "top_2_accuracy": 0.9350531916415438,
            "loss": 0.5365342530544768,
            "task": 7,
            "samples_seens": 162502
        },
        {
            "epoch": 1,
            "categorial_accuracy": 0.8313829787741316,
            "top_2_accuracy": 0.9376595745695399,
            "loss": 0.5131609710480305,
            "task": 8,
            "samples_seens": 171529
        },
        {
            "epoch": 1,
            "categorial_accuracy": 0.8355319149950717,
            "top_2_accuracy": 0.939627659574468,
            "loss": 0.5089116157876684,
            "task": 9,
            "samples_seens": 180558
        },
        {
            "epoch": 2,
            "categorial_accuracy": 0.8261170211244137,
            "top_2_accuracy": 0.9319148937692033,
            "loss": 0.5779264673527251,
            "task": 0,
            "samples_seens": 189587
        },
        {
            "epoch": 2,
            "categorial_accuracy": 0.8197340424517368,
            "top_2_accuracy": 0.9318085107397526,
            "loss": 0.543165538513914,
            "task": 1,
            "samples_seens": 198615
        },
        {
            "epoch": 2,
            "categorial_accuracy": 0.8164361701113112,
            "top_2_accuracy": 0.9265425532929441,
            "loss": 0.5734111591349257,
            "task": 2,
            "samples_seens": 207643
        },
        {
            "epoch": 2,
            "categorial_accuracy": 0.826648936068758,
            "top_2_accuracy": 0.9323936169705492,
            "loss": 0.55079910476157,
            "task": 3,
            "samples_seens": 216669
        },
        {
            "epoch": 2,
            "categorial_accuracy": 0.8320744679329243,
            "top_2_accuracy": 0.9367553190982089,
            "loss": 0.519426793899942,
            "task": 4,
            "samples_seens": 225697
        },
        {
            "epoch": 2,
            "categorial_accuracy": 0.8387234043060465,
            "top_2_accuracy": 0.9388297871833152,
            "loss": 0.500642016999265,
            "task": 5,
            "samples_seens": 234725
        },
        {
            "epoch": 2,
            "categorial_accuracy": 0.8416489362209402,
            "top_2_accuracy": 0.9405851065351608,
            "loss": 0.48413198212359815,
            "task": 6,
            "samples_seens": 243753
        },
        {
            "epoch": 2,
            "categorial_accuracy": 0.8430851063829787,
            "top_2_accuracy": 0.945638297821613,
            "loss": 0.478919050693512,
            "task": 7,
            "samples_seens": 252781
        },
        {
            "epoch": 2,
            "categorial_accuracy": 0.8448404255319149,
            "top_2_accuracy": 0.9462765956939535,
            "loss": 0.46798950864913613,
            "task": 8,
            "samples_seens": 261808
        },
        {
            "epoch": 2,
            "categorial_accuracy": 0.8409042552684216,
            "top_2_accuracy": 0.9444148937692034,
            "loss": 0.49326157602858034,
            "task": 9,
            "samples_seens": 270837
        }
    ]
}