{
    "name": "id0_t10_dp0.7_dc0.3_df0.0",
    "task_count": 10,
    "id": 0,
    "results": [
        {
            "samples_seens": 9023,
            "top_2_accuracy": 0.6517553189967541,
            "task": 0,
            "categorial_accuracy": 0.5064893617021277,
            "loss": 2.0539975538659605,
            "epoch": 0
        },
        {
            "samples_seens": 18047,
            "top_2_accuracy": 0.708617021175141,
            "task": 1,
            "categorial_accuracy": 0.56202127649429,
            "loss": 1.9910420123566972,
            "epoch": 0
        },
        {
            "samples_seens": 27071,
            "top_2_accuracy": 0.7548936169198219,
            "task": 2,
            "categorial_accuracy": 0.6197872341440079,
            "loss": 1.610211103520495,
            "epoch": 0
        },
        {
            "samples_seens": 36096,
            "top_2_accuracy": 0.7779787234042553,
            "task": 3,
            "categorial_accuracy": 0.6423936170212766,
            "loss": 1.527698489554385,
            "epoch": 0
        },
        {
            "samples_seens": 45121,
            "top_2_accuracy": 0.8177127658052648,
            "task": 4,
            "categorial_accuracy": 0.6894148936677487,
            "loss": 1.2422850847244262,
            "epoch": 0
        },
        {
            "samples_seens": 54148,
            "top_2_accuracy": 0.8411702126137753,
            "task": 5,
            "categorial_accuracy": 0.7166489363223948,
            "loss": 1.0992408840707009,
            "epoch": 0
        },
        {
            "samples_seens": 63174,
            "top_2_accuracy": 0.8651063828772687,
            "task": 6,
            "categorial_accuracy": 0.7396808510131024,
            "loss": 0.9553361422964867,
            "epoch": 0
        },
        {
            "samples_seens": 72201,
            "top_2_accuracy": 0.8810638297872341,
            "task": 7,
            "categorial_accuracy": 0.76202127649429,
            "loss": 0.8299690417533225,
            "epoch": 0
        },
        {
            "samples_seens": 81228,
            "top_2_accuracy": 0.9029787234042553,
            "task": 8,
            "categorial_accuracy": 0.7886170213780505,
            "loss": 0.7054095835381365,
            "epoch": 0
        },
        {
            "samples_seens": 90256,
            "top_2_accuracy": 0.918031914893617,
            "task": 9,
            "categorial_accuracy": 0.7999468085106383,
            "loss": 0.6565110485604468,
            "epoch": 0
        },
        {
            "samples_seens": 99279,
            "top_2_accuracy": 0.8812765957954082,
            "task": 0,
            "categorial_accuracy": 0.7611702128166848,
            "loss": 0.9908549342256912,
            "epoch": 1
        },
        {
            "samples_seens": 108303,
            "top_2_accuracy": 0.8780851063829788,
            "task": 1,
            "categorial_accuracy": 0.75452127649429,
            "loss": 1.0082022515256355,
            "epoch": 1
        },
        {
            "samples_seens": 117327,
            "top_2_accuracy": 0.886595744528669,
            "task": 2,
            "categorial_accuracy": 0.7655851064844335,
            "loss": 0.9301461197974834,
            "epoch": 1
        },
        {
            "samples_seens": 126352,
            "top_2_accuracy": 0.8953723404255319,
            "task": 3,
            "categorial_accuracy": 0.7755851063829787,
            "loss": 0.8315509808824417,
            "epoch": 1
        },
        {
            "samples_seens": 135377,
            "top_2_accuracy": 0.8946808509116477,
            "task": 4,
            "categorial_accuracy": 0.7808510637790599,
            "loss": 0.8440595345801496,
            "epoch": 1
        },
        {
            "samples_seens": 144404,
            "top_2_accuracy": 0.9017021275073924,
            "task": 5,
            "categorial_accuracy": 0.7864893616514003,
            "loss": 0.7752319395795781,
            "epoch": 1
        },
        {
            "samples_seens": 153430,
            "top_2_accuracy": 0.9084574469606927,
            "task": 6,
            "categorial_accuracy": 0.7991489363223948,
            "loss": 0.6903708580706982,
            "epoch": 1
        },
        {
            "samples_seens": 162457,
            "top_2_accuracy": 0.9150000000507273,
            "task": 7,
            "categorial_accuracy": 0.8065957445793963,
            "loss": 0.6282105166354078,
            "epoch": 1
        },
        {
            "samples_seens": 171484,
            "top_2_accuracy": 0.9232446809525185,
            "task": 8,
            "categorial_accuracy": 0.8172872339918258,
            "loss": 0.5861068223385101,
            "epoch": 1
        },
        {
            "samples_seens": 180512,
            "top_2_accuracy": 0.9321276597266501,
            "task": 9,
            "categorial_accuracy": 0.8285638297365067,
            "loss": 0.550150213089395,
            "epoch": 1
        },
        {
            "samples_seens": 189535,
            "top_2_accuracy": 0.9095212764435626,
            "task": 0,
            "categorial_accuracy": 0.8016489363223949,
            "loss": 0.8255884596134754,
            "epoch": 2
        },
        {
            "samples_seens": 198559,
            "top_2_accuracy": 0.909574468034379,
            "task": 1,
            "categorial_accuracy": 0.7966489360180307,
            "loss": 0.8092104152922934,
            "epoch": 2
        },
        {
            "samples_seens": 207583,
            "top_2_accuracy": 0.9002659574975359,
            "task": 2,
            "categorial_accuracy": 0.7849468084091836,
            "loss": 0.8681753956003392,
            "epoch": 2
        },
        {
            "samples_seens": 216608,
            "top_2_accuracy": 0.9100531916415437,
            "task": 3,
            "categorial_accuracy": 0.7988829787741316,
            "loss": 0.7580956187146776,
            "epoch": 2
        },
        {
            "samples_seens": 225633,
            "top_2_accuracy": 0.911382978824859,
            "task": 4,
            "categorial_accuracy": 0.8030319149950718,
            "loss": 0.7520579059073266,
            "epoch": 2
        },
        {
            "samples_seens": 234660,
            "top_2_accuracy": 0.9155851063829787,
            "task": 5,
            "categorial_accuracy": 0.8079255319148936,
            "loss": 0.6708725574676027,
            "epoch": 2
        },
        {
            "samples_seens": 243686,
            "top_2_accuracy": 0.9204255320670757,
            "task": 6,
            "categorial_accuracy": 0.8087765958461356,
            "loss": 0.6548513219711628,
            "epoch": 2
        },
        {
            "samples_seens": 252713,
            "top_2_accuracy": 0.929042553140762,
            "task": 7,
            "categorial_accuracy": 0.8252127659067194,
            "loss": 0.575993876482578,
            "epoch": 2
        },
        {
            "samples_seens": 261740,
            "top_2_accuracy": 0.9279787233535279,
            "task": 8,
            "categorial_accuracy": 0.8253723405269866,
            "loss": 0.5768666591289195,
            "epoch": 2
        },
        {
            "samples_seens": 270768,
            "top_2_accuracy": 0.9414893618543098,
            "task": 9,
            "categorial_accuracy": 0.8382978724418803,
            "loss": 0.5024908555568532,
            "epoch": 2
        }
    ]
}