{
    "name": "id0_t10_dp0.3_dc0.7_df0.0",
    "task_count": 10,
    "id": 0,
    "results": [
        {
            "samples_seens": 9023,
            "top_2_accuracy": 0.6378723405269866,
            "task": 0,
            "categorial_accuracy": 0.4906914893109748,
            "loss": 2.223479605532707,
            "epoch": 0
        },
        {
            "samples_seens": 18047,
            "top_2_accuracy": 0.7167553190982088,
            "task": 1,
            "categorial_accuracy": 0.5746808510638298,
            "loss": 1.8642646504463034,
            "epoch": 0
        },
        {
            "samples_seens": 27072,
            "top_2_accuracy": 0.7650531913371796,
            "task": 2,
            "categorial_accuracy": 0.6282978722389708,
            "loss": 1.5187336196290686,
            "epoch": 0
        },
        {
            "samples_seens": 36098,
            "top_2_accuracy": 0.8037234042553192,
            "task": 3,
            "categorial_accuracy": 0.6748404255319149,
            "loss": 1.30700425594411,
            "epoch": 0
        },
        {
            "samples_seens": 45124,
            "top_2_accuracy": 0.8189893618543097,
            "task": 4,
            "categorial_accuracy": 0.692127659422286,
            "loss": 1.2443472741512542,
            "epoch": 0
        },
        {
            "samples_seens": 54150,
            "top_2_accuracy": 0.8537765958461355,
            "task": 5,
            "categorial_accuracy": 0.7317021275073924,
            "loss": 1.0004110983077517,
            "epoch": 0
        },
        {
            "samples_seens": 63176,
            "top_2_accuracy": 0.8778191490883522,
            "task": 6,
            "categorial_accuracy": 0.7570744680851064,
            "loss": 0.8462179739931797,
            "epoch": 0
        },
        {
            "samples_seens": 72204,
            "top_2_accuracy": 0.895957446859238,
            "task": 7,
            "categorial_accuracy": 0.7767021276088472,
            "loss": 0.7514346001503316,
            "epoch": 0
        },
        {
            "samples_seens": 81232,
            "top_2_accuracy": 0.9066489360687581,
            "task": 8,
            "categorial_accuracy": 0.7908510636776052,
            "loss": 0.6936509551900498,
            "epoch": 0
        },
        {
            "samples_seens": 90261,
            "top_2_accuracy": 0.916063829787234,
            "task": 9,
            "categorial_accuracy": 0.7962234041031371,
            "loss": 0.694567329680666,
            "epoch": 0
        },
        {
            "samples_seens": 99284,
            "top_2_accuracy": 0.8926063830294507,
            "task": 0,
            "categorial_accuracy": 0.7759574468085106,
            "loss": 0.881849473435828,
            "epoch": 1
        },
        {
            "samples_seens": 108308,
            "top_2_accuracy": 0.8946808510638298,
            "task": 1,
            "categorial_accuracy": 0.7782446809017912,
            "loss": 0.8676225221917985,
            "epoch": 1
        },
        {
            "samples_seens": 117333,
            "top_2_accuracy": 0.8988297872340425,
            "task": 2,
            "categorial_accuracy": 0.783989361752855,
            "loss": 0.8242169031691043,
            "epoch": 1
        },
        {
            "samples_seens": 126359,
            "top_2_accuracy": 0.8987234041538644,
            "task": 3,
            "categorial_accuracy": 0.7869680850556556,
            "loss": 0.7721794999406693,
            "epoch": 1
        },
        {
            "samples_seens": 135385,
            "top_2_accuracy": 0.9069148937692033,
            "task": 4,
            "categorial_accuracy": 0.7945744680851063,
            "loss": 0.7031948097715987,
            "epoch": 1
        },
        {
            "samples_seens": 144411,
            "top_2_accuracy": 0.9090957446808511,
            "task": 5,
            "categorial_accuracy": 0.8004787234042553,
            "loss": 0.6784141569695574,
            "epoch": 1
        },
        {
            "samples_seens": 153437,
            "top_2_accuracy": 0.9146276595744681,
            "task": 6,
            "categorial_accuracy": 0.8077659574468085,
            "loss": 0.663150360508168,
            "epoch": 1
        },
        {
            "samples_seens": 162465,
            "top_2_accuracy": 0.9248936169705493,
            "task": 7,
            "categorial_accuracy": 0.8187765955924988,
            "loss": 0.5846347343921662,
            "epoch": 1
        },
        {
            "samples_seens": 171493,
            "top_2_accuracy": 0.928404255471331,
            "task": 8,
            "categorial_accuracy": 0.8236702129181395,
            "loss": 0.5750876288972002,
            "epoch": 1
        },
        {
            "samples_seens": 180522,
            "top_2_accuracy": 0.92,
            "task": 9,
            "categorial_accuracy": 0.8019148936677486,
            "loss": 0.6674481613585289,
            "epoch": 1
        },
        {
            "samples_seens": 189545,
            "top_2_accuracy": 0.9109574468085107,
            "task": 0,
            "categorial_accuracy": 0.8023936171227313,
            "loss": 0.7883236034880293,
            "epoch": 2
        },
        {
            "samples_seens": 198569,
            "top_2_accuracy": 0.9155319150457991,
            "task": 1,
            "categorial_accuracy": 0.8073936169198219,
            "loss": 0.7530406635365587,
            "epoch": 2
        },
        {
            "samples_seens": 207594,
            "top_2_accuracy": 0.9147872341947353,
            "task": 2,
            "categorial_accuracy": 0.8080851063322514,
            "loss": 0.7414796982166615,
            "epoch": 2
        },
        {
            "samples_seens": 216620,
            "top_2_accuracy": 0.9204255320670757,
            "task": 3,
            "categorial_accuracy": 0.8126595744680851,
            "loss": 0.6737520156769042,
            "epoch": 2
        },
        {
            "samples_seens": 225646,
            "top_2_accuracy": 0.9213829788755863,
            "task": 4,
            "categorial_accuracy": 0.8168617020262049,
            "loss": 0.6489364948424887,
            "epoch": 2
        },
        {
            "samples_seens": 234672,
            "top_2_accuracy": 0.9246808510131024,
            "task": 5,
            "categorial_accuracy": 0.8203191487839882,
            "loss": 0.6156685440083768,
            "epoch": 2
        },
        {
            "samples_seens": 243698,
            "top_2_accuracy": 0.927500000152182,
            "task": 6,
            "categorial_accuracy": 0.8285106383485997,
            "loss": 0.5847780803670275,
            "epoch": 2
        },
        {
            "samples_seens": 252726,
            "top_2_accuracy": 0.9323936170212765,
            "task": 7,
            "categorial_accuracy": 0.8289361701113113,
            "loss": 0.5319326728962838,
            "epoch": 2
        },
        {
            "samples_seens": 261754,
            "top_2_accuracy": 0.935904255471331,
            "task": 8,
            "categorial_accuracy": 0.8354255319148937,
            "loss": 0.507064256338363,
            "epoch": 2
        },
        {
            "samples_seens": 270783,
            "top_2_accuracy": 0.9329255320670757,
            "task": 9,
            "categorial_accuracy": 0.8213297871833152,
            "loss": 0.5756041457805228,
            "epoch": 2
        }
    ]
}