{
    "task_count": 10,
    "id": 0,
    "name": "id0_t10_dp0.1_dc0.7_df0.2",
    "results": [
        {
            "epoch": 0,
            "categorial_accuracy": 0.4863297873862246,
            "top_2_accuracy": 0.6451063830294508,
            "loss": 1.9449869391258727,
            "task": 0,
            "samples_seens": 9028
        },
        {
            "epoch": 0,
            "categorial_accuracy": 0.6104255318641663,
            "top_2_accuracy": 0.7571808511145571,
            "loss": 1.4075052276570745,
            "task": 1,
            "samples_seens": 18057
        },
        {
            "epoch": 0,
            "categorial_accuracy": 0.6649999999492726,
            "top_2_accuracy": 0.8051063828265413,
            "loss": 1.1931418472655275,
            "task": 2,
            "samples_seens": 27085
        },
        {
            "epoch": 0,
            "categorial_accuracy": 0.7045744680343791,
            "top_2_accuracy": 0.8411170213780504,
            "loss": 1.0456806226994129,
            "task": 3,
            "samples_seens": 36112
        },
        {
            "epoch": 0,
            "categorial_accuracy": 0.7405319149443443,
            "top_2_accuracy": 0.8640425530393073,
            "loss": 0.8937638746423924,
            "task": 4,
            "samples_seens": 45140
        },
        {
            "epoch": 0,
            "categorial_accuracy": 0.7586170212258684,
            "top_2_accuracy": 0.8807978724926077,
            "loss": 0.8048548781110886,
            "task": 5,
            "samples_seens": 54168
        },
        {
            "epoch": 0,
            "categorial_accuracy": 0.7828723405269866,
            "top_2_accuracy": 0.8978723404762593,
            "loss": 0.7104882276311834,
            "task": 6,
            "samples_seens": 63194
        },
        {
            "epoch": 0,
            "categorial_accuracy": 0.7895744679836517,
            "top_2_accuracy": 0.901914893718476,
            "loss": 0.7043797901843456,
            "task": 7,
            "samples_seens": 72223
        },
        {
            "epoch": 0,
            "categorial_accuracy": 0.7815957446301237,
            "top_2_accuracy": 0.9082446807496091,
            "loss": 0.7097723808694393,
            "task": 8,
            "samples_seens": 81253
        },
        {
            "epoch": 0,
            "categorial_accuracy": 0.7372340426546462,
            "top_2_accuracy": 0.8860638296350519,
            "loss": 0.9134115268829021,
            "task": 9,
            "samples_seens": 90283
        },
        {
            "epoch": 1,
            "categorial_accuracy": 0.8040425533436715,
            "top_2_accuracy": 0.9173404253797328,
            "loss": 0.6400290759066318,
            "task": 0,
            "samples_seens": 99311
        },
        {
            "epoch": 1,
            "categorial_accuracy": 0.7954255317627116,
            "top_2_accuracy": 0.9104787234549827,
            "loss": 0.6739177016755368,
            "task": 1,
            "samples_seens": 108340
        },
        {
            "epoch": 1,
            "categorial_accuracy": 0.8061170211751411,
            "top_2_accuracy": 0.9170744682372884,
            "loss": 0.6496106223096239,
            "task": 2,
            "samples_seens": 117368
        },
        {
            "epoch": 1,
            "categorial_accuracy": 0.8122340425024641,
            "top_2_accuracy": 0.9227127659574468,
            "loss": 0.59385056898949,
            "task": 3,
            "samples_seens": 126395
        },
        {
            "epoch": 1,
            "categorial_accuracy": 0.8119680850556557,
            "top_2_accuracy": 0.9231914895138842,
            "loss": 0.5945918001519873,
            "task": 4,
            "samples_seens": 135423
        },
        {
            "epoch": 1,
            "categorial_accuracy": 0.8204255318134389,
            "top_2_accuracy": 0.9269148936170213,
            "loss": 0.5572535502910614,
            "task": 5,
            "samples_seens": 144451
        },
        {
            "epoch": 1,
            "categorial_accuracy": 0.8260638298886888,
            "top_2_accuracy": 0.9280851063322514,
            "loss": 0.5479713147244555,
            "task": 6,
            "samples_seens": 153477
        },
        {
            "epoch": 1,
            "categorial_accuracy": 0.8275531913371796,
            "top_2_accuracy": 0.9312765956939535,
            "loss": 0.5301072103926476,
            "task": 7,
            "samples_seens": 162506
        },
        {
            "epoch": 1,
            "categorial_accuracy": 0.8222340427053736,
            "top_2_accuracy": 0.930904255471331,
            "loss": 0.5737568043394292,
            "task": 8,
            "samples_seens": 171536
        },
        {
            "epoch": 1,
            "categorial_accuracy": 0.7970744680851064,
            "top_2_accuracy": 0.9235638296857793,
            "loss": 0.6407101911686837,
            "task": 9,
            "samples_seens": 180566
        },
        {
            "epoch": 2,
            "categorial_accuracy": 0.822074468186561,
            "top_2_accuracy": 0.9296276596251954,
            "loss": 0.5844428013994338,
            "task": 0,
            "samples_seens": 189594
        },
        {
            "epoch": 2,
            "categorial_accuracy": 0.8238297871325878,
            "top_2_accuracy": 0.9293085107904799,
            "loss": 0.578928011300716,
            "task": 1,
            "samples_seens": 198623
        },
        {
            "epoch": 2,
            "categorial_accuracy": 0.8234042552176942,
            "top_2_accuracy": 0.9274999999492727,
            "loss": 0.5975377929210662,
            "task": 2,
            "samples_seens": 207651
        },
        {
            "epoch": 2,
            "categorial_accuracy": 0.826382978824859,
            "top_2_accuracy": 0.9332446807496091,
            "loss": 0.560180763741757,
            "task": 3,
            "samples_seens": 216678
        },
        {
            "epoch": 2,
            "categorial_accuracy": 0.831861702178387,
            "top_2_accuracy": 0.9356914893109748,
            "loss": 0.5121278576647982,
            "task": 4,
            "samples_seens": 225706
        },
        {
            "epoch": 2,
            "categorial_accuracy": 0.8342021277103018,
            "top_2_accuracy": 0.9367021277610292,
            "loss": 0.5206163429199381,
            "task": 5,
            "samples_seens": 234734
        },
        {
            "epoch": 2,
            "categorial_accuracy": 0.8347340426546462,
            "top_2_accuracy": 0.9357446810032459,
            "loss": 0.5023441661165116,
            "task": 6,
            "samples_seens": 243760
        },
        {
            "epoch": 2,
            "categorial_accuracy": 0.8353723405269866,
            "top_2_accuracy": 0.9379787233535279,
            "loss": 0.49395130203125326,
            "task": 7,
            "samples_seens": 252789
        },
        {
            "epoch": 2,
            "categorial_accuracy": 0.8306914895138842,
            "top_2_accuracy": 0.9372340425531915,
            "loss": 0.527575656758978,
            "task": 8,
            "samples_seens": 261819
        },
        {
            "epoch": 2,
            "categorial_accuracy": 0.7796276595237407,
            "top_2_accuracy": 0.9165957445793963,
            "loss": 0.7048629694796623,
            "task": 9,
            "samples_seens": 270849
        }
    ]
}