{
    "name": "id0_t10_dp0.1_dc0.6_df0.3",
    "task_count": 10,
    "id": 0,
    "results": [
        {
            "samples_seens": 9029,
            "top_2_accuracy": 0.6762234043567739,
            "task": 0,
            "categorial_accuracy": 0.5263829786726769,
            "loss": 1.8026684207104622,
            "epoch": 0
        },
        {
            "samples_seens": 18057,
            "top_2_accuracy": 0.7663829788755864,
            "task": 1,
            "categorial_accuracy": 0.622659574315903,
            "loss": 1.374250142523583,
            "epoch": 0
        },
        {
            "samples_seens": 27085,
            "top_2_accuracy": 0.816382978824859,
            "task": 2,
            "categorial_accuracy": 0.6811170213780504,
            "loss": 1.1232250334354157,
            "epoch": 0
        },
        {
            "samples_seens": 36112,
            "top_2_accuracy": 0.8397340424010095,
            "task": 3,
            "categorial_accuracy": 0.7068617021276595,
            "loss": 1.0171799491314177,
            "epoch": 0
        },
        {
            "samples_seens": 45139,
            "top_2_accuracy": 0.8729787232520733,
            "task": 4,
            "categorial_accuracy": 0.7548404255826423,
            "loss": 0.8366409765405858,
            "epoch": 0
        },
        {
            "samples_seens": 54167,
            "top_2_accuracy": 0.8936702128166848,
            "task": 5,
            "categorial_accuracy": 0.7743085104861158,
            "loss": 0.7516588669634879,
            "epoch": 0
        },
        {
            "samples_seens": 63193,
            "top_2_accuracy": 0.9017021276595745,
            "task": 6,
            "categorial_accuracy": 0.7859574469606927,
            "loss": 0.7107650922207123,
            "epoch": 0
        },
        {
            "samples_seens": 72221,
            "top_2_accuracy": 0.9092553190474815,
            "task": 7,
            "categorial_accuracy": 0.797606382927996,
            "loss": 0.6561939851273881,
            "epoch": 0
        },
        {
            "samples_seens": 81250,
            "top_2_accuracy": 0.9187765957446808,
            "task": 8,
            "categorial_accuracy": 0.804946808459911,
            "loss": 0.6644965710031225,
            "epoch": 0
        },
        {
            "samples_seens": 90280,
            "top_2_accuracy": 0.8937765957954082,
            "task": 9,
            "categorial_accuracy": 0.75297872350571,
            "loss": 0.8230534395765751,
            "epoch": 0
        },
        {
            "samples_seens": 99309,
            "top_2_accuracy": 0.9174468085106383,
            "task": 0,
            "categorial_accuracy": 0.8032978723404255,
            "loss": 0.6505239633296398,
            "epoch": 1
        },
        {
            "samples_seens": 108337,
            "top_2_accuracy": 0.9230851063322514,
            "task": 1,
            "categorial_accuracy": 0.8121276596759228,
            "loss": 0.6039040880253974,
            "epoch": 1
        },
        {
            "samples_seens": 117365,
            "top_2_accuracy": 0.9256914893109748,
            "task": 2,
            "categorial_accuracy": 0.8136702127152301,
            "loss": 0.5938646548098706,
            "epoch": 1
        },
        {
            "samples_seens": 126392,
            "top_2_accuracy": 0.9256914893109748,
            "task": 3,
            "categorial_accuracy": 0.8184042554206037,
            "loss": 0.5900551624754642,
            "epoch": 1
        },
        {
            "samples_seens": 135419,
            "top_2_accuracy": 0.9285638297365066,
            "task": 4,
            "categorial_accuracy": 0.8237765957954082,
            "loss": 0.5662847333512407,
            "epoch": 1
        },
        {
            "samples_seens": 144447,
            "top_2_accuracy": 0.931010638247145,
            "task": 5,
            "categorial_accuracy": 0.8261170211751411,
            "loss": 0.5470140923337733,
            "epoch": 1
        },
        {
            "samples_seens": 153473,
            "top_2_accuracy": 0.9322340427053736,
            "task": 6,
            "categorial_accuracy": 0.8321808511145572,
            "loss": 0.526945096863077,
            "epoch": 1
        },
        {
            "samples_seens": 162501,
            "top_2_accuracy": 0.9381914893109747,
            "task": 7,
            "categorial_accuracy": 0.833936170212766,
            "loss": 0.5063975168289022,
            "epoch": 1
        },
        {
            "samples_seens": 171530,
            "top_2_accuracy": 0.9272872338903712,
            "task": 8,
            "categorial_accuracy": 0.8220212767479268,
            "loss": 0.5733137690260055,
            "epoch": 1
        },
        {
            "samples_seens": 180560,
            "top_2_accuracy": 0.9216489361702128,
            "task": 9,
            "categorial_accuracy": 0.7895212764942899,
            "loss": 0.6658479679391739,
            "epoch": 1
        },
        {
            "samples_seens": 189589,
            "top_2_accuracy": 0.9343617020769323,
            "task": 0,
            "categorial_accuracy": 0.8305319149443444,
            "loss": 0.5678040128819486,
            "epoch": 2
        },
        {
            "samples_seens": 198617,
            "top_2_accuracy": 0.9353191490376249,
            "task": 1,
            "categorial_accuracy": 0.8304787232520733,
            "loss": 0.5515279013045291,
            "epoch": 2
        },
        {
            "samples_seens": 207645,
            "top_2_accuracy": 0.9391489362716675,
            "task": 2,
            "categorial_accuracy": 0.835425531965621,
            "loss": 0.523655560422451,
            "epoch": 2
        },
        {
            "samples_seens": 216672,
            "top_2_accuracy": 0.9381382980245225,
            "task": 3,
            "categorial_accuracy": 0.8337765957954082,
            "loss": 0.5241028480073239,
            "epoch": 2
        },
        {
            "samples_seens": 225699,
            "top_2_accuracy": 0.9411170213780504,
            "task": 4,
            "categorial_accuracy": 0.836595744528669,
            "loss": 0.5065286944267597,
            "epoch": 2
        },
        {
            "samples_seens": 234727,
            "top_2_accuracy": 0.9397872341440079,
            "task": 5,
            "categorial_accuracy": 0.838989361752855,
            "loss": 0.49995859181627317,
            "epoch": 2
        },
        {
            "samples_seens": 243753,
            "top_2_accuracy": 0.9423936171227313,
            "task": 6,
            "categorial_accuracy": 0.8466489362209402,
            "loss": 0.46942429078386183,
            "epoch": 2
        },
        {
            "samples_seens": 252781,
            "top_2_accuracy": 0.9374999999492727,
            "task": 7,
            "categorial_accuracy": 0.8378191488347155,
            "loss": 0.5003506309935387,
            "epoch": 2
        },
        {
            "samples_seens": 261810,
            "top_2_accuracy": 0.939840425684097,
            "task": 8,
            "categorial_accuracy": 0.8363297871325879,
            "loss": 0.5011361167532332,
            "epoch": 2
        },
        {
            "samples_seens": 270840,
            "top_2_accuracy": 0.9288297870818605,
            "task": 9,
            "categorial_accuracy": 0.8122340426546462,
            "loss": 0.585455350520763,
            "epoch": 2
        }
    ]
}