{
    "task_count": 10,
    "id": 0,
    "name": "id0_t10_dp0.1_dc0.3_df0.6",
    "results": [
        {
            "epoch": 0,
            "categorial_accuracy": 0.5510638296857794,
            "top_2_accuracy": 0.7017553192503909,
            "loss": 1.6802038884670176,
            "task": 0,
            "samples_seens": 9028
        },
        {
            "epoch": 0,
            "categorial_accuracy": 0.6573936171227313,
            "top_2_accuracy": 0.8012234044075012,
            "loss": 1.2079894147020704,
            "task": 1,
            "samples_seens": 18056
        },
        {
            "epoch": 0,
            "categorial_accuracy": 0.7070744682372885,
            "top_2_accuracy": 0.8384574466563286,
            "loss": 1.022171076967361,
            "task": 2,
            "samples_seens": 27084
        },
        {
            "epoch": 0,
            "categorial_accuracy": 0.7505851063829787,
            "top_2_accuracy": 0.874574468034379,
            "loss": 0.8495205011266344,
            "task": 3,
            "samples_seens": 36111
        },
        {
            "epoch": 0,
            "categorial_accuracy": 0.7637234043567739,
            "top_2_accuracy": 0.8876595745188125,
            "loss": 0.7842037918212565,
            "task": 4,
            "samples_seens": 45137
        },
        {
            "epoch": 0,
            "categorial_accuracy": 0.786914893566294,
            "top_2_accuracy": 0.9027659573453538,
            "loss": 0.714372814614722,
            "task": 5,
            "samples_seens": 54165
        },
        {
            "epoch": 0,
            "categorial_accuracy": 0.7934574469606928,
            "top_2_accuracy": 0.9122872340425532,
            "loss": 0.676369801429992,
            "task": 6,
            "samples_seens": 63190
        },
        {
            "epoch": 0,
            "categorial_accuracy": 0.7910638297365067,
            "top_2_accuracy": 0.9138297870818605,
            "loss": 0.6584215322961199,
            "task": 7,
            "samples_seens": 72218
        },
        {
            "epoch": 0,
            "categorial_accuracy": 0.7782978722896982,
            "top_2_accuracy": 0.9085638298886888,
            "loss": 0.7478769092356905,
            "task": 8,
            "samples_seens": 81247
        },
        {
            "epoch": 0,
            "categorial_accuracy": 0.7500531916415438,
            "top_2_accuracy": 0.8985638297365067,
            "loss": 0.831534238673271,
            "task": 9,
            "samples_seens": 90277
        },
        {
            "epoch": 1,
            "categorial_accuracy": 0.8197340425024642,
            "top_2_accuracy": 0.9290425530900347,
            "loss": 0.5511316732142834,
            "task": 0,
            "samples_seens": 99305
        },
        {
            "epoch": 1,
            "categorial_accuracy": 0.8232978721882435,
            "top_2_accuracy": 0.9279255320163483,
            "loss": 0.5599714253050215,
            "task": 1,
            "samples_seens": 108333
        },
        {
            "epoch": 1,
            "categorial_accuracy": 0.8273404254304602,
            "top_2_accuracy": 0.9324999999492727,
            "loss": 0.5363406761149143,
            "task": 2,
            "samples_seens": 117361
        },
        {
            "epoch": 1,
            "categorial_accuracy": 0.8296808510131024,
            "top_2_accuracy": 0.9343085107904799,
            "loss": 0.5262956670750963,
            "task": 3,
            "samples_seens": 126388
        },
        {
            "epoch": 1,
            "categorial_accuracy": 0.8361170213273231,
            "top_2_accuracy": 0.936382978824859,
            "loss": 0.5160159871172397,
            "task": 4,
            "samples_seens": 135414
        },
        {
            "epoch": 1,
            "categorial_accuracy": 0.8346276595237407,
            "top_2_accuracy": 0.9384042554206037,
            "loss": 0.5029944600450231,
            "task": 5,
            "samples_seens": 144442
        },
        {
            "epoch": 1,
            "categorial_accuracy": 0.837872340577714,
            "top_2_accuracy": 0.9367021277610292,
            "loss": 0.5004766926866897,
            "task": 6,
            "samples_seens": 153467
        },
        {
            "epoch": 1,
            "categorial_accuracy": 0.8351063828265414,
            "top_2_accuracy": 0.9364361701113112,
            "loss": 0.5237791686362409,
            "task": 7,
            "samples_seens": 162495
        },
        {
            "epoch": 1,
            "categorial_accuracy": 0.8198936169198219,
            "top_2_accuracy": 0.9305851063829788,
            "loss": 0.5931368645201338,
            "task": 8,
            "samples_seens": 171524
        },
        {
            "epoch": 1,
            "categorial_accuracy": 0.7938297872847699,
            "top_2_accuracy": 0.9260106384500544,
            "loss": 0.6288033020242731,
            "task": 9,
            "samples_seens": 180554
        },
        {
            "epoch": 2,
            "categorial_accuracy": 0.8322872341947353,
            "top_2_accuracy": 0.9362234041538644,
            "loss": 0.5388606101147672,
            "task": 0,
            "samples_seens": 189582
        },
        {
            "epoch": 2,
            "categorial_accuracy": 0.8456382980245225,
            "top_2_accuracy": 0.9434042552176942,
            "loss": 0.48805915140091105,
            "task": 1,
            "samples_seens": 198610
        },
        {
            "epoch": 2,
            "categorial_accuracy": 0.8434574469099654,
            "top_2_accuracy": 0.9426063830801781,
            "loss": 0.48306214953990695,
            "task": 2,
            "samples_seens": 207638
        },
        {
            "epoch": 2,
            "categorial_accuracy": 0.8461702126645028,
            "top_2_accuracy": 0.9425531913879069,
            "loss": 0.47700776972669234,
            "task": 3,
            "samples_seens": 216665
        },
        {
            "epoch": 2,
            "categorial_accuracy": 0.8456914894124294,
            "top_2_accuracy": 0.9457446809525185,
            "loss": 0.4650218378482981,
            "task": 4,
            "samples_seens": 225691
        },
        {
            "epoch": 2,
            "categorial_accuracy": 0.8476063828772686,
            "top_2_accuracy": 0.9445744681358338,
            "loss": 0.46277259212859134,
            "task": 5,
            "samples_seens": 234719
        },
        {
            "epoch": 2,
            "categorial_accuracy": 0.8483510637790599,
            "top_2_accuracy": 0.947287234144008,
            "loss": 0.4531606764742669,
            "task": 6,
            "samples_seens": 243744
        },
        {
            "epoch": 2,
            "categorial_accuracy": 0.8417021277610292,
            "top_2_accuracy": 0.9439361703142207,
            "loss": 0.4739405369504969,
            "task": 7,
            "samples_seens": 252772
        },
        {
            "epoch": 2,
            "categorial_accuracy": 0.8299999998478179,
            "top_2_accuracy": 0.9403191488854429,
            "loss": 0.5245887876064219,
            "task": 8,
            "samples_seens": 261801
        },
        {
            "epoch": 2,
            "categorial_accuracy": 0.8105319149443444,
            "top_2_accuracy": 0.9333510639819693,
            "loss": 0.5617150640741307,
            "task": 9,
            "samples_seens": 270831
        }
    ]
}