{
    "name": "id0_t10_dp0.0_dc0.5_df0.5",
    "task_count": 10,
    "id": 0,
    "results": [
        {
            "samples_seens": 9029,
            "top_2_accuracy": 0.6802659574975358,
            "task": 0,
            "categorial_accuracy": 0.5326063830801782,
            "loss": 1.7520649389510459,
            "epoch": 0
        },
        {
            "samples_seens": 18056,
            "top_2_accuracy": 0.7852127661096289,
            "task": 1,
            "categorial_accuracy": 0.6398404255319149,
            "loss": 1.269831176514321,
            "epoch": 0
        },
        {
            "samples_seens": 27083,
            "top_2_accuracy": 0.8388297872340426,
            "task": 2,
            "categorial_accuracy": 0.707074468034379,
            "loss": 1.0308013093725164,
            "epoch": 0
        },
        {
            "samples_seens": 36109,
            "top_2_accuracy": 0.8688297872340426,
            "task": 3,
            "categorial_accuracy": 0.7415957445793964,
            "loss": 0.8753907026128566,
            "epoch": 0
        },
        {
            "samples_seens": 45135,
            "top_2_accuracy": 0.8849468086628204,
            "task": 4,
            "categorial_accuracy": 0.7619680852585651,
            "loss": 0.7963751552460041,
            "epoch": 0
        },
        {
            "samples_seens": 54161,
            "top_2_accuracy": 0.9025000000507274,
            "task": 5,
            "categorial_accuracy": 0.783031915045799,
            "loss": 0.7045959862242354,
            "epoch": 0
        },
        {
            "samples_seens": 63185,
            "top_2_accuracy": 0.9086702126645028,
            "task": 6,
            "categorial_accuracy": 0.7857978722389708,
            "loss": 0.6899190558271205,
            "epoch": 0
        },
        {
            "samples_seens": 72209,
            "top_2_accuracy": 0.9175000001014547,
            "task": 7,
            "categorial_accuracy": 0.8034042553191489,
            "loss": 0.6482895641631269,
            "epoch": 0
        },
        {
            "samples_seens": 81233,
            "top_2_accuracy": 0.9154255318641663,
            "task": 8,
            "categorial_accuracy": 0.7908510638297872,
            "loss": 0.728384537493929,
            "epoch": 0
        },
        {
            "samples_seens": 90256,
            "top_2_accuracy": 0.8913297871325878,
            "task": 9,
            "categorial_accuracy": 0.7443617021276596,
            "loss": 0.9061361472150112,
            "epoch": 0
        },
        {
            "samples_seens": 99285,
            "top_2_accuracy": 0.9247340427053735,
            "task": 0,
            "categorial_accuracy": 0.8137234043567738,
            "loss": 0.5910267934900649,
            "epoch": 1
        },
        {
            "samples_seens": 108312,
            "top_2_accuracy": 0.9220212766971994,
            "task": 1,
            "categorial_accuracy": 0.8090425532422167,
            "loss": 0.6055567894337025,
            "epoch": 1
        },
        {
            "samples_seens": 117339,
            "top_2_accuracy": 0.9263297871833152,
            "task": 2,
            "categorial_accuracy": 0.8162234042045918,
            "loss": 0.5751820992408915,
            "epoch": 1
        },
        {
            "samples_seens": 126365,
            "top_2_accuracy": 0.9317021278117565,
            "task": 3,
            "categorial_accuracy": 0.8285638297365067,
            "loss": 0.5429437505184336,
            "epoch": 1
        },
        {
            "samples_seens": 135391,
            "top_2_accuracy": 0.9314893618035823,
            "task": 4,
            "categorial_accuracy": 0.8231382977201583,
            "loss": 0.5386969644972619,
            "epoch": 1
        },
        {
            "samples_seens": 144417,
            "top_2_accuracy": 0.9355851063322513,
            "task": 5,
            "categorial_accuracy": 0.8346808511145571,
            "loss": 0.5119756328045054,
            "epoch": 1
        },
        {
            "samples_seens": 153441,
            "top_2_accuracy": 0.9357978724418803,
            "task": 6,
            "categorial_accuracy": 0.8338829786219495,
            "loss": 0.5198329525805534,
            "epoch": 1
        },
        {
            "samples_seens": 162465,
            "top_2_accuracy": 0.9301063829787234,
            "task": 7,
            "categorial_accuracy": 0.8192021275581197,
            "loss": 0.5817943563867123,
            "epoch": 1
        },
        {
            "samples_seens": 171489,
            "top_2_accuracy": 0.9262765957446808,
            "task": 8,
            "categorial_accuracy": 0.801968085106383,
            "loss": 0.6182127527987703,
            "epoch": 1
        },
        {
            "samples_seens": 180512,
            "top_2_accuracy": 0.9076595745188125,
            "task": 9,
            "categorial_accuracy": 0.7674468085613656,
            "loss": 0.7571187593074555,
            "epoch": 1
        },
        {
            "samples_seens": 189541,
            "top_2_accuracy": 0.9343617020769323,
            "task": 0,
            "categorial_accuracy": 0.8333510638297872,
            "loss": 0.5392761217026001,
            "epoch": 2
        },
        {
            "samples_seens": 198568,
            "top_2_accuracy": 0.9413829786219495,
            "task": 1,
            "categorial_accuracy": 0.8392021278117565,
            "loss": 0.5044536584996162,
            "epoch": 2
        },
        {
            "samples_seens": 207595,
            "top_2_accuracy": 0.9391489362716675,
            "task": 2,
            "categorial_accuracy": 0.8362765957446808,
            "loss": 0.5183830998552607,
            "epoch": 2
        },
        {
            "samples_seens": 216621,
            "top_2_accuracy": 0.9422340426546462,
            "task": 3,
            "categorial_accuracy": 0.8402659575482633,
            "loss": 0.49709799982131797,
            "epoch": 2
        },
        {
            "samples_seens": 225647,
            "top_2_accuracy": 0.9417553192503909,
            "task": 4,
            "categorial_accuracy": 0.8436170211244137,
            "loss": 0.48068433041268205,
            "epoch": 2
        },
        {
            "samples_seens": 234673,
            "top_2_accuracy": 0.94202127649429,
            "task": 5,
            "categorial_accuracy": 0.8402127659067194,
            "loss": 0.4767607175289316,
            "epoch": 2
        },
        {
            "samples_seens": 243697,
            "top_2_accuracy": 0.9423936169198219,
            "task": 6,
            "categorial_accuracy": 0.8428191489361702,
            "loss": 0.47194184201828976,
            "epoch": 2
        },
        {
            "samples_seens": 252721,
            "top_2_accuracy": 0.9382978723911529,
            "task": 7,
            "categorial_accuracy": 0.8325531915908164,
            "loss": 0.5149160980924646,
            "epoch": 2
        },
        {
            "samples_seens": 261745,
            "top_2_accuracy": 0.9293617019754775,
            "task": 8,
            "categorial_accuracy": 0.8117553189967541,
            "loss": 0.5818233004022152,
            "epoch": 2
        },
        {
            "samples_seens": 270768,
            "top_2_accuracy": 0.9116489360687581,
            "task": 9,
            "categorial_accuracy": 0.7672340424010095,
            "loss": 0.7320352847525414,
            "epoch": 2
        }
    ]
}