{
    "name": "id0_t10_dp0.0_dc0.7_df0.3",
    "task_count": 10,
    "id": 0,
    "results": [
        {
            "samples_seens": 9029,
            "top_2_accuracy": 0.6700000001521821,
            "task": 0,
            "categorial_accuracy": 0.5193085106382979,
            "loss": 1.779556704582052,
            "epoch": 0
        },
        {
            "samples_seens": 18057,
            "top_2_accuracy": 0.762127659422286,
            "task": 1,
            "categorial_accuracy": 0.6193617022798417,
            "loss": 1.4206097096585213,
            "epoch": 0
        },
        {
            "samples_seens": 27085,
            "top_2_accuracy": 0.8164893618543098,
            "task": 2,
            "categorial_accuracy": 0.6729255320670757,
            "loss": 1.150501181622769,
            "epoch": 0
        },
        {
            "samples_seens": 36111,
            "top_2_accuracy": 0.8509042552176942,
            "task": 3,
            "categorial_accuracy": 0.7214361701113112,
            "loss": 0.9673354618600074,
            "epoch": 0
        },
        {
            "samples_seens": 45137,
            "top_2_accuracy": 0.8642553193011182,
            "task": 4,
            "categorial_accuracy": 0.7410638299394161,
            "loss": 0.8924548272376365,
            "epoch": 0
        },
        {
            "samples_seens": 54163,
            "top_2_accuracy": 0.8935106383993271,
            "task": 5,
            "categorial_accuracy": 0.7768617019754775,
            "loss": 0.7490143786592687,
            "epoch": 0
        },
        {
            "samples_seens": 63189,
            "top_2_accuracy": 0.9047340425531915,
            "task": 6,
            "categorial_accuracy": 0.7882446808510638,
            "loss": 0.7122009990570393,
            "epoch": 0
        },
        {
            "samples_seens": 72214,
            "top_2_accuracy": 0.9139893618035824,
            "task": 7,
            "categorial_accuracy": 0.8017021278117565,
            "loss": 0.6626211239936504,
            "epoch": 0
        },
        {
            "samples_seens": 81238,
            "top_2_accuracy": 0.9115957447315785,
            "task": 8,
            "categorial_accuracy": 0.7890425533436715,
            "loss": 0.7162768304094355,
            "epoch": 0
        },
        {
            "samples_seens": 90261,
            "top_2_accuracy": 0.858085106281524,
            "task": 9,
            "categorial_accuracy": 0.7017021275073924,
            "loss": 1.0314057564228138,
            "epoch": 0
        },
        {
            "samples_seens": 99290,
            "top_2_accuracy": 0.9181914894631569,
            "task": 0,
            "categorial_accuracy": 0.8052659572946265,
            "loss": 0.6313042868451869,
            "epoch": 1
        },
        {
            "samples_seens": 108318,
            "top_2_accuracy": 0.9231382980245225,
            "task": 1,
            "categorial_accuracy": 0.8156382978216131,
            "loss": 0.5936166582716272,
            "epoch": 1
        },
        {
            "samples_seens": 117346,
            "top_2_accuracy": 0.9231382980245225,
            "task": 2,
            "categorial_accuracy": 0.8157446809525185,
            "loss": 0.5953748464330714,
            "epoch": 1
        },
        {
            "samples_seens": 126372,
            "top_2_accuracy": 0.9288829786726769,
            "task": 3,
            "categorial_accuracy": 0.8210638298886888,
            "loss": 0.564489505620713,
            "epoch": 1
        },
        {
            "samples_seens": 135398,
            "top_2_accuracy": 0.9286702128674121,
            "task": 4,
            "categorial_accuracy": 0.8252127658052647,
            "loss": 0.5547835165135404,
            "epoch": 1
        },
        {
            "samples_seens": 144424,
            "top_2_accuracy": 0.9290957447823058,
            "task": 5,
            "categorial_accuracy": 0.8272872338903711,
            "loss": 0.5368480401850761,
            "epoch": 1
        },
        {
            "samples_seens": 153450,
            "top_2_accuracy": 0.9343085105875705,
            "task": 6,
            "categorial_accuracy": 0.8316489360180307,
            "loss": 0.5234481881019917,
            "epoch": 1
        },
        {
            "samples_seens": 162475,
            "top_2_accuracy": 0.9323936171734587,
            "task": 7,
            "categorial_accuracy": 0.8246276596251955,
            "loss": 0.5538391479786406,
            "epoch": 1
        },
        {
            "samples_seens": 171499,
            "top_2_accuracy": 0.929042553140762,
            "task": 8,
            "categorial_accuracy": 0.8188829785712222,
            "loss": 0.5741858225934049,
            "epoch": 1
        },
        {
            "samples_seens": 180522,
            "top_2_accuracy": 0.9022872340932806,
            "task": 9,
            "categorial_accuracy": 0.764468085106383,
            "loss": 0.7706021723848708,
            "epoch": 1
        },
        {
            "samples_seens": 189551,
            "top_2_accuracy": 0.9341489363223948,
            "task": 0,
            "categorial_accuracy": 0.8248936168690946,
            "loss": 0.5645471746109901,
            "epoch": 2
        },
        {
            "samples_seens": 198579,
            "top_2_accuracy": 0.9338297872340425,
            "task": 1,
            "categorial_accuracy": 0.8307978724926076,
            "loss": 0.5459099769845922,
            "epoch": 2
        },
        {
            "samples_seens": 207607,
            "top_2_accuracy": 0.9299468084091835,
            "task": 2,
            "categorial_accuracy": 0.8264893618035823,
            "loss": 0.5573406315610764,
            "epoch": 2
        },
        {
            "samples_seens": 216633,
            "top_2_accuracy": 0.9351063831309054,
            "task": 3,
            "categorial_accuracy": 0.8312765956939535,
            "loss": 0.5393061065166554,
            "epoch": 2
        },
        {
            "samples_seens": 225659,
            "top_2_accuracy": 0.9360106383993271,
            "task": 4,
            "categorial_accuracy": 0.8392021275073924,
            "loss": 0.5069659209758678,
            "epoch": 2
        },
        {
            "samples_seens": 234685,
            "top_2_accuracy": 0.9376595745695399,
            "task": 5,
            "categorial_accuracy": 0.839042553140762,
            "loss": 0.5052920117023143,
            "epoch": 2
        },
        {
            "samples_seens": 243711,
            "top_2_accuracy": 0.940585106281524,
            "task": 6,
            "categorial_accuracy": 0.8441489363223948,
            "loss": 0.4766631281375885,
            "epoch": 2
        },
        {
            "samples_seens": 252736,
            "top_2_accuracy": 0.939946808459911,
            "task": 7,
            "categorial_accuracy": 0.8395744680343791,
            "loss": 0.49453931620780456,
            "epoch": 2
        },
        {
            "samples_seens": 261760,
            "top_2_accuracy": 0.9362234044075012,
            "task": 8,
            "categorial_accuracy": 0.8265425532422167,
            "loss": 0.5535268590551742,
            "epoch": 2
        },
        {
            "samples_seens": 270783,
            "top_2_accuracy": 0.908031914741435,
            "task": 9,
            "categorial_accuracy": 0.7707446809525186,
            "loss": 0.7694046582059657,
            "epoch": 2
        }
    ]
}