{
    "task_count": 10,
    "id": 0,
    "name": "id0_t10_dp0.3_dc0.6_df0.1",
    "results": [
        {
            "epoch": 0,
            "categorial_accuracy": 0.5053723405269867,
            "top_2_accuracy": 0.6590425531914894,
            "loss": 1.939797629396966,
            "task": 0,
            "samples_seens": 9030
        },
        {
            "epoch": 0,
            "categorial_accuracy": 0.5854255317627115,
            "top_2_accuracy": 0.735106382927996,
            "loss": 1.6257646959385974,
            "task": 1,
            "samples_seens": 18059
        },
        {
            "epoch": 0,
            "categorial_accuracy": 0.6557446810032459,
            "top_2_accuracy": 0.7955319150457991,
            "loss": 1.3406289134127027,
            "task": 2,
            "samples_seens": 27087
        },
        {
            "epoch": 0,
            "categorial_accuracy": 0.6845744679836516,
            "top_2_accuracy": 0.817393617072004,
            "loss": 1.1920525056757825,
            "task": 3,
            "samples_seens": 36113
        },
        {
            "epoch": 0,
            "categorial_accuracy": 0.7245744679836517,
            "top_2_accuracy": 0.8533510637790599,
            "loss": 0.9832687772081253,
            "task": 4,
            "samples_seens": 45141
        },
        {
            "epoch": 0,
            "categorial_accuracy": 0.7503191489361702,
            "top_2_accuracy": 0.8697872339918258,
            "loss": 0.8793511951730606,
            "task": 5,
            "samples_seens": 54168
        },
        {
            "epoch": 0,
            "categorial_accuracy": 0.7663829786726769,
            "top_2_accuracy": 0.8836702126137754,
            "loss": 0.8052876713428091,
            "task": 6,
            "samples_seens": 63195
        },
        {
            "epoch": 0,
            "categorial_accuracy": 0.7872872338903711,
            "top_2_accuracy": 0.9049468084091836,
            "loss": 0.7003192636814524,
            "task": 7,
            "samples_seens": 72223
        },
        {
            "epoch": 0,
            "categorial_accuracy": 0.800053191387907,
            "top_2_accuracy": 0.9136702126645028,
            "loss": 0.665867592781148,
            "task": 8,
            "samples_seens": 81251
        },
        {
            "epoch": 0,
            "categorial_accuracy": 0.7843085107397526,
            "top_2_accuracy": 0.9087234041538644,
            "loss": 0.7155319303147336,
            "task": 9,
            "samples_seens": 90280
        },
        {
            "epoch": 1,
            "categorial_accuracy": 0.7896808509623751,
            "top_2_accuracy": 0.904840425684097,
            "loss": 0.7619505453617015,
            "task": 0,
            "samples_seens": 99310
        },
        {
            "epoch": 1,
            "categorial_accuracy": 0.793936170212766,
            "top_2_accuracy": 0.9104255319656209,
            "loss": 0.7140957973358479,
            "task": 1,
            "samples_seens": 108339
        },
        {
            "epoch": 1,
            "categorial_accuracy": 0.7991489361702128,
            "top_2_accuracy": 0.9118085104861158,
            "loss": 0.6743750632062872,
            "task": 2,
            "samples_seens": 117367
        },
        {
            "epoch": 1,
            "categorial_accuracy": 0.8024468083584563,
            "top_2_accuracy": 0.9147872338903711,
            "loss": 0.646072328547214,
            "task": 3,
            "samples_seens": 126393
        },
        {
            "epoch": 1,
            "categorial_accuracy": 0.8084042553698763,
            "top_2_accuracy": 0.9165957446301237,
            "loss": 0.6519294700724013,
            "task": 4,
            "samples_seens": 135421
        },
        {
            "epoch": 1,
            "categorial_accuracy": 0.8151063830801781,
            "top_2_accuracy": 0.917340425684097,
            "loss": 0.6382415606366827,
            "task": 5,
            "samples_seens": 144448
        },
        {
            "epoch": 1,
            "categorial_accuracy": 0.8223404255319149,
            "top_2_accuracy": 0.9248404255319149,
            "loss": 0.5731124610089241,
            "task": 6,
            "samples_seens": 153475
        },
        {
            "epoch": 1,
            "categorial_accuracy": 0.825053191387907,
            "top_2_accuracy": 0.9278191490883523,
            "loss": 0.5553673226528979,
            "task": 7,
            "samples_seens": 162503
        },
        {
            "epoch": 1,
            "categorial_accuracy": 0.8290425530393073,
            "top_2_accuracy": 0.9345744680851064,
            "loss": 0.5252048999451576,
            "task": 8,
            "samples_seens": 171531
        },
        {
            "epoch": 1,
            "categorial_accuracy": 0.8220212765957446,
            "top_2_accuracy": 0.9314361700605839,
            "loss": 0.5772261341581953,
            "task": 9,
            "samples_seens": 180560
        },
        {
            "epoch": 2,
            "categorial_accuracy": 0.8169148935155666,
            "top_2_accuracy": 0.9238829788755863,
            "loss": 0.6634664618715327,
            "task": 0,
            "samples_seens": 189590
        },
        {
            "epoch": 2,
            "categorial_accuracy": 0.8234574469099654,
            "top_2_accuracy": 0.9262765958461355,
            "loss": 0.6179696732632657,
            "task": 1,
            "samples_seens": 198619
        },
        {
            "epoch": 2,
            "categorial_accuracy": 0.8154255318641662,
            "top_2_accuracy": 0.9229255318641663,
            "loss": 0.6366630729208601,
            "task": 2,
            "samples_seens": 207647
        },
        {
            "epoch": 2,
            "categorial_accuracy": 0.8166489363223949,
            "top_2_accuracy": 0.9238297872340425,
            "loss": 0.6205898788888403,
            "task": 3,
            "samples_seens": 216673
        },
        {
            "epoch": 2,
            "categorial_accuracy": 0.8297340424010095,
            "top_2_accuracy": 0.9314893618035823,
            "loss": 0.551666403247955,
            "task": 4,
            "samples_seens": 225701
        },
        {
            "epoch": 2,
            "categorial_accuracy": 0.8313829786726769,
            "top_2_accuracy": 0.9321276595237408,
            "loss": 0.5418844369370887,
            "task": 5,
            "samples_seens": 234728
        },
        {
            "epoch": 2,
            "categorial_accuracy": 0.8372340425024641,
            "top_2_accuracy": 0.9341489361194855,
            "loss": 0.5153371154247446,
            "task": 6,
            "samples_seens": 243755
        },
        {
            "epoch": 2,
            "categorial_accuracy": 0.8312234041031371,
            "top_2_accuracy": 0.9377127660589015,
            "loss": 0.5018633771957235,
            "task": 7,
            "samples_seens": 252783
        },
        {
            "epoch": 2,
            "categorial_accuracy": 0.8358510638297872,
            "top_2_accuracy": 0.9376595746202672,
            "loss": 0.5016306414249095,
            "task": 8,
            "samples_seens": 261811
        },
        {
            "epoch": 2,
            "categorial_accuracy": 0.8228723404255319,
            "top_2_accuracy": 0.9327659574468085,
            "loss": 0.5682157005908641,
            "task": 9,
            "samples_seens": 270840
        }
    ]
}