{
    "task_count": 10,
    "id": 0,
    "name": "id0_t10_dp0.3_dc0.2_df0.5",
    "results": [
        {
            "epoch": 0,
            "categorial_accuracy": 0.5291489360941217,
            "top_2_accuracy": 0.6809042552684216,
            "loss": 1.7462295709772313,
            "task": 0,
            "samples_seens": 9029
        },
        {
            "epoch": 0,
            "categorial_accuracy": 0.6475000001014547,
            "top_2_accuracy": 0.7880319147921623,
            "loss": 1.2667773390830832,
            "task": 1,
            "samples_seens": 18056
        },
        {
            "epoch": 0,
            "categorial_accuracy": 0.6972872338903712,
            "top_2_accuracy": 0.8334042551669668,
            "loss": 1.043071708780654,
            "task": 2,
            "samples_seens": 27084
        },
        {
            "epoch": 0,
            "categorial_accuracy": 0.7380319149443444,
            "top_2_accuracy": 0.8683510636776052,
            "loss": 0.8827501644479467,
            "task": 3,
            "samples_seens": 36112
        },
        {
            "epoch": 0,
            "categorial_accuracy": 0.7647872340932805,
            "top_2_accuracy": 0.8908510636776051,
            "loss": 0.7817162574098465,
            "task": 4,
            "samples_seens": 45140
        },
        {
            "epoch": 0,
            "categorial_accuracy": 0.7769148935155665,
            "top_2_accuracy": 0.8987234043060465,
            "loss": 0.7188658803067309,
            "task": 5,
            "samples_seens": 54168
        },
        {
            "epoch": 0,
            "categorial_accuracy": 0.7945212766971994,
            "top_2_accuracy": 0.9102659574468085,
            "loss": 0.662286056762046,
            "task": 6,
            "samples_seens": 63194
        },
        {
            "epoch": 0,
            "categorial_accuracy": 0.795372340425532,
            "top_2_accuracy": 0.9150531913371797,
            "loss": 0.6745880022454769,
            "task": 7,
            "samples_seens": 72222
        },
        {
            "epoch": 0,
            "categorial_accuracy": 0.8055851063829788,
            "top_2_accuracy": 0.9199999998478179,
            "loss": 0.6288951817979204,
            "task": 8,
            "samples_seens": 81250
        },
        {
            "epoch": 0,
            "categorial_accuracy": 0.7986702128674121,
            "top_2_accuracy": 0.9241489361194855,
            "loss": 0.6583458237952374,
            "task": 9,
            "samples_seens": 90279
        },
        {
            "epoch": 1,
            "categorial_accuracy": 0.8113297872847699,
            "top_2_accuracy": 0.9242553191489362,
            "loss": 0.5932286094604654,
            "task": 0,
            "samples_seens": 99308
        },
        {
            "epoch": 1,
            "categorial_accuracy": 0.8138829786219496,
            "top_2_accuracy": 0.924468085106383,
            "loss": 0.5850896726770604,
            "task": 1,
            "samples_seens": 108335
        },
        {
            "epoch": 1,
            "categorial_accuracy": 0.8144148936170212,
            "top_2_accuracy": 0.9243085107397526,
            "loss": 0.590964845342839,
            "task": 2,
            "samples_seens": 117363
        },
        {
            "epoch": 1,
            "categorial_accuracy": 0.8198936169198219,
            "top_2_accuracy": 0.9268617022291142,
            "loss": 0.561694449744326,
            "task": 3,
            "samples_seens": 126391
        },
        {
            "epoch": 1,
            "categorial_accuracy": 0.825851063931242,
            "top_2_accuracy": 0.9318085105368431,
            "loss": 0.5392700585659514,
            "task": 4,
            "samples_seens": 135419
        },
        {
            "epoch": 1,
            "categorial_accuracy": 0.8326063828265413,
            "top_2_accuracy": 0.9372872341947353,
            "loss": 0.5160813261092977,
            "task": 5,
            "samples_seens": 144447
        },
        {
            "epoch": 1,
            "categorial_accuracy": 0.8331914893109748,
            "top_2_accuracy": 0.9388829788248589,
            "loss": 0.507800920567614,
            "task": 6,
            "samples_seens": 153473
        },
        {
            "epoch": 1,
            "categorial_accuracy": 0.8335638296857794,
            "top_2_accuracy": 0.936382978672677,
            "loss": 0.5135820731964517,
            "task": 7,
            "samples_seens": 162501
        },
        {
            "epoch": 1,
            "categorial_accuracy": 0.8331382979230678,
            "top_2_accuracy": 0.9382978724926077,
            "loss": 0.5094187212751267,
            "task": 8,
            "samples_seens": 171529
        },
        {
            "epoch": 1,
            "categorial_accuracy": 0.8247340427053735,
            "top_2_accuracy": 0.9365425532929441,
            "loss": 0.5444093116039925,
            "task": 9,
            "samples_seens": 180558
        },
        {
            "epoch": 2,
            "categorial_accuracy": 0.8357446808003365,
            "top_2_accuracy": 0.9401595744173578,
            "loss": 0.5180475868823681,
            "task": 0,
            "samples_seens": 189587
        },
        {
            "epoch": 2,
            "categorial_accuracy": 0.8430851063322514,
            "top_2_accuracy": 0.9409042554206036,
            "loss": 0.49340611115415045,
            "task": 1,
            "samples_seens": 198614
        },
        {
            "epoch": 2,
            "categorial_accuracy": 0.8395744680851064,
            "top_2_accuracy": 0.9430319149950718,
            "loss": 0.49140389698617004,
            "task": 2,
            "samples_seens": 207642
        },
        {
            "epoch": 2,
            "categorial_accuracy": 0.8421808512160118,
            "top_2_accuracy": 0.9431382979737951,
            "loss": 0.48438683682299677,
            "task": 3,
            "samples_seens": 216670
        },
        {
            "epoch": 2,
            "categorial_accuracy": 0.8429255320670757,
            "top_2_accuracy": 0.9440425532929441,
            "loss": 0.4750179699380347,
            "task": 4,
            "samples_seens": 225698
        },
        {
            "epoch": 2,
            "categorial_accuracy": 0.8441489361194854,
            "top_2_accuracy": 0.9449999999492726,
            "loss": 0.46488762262019706,
            "task": 5,
            "samples_seens": 234726
        },
        {
            "epoch": 2,
            "categorial_accuracy": 0.8435106383485997,
            "top_2_accuracy": 0.9448936171227313,
            "loss": 0.47204324838962963,
            "task": 6,
            "samples_seens": 243752
        },
        {
            "epoch": 2,
            "categorial_accuracy": 0.8455851064337061,
            "top_2_accuracy": 0.947553191387907,
            "loss": 0.459650310658394,
            "task": 7,
            "samples_seens": 252780
        },
        {
            "epoch": 2,
            "categorial_accuracy": 0.8281382979737951,
            "top_2_accuracy": 0.9316489363223949,
            "loss": 0.5376707928738695,
            "task": 8,
            "samples_seens": 261808
        },
        {
            "epoch": 2,
            "categorial_accuracy": 0.836595744528669,
            "top_2_accuracy": 0.9462765956432261,
            "loss": 0.4875319788557418,
            "task": 9,
            "samples_seens": 270837
        }
    ]
}