{
    "name": "id0_t10_dp0.5_dc0.5_df0.0",
    "task_count": 10,
    "id": 0,
    "results": [
        {
            "samples_seens": 9023,
            "top_2_accuracy": 0.6443617020262049,
            "task": 0,
            "categorial_accuracy": 0.5018617020262048,
            "loss": 2.132656311481557,
            "epoch": 0
        },
        {
            "samples_seens": 18047,
            "top_2_accuracy": 0.6978191490376249,
            "task": 1,
            "categorial_accuracy": 0.5564361701620386,
            "loss": 1.9856480115525266,
            "epoch": 0
        },
        {
            "samples_seens": 27071,
            "top_2_accuracy": 0.7576063828772687,
            "task": 2,
            "categorial_accuracy": 0.6130851064337061,
            "loss": 1.581501100215506,
            "epoch": 0
        },
        {
            "samples_seens": 36095,
            "top_2_accuracy": 0.7929787234549827,
            "task": 3,
            "categorial_accuracy": 0.6593617022798417,
            "loss": 1.3530329919368662,
            "epoch": 0
        },
        {
            "samples_seens": 45121,
            "top_2_accuracy": 0.8206914894124295,
            "task": 4,
            "categorial_accuracy": 0.6880319149950718,
            "loss": 1.2400622481488166,
            "epoch": 0
        },
        {
            "samples_seens": 54147,
            "top_2_accuracy": 0.844627659422286,
            "task": 5,
            "categorial_accuracy": 0.7163829786726769,
            "loss": 1.0725651786682453,
            "epoch": 0
        },
        {
            "samples_seens": 63173,
            "top_2_accuracy": 0.8652659572946264,
            "task": 6,
            "categorial_accuracy": 0.742553191540089,
            "loss": 0.9168906987981593,
            "epoch": 0
        },
        {
            "samples_seens": 72200,
            "top_2_accuracy": 0.8878723403240772,
            "task": 7,
            "categorial_accuracy": 0.7735106382978724,
            "loss": 0.7846400190414267,
            "epoch": 0
        },
        {
            "samples_seens": 81227,
            "top_2_accuracy": 0.909255318996754,
            "task": 8,
            "categorial_accuracy": 0.7915957447315785,
            "loss": 0.688386118716382,
            "epoch": 0
        },
        {
            "samples_seens": 90256,
            "top_2_accuracy": 0.9233510638297873,
            "task": 9,
            "categorial_accuracy": 0.8070744681865611,
            "loss": 0.6675914594974923,
            "epoch": 0
        },
        {
            "samples_seens": 99279,
            "top_2_accuracy": 0.8857446808003365,
            "task": 0,
            "categorial_accuracy": 0.7679255317627115,
            "loss": 0.9186314145047614,
            "epoch": 1
        },
        {
            "samples_seens": 108303,
            "top_2_accuracy": 0.889414893718476,
            "task": 1,
            "categorial_accuracy": 0.7691489362209402,
            "loss": 0.9433259484108458,
            "epoch": 1
        },
        {
            "samples_seens": 117327,
            "top_2_accuracy": 0.8932446810032459,
            "task": 2,
            "categorial_accuracy": 0.7748404254304602,
            "loss": 0.8381553937019186,
            "epoch": 1
        },
        {
            "samples_seens": 126351,
            "top_2_accuracy": 0.9005319147921623,
            "task": 3,
            "categorial_accuracy": 0.7863297873354973,
            "loss": 0.7829269412730603,
            "epoch": 1
        },
        {
            "samples_seens": 135377,
            "top_2_accuracy": 0.8985106382471449,
            "task": 4,
            "categorial_accuracy": 0.7891489362716675,
            "loss": 0.7558683386254818,
            "epoch": 1
        },
        {
            "samples_seens": 144403,
            "top_2_accuracy": 0.907500000152182,
            "task": 5,
            "categorial_accuracy": 0.7963297872847699,
            "loss": 0.7367857919348048,
            "epoch": 1
        },
        {
            "samples_seens": 153429,
            "top_2_accuracy": 0.9163297870818605,
            "task": 6,
            "categorial_accuracy": 0.8099468085613657,
            "loss": 0.6414268107109882,
            "epoch": 1
        },
        {
            "samples_seens": 162456,
            "top_2_accuracy": 0.9218617019754775,
            "task": 7,
            "categorial_accuracy": 0.8101595744173578,
            "loss": 0.6155721467099291,
            "epoch": 1
        },
        {
            "samples_seens": 171483,
            "top_2_accuracy": 0.9303723402733498,
            "task": 8,
            "categorial_accuracy": 0.8200531916415438,
            "loss": 0.562716340130948,
            "epoch": 1
        },
        {
            "samples_seens": 180512,
            "top_2_accuracy": 0.9334042551669669,
            "task": 9,
            "categorial_accuracy": 0.8223936168690945,
            "loss": 0.5651701191638379,
            "epoch": 1
        },
        {
            "samples_seens": 189535,
            "top_2_accuracy": 0.9123936168690945,
            "task": 0,
            "categorial_accuracy": 0.8014361701113113,
            "loss": 0.758779530880299,
            "epoch": 2
        },
        {
            "samples_seens": 198559,
            "top_2_accuracy": 0.9057446806988818,
            "task": 1,
            "categorial_accuracy": 0.7920212765957447,
            "loss": 0.8387319147333185,
            "epoch": 2
        },
        {
            "samples_seens": 207583,
            "top_2_accuracy": 0.9019148935155665,
            "task": 2,
            "categorial_accuracy": 0.7897872340425532,
            "loss": 0.8551210570335388,
            "epoch": 2
        },
        {
            "samples_seens": 216607,
            "top_2_accuracy": 0.9141489360180307,
            "task": 3,
            "categorial_accuracy": 0.7997872340425531,
            "loss": 0.7227717684684916,
            "epoch": 2
        },
        {
            "samples_seens": 225633,
            "top_2_accuracy": 0.918936170364948,
            "task": 4,
            "categorial_accuracy": 0.8117553190474814,
            "loss": 0.679952035609712,
            "epoch": 2
        },
        {
            "samples_seens": 234659,
            "top_2_accuracy": 0.9213829787234042,
            "task": 5,
            "categorial_accuracy": 0.8151063830801781,
            "loss": 0.6225471497342941,
            "epoch": 2
        },
        {
            "samples_seens": 243685,
            "top_2_accuracy": 0.9264893618543097,
            "task": 6,
            "categorial_accuracy": 0.8240425532929441,
            "loss": 0.5893620604149838,
            "epoch": 2
        },
        {
            "samples_seens": 252712,
            "top_2_accuracy": 0.9279255318641663,
            "task": 7,
            "categorial_accuracy": 0.8278723405269867,
            "loss": 0.564794964333798,
            "epoch": 2
        },
        {
            "samples_seens": 261739,
            "top_2_accuracy": 0.9359574469606927,
            "task": 8,
            "categorial_accuracy": 0.8361170212765957,
            "loss": 0.5097927654043157,
            "epoch": 2
        },
        {
            "samples_seens": 270768,
            "top_2_accuracy": 0.9413297871833152,
            "task": 9,
            "categorial_accuracy": 0.8368085107397526,
            "loss": 0.5090559662910218,
            "epoch": 2
        }
    ]
}