{
    "name": "id0_t10_dp0.3_dc0.4_df0.3",
    "task_count": 10,
    "id": 0,
    "results": [
        {
            "samples_seens": 9029,
            "top_2_accuracy": 0.675159574468085,
            "task": 0,
            "categorial_accuracy": 0.5170744680343791,
            "loss": 1.857929437312674,
            "epoch": 0
        },
        {
            "samples_seens": 18057,
            "top_2_accuracy": 0.7626063831309055,
            "task": 1,
            "categorial_accuracy": 0.6154787233535279,
            "loss": 1.3829784686514672,
            "epoch": 0
        },
        {
            "samples_seens": 27086,
            "top_2_accuracy": 0.8076063828772687,
            "task": 2,
            "categorial_accuracy": 0.6747340426546462,
            "loss": 1.209840136588888,
            "epoch": 0
        },
        {
            "samples_seens": 36114,
            "top_2_accuracy": 0.840531914893617,
            "task": 3,
            "categorial_accuracy": 0.7105851062307966,
            "loss": 1.0231021967340024,
            "epoch": 0
        },
        {
            "samples_seens": 45142,
            "top_2_accuracy": 0.8686702127659575,
            "task": 4,
            "categorial_accuracy": 0.7444148934648392,
            "loss": 0.8826188087970652,
            "epoch": 0
        },
        {
            "samples_seens": 54170,
            "top_2_accuracy": 0.8875,
            "task": 5,
            "categorial_accuracy": 0.770425531965621,
            "loss": 0.7650398998057588,
            "epoch": 0
        },
        {
            "samples_seens": 63198,
            "top_2_accuracy": 0.9069680851063829,
            "task": 6,
            "categorial_accuracy": 0.7923936171734587,
            "loss": 0.6800951481880025,
            "epoch": 0
        },
        {
            "samples_seens": 72227,
            "top_2_accuracy": 0.9135106384500544,
            "task": 7,
            "categorial_accuracy": 0.8028191487839882,
            "loss": 0.6508847555708378,
            "epoch": 0
        },
        {
            "samples_seens": 81255,
            "top_2_accuracy": 0.9173936168690945,
            "task": 8,
            "categorial_accuracy": 0.7969148937692033,
            "loss": 0.6688900391598965,
            "epoch": 0
        },
        {
            "samples_seens": 90284,
            "top_2_accuracy": 0.9161170211244136,
            "task": 9,
            "categorial_accuracy": 0.7899468086628204,
            "loss": 0.7127000240062146,
            "epoch": 0
        },
        {
            "samples_seens": 99313,
            "top_2_accuracy": 0.921914893718476,
            "task": 0,
            "categorial_accuracy": 0.8079787234549827,
            "loss": 0.6241162425913709,
            "epoch": 1
        },
        {
            "samples_seens": 108341,
            "top_2_accuracy": 0.9227659574468086,
            "task": 1,
            "categorial_accuracy": 0.8078191489361702,
            "loss": 0.618923934444468,
            "epoch": 1
        },
        {
            "samples_seens": 117370,
            "top_2_accuracy": 0.9204787235564373,
            "task": 2,
            "categorial_accuracy": 0.8112234043060466,
            "loss": 0.6140113969052091,
            "epoch": 1
        },
        {
            "samples_seens": 126398,
            "top_2_accuracy": 0.9263297871833152,
            "task": 3,
            "categorial_accuracy": 0.8131382978723404,
            "loss": 0.5832803296535574,
            "epoch": 1
        },
        {
            "samples_seens": 135426,
            "top_2_accuracy": 0.931276595896863,
            "task": 4,
            "categorial_accuracy": 0.820585106281524,
            "loss": 0.5547865919610288,
            "epoch": 1
        },
        {
            "samples_seens": 144454,
            "top_2_accuracy": 0.9299468085106383,
            "task": 5,
            "categorial_accuracy": 0.8262765956939535,
            "loss": 0.5432068349960002,
            "epoch": 1
        },
        {
            "samples_seens": 153482,
            "top_2_accuracy": 0.9348936169705493,
            "task": 6,
            "categorial_accuracy": 0.8276595745188124,
            "loss": 0.5318627874901954,
            "epoch": 1
        },
        {
            "samples_seens": 162511,
            "top_2_accuracy": 0.9370212765957446,
            "task": 7,
            "categorial_accuracy": 0.8314361702634934,
            "loss": 0.523552122978454,
            "epoch": 1
        },
        {
            "samples_seens": 171539,
            "top_2_accuracy": 0.941436170364948,
            "task": 8,
            "categorial_accuracy": 0.8332978723911529,
            "loss": 0.5073012392825269,
            "epoch": 1
        },
        {
            "samples_seens": 180568,
            "top_2_accuracy": 0.9368617020262049,
            "task": 9,
            "categorial_accuracy": 0.8234574467577833,
            "loss": 0.5716559228998549,
            "epoch": 1
        },
        {
            "samples_seens": 189597,
            "top_2_accuracy": 0.9365425533436714,
            "task": 0,
            "categorial_accuracy": 0.8347872339918259,
            "loss": 0.536014023258331,
            "epoch": 2
        },
        {
            "samples_seens": 198625,
            "top_2_accuracy": 0.9306914893617021,
            "task": 1,
            "categorial_accuracy": 0.827553191387907,
            "loss": 0.5540452718227468,
            "epoch": 2
        },
        {
            "samples_seens": 207654,
            "top_2_accuracy": 0.9379255318641663,
            "task": 2,
            "categorial_accuracy": 0.8313829788755863,
            "loss": 0.5246208889687315,
            "epoch": 2
        },
        {
            "samples_seens": 216682,
            "top_2_accuracy": 0.934574468034379,
            "task": 3,
            "categorial_accuracy": 0.8284042552176942,
            "loss": 0.528379692092855,
            "epoch": 2
        },
        {
            "samples_seens": 225710,
            "top_2_accuracy": 0.9377127659067195,
            "task": 4,
            "categorial_accuracy": 0.8278191488347155,
            "loss": 0.5375090679462919,
            "epoch": 2
        },
        {
            "samples_seens": 234738,
            "top_2_accuracy": 0.9424468084599109,
            "task": 5,
            "categorial_accuracy": 0.8368085107904799,
            "loss": 0.48659769002427444,
            "epoch": 2
        },
        {
            "samples_seens": 243766,
            "top_2_accuracy": 0.9435638297365067,
            "task": 6,
            "categorial_accuracy": 0.8421276596759228,
            "loss": 0.47717373147923897,
            "epoch": 2
        },
        {
            "samples_seens": 252795,
            "top_2_accuracy": 0.9389361703142207,
            "task": 7,
            "categorial_accuracy": 0.8359042552684216,
            "loss": 0.4940767122583186,
            "epoch": 2
        },
        {
            "samples_seens": 261823,
            "top_2_accuracy": 0.9464893616514003,
            "task": 8,
            "categorial_accuracy": 0.8452127659067195,
            "loss": 0.47131144313102075,
            "epoch": 2
        },
        {
            "samples_seens": 270852,
            "top_2_accuracy": 0.9427659575482632,
            "task": 9,
            "categorial_accuracy": 0.8317021276088471,
            "loss": 0.5386881436185634,
            "epoch": 2
        }
    ]
}