{
    "name": "id0_t10_dp0.0_dc0.3_df0.7",
    "task_count": 10,
    "id": 0,
    "results": [
        {
            "samples_seens": 9028,
            "top_2_accuracy": 0.7165957446301237,
            "task": 0,
            "categorial_accuracy": 0.5597872339918258,
            "loss": 1.6562924260281502,
            "epoch": 0
        },
        {
            "samples_seens": 18055,
            "top_2_accuracy": 0.7996276595744681,
            "task": 1,
            "categorial_accuracy": 0.6510106381456903,
            "loss": 1.1973032736270985,
            "epoch": 0
        },
        {
            "samples_seens": 27082,
            "top_2_accuracy": 0.8495744679329243,
            "task": 2,
            "categorial_accuracy": 0.7174468084091836,
            "loss": 0.9732769933659979,
            "epoch": 0
        },
        {
            "samples_seens": 36108,
            "top_2_accuracy": 0.8743617021783869,
            "task": 3,
            "categorial_accuracy": 0.7526063830801781,
            "loss": 0.8304545151933711,
            "epoch": 0
        },
        {
            "samples_seens": 45135,
            "top_2_accuracy": 0.8939361703142207,
            "task": 4,
            "categorial_accuracy": 0.7734574466563285,
            "loss": 0.7541211679641237,
            "epoch": 0
        },
        {
            "samples_seens": 54160,
            "top_2_accuracy": 0.9074999998985452,
            "task": 5,
            "categorial_accuracy": 0.7856914893617021,
            "loss": 0.6914348286263486,
            "epoch": 0
        },
        {
            "samples_seens": 63185,
            "top_2_accuracy": 0.9104255319656209,
            "task": 6,
            "categorial_accuracy": 0.7929255319148936,
            "loss": 0.6642205501109996,
            "epoch": 0
        },
        {
            "samples_seens": 72209,
            "top_2_accuracy": 0.9129255320670757,
            "task": 7,
            "categorial_accuracy": 0.7895744681865611,
            "loss": 0.6909310901418645,
            "epoch": 0
        },
        {
            "samples_seens": 81233,
            "top_2_accuracy": 0.892021276646472,
            "task": 8,
            "categorial_accuracy": 0.7546276595237408,
            "loss": 0.8462152086420263,
            "epoch": 0
        },
        {
            "samples_seens": 90256,
            "top_2_accuracy": 0.8686170212258684,
            "task": 9,
            "categorial_accuracy": 0.7102659572946265,
            "loss": 0.9668164828483095,
            "epoch": 0
        },
        {
            "samples_seens": 99284,
            "top_2_accuracy": 0.9293617021276596,
            "task": 0,
            "categorial_accuracy": 0.8209574469606927,
            "loss": 0.5694230360173165,
            "epoch": 1
        },
        {
            "samples_seens": 108311,
            "top_2_accuracy": 0.9221808510638297,
            "task": 1,
            "categorial_accuracy": 0.8127127660589015,
            "loss": 0.5806463754177094,
            "epoch": 1
        },
        {
            "samples_seens": 117338,
            "top_2_accuracy": 0.9322872339918258,
            "task": 2,
            "categorial_accuracy": 0.8242553191996635,
            "loss": 0.5418922387031798,
            "epoch": 1
        },
        {
            "samples_seens": 126364,
            "top_2_accuracy": 0.9334042554206037,
            "task": 3,
            "categorial_accuracy": 0.8291489360180307,
            "loss": 0.5349445426464081,
            "epoch": 1
        },
        {
            "samples_seens": 135391,
            "top_2_accuracy": 0.9343085107397526,
            "task": 4,
            "categorial_accuracy": 0.8270212764942899,
            "loss": 0.5232066901186679,
            "epoch": 1
        },
        {
            "samples_seens": 144416,
            "top_2_accuracy": 0.9299999999492726,
            "task": 5,
            "categorial_accuracy": 0.8204787234042553,
            "loss": 0.5516150734779682,
            "epoch": 1
        },
        {
            "samples_seens": 153441,
            "top_2_accuracy": 0.9365957447823058,
            "task": 6,
            "categorial_accuracy": 0.8295212767479268,
            "loss": 0.5202514758262229,
            "epoch": 1
        },
        {
            "samples_seens": 162465,
            "top_2_accuracy": 0.9331382978723404,
            "task": 7,
            "categorial_accuracy": 0.8200531916415438,
            "loss": 0.5567322027683258,
            "epoch": 1
        },
        {
            "samples_seens": 171489,
            "top_2_accuracy": 0.9269680851571104,
            "task": 8,
            "categorial_accuracy": 0.8126063830801781,
            "loss": 0.6016237329422159,
            "epoch": 1
        },
        {
            "samples_seens": 180512,
            "top_2_accuracy": 0.9031914893617021,
            "task": 9,
            "categorial_accuracy": 0.758351063931242,
            "loss": 0.7909818494066279,
            "epoch": 1
        },
        {
            "samples_seens": 189540,
            "top_2_accuracy": 0.9352127659067194,
            "task": 0,
            "categorial_accuracy": 0.8302127660589015,
            "loss": 0.5130860853956101,
            "epoch": 2
        },
        {
            "samples_seens": 198567,
            "top_2_accuracy": 0.9407978722896981,
            "task": 1,
            "categorial_accuracy": 0.8427127661096289,
            "loss": 0.48162513839437604,
            "epoch": 2
        },
        {
            "samples_seens": 207594,
            "top_2_accuracy": 0.9437765958461356,
            "task": 2,
            "categorial_accuracy": 0.8432978722896982,
            "loss": 0.4788580284473744,
            "epoch": 2
        },
        {
            "samples_seens": 216620,
            "top_2_accuracy": 0.9418617020769322,
            "task": 3,
            "categorial_accuracy": 0.8434574469099654,
            "loss": 0.48536673332782504,
            "epoch": 2
        },
        {
            "samples_seens": 225647,
            "top_2_accuracy": 0.9432446809525186,
            "task": 4,
            "categorial_accuracy": 0.8467553190982088,
            "loss": 0.4674399673938751,
            "epoch": 2
        },
        {
            "samples_seens": 234672,
            "top_2_accuracy": 0.9414361703142207,
            "task": 5,
            "categorial_accuracy": 0.845000000152182,
            "loss": 0.46795988554650164,
            "epoch": 2
        },
        {
            "samples_seens": 243697,
            "top_2_accuracy": 0.9438297871325878,
            "task": 6,
            "categorial_accuracy": 0.8458510637283325,
            "loss": 0.45919995840559613,
            "epoch": 2
        },
        {
            "samples_seens": 252721,
            "top_2_accuracy": 0.933723404103137,
            "task": 7,
            "categorial_accuracy": 0.8225531915400891,
            "loss": 0.5646759719036996,
            "epoch": 2
        },
        {
            "samples_seens": 261745,
            "top_2_accuracy": 0.924468085258565,
            "task": 8,
            "categorial_accuracy": 0.7982446810032459,
            "loss": 0.6272518179264475,
            "epoch": 2
        },
        {
            "samples_seens": 270768,
            "top_2_accuracy": 0.9202659572946265,
            "task": 9,
            "categorial_accuracy": 0.7836170213273231,
            "loss": 0.6880587705145491,
            "epoch": 2
        }
    ]
}