{
    "results": [
        {
            "top_2_accuracy": 0.7363829788248589,
            "epoch": 0,
            "samples_seens": 18049,
            "categorial_accuracy": 0.5959574469099653,
            "task": 0,
            "loss": 1.5958485378103053
        },
        {
            "top_2_accuracy": 0.8114361702127659,
            "epoch": 0,
            "samples_seens": 36099,
            "categorial_accuracy": 0.6773936171227313,
            "task": 1,
            "loss": 1.1988995806714322
        },
        {
            "top_2_accuracy": 0.8557446810032459,
            "epoch": 0,
            "samples_seens": 54149,
            "categorial_accuracy": 0.7280319148936171,
            "task": 2,
            "loss": 0.9554001734104562
        },
        {
            "top_2_accuracy": 0.9026063830801782,
            "epoch": 0,
            "samples_seens": 72199,
            "categorial_accuracy": 0.7869680851571104,
            "task": 3,
            "loss": 0.6979351091892161
        },
        {
            "top_2_accuracy": 0.9213297872340426,
            "epoch": 0,
            "samples_seens": 90248,
            "categorial_accuracy": 0.8009042552176943,
            "task": 4,
            "loss": 0.6084701232199973
        },
        {
            "top_2_accuracy": 0.9056382979230678,
            "epoch": 1,
            "samples_seens": 108297,
            "categorial_accuracy": 0.7885638296857793,
            "task": 0,
            "loss": 0.7368848392303954
        },
        {
            "top_2_accuracy": 0.9101063828265413,
            "epoch": 1,
            "samples_seens": 126347,
            "categorial_accuracy": 0.7960638299394162,
            "task": 1,
            "loss": 0.6991647761426073
        },
        {
            "top_2_accuracy": 0.9146276595237407,
            "epoch": 1,
            "samples_seens": 144397,
            "categorial_accuracy": 0.7986702129181396,
            "task": 2,
            "loss": 0.6693313410434317
        },
        {
            "top_2_accuracy": 0.9307446808510639,
            "epoch": 1,
            "samples_seens": 162447,
            "categorial_accuracy": 0.8261170213780504,
            "task": 3,
            "loss": 0.5446001427477979
        },
        {
            "top_2_accuracy": 0.9352127661096289,
            "epoch": 1,
            "samples_seens": 180496,
            "categorial_accuracy": 0.8318617022291143,
            "task": 4,
            "loss": 0.5267286639517926
        },
        {
            "top_2_accuracy": 0.923936170364948,
            "epoch": 2,
            "samples_seens": 198545,
            "categorial_accuracy": 0.8152659573960811,
            "task": 0,
            "loss": 0.6451027514579448
        },
        {
            "top_2_accuracy": 0.9197340426039189,
            "epoch": 2,
            "samples_seens": 216595,
            "categorial_accuracy": 0.8115425533436714,
            "task": 1,
            "loss": 0.6669282186284978
        },
        {
            "top_2_accuracy": 0.9302659575482632,
            "epoch": 2,
            "samples_seens": 234645,
            "categorial_accuracy": 0.8257978722389708,
            "task": 2,
            "loss": 0.5510233238149197
        },
        {
            "top_2_accuracy": 0.9377659575482632,
            "epoch": 2,
            "samples_seens": 252695,
            "categorial_accuracy": 0.8377127659067195,
            "task": 3,
            "loss": 0.5088389116398832
        },
        {
            "top_2_accuracy": 0.9388829786726769,
            "epoch": 2,
            "samples_seens": 270744,
            "categorial_accuracy": 0.8411702128166848,
            "task": 4,
            "loss": 0.5079223863621976
        }
    ],
    "task_count": 5,
    "id": 0,
    "name": "id0_t5_dp0.6_dc0.3_df0.1"
}