{
    "results": [
        {
            "top_2_accuracy": 0.736542553292944,
            "epoch": 0,
            "samples_seens": 18050,
            "categorial_accuracy": 0.5609574467577833,
            "task": 0,
            "loss": 1.5901244947758126
        },
        {
            "top_2_accuracy": 0.8507446810032459,
            "epoch": 0,
            "samples_seens": 36099,
            "categorial_accuracy": 0.7179787233028007,
            "task": 1,
            "loss": 0.9804498742489105
        },
        {
            "top_2_accuracy": 0.9038297871833152,
            "epoch": 0,
            "samples_seens": 54148,
            "categorial_accuracy": 0.786489361600673,
            "task": 2,
            "loss": 0.6893105146732736
        },
        {
            "top_2_accuracy": 0.9063829786219495,
            "epoch": 0,
            "samples_seens": 72198,
            "categorial_accuracy": 0.7833510638297873,
            "task": 3,
            "loss": 0.7216896721657287
        },
        {
            "top_2_accuracy": 0.9293617019754775,
            "epoch": 0,
            "samples_seens": 90247,
            "categorial_accuracy": 0.8193617021783869,
            "task": 4,
            "loss": 0.5691356298771311
        },
        {
            "top_2_accuracy": 0.9302127661096289,
            "epoch": 1,
            "samples_seens": 108297,
            "categorial_accuracy": 0.8226063828772687,
            "task": 0,
            "loss": 0.5606367685439739
        },
        {
            "top_2_accuracy": 0.9299999999492726,
            "epoch": 1,
            "samples_seens": 126346,
            "categorial_accuracy": 0.8221276595744681,
            "task": 1,
            "loss": 0.55238997413757
        },
        {
            "top_2_accuracy": 0.9382978724418802,
            "epoch": 1,
            "samples_seens": 144395,
            "categorial_accuracy": 0.8352659573453538,
            "task": 2,
            "loss": 0.5035932058730024
        },
        {
            "top_2_accuracy": 0.9393617022798416,
            "epoch": 1,
            "samples_seens": 162445,
            "categorial_accuracy": 0.8364893618035824,
            "task": 3,
            "loss": 0.4975263333827891
        },
        {
            "top_2_accuracy": 0.9343085106382979,
            "epoch": 1,
            "samples_seens": 180494,
            "categorial_accuracy": 0.8266489363223949,
            "task": 4,
            "loss": 0.5395330691337585
        },
        {
            "top_2_accuracy": 0.9360106384500544,
            "epoch": 2,
            "samples_seens": 198544,
            "categorial_accuracy": 0.8295744679836516,
            "task": 0,
            "loss": 0.525735257813271
        },
        {
            "top_2_accuracy": 0.9423936169705492,
            "epoch": 2,
            "samples_seens": 216593,
            "categorial_accuracy": 0.8431382978723404,
            "task": 1,
            "loss": 0.4847665739059448
        },
        {
            "top_2_accuracy": 0.9442021276088471,
            "epoch": 2,
            "samples_seens": 234642,
            "categorial_accuracy": 0.8448936170212766,
            "task": 2,
            "loss": 0.4765275739862564
        },
        {
            "top_2_accuracy": 0.9481914893617022,
            "epoch": 2,
            "samples_seens": 252692,
            "categorial_accuracy": 0.8488829786726769,
            "task": 3,
            "loss": 0.4500482736496215
        },
        {
            "top_2_accuracy": 0.9462234042045918,
            "epoch": 2,
            "samples_seens": 270741,
            "categorial_accuracy": 0.84797872350571,
            "task": 4,
            "loss": 0.45930798538187717
        }
    ],
    "task_count": 5,
    "id": 0,
    "name": "id0_t5_dp0.3_dc0.2_df0.5"
}