{
    "results": [
        {
            "top_2_accuracy": 0.7371808511145571,
            "epoch": 0,
            "samples_seens": 18049,
            "categorial_accuracy": 0.585904255471331,
            "task": 0,
            "loss": 1.6049409400655867
        },
        {
            "top_2_accuracy": 0.8562765956432261,
            "epoch": 0,
            "samples_seens": 36098,
            "categorial_accuracy": 0.7272872340932806,
            "task": 1,
            "loss": 0.9431687194235782
        },
        {
            "top_2_accuracy": 0.8990957446808511,
            "epoch": 0,
            "samples_seens": 54146,
            "categorial_accuracy": 0.7809042553698763,
            "task": 2,
            "loss": 0.7125216569799058
        },
        {
            "top_2_accuracy": 0.9177659572946264,
            "epoch": 0,
            "samples_seens": 72194,
            "categorial_accuracy": 0.8044148936170212,
            "task": 3,
            "loss": 0.6409802841632924
        },
        {
            "top_2_accuracy": 0.9129255319148936,
            "epoch": 0,
            "samples_seens": 90241,
            "categorial_accuracy": 0.7795744680851063,
            "task": 4,
            "loss": 0.7581280493736267
        },
        {
            "top_2_accuracy": 0.9163297870818605,
            "epoch": 1,
            "samples_seens": 108290,
            "categorial_accuracy": 0.798085106281524,
            "task": 0,
            "loss": 0.6279296471717509
        },
        {
            "top_2_accuracy": 0.9306382978216131,
            "epoch": 1,
            "samples_seens": 126339,
            "categorial_accuracy": 0.8238297871833152,
            "task": 1,
            "loss": 0.552035154408597
        },
        {
            "top_2_accuracy": 0.9346808510131024,
            "epoch": 1,
            "samples_seens": 144387,
            "categorial_accuracy": 0.8338829786219495,
            "task": 2,
            "loss": 0.5165440401371489
        },
        {
            "top_2_accuracy": 0.9371276595237408,
            "epoch": 1,
            "samples_seens": 162435,
            "categorial_accuracy": 0.8323404254811876,
            "task": 3,
            "loss": 0.5098640039880225
        },
        {
            "top_2_accuracy": 0.9243617021276596,
            "epoch": 1,
            "samples_seens": 180482,
            "categorial_accuracy": 0.8016489361702127,
            "task": 4,
            "loss": 0.6345384088982927
        },
        {
            "top_2_accuracy": 0.9378191488854428,
            "epoch": 2,
            "samples_seens": 198531,
            "categorial_accuracy": 0.8347872338903711,
            "task": 0,
            "loss": 0.5394961388821298
        },
        {
            "top_2_accuracy": 0.9351063829279961,
            "epoch": 2,
            "samples_seens": 216580,
            "categorial_accuracy": 0.8315957446808511,
            "task": 1,
            "loss": 0.5539972230982273
        },
        {
            "top_2_accuracy": 0.9439361703142207,
            "epoch": 2,
            "samples_seens": 234628,
            "categorial_accuracy": 0.8465957446301237,
            "task": 2,
            "loss": 0.473575908097815
        },
        {
            "top_2_accuracy": 0.9442021275581197,
            "epoch": 2,
            "samples_seens": 252676,
            "categorial_accuracy": 0.8439361701113113,
            "task": 3,
            "loss": 0.4682967363012598
        },
        {
            "top_2_accuracy": 0.9354255320670757,
            "epoch": 2,
            "samples_seens": 270723,
            "categorial_accuracy": 0.8231382980245225,
            "task": 4,
            "loss": 0.5580858236170829
        }
    ],
    "task_count": 5,
    "id": 0,
    "name": "id0_t5_dp0.0_dc0.7_df0.3"
}