{
    "results": [
        {
            "top_2_accuracy": 0.7626063829787234,
            "epoch": 0,
            "samples_seens": 18049,
            "categorial_accuracy": 0.6166489362716675,
            "task": 0,
            "loss": 1.4171243680791652
        },
        {
            "top_2_accuracy": 0.8438829787741317,
            "epoch": 0,
            "samples_seens": 36099,
            "categorial_accuracy": 0.7147340424010095,
            "task": 1,
            "loss": 1.0001229078211682
        },
        {
            "top_2_accuracy": 0.8659574467577833,
            "epoch": 0,
            "samples_seens": 54148,
            "categorial_accuracy": 0.7411170214287778,
            "task": 2,
            "loss": 0.8807924996538365
        },
        {
            "top_2_accuracy": 0.9164361702127659,
            "epoch": 0,
            "samples_seens": 72198,
            "categorial_accuracy": 0.7944680850049283,
            "task": 3,
            "loss": 0.6396879402120063
        },
        {
            "top_2_accuracy": 0.9224468085106383,
            "epoch": 0,
            "samples_seens": 90247,
            "categorial_accuracy": 0.8096808511145571,
            "task": 4,
            "loss": 0.5962883683468433
        },
        {
            "top_2_accuracy": 0.9105851065351608,
            "epoch": 1,
            "samples_seens": 108296,
            "categorial_accuracy": 0.793085106281524,
            "task": 0,
            "loss": 0.6673449017646464
        },
        {
            "top_2_accuracy": 0.9218617019754775,
            "epoch": 1,
            "samples_seens": 126346,
            "categorial_accuracy": 0.8131382980245225,
            "task": 1,
            "loss": 0.6188285040601771
        },
        {
            "top_2_accuracy": 0.9281382978216131,
            "epoch": 1,
            "samples_seens": 144395,
            "categorial_accuracy": 0.8229787235564374,
            "task": 2,
            "loss": 0.5642186940223612
        },
        {
            "top_2_accuracy": 0.9069680852585651,
            "epoch": 1,
            "samples_seens": 162445,
            "categorial_accuracy": 0.7875531914386343,
            "task": 3,
            "loss": 0.676192093199872
        },
        {
            "top_2_accuracy": 0.9269680850049282,
            "epoch": 1,
            "samples_seens": 180494,
            "categorial_accuracy": 0.813989361752855,
            "task": 4,
            "loss": 0.581907653554957
        },
        {
            "top_2_accuracy": 0.9346808510131024,
            "epoch": 2,
            "samples_seens": 198543,
            "categorial_accuracy": 0.8289893615499456,
            "task": 0,
            "loss": 0.5259184558594481
        },
        {
            "top_2_accuracy": 0.9381382978216131,
            "epoch": 2,
            "samples_seens": 216593,
            "categorial_accuracy": 0.8350531913371796,
            "task": 1,
            "loss": 0.5186630138184162
        },
        {
            "top_2_accuracy": 0.9385106381456902,
            "epoch": 2,
            "samples_seens": 234642,
            "categorial_accuracy": 0.8362234041538644,
            "task": 2,
            "loss": 0.5137865443939859
        },
        {
            "top_2_accuracy": 0.9361702128166848,
            "epoch": 2,
            "samples_seens": 252692,
            "categorial_accuracy": 0.8309574467577833,
            "task": 3,
            "loss": 0.512790950612819
        },
        {
            "top_2_accuracy": 0.9404255317627116,
            "epoch": 2,
            "samples_seens": 270741,
            "categorial_accuracy": 0.8422872338903711,
            "task": 4,
            "loss": 0.4781842893996137
        }
    ],
    "task_count": 5,
    "id": 0,
    "name": "id0_t5_dp0.3_dc0.4_df0.3"
}