{
    "results": [
        {
            "top_2_accuracy": 0.7728723403748046,
            "epoch": 0,
            "samples_seens": 18050,
            "categorial_accuracy": 0.6194680850556556,
            "task": 0,
            "loss": 1.3614247429624518
        },
        {
            "top_2_accuracy": 0.8753723404255319,
            "epoch": 0,
            "samples_seens": 36098,
            "categorial_accuracy": 0.7484574467070559,
            "task": 1,
            "loss": 0.842737671060765
        },
        {
            "top_2_accuracy": 0.9035638298379614,
            "epoch": 0,
            "samples_seens": 54146,
            "categorial_accuracy": 0.7829787233535279,
            "task": 2,
            "loss": 0.699785096188809
        },
        {
            "top_2_accuracy": 0.9220212767479268,
            "epoch": 0,
            "samples_seens": 72194,
            "categorial_accuracy": 0.8066489360687581,
            "task": 3,
            "loss": 0.618168000211107
        },
        {
            "top_2_accuracy": 0.9143617019754775,
            "epoch": 0,
            "samples_seens": 90241,
            "categorial_accuracy": 0.7869680851571104,
            "task": 4,
            "loss": 0.7056938674602102
        },
        {
            "top_2_accuracy": 0.9310106383993271,
            "epoch": 1,
            "samples_seens": 108291,
            "categorial_accuracy": 0.8198936168690946,
            "task": 0,
            "loss": 0.5545732893588695
        },
        {
            "top_2_accuracy": 0.9339361701620386,
            "epoch": 1,
            "samples_seens": 126339,
            "categorial_accuracy": 0.8272872339410985,
            "task": 1,
            "loss": 0.5277470323380004
        },
        {
            "top_2_accuracy": 0.9380319149950718,
            "epoch": 1,
            "samples_seens": 144387,
            "categorial_accuracy": 0.8347872339918259,
            "task": 2,
            "loss": 0.5055103222106365
        },
        {
            "top_2_accuracy": 0.9361702126137754,
            "epoch": 1,
            "samples_seens": 162435,
            "categorial_accuracy": 0.8269148935662939,
            "task": 3,
            "loss": 0.5265786622686589
        },
        {
            "top_2_accuracy": 0.9245212765957447,
            "epoch": 1,
            "samples_seens": 180482,
            "categorial_accuracy": 0.8059042551669668,
            "task": 4,
            "loss": 0.6075822646567162
        },
        {
            "top_2_accuracy": 0.9378723405269866,
            "epoch": 2,
            "samples_seens": 198532,
            "categorial_accuracy": 0.8364361700605839,
            "task": 0,
            "loss": 0.4936131758131879
        },
        {
            "top_2_accuracy": 0.9427127660589015,
            "epoch": 2,
            "samples_seens": 216580,
            "categorial_accuracy": 0.841436170212766,
            "task": 1,
            "loss": 0.473506157626497
        },
        {
            "top_2_accuracy": 0.9444680852585651,
            "epoch": 2,
            "samples_seens": 234628,
            "categorial_accuracy": 0.8457446809017912,
            "task": 2,
            "loss": 0.4672743412281605
        },
        {
            "top_2_accuracy": 0.9442553190474815,
            "epoch": 2,
            "samples_seens": 252676,
            "categorial_accuracy": 0.844946808459911,
            "task": 3,
            "loss": 0.4589737403392792
        },
        {
            "top_2_accuracy": 0.930372340425532,
            "epoch": 2,
            "samples_seens": 270723,
            "categorial_accuracy": 0.8194148935155665,
            "task": 4,
            "loss": 0.5702807452830863
        }
    ],
    "task_count": 5,
    "id": 0,
    "name": "id0_t5_dp0.0_dc0.5_df0.5"
}