{
    "results": [
        {
            "top_2_accuracy": 0.7223936170212766,
            "epoch": 0,
            "samples_seens": 18047,
            "categorial_accuracy": 0.5811170212765957,
            "task": 0,
            "loss": 1.8255258306543878
        },
        {
            "top_2_accuracy": 0.79680851079048,
            "epoch": 0,
            "samples_seens": 36095,
            "categorial_accuracy": 0.6621276595744681,
            "task": 1,
            "loss": 1.3626908065917644
        },
        {
            "top_2_accuracy": 0.8561170213273231,
            "epoch": 0,
            "samples_seens": 54143,
            "categorial_accuracy": 0.7341489363223949,
            "task": 2,
            "loss": 0.9981355045196858
        },
        {
            "top_2_accuracy": 0.8991489360180307,
            "epoch": 0,
            "samples_seens": 72192,
            "categorial_accuracy": 0.7851595745695398,
            "task": 3,
            "loss": 0.7397141699588046
        },
        {
            "top_2_accuracy": 0.9257446809017912,
            "epoch": 0,
            "samples_seens": 90241,
            "categorial_accuracy": 0.8070744679329244,
            "task": 4,
            "loss": 0.6400080348582978
        },
        {
            "top_2_accuracy": 0.8898404254304602,
            "epoch": 1,
            "samples_seens": 108288,
            "categorial_accuracy": 0.7698404256333696,
            "task": 0,
            "loss": 0.9022537338480037
        },
        {
            "top_2_accuracy": 0.9031382979737952,
            "epoch": 1,
            "samples_seens": 126336,
            "categorial_accuracy": 0.7841489360180307,
            "task": 1,
            "loss": 0.7944937696862728
        },
        {
            "top_2_accuracy": 0.9124468083584563,
            "epoch": 1,
            "samples_seens": 144384,
            "categorial_accuracy": 0.8016489363223949,
            "task": 2,
            "loss": 0.6942444226082335
        },
        {
            "top_2_accuracy": 0.9243085107904799,
            "epoch": 1,
            "samples_seens": 162433,
            "categorial_accuracy": 0.8152659574468085,
            "task": 3,
            "loss": 0.588038890818332
        },
        {
            "top_2_accuracy": 0.9362765955924988,
            "epoch": 1,
            "samples_seens": 180482,
            "categorial_accuracy": 0.8287234041538645,
            "task": 4,
            "loss": 0.5330650975349102
        },
        {
            "top_2_accuracy": 0.9172340427053736,
            "epoch": 2,
            "samples_seens": 198529,
            "categorial_accuracy": 0.8044680852585651,
            "task": 0,
            "loss": 0.7468891059591415
        },
        {
            "top_2_accuracy": 0.9155319147414349,
            "epoch": 2,
            "samples_seens": 216577,
            "categorial_accuracy": 0.8069148936170213,
            "task": 1,
            "loss": 0.7404287914519614
        },
        {
            "top_2_accuracy": 0.9283510637283325,
            "epoch": 2,
            "samples_seens": 234625,
            "categorial_accuracy": 0.8187765956939534,
            "task": 2,
            "loss": 0.6056608397149025
        },
        {
            "top_2_accuracy": 0.9279787233535279,
            "epoch": 2,
            "samples_seens": 252674,
            "categorial_accuracy": 0.824840425531915,
            "task": 3,
            "loss": 0.5889103484153747
        },
        {
            "top_2_accuracy": 0.9423936171734587,
            "epoch": 2,
            "samples_seens": 270723,
            "categorial_accuracy": 0.8379255317627116,
            "task": 4,
            "loss": 0.49224383491150875
        }
    ],
    "task_count": 5,
    "id": 0,
    "name": "id0_t5_dp0.3_dc0.7_df0.0"
}