{
    "results": [
        {
            "top_2_accuracy": 0.7181914892602475,
            "epoch": 0,
            "samples_seens": 18050,
            "categorial_accuracy": 0.5664361702634934,
            "task": 0,
            "loss": 1.5946099424362183
        },
        {
            "top_2_accuracy": 0.8714893617021277,
            "epoch": 0,
            "samples_seens": 36098,
            "categorial_accuracy": 0.740106382927996,
            "task": 1,
            "loss": 0.8708726162098823
        },
        {
            "top_2_accuracy": 0.9037765956939535,
            "epoch": 0,
            "samples_seens": 54146,
            "categorial_accuracy": 0.7840957446808511,
            "task": 2,
            "loss": 0.6962029619927101
        },
        {
            "top_2_accuracy": 0.921968085106383,
            "epoch": 0,
            "samples_seens": 72194,
            "categorial_accuracy": 0.8062765956432262,
            "task": 3,
            "loss": 0.6150581996491615
        },
        {
            "top_2_accuracy": 0.9188297870818605,
            "epoch": 0,
            "samples_seens": 90244,
            "categorial_accuracy": 0.80382978728477,
            "task": 4,
            "loss": 0.6332821536571421
        },
        {
            "top_2_accuracy": 0.9243617021276596,
            "epoch": 1,
            "samples_seens": 108294,
            "categorial_accuracy": 0.8130319149443443,
            "task": 0,
            "loss": 0.5970065766953407
        },
        {
            "top_2_accuracy": 0.9331914894631569,
            "epoch": 1,
            "samples_seens": 126342,
            "categorial_accuracy": 0.8252659574975358,
            "task": 1,
            "loss": 0.5355245147867406
        },
        {
            "top_2_accuracy": 0.9383510638297873,
            "epoch": 1,
            "samples_seens": 144390,
            "categorial_accuracy": 0.8343617021783869,
            "task": 2,
            "loss": 0.5095492463162605
        },
        {
            "top_2_accuracy": 0.9432446808510638,
            "epoch": 1,
            "samples_seens": 162438,
            "categorial_accuracy": 0.8419148936677486,
            "task": 3,
            "loss": 0.4785245274229253
        },
        {
            "top_2_accuracy": 0.9401595743666304,
            "epoch": 1,
            "samples_seens": 180488,
            "categorial_accuracy": 0.8334574469099654,
            "task": 4,
            "loss": 0.5027772338085986
        },
        {
            "top_2_accuracy": 0.9370212765450173,
            "epoch": 2,
            "samples_seens": 198538,
            "categorial_accuracy": 0.8374468085613657,
            "task": 0,
            "loss": 0.49957887053489686
        },
        {
            "top_2_accuracy": 0.9414361703142207,
            "epoch": 2,
            "samples_seens": 216586,
            "categorial_accuracy": 0.8420744679329243,
            "task": 1,
            "loss": 0.47882184959472496
        },
        {
            "top_2_accuracy": 0.9440957446301237,
            "epoch": 2,
            "samples_seens": 234634,
            "categorial_accuracy": 0.8490957446301237,
            "task": 2,
            "loss": 0.4621887389142463
        },
        {
            "top_2_accuracy": 0.9479255318641663,
            "epoch": 2,
            "samples_seens": 252682,
            "categorial_accuracy": 0.8500000001014547,
            "task": 3,
            "loss": 0.4447151925715994
        },
        {
            "top_2_accuracy": 0.9410638297365067,
            "epoch": 2,
            "samples_seens": 270732,
            "categorial_accuracy": 0.8379255317627116,
            "task": 4,
            "loss": 0.4927697281634554
        }
    ],
    "task_count": 5,
    "id": 0,
    "name": "id0_t5_dp0.5_dc0.0_df0.5"
}