{
    "results": [
        {
            "top_2_accuracy": 0.7498404254304601,
            "epoch": 0,
            "samples_seens": 18049,
            "categorial_accuracy": 0.6049999998478179,
            "task": 0,
            "loss": 1.440515775680542
        },
        {
            "top_2_accuracy": 0.8463297873354972,
            "epoch": 0,
            "samples_seens": 36099,
            "categorial_accuracy": 0.711063829635052,
            "task": 1,
            "loss": 1.023458259460774
        },
        {
            "top_2_accuracy": 0.8742553191996635,
            "epoch": 0,
            "samples_seens": 54149,
            "categorial_accuracy": 0.7434574467070559,
            "task": 2,
            "loss": 0.8510113516259701
        },
        {
            "top_2_accuracy": 0.9117021278117565,
            "epoch": 0,
            "samples_seens": 72199,
            "categorial_accuracy": 0.7936170211244137,
            "task": 3,
            "loss": 0.6892626684270007
        },
        {
            "top_2_accuracy": 0.9202659574468085,
            "epoch": 0,
            "samples_seens": 90248,
            "categorial_accuracy": 0.8015957446301237,
            "task": 4,
            "loss": 0.6208373681535112
        },
        {
            "top_2_accuracy": 0.9219148936170213,
            "epoch": 1,
            "samples_seens": 108297,
            "categorial_accuracy": 0.8078191488854428,
            "task": 0,
            "loss": 0.61266786669163
        },
        {
            "top_2_accuracy": 0.9264893618543097,
            "epoch": 1,
            "samples_seens": 126347,
            "categorial_accuracy": 0.8144680850049283,
            "task": 1,
            "loss": 0.5788538964504891
        },
        {
            "top_2_accuracy": 0.9259042552684216,
            "epoch": 1,
            "samples_seens": 144397,
            "categorial_accuracy": 0.817500000152182,
            "task": 2,
            "loss": 0.5749983236891159
        },
        {
            "top_2_accuracy": 0.9319680850556556,
            "epoch": 1,
            "samples_seens": 162447,
            "categorial_accuracy": 0.8297872340932806,
            "task": 3,
            "loss": 0.5277764490056546
        },
        {
            "top_2_accuracy": 0.9367553190982089,
            "epoch": 1,
            "samples_seens": 180496,
            "categorial_accuracy": 0.8242553189967541,
            "task": 4,
            "loss": 0.5292518233999293
        },
        {
            "top_2_accuracy": 0.9276595745695398,
            "epoch": 2,
            "samples_seens": 198545,
            "categorial_accuracy": 0.8190957447315784,
            "task": 0,
            "loss": 0.6007462864987394
        },
        {
            "top_2_accuracy": 0.935053191387907,
            "epoch": 2,
            "samples_seens": 216595,
            "categorial_accuracy": 0.833936170212766,
            "task": 1,
            "loss": 0.5166326566199039
        },
        {
            "top_2_accuracy": 0.9376595745695399,
            "epoch": 2,
            "samples_seens": 234645,
            "categorial_accuracy": 0.8381382978216131,
            "task": 2,
            "loss": 0.5149828964091362
        },
        {
            "top_2_accuracy": 0.9412234041538644,
            "epoch": 2,
            "samples_seens": 252695,
            "categorial_accuracy": 0.8421808510638298,
            "task": 3,
            "loss": 0.4789548086866419
        },
        {
            "top_2_accuracy": 0.9393085106382979,
            "epoch": 2,
            "samples_seens": 270744,
            "categorial_accuracy": 0.8301595743666303,
            "task": 4,
            "loss": 0.5121207132998933
        }
    ],
    "task_count": 5,
    "id": 0,
    "name": "id0_t5_dp0.1_dc0.6_df0.3"
}