{
    "results": [
        {
            "top_2_accuracy": 0.7346808512160119,
            "epoch": 0,
            "samples_seens": 18049,
            "categorial_accuracy": 0.5893085105368432,
            "task": 0,
            "loss": 1.610472356613646
        },
        {
            "top_2_accuracy": 0.8243617021783869,
            "epoch": 0,
            "samples_seens": 36098,
            "categorial_accuracy": 0.6901595745188125,
            "task": 1,
            "loss": 1.141251325911664
        },
        {
            "top_2_accuracy": 0.8465425533436715,
            "epoch": 0,
            "samples_seens": 54148,
            "categorial_accuracy": 0.7169680852078377,
            "task": 2,
            "loss": 1.012102598585981
        },
        {
            "top_2_accuracy": 0.9064361700605839,
            "epoch": 0,
            "samples_seens": 72197,
            "categorial_accuracy": 0.7875531913371796,
            "task": 3,
            "loss": 0.6960703846748839
        },
        {
            "top_2_accuracy": 0.9207978724926076,
            "epoch": 0,
            "samples_seens": 90245,
            "categorial_accuracy": 0.8014893616514003,
            "task": 4,
            "loss": 0.6611850583299678
        },
        {
            "top_2_accuracy": 0.9102659573453538,
            "epoch": 1,
            "samples_seens": 108294,
            "categorial_accuracy": 0.7982446808003365,
            "task": 0,
            "loss": 0.7027710407845518
        },
        {
            "top_2_accuracy": 0.9118617022798416,
            "epoch": 1,
            "samples_seens": 126343,
            "categorial_accuracy": 0.7967021277610292,
            "task": 1,
            "loss": 0.6701800017661237
        },
        {
            "top_2_accuracy": 0.9184574468085106,
            "epoch": 1,
            "samples_seens": 144393,
            "categorial_accuracy": 0.8097340427053735,
            "task": 2,
            "loss": 0.6501686976311055
        },
        {
            "top_2_accuracy": 0.9089893618543098,
            "epoch": 1,
            "samples_seens": 162442,
            "categorial_accuracy": 0.787553191387907,
            "task": 3,
            "loss": 0.7188904573562297
        },
        {
            "top_2_accuracy": 0.9351595746202672,
            "epoch": 1,
            "samples_seens": 180490,
            "categorial_accuracy": 0.8270212766971994,
            "task": 4,
            "loss": 0.557315218753003
        },
        {
            "top_2_accuracy": 0.926382978824859,
            "epoch": 2,
            "samples_seens": 198539,
            "categorial_accuracy": 0.8222340426546462,
            "task": 0,
            "loss": 0.6360662167376661
        },
        {
            "top_2_accuracy": 0.9300000001521821,
            "epoch": 2,
            "samples_seens": 216588,
            "categorial_accuracy": 0.8266489361702127,
            "task": 1,
            "loss": 0.5911764104061938
        },
        {
            "top_2_accuracy": 0.9344680852078376,
            "epoch": 2,
            "samples_seens": 234638,
            "categorial_accuracy": 0.8338829786219495,
            "task": 2,
            "loss": 0.5296088818286327
        },
        {
            "top_2_accuracy": 0.9412765956939535,
            "epoch": 2,
            "samples_seens": 252687,
            "categorial_accuracy": 0.8379255319148936,
            "task": 3,
            "loss": 0.5056427540677659
        },
        {
            "top_2_accuracy": 0.9374468086628204,
            "epoch": 2,
            "samples_seens": 270735,
            "categorial_accuracy": 0.8312765955924988,
            "task": 4,
            "loss": 0.520254375604873
        }
    ],
    "task_count": 5,
    "id": 0,
    "name": "id0_t5_dp0.2_dc0.7_df0.1"
}