{
    "results": [
        {
            "top_2_accuracy": 0.7159042553191489,
            "epoch": 0,
            "samples_seens": 18047,
            "categorial_accuracy": 0.5701063830801781,
            "task": 0,
            "loss": 1.8445095822151671
        },
        {
            "top_2_accuracy": 0.7938297873862247,
            "epoch": 0,
            "samples_seens": 36095,
            "categorial_accuracy": 0.6603191488347155,
            "task": 1,
            "loss": 1.3745772200442374
        },
        {
            "top_2_accuracy": 0.8476063831309055,
            "epoch": 0,
            "samples_seens": 54143,
            "categorial_accuracy": 0.7210638299394161,
            "task": 2,
            "loss": 1.049547183767278
        },
        {
            "top_2_accuracy": 0.8916489362716675,
            "epoch": 0,
            "samples_seens": 72191,
            "categorial_accuracy": 0.7728723404255319,
            "task": 3,
            "loss": 0.7886699861668526
        },
        {
            "top_2_accuracy": 0.9192021277103019,
            "epoch": 0,
            "samples_seens": 90241,
            "categorial_accuracy": 0.803723404103137,
            "task": 4,
            "loss": 0.6394708909379675
        },
        {
            "top_2_accuracy": 0.8874999998985453,
            "epoch": 1,
            "samples_seens": 108288,
            "categorial_accuracy": 0.7687765955924988,
            "task": 0,
            "loss": 0.9013770241940275
        },
        {
            "top_2_accuracy": 0.8934574466563285,
            "epoch": 1,
            "samples_seens": 126336,
            "categorial_accuracy": 0.7775531914386343,
            "task": 1,
            "loss": 0.8672251160094079
        },
        {
            "top_2_accuracy": 0.9030851062307966,
            "epoch": 1,
            "samples_seens": 144384,
            "categorial_accuracy": 0.7881382977708857,
            "task": 2,
            "loss": 0.7529906514857678
        },
        {
            "top_2_accuracy": 0.9220212765450173,
            "epoch": 1,
            "samples_seens": 162432,
            "categorial_accuracy": 0.8127659575989906,
            "task": 3,
            "loss": 0.61034849476307
        },
        {
            "top_2_accuracy": 0.9290957445286689,
            "epoch": 1,
            "samples_seens": 180482,
            "categorial_accuracy": 0.8198936171227313,
            "task": 4,
            "loss": 0.5723297819178155
        },
        {
            "top_2_accuracy": 0.911595744528669,
            "epoch": 2,
            "samples_seens": 198529,
            "categorial_accuracy": 0.8019148936170213,
            "task": 0,
            "loss": 0.7906207355032576
        },
        {
            "top_2_accuracy": 0.9093617020769322,
            "epoch": 2,
            "samples_seens": 216577,
            "categorial_accuracy": 0.7971808510638297,
            "task": 1,
            "loss": 0.7666043741652306
        },
        {
            "top_2_accuracy": 0.9147872341947353,
            "epoch": 2,
            "samples_seens": 234625,
            "categorial_accuracy": 0.8101595744680851,
            "task": 2,
            "loss": 0.6793732668998393
        },
        {
            "top_2_accuracy": 0.9297340425024642,
            "epoch": 2,
            "samples_seens": 252673,
            "categorial_accuracy": 0.8310106381964176,
            "task": 3,
            "loss": 0.5432634223268387
        },
        {
            "top_2_accuracy": 0.931595744680851,
            "epoch": 2,
            "samples_seens": 270723,
            "categorial_accuracy": 0.825372340577714,
            "task": 4,
            "loss": 0.5439704537138026
        }
    ],
    "task_count": 5,
    "id": 0,
    "name": "id0_t5_dp0.5_dc0.5_df0.0"
}