{
    "results": [
        {
            "top_2_accuracy": 0.7118617019754775,
            "epoch": 0,
            "samples_seens": 18047,
            "categorial_accuracy": 0.5692021277103019,
            "task": 0,
            "loss": 1.9290623833270784
        },
        {
            "top_2_accuracy": 0.7825531916415438,
            "epoch": 0,
            "samples_seens": 36095,
            "categorial_accuracy": 0.6485638297365067,
            "task": 1,
            "loss": 1.4922308154816324
        },
        {
            "top_2_accuracy": 0.8392553190982088,
            "epoch": 0,
            "samples_seens": 54143,
            "categorial_accuracy": 0.7130851064844335,
            "task": 2,
            "loss": 1.0734386698235856
        },
        {
            "top_2_accuracy": 0.8653723402733499,
            "epoch": 0,
            "samples_seens": 72192,
            "categorial_accuracy": 0.7443085106890253,
            "task": 3,
            "loss": 0.9570618099354683
        },
        {
            "top_2_accuracy": 0.912127659422286,
            "epoch": 0,
            "samples_seens": 90242,
            "categorial_accuracy": 0.7949468085106383,
            "task": 4,
            "loss": 0.7237600426978253
        },
        {
            "top_2_accuracy": 0.8798936168690945,
            "epoch": 1,
            "samples_seens": 108289,
            "categorial_accuracy": 0.7589893618543098,
            "task": 0,
            "loss": 1.0043824267894663
        },
        {
            "top_2_accuracy": 0.8863829786726769,
            "epoch": 1,
            "samples_seens": 126337,
            "categorial_accuracy": 0.7681382978723404,
            "task": 1,
            "loss": 0.9099258038845468
        },
        {
            "top_2_accuracy": 0.9004255320670757,
            "epoch": 1,
            "samples_seens": 144385,
            "categorial_accuracy": 0.7894680851571103,
            "task": 2,
            "loss": 0.7768844980381905
        },
        {
            "top_2_accuracy": 0.9049468083584562,
            "epoch": 1,
            "samples_seens": 162434,
            "categorial_accuracy": 0.7934042552176942,
            "task": 3,
            "loss": 0.7334603104185551
        },
        {
            "top_2_accuracy": 0.9157446809525186,
            "epoch": 1,
            "samples_seens": 180484,
            "categorial_accuracy": 0.8043617022798416,
            "task": 4,
            "loss": 0.6255301797643621
        },
        {
            "top_2_accuracy": 0.9087765956939535,
            "epoch": 2,
            "samples_seens": 198531,
            "categorial_accuracy": 0.7927659574975359,
            "task": 0,
            "loss": 0.8059841307173384
        },
        {
            "top_2_accuracy": 0.9073936170720039,
            "epoch": 2,
            "samples_seens": 216579,
            "categorial_accuracy": 0.7950000000507274,
            "task": 1,
            "loss": 0.8071449776405983
        },
        {
            "top_2_accuracy": 0.9153191488854429,
            "epoch": 2,
            "samples_seens": 234627,
            "categorial_accuracy": 0.8088829788755864,
            "task": 2,
            "loss": 0.6879000390336869
        },
        {
            "top_2_accuracy": 0.9249468085106383,
            "epoch": 2,
            "samples_seens": 252676,
            "categorial_accuracy": 0.8230319148428896,
            "task": 3,
            "loss": 0.5977390510731555
        },
        {
            "top_2_accuracy": 0.9336170212258684,
            "epoch": 2,
            "samples_seens": 270726,
            "categorial_accuracy": 0.8336702127659574,
            "task": 4,
            "loss": 0.5117249454589601
        }
    ],
    "task_count": 5,
    "id": 0,
    "name": "id0_t5_dp0.7_dc0.3_df0.0"
}