{
    "results": [
        {
            "top_2_accuracy": 0.7577127658052647,
            "epoch": 0,
            "samples_seens": 18049,
            "categorial_accuracy": 0.6143617022291142,
            "task": 0,
            "loss": 1.430378642589488
        },
        {
            "top_2_accuracy": 0.8199468085613657,
            "epoch": 0,
            "samples_seens": 36099,
            "categorial_accuracy": 0.6823936169705492,
            "task": 1,
            "loss": 1.1418815898895263
        },
        {
            "top_2_accuracy": 0.8810106382978723,
            "epoch": 0,
            "samples_seens": 54148,
            "categorial_accuracy": 0.7595744679836517,
            "task": 2,
            "loss": 0.8032012000997015
        },
        {
            "top_2_accuracy": 0.913563829635052,
            "epoch": 0,
            "samples_seens": 72197,
            "categorial_accuracy": 0.7923936169705492,
            "task": 3,
            "loss": 0.673985795061639
        },
        {
            "top_2_accuracy": 0.9247340426039189,
            "epoch": 0,
            "samples_seens": 90247,
            "categorial_accuracy": 0.8111702126645027,
            "task": 4,
            "loss": 0.5957929438225766
        },
        {
            "top_2_accuracy": 0.9135106381456902,
            "epoch": 1,
            "samples_seens": 108296,
            "categorial_accuracy": 0.8018617022291142,
            "task": 0,
            "loss": 0.6486977563766723
        },
        {
            "top_2_accuracy": 0.9188829786726769,
            "epoch": 1,
            "samples_seens": 126346,
            "categorial_accuracy": 0.8063829788755863,
            "task": 1,
            "loss": 0.6186545725578957
        },
        {
            "top_2_accuracy": 0.9179255317627115,
            "epoch": 1,
            "samples_seens": 144395,
            "categorial_accuracy": 0.809042553140762,
            "task": 2,
            "loss": 0.6161388408884089
        },
        {
            "top_2_accuracy": 0.9308510639819693,
            "epoch": 1,
            "samples_seens": 162444,
            "categorial_accuracy": 0.8219148937692033,
            "task": 3,
            "loss": 0.5696189830404647
        },
        {
            "top_2_accuracy": 0.9370744682372885,
            "epoch": 1,
            "samples_seens": 180494,
            "categorial_accuracy": 0.8342553192503909,
            "task": 4,
            "loss": 0.5083671339775654
        },
        {
            "top_2_accuracy": 0.9321808511652845,
            "epoch": 2,
            "samples_seens": 198543,
            "categorial_accuracy": 0.8238297871833152,
            "task": 0,
            "loss": 0.5881093482514645
        },
        {
            "top_2_accuracy": 0.9322340425024641,
            "epoch": 2,
            "samples_seens": 216593,
            "categorial_accuracy": 0.8236170213780505,
            "task": 1,
            "loss": 0.5515375552025247
        },
        {
            "top_2_accuracy": 0.9393085107397526,
            "epoch": 2,
            "samples_seens": 234642,
            "categorial_accuracy": 0.8400531915400891,
            "task": 2,
            "loss": 0.49818808535312087
        },
        {
            "top_2_accuracy": 0.9387234043567738,
            "epoch": 2,
            "samples_seens": 252691,
            "categorial_accuracy": 0.8368085104861158,
            "task": 3,
            "loss": 0.4942575568848468
        },
        {
            "top_2_accuracy": 0.9448404255319149,
            "epoch": 2,
            "samples_seens": 270741,
            "categorial_accuracy": 0.8437234042045918,
            "task": 4,
            "loss": 0.46470218658447265
        }
    ],
    "task_count": 5,
    "id": 0,
    "name": "id0_t5_dp0.5_dc0.2_df0.3"
}