{
    "results": [
        {
            "top_2_accuracy": 0.7658510639312419,
            "epoch": 0,
            "samples_seens": 18048,
            "categorial_accuracy": 0.6243085104861158,
            "task": 0,
            "loss": 1.4083835943709029
        },
        {
            "top_2_accuracy": 0.8425531913371797,
            "epoch": 0,
            "samples_seens": 36097,
            "categorial_accuracy": 0.7063829785712222,
            "task": 1,
            "loss": 1.0355405648211216
        },
        {
            "top_2_accuracy": 0.8836170212258684,
            "epoch": 0,
            "samples_seens": 54147,
            "categorial_accuracy": 0.7627659574975358,
            "task": 2,
            "loss": 0.7963997663842871
        },
        {
            "top_2_accuracy": 0.9113297873862246,
            "epoch": 0,
            "samples_seens": 72196,
            "categorial_accuracy": 0.7931914893617021,
            "task": 3,
            "loss": 0.6632938764957671
        },
        {
            "top_2_accuracy": 0.9086170213273231,
            "epoch": 0,
            "samples_seens": 90245,
            "categorial_accuracy": 0.781914893718476,
            "task": 4,
            "loss": 0.7029555302477898
        },
        {
            "top_2_accuracy": 0.9172340425531915,
            "epoch": 1,
            "samples_seens": 108293,
            "categorial_accuracy": 0.7957446808003364,
            "task": 0,
            "loss": 0.6594433960508793
        },
        {
            "top_2_accuracy": 0.9257446810032459,
            "epoch": 1,
            "samples_seens": 126342,
            "categorial_accuracy": 0.8180851065351608,
            "task": 1,
            "loss": 0.5803231593395801
        },
        {
            "top_2_accuracy": 0.9264893616514003,
            "epoch": 1,
            "samples_seens": 144392,
            "categorial_accuracy": 0.8178723405269867,
            "task": 2,
            "loss": 0.5680785331827529
        },
        {
            "top_2_accuracy": 0.9310106384500544,
            "epoch": 1,
            "samples_seens": 162441,
            "categorial_accuracy": 0.8250000000507274,
            "task": 3,
            "loss": 0.5357779326083812
        },
        {
            "top_2_accuracy": 0.9331914894124295,
            "epoch": 1,
            "samples_seens": 180490,
            "categorial_accuracy": 0.8226063831309055,
            "task": 4,
            "loss": 0.5576681916257168
        },
        {
            "top_2_accuracy": 0.9343617020262048,
            "epoch": 2,
            "samples_seens": 198538,
            "categorial_accuracy": 0.8327127660081741,
            "task": 0,
            "loss": 0.5536397267909761
        },
        {
            "top_2_accuracy": 0.9361170212258684,
            "epoch": 2,
            "samples_seens": 216587,
            "categorial_accuracy": 0.8345744680343791,
            "task": 1,
            "loss": 0.5312318589585893
        },
        {
            "top_2_accuracy": 0.9306914893109748,
            "epoch": 2,
            "samples_seens": 234637,
            "categorial_accuracy": 0.8241489362209401,
            "task": 2,
            "loss": 0.5507605606951612
        },
        {
            "top_2_accuracy": 0.9431382977708858,
            "epoch": 2,
            "samples_seens": 252686,
            "categorial_accuracy": 0.8443085104861158,
            "task": 3,
            "loss": 0.4669329499183817
        },
        {
            "top_2_accuracy": 0.934627659422286,
            "epoch": 2,
            "samples_seens": 270735,
            "categorial_accuracy": 0.8235106382978723,
            "task": 4,
            "loss": 0.5442042071007668
        }
    ],
    "task_count": 5,
    "id": 0,
    "name": "id0_t5_dp0.1_dc0.7_df0.2"
}