{
    "results": [
        {
            "top_2_accuracy": 0.7373936170212766,
            "epoch": 0,
            "samples_seens": 18049,
            "categorial_accuracy": 0.590904255471331,
            "task": 0,
            "loss": 1.5986412321253025
        },
        {
            "top_2_accuracy": 0.8196808512160119,
            "epoch": 0,
            "samples_seens": 36099,
            "categorial_accuracy": 0.6860106381456903,
            "task": 1,
            "loss": 1.237160937329556
        },
        {
            "top_2_accuracy": 0.8663297872340425,
            "epoch": 0,
            "samples_seens": 54149,
            "categorial_accuracy": 0.7419680851571103,
            "task": 2,
            "loss": 0.926097997959624
        },
        {
            "top_2_accuracy": 0.9013297872340426,
            "epoch": 0,
            "samples_seens": 72199,
            "categorial_accuracy": 0.7804255318134389,
            "task": 3,
            "loss": 0.7059706932433109
        },
        {
            "top_2_accuracy": 0.9289893618543097,
            "epoch": 0,
            "samples_seens": 90248,
            "categorial_accuracy": 0.8084574469606927,
            "task": 4,
            "loss": 0.6194059717908819
        },
        {
            "top_2_accuracy": 0.9101063828265413,
            "epoch": 1,
            "samples_seens": 108297,
            "categorial_accuracy": 0.7918617020769322,
            "task": 0,
            "loss": 0.6998124918024591
        },
        {
            "top_2_accuracy": 0.9107446810032459,
            "epoch": 1,
            "samples_seens": 126347,
            "categorial_accuracy": 0.7968085106382978,
            "task": 1,
            "loss": 0.6941174265678893
        },
        {
            "top_2_accuracy": 0.9252659575989906,
            "epoch": 1,
            "samples_seens": 144397,
            "categorial_accuracy": 0.8161702129181395,
            "task": 2,
            "loss": 0.5854088665323055
        },
        {
            "top_2_accuracy": 0.9264361703142207,
            "epoch": 1,
            "samples_seens": 162447,
            "categorial_accuracy": 0.8168617022291143,
            "task": 3,
            "loss": 0.5697435043720489
        },
        {
            "top_2_accuracy": 0.9396808511652845,
            "epoch": 1,
            "samples_seens": 180496,
            "categorial_accuracy": 0.8291489360687581,
            "task": 4,
            "loss": 0.5183973252266011
        },
        {
            "top_2_accuracy": 0.9232978724926076,
            "epoch": 2,
            "samples_seens": 198545,
            "categorial_accuracy": 0.815053191540089,
            "task": 0,
            "loss": 0.6678483772024195
        },
        {
            "top_2_accuracy": 0.9246808509623751,
            "epoch": 2,
            "samples_seens": 216595,
            "categorial_accuracy": 0.819148936068758,
            "task": 1,
            "loss": 0.6132338146960482
        },
        {
            "top_2_accuracy": 0.9271808510131024,
            "epoch": 2,
            "samples_seens": 234645,
            "categorial_accuracy": 0.8230319149950718,
            "task": 2,
            "loss": 0.5939656625402735
        },
        {
            "top_2_accuracy": 0.9331382978216131,
            "epoch": 2,
            "samples_seens": 252695,
            "categorial_accuracy": 0.828936170364948,
            "task": 3,
            "loss": 0.5374008899039411
        },
        {
            "top_2_accuracy": 0.9397872339918258,
            "epoch": 2,
            "samples_seens": 270744,
            "categorial_accuracy": 0.8349468084091836,
            "task": 4,
            "loss": 0.5075035211634129
        }
    ],
    "task_count": 5,
    "id": 0,
    "name": "id0_t5_dp0.3_dc0.6_df0.1"
}