{
    "results": [
        {
            "top_2_accuracy": 0.7147340426546462,
            "epoch": 0,
            "samples_seens": 18047,
            "categorial_accuracy": 0.5761170211244137,
            "task": 0,
            "loss": 1.7811655006002873
        },
        {
            "top_2_accuracy": 0.8102127658052647,
            "epoch": 0,
            "samples_seens": 36094,
            "categorial_accuracy": 0.6811170211751411,
            "task": 1,
            "loss": 1.2583077297819423
        },
        {
            "top_2_accuracy": 0.8621808510638298,
            "epoch": 0,
            "samples_seens": 54141,
            "categorial_accuracy": 0.7378723404762593,
            "task": 2,
            "loss": 0.9565474424970911
        },
        {
            "top_2_accuracy": 0.8990425532422167,
            "epoch": 0,
            "samples_seens": 72188,
            "categorial_accuracy": 0.7781914894631569,
            "task": 3,
            "loss": 0.7395450723932144
        },
        {
            "top_2_accuracy": 0.8954255320163483,
            "epoch": 0,
            "samples_seens": 90235,
            "categorial_accuracy": 0.7620212765957447,
            "task": 4,
            "loss": 0.8058030738729112
        },
        {
            "top_2_accuracy": 0.893457446859238,
            "epoch": 1,
            "samples_seens": 108282,
            "categorial_accuracy": 0.7742021277103018,
            "task": 0,
            "loss": 0.8832102483384152
        },
        {
            "top_2_accuracy": 0.9022340426039188,
            "epoch": 1,
            "samples_seens": 126329,
            "categorial_accuracy": 0.7912765958968629,
            "task": 1,
            "loss": 0.772763517816016
        },
        {
            "top_2_accuracy": 0.9166489361194854,
            "epoch": 1,
            "samples_seens": 144376,
            "categorial_accuracy": 0.8070212765957446,
            "task": 2,
            "loss": 0.6519664330939029
        },
        {
            "top_2_accuracy": 0.9265957447823058,
            "epoch": 1,
            "samples_seens": 162423,
            "categorial_accuracy": 0.821914893718476,
            "task": 3,
            "loss": 0.5755854831096974
        },
        {
            "top_2_accuracy": 0.9245744681358338,
            "epoch": 1,
            "samples_seens": 180470,
            "categorial_accuracy": 0.8018085107397526,
            "task": 4,
            "loss": 0.6546964648936657
        },
        {
            "top_2_accuracy": 0.9076595746202671,
            "epoch": 2,
            "samples_seens": 198517,
            "categorial_accuracy": 0.7986702126137754,
            "task": 0,
            "loss": 0.8031986134103004
        },
        {
            "top_2_accuracy": 0.9145212765450174,
            "epoch": 2,
            "samples_seens": 216564,
            "categorial_accuracy": 0.8053191490376249,
            "task": 1,
            "loss": 0.7256039417550919
        },
        {
            "top_2_accuracy": 0.9247872341947353,
            "epoch": 2,
            "samples_seens": 234611,
            "categorial_accuracy": 0.8210638296857793,
            "task": 2,
            "loss": 0.6197241726073813
        },
        {
            "top_2_accuracy": 0.9340425533436715,
            "epoch": 2,
            "samples_seens": 252658,
            "categorial_accuracy": 0.8301063828772687,
            "task": 3,
            "loss": 0.5320775456124164
        },
        {
            "top_2_accuracy": 0.9292553191489362,
            "epoch": 2,
            "samples_seens": 270705,
            "categorial_accuracy": 0.8072872341947352,
            "task": 4,
            "loss": 0.6120102406562643
        }
    ],
    "task_count": 5,
    "id": 0,
    "name": "id0_t5_dp0.0_dc1.0_df0.0"
}