{
    "results": [
        {
            "top_2_accuracy": 0.725000000152182,
            "epoch": 0,
            "samples_seens": 18049,
            "categorial_accuracy": 0.5797340427053735,
            "task": 0,
            "loss": 1.6839590687447406
        },
        {
            "top_2_accuracy": 0.8242553190474815,
            "epoch": 0,
            "samples_seens": 36098,
            "categorial_accuracy": 0.6868617022798417,
            "task": 1,
            "loss": 1.157597221313639
        },
        {
            "top_2_accuracy": 0.8706914892602474,
            "epoch": 0,
            "samples_seens": 54148,
            "categorial_accuracy": 0.7433510636776052,
            "task": 2,
            "loss": 0.8666726824070545
        },
        {
            "top_2_accuracy": 0.8961702126645027,
            "epoch": 0,
            "samples_seens": 72197,
            "categorial_accuracy": 0.7735638297365067,
            "task": 3,
            "loss": 0.7558428046551157
        },
        {
            "top_2_accuracy": 0.9146276596251954,
            "epoch": 0,
            "samples_seens": 90246,
            "categorial_accuracy": 0.7933510639819693,
            "task": 4,
            "loss": 0.6993479119970444
        },
        {
            "top_2_accuracy": 0.8951595744680851,
            "epoch": 1,
            "samples_seens": 108295,
            "categorial_accuracy": 0.7692553192503909,
            "task": 0,
            "loss": 0.8558215229561988
        },
        {
            "top_2_accuracy": 0.9080851062307966,
            "epoch": 1,
            "samples_seens": 126344,
            "categorial_accuracy": 0.7947340427053735,
            "task": 1,
            "loss": 0.7076628422229848
        },
        {
            "top_2_accuracy": 0.9222872341440079,
            "epoch": 1,
            "samples_seens": 144394,
            "categorial_accuracy": 0.8165957447315784,
            "task": 2,
            "loss": 0.6094380997089629
        },
        {
            "top_2_accuracy": 0.9304787233028006,
            "epoch": 1,
            "samples_seens": 162443,
            "categorial_accuracy": 0.8227659575989906,
            "task": 3,
            "loss": 0.534602230330731
        },
        {
            "top_2_accuracy": 0.9246808510638298,
            "epoch": 1,
            "samples_seens": 180492,
            "categorial_accuracy": 0.8047340427053735,
            "task": 4,
            "loss": 0.6159775668255826
        },
        {
            "top_2_accuracy": 0.9261170214287778,
            "epoch": 2,
            "samples_seens": 198541,
            "categorial_accuracy": 0.8201595744173578,
            "task": 0,
            "loss": 0.6164879334226567
        },
        {
            "top_2_accuracy": 0.9339893618035824,
            "epoch": 2,
            "samples_seens": 216590,
            "categorial_accuracy": 0.8259042551669669,
            "task": 1,
            "loss": 0.5705072387989532
        },
        {
            "top_2_accuracy": 0.9340957447823057,
            "epoch": 2,
            "samples_seens": 234640,
            "categorial_accuracy": 0.8327127658559921,
            "task": 2,
            "loss": 0.5648335850492436
        },
        {
            "top_2_accuracy": 0.9393085107397526,
            "epoch": 2,
            "samples_seens": 252689,
            "categorial_accuracy": 0.8401063829787234,
            "task": 3,
            "loss": 0.497364610864761
        },
        {
            "top_2_accuracy": 0.9367021275073923,
            "epoch": 2,
            "samples_seens": 270738,
            "categorial_accuracy": 0.8332446809017912,
            "task": 4,
            "loss": 0.5147428541741472
        }
    ],
    "task_count": 5,
    "id": 0,
    "name": "id0_t5_dp0.1_dc0.8_df0.1"
}