{
    "results": [
        {
            "top_2_accuracy": 0.7830851065351608,
            "epoch": 0,
            "samples_seens": 18050,
            "categorial_accuracy": 0.6274468083584562,
            "task": 0,
            "loss": 1.3258739028078443
        },
        {
            "top_2_accuracy": 0.8707446808003365,
            "epoch": 0,
            "samples_seens": 36099,
            "categorial_accuracy": 0.7392021276088471,
            "task": 1,
            "loss": 0.8683633267118576
        },
        {
            "top_2_accuracy": 0.9151595745188125,
            "epoch": 0,
            "samples_seens": 54147,
            "categorial_accuracy": 0.7995744679836516,
            "task": 2,
            "loss": 0.6478831297286013
        },
        {
            "top_2_accuracy": 0.9194148935155666,
            "epoch": 0,
            "samples_seens": 72195,
            "categorial_accuracy": 0.7960106383993271,
            "task": 3,
            "loss": 0.6623794823504509
        },
        {
            "top_2_accuracy": 0.9078191489868975,
            "epoch": 0,
            "samples_seens": 90242,
            "categorial_accuracy": 0.7760638299394161,
            "task": 4,
            "loss": 0.7412585728219215
        },
        {
            "top_2_accuracy": 0.9334574469099653,
            "epoch": 1,
            "samples_seens": 108292,
            "categorial_accuracy": 0.8197340424010094,
            "task": 0,
            "loss": 0.5454982188914684
        },
        {
            "top_2_accuracy": 0.9267553193011182,
            "epoch": 1,
            "samples_seens": 126341,
            "categorial_accuracy": 0.8157978723911529,
            "task": 1,
            "loss": 0.5664802152298867
        },
        {
            "top_2_accuracy": 0.939148936068758,
            "epoch": 1,
            "samples_seens": 144389,
            "categorial_accuracy": 0.8376063828265413,
            "task": 2,
            "loss": 0.49427906546186895
        },
        {
            "top_2_accuracy": 0.9325000001014547,
            "epoch": 1,
            "samples_seens": 162437,
            "categorial_accuracy": 0.817074468186561,
            "task": 3,
            "loss": 0.5571784058276643
        },
        {
            "top_2_accuracy": 0.9286702126137754,
            "epoch": 1,
            "samples_seens": 180484,
            "categorial_accuracy": 0.8088297873354973,
            "task": 4,
            "loss": 0.6083211405226525
        },
        {
            "top_2_accuracy": 0.9395212765450173,
            "epoch": 2,
            "samples_seens": 198534,
            "categorial_accuracy": 0.8397872341947352,
            "task": 0,
            "loss": 0.5051160617838515
        },
        {
            "top_2_accuracy": 0.9433510639312419,
            "epoch": 2,
            "samples_seens": 216583,
            "categorial_accuracy": 0.8440957447315784,
            "task": 1,
            "loss": 0.475408659869052
        },
        {
            "top_2_accuracy": 0.9466489360687581,
            "epoch": 2,
            "samples_seens": 234631,
            "categorial_accuracy": 0.8471276596251954,
            "task": 2,
            "loss": 0.45937669639891765
        },
        {
            "top_2_accuracy": 0.9400531914893617,
            "epoch": 2,
            "samples_seens": 252679,
            "categorial_accuracy": 0.8330851063322514,
            "task": 3,
            "loss": 0.4953477317475258
        },
        {
            "top_2_accuracy": 0.9309574468085107,
            "epoch": 2,
            "samples_seens": 270726,
            "categorial_accuracy": 0.8104255320670757,
            "task": 4,
            "loss": 0.581878884675655
        }
    ],
    "task_count": 5,
    "id": 0,
    "name": "id0_t5_dp0.0_dc0.3_df0.7"
}