{
    "results": [
        {
            "top_2_accuracy": 0.8043085107397526,
            "epoch": 0,
            "samples_seens": 18049,
            "categorial_accuracy": 0.6612234041031371,
            "task": 0,
            "loss": 1.1758769152012276
        },
        {
            "top_2_accuracy": 0.8674468085106383,
            "epoch": 0,
            "samples_seens": 36099,
            "categorial_accuracy": 0.7291489362716674,
            "task": 1,
            "loss": 0.9166173685357926
        },
        {
            "top_2_accuracy": 0.8485638298886887,
            "epoch": 0,
            "samples_seens": 54149,
            "categorial_accuracy": 0.701968085106383,
            "task": 2,
            "loss": 0.9699261742449822
        },
        {
            "top_2_accuracy": 0.913031914893617,
            "epoch": 0,
            "samples_seens": 72199,
            "categorial_accuracy": 0.7915957448330332,
            "task": 3,
            "loss": 0.6653317658444668
        },
        {
            "top_2_accuracy": 0.9156382977201584,
            "epoch": 0,
            "samples_seens": 90248,
            "categorial_accuracy": 0.7873936171734587,
            "task": 4,
            "loss": 0.6835081455048094
        },
        {
            "top_2_accuracy": 0.917446808612093,
            "epoch": 1,
            "samples_seens": 108297,
            "categorial_accuracy": 0.8056382979230677,
            "task": 0,
            "loss": 0.6102788011571194
        },
        {
            "top_2_accuracy": 0.93617021271523,
            "epoch": 1,
            "samples_seens": 126347,
            "categorial_accuracy": 0.8337234044075013,
            "task": 1,
            "loss": 0.5191145051540212
        },
        {
            "top_2_accuracy": 0.9246808511652845,
            "epoch": 1,
            "samples_seens": 144397,
            "categorial_accuracy": 0.8128191489361702,
            "task": 2,
            "loss": 0.5829646737271167
        },
        {
            "top_2_accuracy": 0.9328191489361702,
            "epoch": 1,
            "samples_seens": 162447,
            "categorial_accuracy": 0.829946808459911,
            "task": 3,
            "loss": 0.5344744720864804
        },
        {
            "top_2_accuracy": 0.9281914893617021,
            "epoch": 1,
            "samples_seens": 180496,
            "categorial_accuracy": 0.8136170214287778,
            "task": 4,
            "loss": 0.5743641676294042
        },
        {
            "top_2_accuracy": 0.9407978724926076,
            "epoch": 2,
            "samples_seens": 198545,
            "categorial_accuracy": 0.839627659422286,
            "task": 0,
            "loss": 0.4805663607221969
        },
        {
            "top_2_accuracy": 0.9450531914386343,
            "epoch": 2,
            "samples_seens": 216595,
            "categorial_accuracy": 0.8473936169705493,
            "task": 1,
            "loss": 0.47159481423966426
        },
        {
            "top_2_accuracy": 0.9414361701620386,
            "epoch": 2,
            "samples_seens": 234645,
            "categorial_accuracy": 0.8421808512160118,
            "task": 2,
            "loss": 0.48730730153144675
        },
        {
            "top_2_accuracy": 0.9377659573960812,
            "epoch": 2,
            "samples_seens": 252695,
            "categorial_accuracy": 0.8346808509623751,
            "task": 3,
            "loss": 0.5006439685821533
        },
        {
            "top_2_accuracy": 0.9313297872847699,
            "epoch": 2,
            "samples_seens": 270744,
            "categorial_accuracy": 0.8247340426546462,
            "task": 4,
            "loss": 0.5422859126963514
        }
    ],
    "task_count": 5,
    "id": 0,
    "name": "id0_t5_dp0.1_dc0.3_df0.6"
}