{
    "name": "id2_t5_dp0.0_dc1.0_df0.0",
    "id": 2,
    "results": [
        {
            "categorial_accuracy": 0.5757446809525185,
            "epoch": 0,
            "loss": 1.830097481747891,
            "samples_seens": 18047,
            "top_2_accuracy": 0.7132446806988818,
            "task": 0
        },
        {
            "categorial_accuracy": 0.6789893617528551,
            "epoch": 0,
            "loss": 1.252907626679603,
            "samples_seens": 36094,
            "top_2_accuracy": 0.8105319147921624,
            "task": 1
        },
        {
            "categorial_accuracy": 0.7455851062307967,
            "epoch": 0,
            "loss": 0.9443072816666136,
            "samples_seens": 54141,
            "top_2_accuracy": 0.867127659422286,
            "task": 2
        },
        {
            "categorial_accuracy": 0.7811702128166848,
            "epoch": 0,
            "loss": 0.7452761569936225,
            "samples_seens": 72188,
            "top_2_accuracy": 0.8984042551669669,
            "task": 3
        },
        {
            "categorial_accuracy": 0.7622340427053735,
            "epoch": 0,
            "loss": 0.8054216068856259,
            "samples_seens": 90235,
            "top_2_accuracy": 0.904095744528669,
            "task": 4
        },
        {
            "categorial_accuracy": 0.767127659422286,
            "epoch": 1,
            "loss": 0.947939670948272,
            "samples_seens": 108282,
            "top_2_accuracy": 0.8838829786219495,
            "task": 0
        },
        {
            "categorial_accuracy": 0.7922872339410985,
            "epoch": 1,
            "loss": 0.7960866679029261,
            "samples_seens": 126329,
            "top_2_accuracy": 0.9034042553191489,
            "task": 1
        },
        {
            "categorial_accuracy": 0.8039893618543097,
            "epoch": 1,
            "loss": 0.6773632908374705,
            "samples_seens": 144376,
            "top_2_accuracy": 0.9115957448330332,
            "task": 2
        },
        {
            "categorial_accuracy": 0.8165957445793963,
            "epoch": 1,
            "loss": 0.5799688868573372,
            "samples_seens": 162423,
            "top_2_accuracy": 0.9267553192503909,
            "task": 3
        },
        {
            "categorial_accuracy": 0.8069680849542009,
            "epoch": 1,
            "loss": 0.6099940664717491,
            "samples_seens": 180470,
            "top_2_accuracy": 0.9277659575989906,
            "task": 4
        },
        {
            "categorial_accuracy": 0.7992553190982088,
            "epoch": 2,
            "loss": 0.8140063834190369,
            "samples_seens": 198517,
            "top_2_accuracy": 0.907021276646472,
            "task": 0
        },
        {
            "categorial_accuracy": 0.8148936169705492,
            "epoch": 2,
            "loss": 0.6985588023003112,
            "samples_seens": 216564,
            "top_2_accuracy": 0.9173404253797328,
            "task": 1
        },
        {
            "categorial_accuracy": 0.8223404256333696,
            "epoch": 2,
            "loss": 0.6390091274900639,
            "samples_seens": 234611,
            "top_2_accuracy": 0.920904255471331,
            "task": 2
        },
        {
            "categorial_accuracy": 0.8330851063829787,
            "epoch": 2,
            "loss": 0.5288688053222412,
            "samples_seens": 252658,
            "top_2_accuracy": 0.9347872339410985,
            "task": 3
        },
        {
            "categorial_accuracy": 0.8090425533436715,
            "epoch": 2,
            "loss": 0.613443554817362,
            "samples_seens": 270705,
            "top_2_accuracy": 0.9301063831309054,
            "task": 4
        }
    ],
    "task_count": 5
}