{
    "name": "id2_t5_dp0.0_dc0.7_df0.3",
    "id": 2,
    "results": [
        {
            "categorial_accuracy": 0.6087234042045918,
            "epoch": 0,
            "loss": 1.4391868867265418,
            "samples_seens": 18049,
            "top_2_accuracy": 0.7549999998985453,
            "task": 0
        },
        {
            "categorial_accuracy": 0.7002659573960811,
            "epoch": 0,
            "loss": 1.057095273200502,
            "samples_seens": 36098,
            "top_2_accuracy": 0.8378723405269867,
            "task": 1
        },
        {
            "categorial_accuracy": 0.7847872340425532,
            "epoch": 0,
            "loss": 0.7138198729271584,
            "samples_seens": 54146,
            "top_2_accuracy": 0.8983510638805146,
            "task": 2
        },
        {
            "categorial_accuracy": 0.8002659574468085,
            "epoch": 0,
            "loss": 0.6559726012006719,
            "samples_seens": 72194,
            "top_2_accuracy": 0.9152659573453538,
            "task": 3
        },
        {
            "categorial_accuracy": 0.7782446808510638,
            "epoch": 0,
            "loss": 0.7263129603609125,
            "samples_seens": 90241,
            "top_2_accuracy": 0.9157978724926076,
            "task": 4
        },
        {
            "categorial_accuracy": 0.7951063829787234,
            "epoch": 1,
            "loss": 0.6594626468546847,
            "samples_seens": 108290,
            "top_2_accuracy": 0.9090425531914894,
            "task": 0
        },
        {
            "categorial_accuracy": 0.822553191387907,
            "epoch": 1,
            "loss": 0.5609296286106109,
            "samples_seens": 126339,
            "top_2_accuracy": 0.92547872350571,
            "task": 1
        },
        {
            "categorial_accuracy": 0.835159574315903,
            "epoch": 1,
            "loss": 0.5241946743397002,
            "samples_seens": 144387,
            "top_2_accuracy": 0.9341489362716675,
            "task": 2
        },
        {
            "categorial_accuracy": 0.8307446809017912,
            "epoch": 1,
            "loss": 0.526544863061702,
            "samples_seens": 162435,
            "top_2_accuracy": 0.9359042552176943,
            "task": 3
        },
        {
            "categorial_accuracy": 0.8031914894631569,
            "epoch": 1,
            "loss": 0.6215343986166284,
            "samples_seens": 180482,
            "top_2_accuracy": 0.9256382978723404,
            "task": 4
        },
        {
            "categorial_accuracy": 0.8243617022798416,
            "epoch": 2,
            "loss": 0.5658894958648276,
            "samples_seens": 198531,
            "top_2_accuracy": 0.9297872339918258,
            "task": 0
        },
        {
            "categorial_accuracy": 0.8400531914893618,
            "epoch": 2,
            "loss": 0.4998553323238454,
            "samples_seens": 216580,
            "top_2_accuracy": 0.9402659575482633,
            "task": 1
        },
        {
            "categorial_accuracy": 0.8467021276595744,
            "epoch": 2,
            "loss": 0.4758640766651072,
            "samples_seens": 234628,
            "top_2_accuracy": 0.9407978722389708,
            "task": 2
        },
        {
            "categorial_accuracy": 0.8374468085106384,
            "epoch": 2,
            "loss": 0.48363050585097456,
            "samples_seens": 252676,
            "top_2_accuracy": 0.9412234041538644,
            "task": 3
        },
        {
            "categorial_accuracy": 0.8079255317627115,
            "epoch": 2,
            "loss": 0.5968156604563937,
            "samples_seens": 270723,
            "top_2_accuracy": 0.93069148920952,
            "task": 4
        }
    ],
    "task_count": 5
}