{
    "name": "id2_t5_dp0.5_dc0.2_df0.3",
    "id": 2,
    "results": [
        {
            "categorial_accuracy": 0.6172872339410985,
            "epoch": 0,
            "loss": 1.4613518133569272,
            "samples_seens": 18049,
            "top_2_accuracy": 0.7642021275581198,
            "task": 0
        },
        {
            "categorial_accuracy": 0.7027659572946264,
            "epoch": 0,
            "loss": 1.0651906017546957,
            "samples_seens": 36099,
            "top_2_accuracy": 0.8329255318134389,
            "task": 1
        },
        {
            "categorial_accuracy": 0.7417553191996635,
            "epoch": 0,
            "loss": 0.8726480539808882,
            "samples_seens": 54148,
            "top_2_accuracy": 0.8672340424010094,
            "task": 2
        },
        {
            "categorial_accuracy": 0.8004255319148936,
            "epoch": 0,
            "loss": 0.6342764181786396,
            "samples_seens": 72197,
            "top_2_accuracy": 0.9152127661096289,
            "task": 3
        },
        {
            "categorial_accuracy": 0.8145744679329243,
            "epoch": 0,
            "loss": 0.5784337681405087,
            "samples_seens": 90247,
            "top_2_accuracy": 0.9267021278117565,
            "task": 4
        },
        {
            "categorial_accuracy": 0.8072340425531915,
            "epoch": 1,
            "loss": 0.6312747995143241,
            "samples_seens": 108296,
            "top_2_accuracy": 0.919574468034379,
            "task": 0
        },
        {
            "categorial_accuracy": 0.7997340426546462,
            "epoch": 1,
            "loss": 0.669639467736508,
            "samples_seens": 126346,
            "top_2_accuracy": 0.9127127661096289,
            "task": 1
        },
        {
            "categorial_accuracy": 0.8238829786726769,
            "epoch": 1,
            "loss": 0.5532268502103521,
            "samples_seens": 144395,
            "top_2_accuracy": 0.9291489361194855,
            "task": 2
        },
        {
            "categorial_accuracy": 0.8350531914893617,
            "epoch": 1,
            "loss": 0.5099534674400978,
            "samples_seens": 162444,
            "top_2_accuracy": 0.9372872339410985,
            "task": 3
        },
        {
            "categorial_accuracy": 0.837872340577714,
            "epoch": 1,
            "loss": 0.49436545255336356,
            "samples_seens": 180494,
            "top_2_accuracy": 0.941382978672677,
            "task": 4
        },
        {
            "categorial_accuracy": 0.8282446809525186,
            "epoch": 2,
            "loss": 0.562739367358228,
            "samples_seens": 198543,
            "top_2_accuracy": 0.9312765958461355,
            "task": 0
        },
        {
            "categorial_accuracy": 0.828882978824859,
            "epoch": 2,
            "loss": 0.5379710697366836,
            "samples_seens": 216593,
            "top_2_accuracy": 0.9338297873354973,
            "task": 1
        },
        {
            "categorial_accuracy": 0.8361170213780504,
            "epoch": 2,
            "loss": 0.5022601910093998,
            "samples_seens": 234642,
            "top_2_accuracy": 0.9382978722896982,
            "task": 2
        },
        {
            "categorial_accuracy": 0.8469148935662939,
            "epoch": 2,
            "loss": 0.4700996407549432,
            "samples_seens": 252691,
            "top_2_accuracy": 0.9433510639312419,
            "task": 3
        },
        {
            "categorial_accuracy": 0.8088829787741316,
            "epoch": 2,
            "loss": 0.5951121464688727,
            "samples_seens": 270741,
            "top_2_accuracy": 0.9264361702634933,
            "task": 4
        }
    ],
    "task_count": 5
}