{
    "name": "id2_t5_dp0.6_dc0.3_df0.1",
    "id": 2,
    "results": [
        {
            "categorial_accuracy": 0.558085106281524,
            "epoch": 0,
            "loss": 1.954102887397117,
            "samples_seens": 18049,
            "top_2_accuracy": 0.7070212766971994,
            "task": 0
        },
        {
            "categorial_accuracy": 0.6645744681358338,
            "epoch": 0,
            "loss": 1.1954061484844127,
            "samples_seens": 36099,
            "top_2_accuracy": 0.8061702128674122,
            "task": 1
        },
        {
            "categorial_accuracy": 0.7389361701113113,
            "epoch": 0,
            "loss": 0.8875931308117319,
            "samples_seens": 54149,
            "top_2_accuracy": 0.8677127661096289,
            "task": 2
        },
        {
            "categorial_accuracy": 0.7777127661096289,
            "epoch": 0,
            "loss": 0.7381259220711729,
            "samples_seens": 72199,
            "top_2_accuracy": 0.8962234041031371,
            "task": 3
        },
        {
            "categorial_accuracy": 0.8032446806988818,
            "epoch": 0,
            "loss": 0.6323416069720654,
            "samples_seens": 90248,
            "top_2_accuracy": 0.9182978721882434,
            "task": 4
        },
        {
            "categorial_accuracy": 0.7935106382978724,
            "epoch": 1,
            "loss": 0.7070850508771044,
            "samples_seens": 108297,
            "top_2_accuracy": 0.9066489363223948,
            "task": 0
        },
        {
            "categorial_accuracy": 0.7991489360180307,
            "epoch": 1,
            "loss": 0.7027221222634011,
            "samples_seens": 126347,
            "top_2_accuracy": 0.9104255319148936,
            "task": 1
        },
        {
            "categorial_accuracy": 0.789148936068758,
            "epoch": 1,
            "loss": 0.743171443939209,
            "samples_seens": 144397,
            "top_2_accuracy": 0.9036170211244137,
            "task": 2
        },
        {
            "categorial_accuracy": 0.8237234043060465,
            "epoch": 1,
            "loss": 0.56119827333917,
            "samples_seens": 162447,
            "top_2_accuracy": 0.9279255318641663,
            "task": 3
        },
        {
            "categorial_accuracy": 0.8344148934648392,
            "epoch": 1,
            "loss": 0.513710806572691,
            "samples_seens": 180496,
            "top_2_accuracy": 0.9371276595237408,
            "task": 4
        },
        {
            "categorial_accuracy": 0.8148404253797328,
            "epoch": 2,
            "loss": 0.635401563263954,
            "samples_seens": 198545,
            "top_2_accuracy": 0.9215957447823058,
            "task": 0
        },
        {
            "categorial_accuracy": 0.8185106382978723,
            "epoch": 2,
            "loss": 0.6104686945296348,
            "samples_seens": 216595,
            "top_2_accuracy": 0.9239893616514003,
            "task": 1
        },
        {
            "categorial_accuracy": 0.8273404253797328,
            "epoch": 2,
            "loss": 0.5653321750366942,
            "samples_seens": 234645,
            "top_2_accuracy": 0.9318085105875705,
            "task": 2
        },
        {
            "categorial_accuracy": 0.8366489360180307,
            "epoch": 2,
            "loss": 0.5093035103666022,
            "samples_seens": 252695,
            "top_2_accuracy": 0.9347872341440079,
            "task": 3
        },
        {
            "categorial_accuracy": 0.8367553191489362,
            "epoch": 2,
            "loss": 0.502464984832926,
            "samples_seens": 270744,
            "top_2_accuracy": 0.9394148935662939,
            "task": 4
        }
    ],
    "task_count": 5
}