{
    "name": "id2_t5_dp0.3_dc0.4_df0.3",
    "id": 2,
    "results": [
        {
            "categorial_accuracy": 0.5979787235564374,
            "epoch": 0,
            "loss": 1.4968740763562791,
            "samples_seens": 18049,
            "top_2_accuracy": 0.7526063830801781,
            "task": 0
        },
        {
            "categorial_accuracy": 0.7211702128674121,
            "epoch": 0,
            "loss": 0.9782637620479503,
            "samples_seens": 36099,
            "top_2_accuracy": 0.8486702129181395,
            "task": 1
        },
        {
            "categorial_accuracy": 0.737659574315903,
            "epoch": 0,
            "loss": 0.885317140285005,
            "samples_seens": 54148,
            "top_2_accuracy": 0.8670744682372885,
            "task": 2
        },
        {
            "categorial_accuracy": 0.7945212766971994,
            "epoch": 0,
            "loss": 0.6543362395306851,
            "samples_seens": 72198,
            "top_2_accuracy": 0.9099999999492726,
            "task": 3
        },
        {
            "categorial_accuracy": 0.7397872339918259,
            "epoch": 0,
            "loss": 0.8595401418462713,
            "samples_seens": 90247,
            "top_2_accuracy": 0.8853723403748046,
            "task": 4
        },
        {
            "categorial_accuracy": 0.8003723403240772,
            "epoch": 1,
            "loss": 0.6316478563369589,
            "samples_seens": 108296,
            "top_2_accuracy": 0.9163297871833151,
            "task": 0
        },
        {
            "categorial_accuracy": 0.8143617020262048,
            "epoch": 1,
            "loss": 0.5993669597646023,
            "samples_seens": 126346,
            "top_2_accuracy": 0.9200531916415438,
            "task": 1
        },
        {
            "categorial_accuracy": 0.8231914894124295,
            "epoch": 1,
            "loss": 0.5593239108805961,
            "samples_seens": 144395,
            "top_2_accuracy": 0.9259042552176943,
            "task": 2
        },
        {
            "categorial_accuracy": 0.8320212767479268,
            "epoch": 1,
            "loss": 0.5190581016083982,
            "samples_seens": 162445,
            "top_2_accuracy": 0.9345744679836516,
            "task": 3
        },
        {
            "categorial_accuracy": 0.8297340424517368,
            "epoch": 1,
            "loss": 0.5352555157783183,
            "samples_seens": 180494,
            "top_2_accuracy": 0.9361702129181395,
            "task": 4
        },
        {
            "categorial_accuracy": 0.8293617021783869,
            "epoch": 2,
            "loss": 0.5334026511932941,
            "samples_seens": 198543,
            "top_2_accuracy": 0.9340425531914893,
            "task": 0
        },
        {
            "categorial_accuracy": 0.8317553189967541,
            "epoch": 2,
            "loss": 0.546927606881933,
            "samples_seens": 216593,
            "top_2_accuracy": 0.9345212766971994,
            "task": 1
        },
        {
            "categorial_accuracy": 0.8310106383485997,
            "epoch": 2,
            "loss": 0.5410452656796638,
            "samples_seens": 234642,
            "top_2_accuracy": 0.9340957447823057,
            "task": 2
        },
        {
            "categorial_accuracy": 0.8466489360180307,
            "epoch": 2,
            "loss": 0.4663864766029601,
            "samples_seens": 252692,
            "top_2_accuracy": 0.9439361701113113,
            "task": 3
        },
        {
            "categorial_accuracy": 0.8309042551669669,
            "epoch": 2,
            "loss": 0.5520299200555111,
            "samples_seens": 270741,
            "top_2_accuracy": 0.9372872341440079,
            "task": 4
        }
    ],
    "task_count": 5
}