{
    "name": "id2_t5_dp0.5_dc0.0_df0.5",
    "id": 2,
    "results": [
        {
            "categorial_accuracy": 0.6365425531914893,
            "epoch": 0,
            "loss": 1.3063622689754404,
            "samples_seens": 18050,
            "top_2_accuracy": 0.7834042553191489,
            "task": 0
        },
        {
            "categorial_accuracy": 0.7359042551669669,
            "epoch": 0,
            "loss": 0.8746139303674089,
            "samples_seens": 36098,
            "top_2_accuracy": 0.8683510637283325,
            "task": 1
        },
        {
            "categorial_accuracy": 0.7880851065351608,
            "epoch": 0,
            "loss": 0.7055419042262625,
            "samples_seens": 54146,
            "top_2_accuracy": 0.9066489361194854,
            "task": 2
        },
        {
            "categorial_accuracy": 0.813510638399327,
            "epoch": 0,
            "loss": 0.5936412209145566,
            "samples_seens": 72194,
            "top_2_accuracy": 0.9251063829787234,
            "task": 3
        },
        {
            "categorial_accuracy": 0.8196276594730134,
            "epoch": 0,
            "loss": 0.5722471326462766,
            "samples_seens": 90244,
            "top_2_accuracy": 0.9292021276088471,
            "task": 4
        },
        {
            "categorial_accuracy": 0.80797872350571,
            "epoch": 1,
            "loss": 0.6044202899425588,
            "samples_seens": 108294,
            "top_2_accuracy": 0.9186702128674121,
            "task": 0
        },
        {
            "categorial_accuracy": 0.8235638297872341,
            "epoch": 1,
            "loss": 0.5493320916307733,
            "samples_seens": 126342,
            "top_2_accuracy": 0.9330851064844334,
            "task": 1
        },
        {
            "categorial_accuracy": 0.834095744528669,
            "epoch": 1,
            "loss": 0.5064854049428981,
            "samples_seens": 144390,
            "top_2_accuracy": 0.9383510637790599,
            "task": 2
        },
        {
            "categorial_accuracy": 0.8360106381964176,
            "epoch": 1,
            "loss": 0.4961999343303924,
            "samples_seens": 162438,
            "top_2_accuracy": 0.9394148936170212,
            "task": 3
        },
        {
            "categorial_accuracy": 0.8146808511145571,
            "epoch": 1,
            "loss": 0.5720579795380856,
            "samples_seens": 180488,
            "top_2_accuracy": 0.9270744680851064,
            "task": 4
        },
        {
            "categorial_accuracy": 0.8359042553698763,
            "epoch": 2,
            "loss": 0.5175254549371435,
            "samples_seens": 198538,
            "top_2_accuracy": 0.9385106381964177,
            "task": 0
        },
        {
            "categorial_accuracy": 0.8469680852078377,
            "epoch": 2,
            "loss": 0.4713317890877419,
            "samples_seens": 216586,
            "top_2_accuracy": 0.9442021275581197,
            "task": 1
        },
        {
            "categorial_accuracy": 0.8468085106382979,
            "epoch": 2,
            "loss": 0.4667371847274456,
            "samples_seens": 234634,
            "top_2_accuracy": 0.94452127649429,
            "task": 2
        },
        {
            "categorial_accuracy": 0.8486170212765958,
            "epoch": 2,
            "loss": 0.4506991864772553,
            "samples_seens": 252682,
            "top_2_accuracy": 0.9462234044075012,
            "task": 3
        },
        {
            "categorial_accuracy": 0.8516489361194854,
            "epoch": 2,
            "loss": 0.43909448479084257,
            "samples_seens": 270732,
            "top_2_accuracy": 0.9478723403240772,
            "task": 4
        }
    ],
    "task_count": 5
}