{
    "name": "id0_t25_unsorted",
    "task_count": 25,
    "id": 0,
    "results": [
        {
            "loss": 2.929861011505127,
            "task": 0,
            "samples_seens": 3609,
            "categorial_accuracy": 0.24595744685923798,
            "top_2_accuracy": 0.37249999994927263,
            "epoch": 0
        },
        {
            "loss": 2.3472321928308366,
            "task": 1,
            "samples_seens": 7218,
            "categorial_accuracy": 0.36031914886007915,
            "top_2_accuracy": 0.5095744682372885,
            "epoch": 0
        },
        {
            "loss": 1.5588444674268682,
            "task": 2,
            "samples_seens": 10827,
            "categorial_accuracy": 0.5814361702634934,
            "top_2_accuracy": 0.7417553189967541,
            "epoch": 0
        },
        {
            "loss": 1.4020160114004256,
            "task": 3,
            "samples_seens": 14436,
            "categorial_accuracy": 0.5834574466563286,
            "top_2_accuracy": 0.7550531915908164,
            "epoch": 0
        },
        {
            "loss": 1.1580678692269832,
            "task": 4,
            "samples_seens": 18045,
            "categorial_accuracy": 0.6659574468085107,
            "top_2_accuracy": 0.8156914894124295,
            "epoch": 0
        },
        {
            "loss": 1.098134096125339,
            "task": 5,
            "samples_seens": 21654,
            "categorial_accuracy": 0.6892553192503909,
            "top_2_accuracy": 0.8443085106890252,
            "epoch": 0
        },
        {
            "loss": 0.9364735362884846,
            "task": 6,
            "samples_seens": 25263,
            "categorial_accuracy": 0.7145744681358337,
            "top_2_accuracy": 0.8531382977708857,
            "epoch": 0
        },
        {
            "loss": 0.8857618989843004,
            "task": 7,
            "samples_seens": 28872,
            "categorial_accuracy": 0.7465957445793964,
            "top_2_accuracy": 0.8731914893109748,
            "epoch": 0
        },
        {
            "loss": 0.8267837820661829,
            "task": 8,
            "samples_seens": 32481,
            "categorial_accuracy": 0.7472340425531915,
            "top_2_accuracy": 0.8805319149443444,
            "epoch": 0
        },
        {
            "loss": 0.8135762632146795,
            "task": 9,
            "samples_seens": 36090,
            "categorial_accuracy": 0.7502127661096288,
            "top_2_accuracy": 0.8837765955924988,
            "epoch": 0
        },
        {
            "loss": 0.7872832914616199,
            "task": 10,
            "samples_seens": 39699,
            "categorial_accuracy": 0.7525531914386343,
            "top_2_accuracy": 0.8880319147921623,
            "epoch": 0
        },
        {
            "loss": 0.7350459826246221,
            "task": 11,
            "samples_seens": 43308,
            "categorial_accuracy": 0.7653723405269867,
            "top_2_accuracy": 0.8929787234549826,
            "epoch": 0
        },
        {
            "loss": 0.7075675110614046,
            "task": 12,
            "samples_seens": 46917,
            "categorial_accuracy": 0.776914893566294,
            "top_2_accuracy": 0.9003723403240772,
            "epoch": 0
        },
        {
            "loss": 0.6815206681413853,
            "task": 13,
            "samples_seens": 50526,
            "categorial_accuracy": 0.7875531915908164,
            "top_2_accuracy": 0.9052659573453538,
            "epoch": 0
        },
        {
            "loss": 0.7068099743254641,
            "task": 14,
            "samples_seens": 54135,
            "categorial_accuracy": 0.7820212765957447,
            "top_2_accuracy": 0.903457446707056,
            "epoch": 0
        },
        {
            "loss": 0.7169197043459467,
            "task": 15,
            "samples_seens": 57744,
            "categorial_accuracy": 0.7737765958968629,
            "top_2_accuracy": 0.8977127659574468,
            "epoch": 0
        },
        {
            "loss": 0.6448003133307112,
            "task": 16,
            "samples_seens": 61353,
            "categorial_accuracy": 0.7974468084091836,
            "top_2_accuracy": 0.9167021278117565,
            "epoch": 0
        },
        {
            "loss": 0.6368760571581252,
            "task": 17,
            "samples_seens": 64962,
            "categorial_accuracy": 0.8043085105368432,
            "top_2_accuracy": 0.9153191490883523,
            "epoch": 0
        },
        {
            "loss": 0.6096975600973089,
            "task": 18,
            "samples_seens": 68571,
            "categorial_accuracy": 0.8078723404762592,
            "top_2_accuracy": 0.9196808512160118,
            "epoch": 0
        },
        {
            "loss": 0.6381157641207919,
            "task": 19,
            "samples_seens": 72180,
            "categorial_accuracy": 0.8001063828265413,
            "top_2_accuracy": 0.9167021277103018,
            "epoch": 0
        },
        {
            "loss": 0.6014549914319465,
            "task": 20,
            "samples_seens": 75789,
            "categorial_accuracy": 0.8094148935155666,
            "top_2_accuracy": 0.924042553140762,
            "epoch": 0
        },
        {
            "loss": 0.6244891668380576,
            "task": 21,
            "samples_seens": 79398,
            "categorial_accuracy": 0.7981914895138842,
            "top_2_accuracy": 0.9168085106382978,
            "epoch": 0
        },
        {
            "loss": 0.6068806790290995,
            "task": 22,
            "samples_seens": 83007,
            "categorial_accuracy": 0.8129255320163483,
            "top_2_accuracy": 0.9239893618543097,
            "epoch": 0
        },
        {
            "loss": 0.5859185315193014,
            "task": 23,
            "samples_seens": 86616,
            "categorial_accuracy": 0.8109042554206036,
            "top_2_accuracy": 0.9259574468085107,
            "epoch": 0
        },
        {
            "loss": 0.5805809435438603,
            "task": 24,
            "samples_seens": 90225,
            "categorial_accuracy": 0.8133510636776051,
            "top_2_accuracy": 0.9254787234042553,
            "epoch": 0
        },
        {
            "loss": 0.5725019618551782,
            "task": 0,
            "samples_seens": 93834,
            "categorial_accuracy": 0.8129787234042554,
            "top_2_accuracy": 0.9257978722896981,
            "epoch": 1
        },
        {
            "loss": 0.5753437824198541,
            "task": 1,
            "samples_seens": 97443,
            "categorial_accuracy": 0.8152127658052647,
            "top_2_accuracy": 0.9257446809525185,
            "epoch": 1
        },
        {
            "loss": 0.5581584513187409,
            "task": 2,
            "samples_seens": 101052,
            "categorial_accuracy": 0.8222340424010094,
            "top_2_accuracy": 0.9282978723404255,
            "epoch": 1
        },
        {
            "loss": 0.5526413457190736,
            "task": 3,
            "samples_seens": 104661,
            "categorial_accuracy": 0.8209042554713311,
            "top_2_accuracy": 0.9285638297365066,
            "epoch": 1
        },
        {
            "loss": 0.5393039430202322,
            "task": 4,
            "samples_seens": 108270,
            "categorial_accuracy": 0.8289893616514002,
            "top_2_accuracy": 0.9334574467070559,
            "epoch": 1
        },
        {
            "loss": 0.5278945312601455,
            "task": 5,
            "samples_seens": 111879,
            "categorial_accuracy": 0.8296808509623751,
            "top_2_accuracy": 0.9348936169705493,
            "epoch": 1
        },
        {
            "loss": 0.5329250199490405,
            "task": 6,
            "samples_seens": 115488,
            "categorial_accuracy": 0.825159574315903,
            "top_2_accuracy": 0.9333510637790599,
            "epoch": 1
        },
        {
            "loss": 0.5409499811111612,
            "task": 7,
            "samples_seens": 119097,
            "categorial_accuracy": 0.8256382977708857,
            "top_2_accuracy": 0.9324468086120931,
            "epoch": 1
        },
        {
            "loss": 0.5316439868034201,
            "task": 8,
            "samples_seens": 122706,
            "categorial_accuracy": 0.8271276597266501,
            "top_2_accuracy": 0.936382978824859,
            "epoch": 1
        },
        {
            "loss": 0.5174108189471225,
            "task": 9,
            "samples_seens": 126315,
            "categorial_accuracy": 0.8331382980245226,
            "top_2_accuracy": 0.9364893616514003,
            "epoch": 1
        },
        {
            "loss": 0.5308159562121046,
            "task": 10,
            "samples_seens": 129924,
            "categorial_accuracy": 0.8221808510131025,
            "top_2_accuracy": 0.9345212767479267,
            "epoch": 1
        },
        {
            "loss": 0.5491072938797322,
            "task": 11,
            "samples_seens": 133533,
            "categorial_accuracy": 0.8241489360180307,
            "top_2_accuracy": 0.9316489361194854,
            "epoch": 1
        },
        {
            "loss": 0.515126924869862,
            "task": 12,
            "samples_seens": 137142,
            "categorial_accuracy": 0.830851063931242,
            "top_2_accuracy": 0.9361170214287778,
            "epoch": 1
        },
        {
            "loss": 0.520905573647073,
            "task": 13,
            "samples_seens": 140751,
            "categorial_accuracy": 0.8276063829787234,
            "top_2_accuracy": 0.9349468086628203,
            "epoch": 1
        },
        {
            "loss": 0.5117272731598388,
            "task": 14,
            "samples_seens": 144360,
            "categorial_accuracy": 0.8350000000507274,
            "top_2_accuracy": 0.9380851064844334,
            "epoch": 1
        },
        {
            "loss": 0.4985730251099201,
            "task": 15,
            "samples_seens": 147969,
            "categorial_accuracy": 0.8352659575989906,
            "top_2_accuracy": 0.9386170213780505,
            "epoch": 1
        },
        {
            "loss": 0.49848161841960664,
            "task": 16,
            "samples_seens": 151578,
            "categorial_accuracy": 0.8361170211751411,
            "top_2_accuracy": 0.9388297871325878,
            "epoch": 1
        },
        {
            "loss": 0.49565376834666475,
            "task": 17,
            "samples_seens": 155187,
            "categorial_accuracy": 0.8382446807496091,
            "top_2_accuracy": 0.9406382979737952,
            "epoch": 1
        },
        {
            "loss": 0.4927234584219912,
            "task": 18,
            "samples_seens": 158796,
            "categorial_accuracy": 0.8379255319148936,
            "top_2_accuracy": 0.9403191488347155,
            "epoch": 1
        },
        {
            "loss": 0.48557845803017313,
            "task": 19,
            "samples_seens": 162405,
            "categorial_accuracy": 0.8381382980245224,
            "top_2_accuracy": 0.942287234144008,
            "epoch": 1
        },
        {
            "loss": 0.4863348601219502,
            "task": 20,
            "samples_seens": 166014,
            "categorial_accuracy": 0.8398404255826423,
            "top_2_accuracy": 0.9421276596759228,
            "epoch": 1
        },
        {
            "loss": 0.4840568002741388,
            "task": 21,
            "samples_seens": 169623,
            "categorial_accuracy": 0.8385638297365067,
            "top_2_accuracy": 0.9413297873354972,
            "epoch": 1
        },
        {
            "loss": 0.49538711735542784,
            "task": 22,
            "samples_seens": 173232,
            "categorial_accuracy": 0.8353723403240771,
            "top_2_accuracy": 0.9402127659067194,
            "epoch": 1
        },
        {
            "loss": 0.4785350299896078,
            "task": 23,
            "samples_seens": 176841,
            "categorial_accuracy": 0.8447340425531915,
            "top_2_accuracy": 0.9426063830801781,
            "epoch": 1
        },
        {
            "loss": 0.4808994214585487,
            "task": 24,
            "samples_seens": 180450,
            "categorial_accuracy": 0.8398936171227314,
            "top_2_accuracy": 0.9442021277610292,
            "epoch": 1
        },
        {
            "loss": 0.49630209494144356,
            "task": 0,
            "samples_seens": 184059,
            "categorial_accuracy": 0.8333510636776051,
            "top_2_accuracy": 0.936489361600673,
            "epoch": 2
        },
        {
            "loss": 0.48584997184733125,
            "task": 1,
            "samples_seens": 187668,
            "categorial_accuracy": 0.8344148937692033,
            "top_2_accuracy": 0.9381914894631569,
            "epoch": 2
        },
        {
            "loss": 0.4775874890165126,
            "task": 2,
            "samples_seens": 191277,
            "categorial_accuracy": 0.8417553190982088,
            "top_2_accuracy": 0.9431914894631569,
            "epoch": 2
        },
        {
            "loss": 0.47277478973916237,
            "task": 3,
            "samples_seens": 194886,
            "categorial_accuracy": 0.843457446859238,
            "top_2_accuracy": 0.9442553190474815,
            "epoch": 2
        },
        {
            "loss": 0.4905641894898516,
            "task": 4,
            "samples_seens": 198495,
            "categorial_accuracy": 0.8385106381456903,
            "top_2_accuracy": 0.9403723403748045,
            "epoch": 2
        },
        {
            "loss": 0.4807312044945169,
            "task": 5,
            "samples_seens": 202104,
            "categorial_accuracy": 0.8407978721882434,
            "top_2_accuracy": 0.9430319147921623,
            "epoch": 2
        },
        {
            "loss": 0.4902362898562817,
            "task": 6,
            "samples_seens": 205713,
            "categorial_accuracy": 0.8396808512160119,
            "top_2_accuracy": 0.9406382979737952,
            "epoch": 2
        },
        {
            "loss": 0.47050188325821085,
            "task": 7,
            "samples_seens": 209322,
            "categorial_accuracy": 0.8462765957446808,
            "top_2_accuracy": 0.9439361703142207,
            "epoch": 2
        },
        {
            "loss": 0.46432210978041305,
            "task": 8,
            "samples_seens": 212931,
            "categorial_accuracy": 0.8444680850049283,
            "top_2_accuracy": 0.9446276595237407,
            "epoch": 2
        },
        {
            "loss": 0.46614880391891966,
            "task": 9,
            "samples_seens": 216540,
            "categorial_accuracy": 0.8456914893617021,
            "top_2_accuracy": 0.9430319147921623,
            "epoch": 2
        },
        {
            "loss": 0.46663187572296627,
            "task": 10,
            "samples_seens": 220149,
            "categorial_accuracy": 0.8445212764435626,
            "top_2_accuracy": 0.9443617022291143,
            "epoch": 2
        },
        {
            "loss": 0.47204723038571944,
            "task": 11,
            "samples_seens": 223758,
            "categorial_accuracy": 0.8453723403748046,
            "top_2_accuracy": 0.9430319147921623,
            "epoch": 2
        },
        {
            "loss": 0.46069043040275576,
            "task": 12,
            "samples_seens": 227367,
            "categorial_accuracy": 0.8476063831309055,
            "top_2_accuracy": 0.9457446809525185,
            "epoch": 2
        },
        {
            "loss": 0.4657312508846851,
            "task": 13,
            "samples_seens": 230976,
            "categorial_accuracy": 0.8465425533436715,
            "top_2_accuracy": 0.9438297871325878,
            "epoch": 2
        },
        {
            "loss": 0.4740674871840376,
            "task": 14,
            "samples_seens": 234585,
            "categorial_accuracy": 0.843457446859238,
            "top_2_accuracy": 0.9440957446301237,
            "epoch": 2
        },
        {
            "loss": 0.4656341576322596,
            "task": 15,
            "samples_seens": 238194,
            "categorial_accuracy": 0.8456382980245225,
            "top_2_accuracy": 0.9443085107397526,
            "epoch": 2
        },
        {
            "loss": 0.46388910803389044,
            "task": 16,
            "samples_seens": 241803,
            "categorial_accuracy": 0.8486702129181395,
            "top_2_accuracy": 0.9459042552176942,
            "epoch": 2
        },
        {
            "loss": 0.44878693588236546,
            "task": 17,
            "samples_seens": 245412,
            "categorial_accuracy": 0.8518617022798416,
            "top_2_accuracy": 0.948085106281524,
            "epoch": 2
        },
        {
            "loss": 0.4452939518715473,
            "task": 18,
            "samples_seens": 249021,
            "categorial_accuracy": 0.8520212765957447,
            "top_2_accuracy": 0.9493085105368432,
            "epoch": 2
        },
        {
            "loss": 0.4725647236184871,
            "task": 19,
            "samples_seens": 252630,
            "categorial_accuracy": 0.8450531916415438,
            "top_2_accuracy": 0.9445744680343791,
            "epoch": 2
        },
        {
            "loss": 0.44621970227424135,
            "task": 20,
            "samples_seens": 256239,
            "categorial_accuracy": 0.851436170364948,
            "top_2_accuracy": 0.9464361703142207,
            "epoch": 2
        },
        {
            "loss": 0.46797861842398947,
            "task": 21,
            "samples_seens": 259848,
            "categorial_accuracy": 0.8421276594222861,
            "top_2_accuracy": 0.9437234041538645,
            "epoch": 2
        },
        {
            "loss": 0.4560691024648382,
            "task": 22,
            "samples_seens": 263457,
            "categorial_accuracy": 0.8481382978216131,
            "top_2_accuracy": 0.9462234043567739,
            "epoch": 2
        },
        {
            "loss": 0.44469352060175954,
            "task": 23,
            "samples_seens": 267066,
            "categorial_accuracy": 0.8522872340425532,
            "top_2_accuracy": 0.946063829635052,
            "epoch": 2
        },
        {
            "loss": 0.45989146813433224,
            "task": 24,
            "samples_seens": 270675,
            "categorial_accuracy": 0.8442021276595745,
            "top_2_accuracy": 0.9448936170720039,
            "epoch": 2
        }
    ]
}