{
    "name": "id0_t5_sorted",
    "results": [
        {
            "task": 0,
            "epoch": 0,
            "samples_seens": 18047,
            "categorial_accuracy": 0.5738297871833152,
            "loss": 1.7731507976004417,
            "top_2_accuracy": 0.7180319150457991
        },
        {
            "task": 1,
            "epoch": 0,
            "samples_seens": 36094,
            "categorial_accuracy": 0.6756382979230677,
            "loss": 1.3130819706206627,
            "top_2_accuracy": 0.808031914741435
        },
        {
            "task": 2,
            "epoch": 0,
            "samples_seens": 54141,
            "categorial_accuracy": 0.7436170213273231,
            "loss": 0.9386160915963193,
            "top_2_accuracy": 0.867074468034379
        },
        {
            "task": 3,
            "epoch": 0,
            "samples_seens": 72188,
            "categorial_accuracy": 0.7846808512160118,
            "loss": 0.7204937703558739,
            "top_2_accuracy": 0.9027127658052647
        },
        {
            "task": 4,
            "epoch": 0,
            "samples_seens": 90235,
            "categorial_accuracy": 0.7662234044075013,
            "loss": 0.8125615782940642,
            "top_2_accuracy": 0.903351063931242
        },
        {
            "task": 0,
            "epoch": 1,
            "samples_seens": 108282,
            "categorial_accuracy": 0.7812765956939535,
            "loss": 0.8468342435106319,
            "top_2_accuracy": 0.8962234042553191
        },
        {
            "task": 1,
            "epoch": 1,
            "samples_seens": 126329,
            "categorial_accuracy": 0.788031914893617,
            "loss": 0.7924267634432367,
            "top_2_accuracy": 0.9046808510131025
        },
        {
            "task": 2,
            "epoch": 1,
            "samples_seens": 144376,
            "categorial_accuracy": 0.8053723403748045,
            "loss": 0.6799804720980056,
            "top_2_accuracy": 0.9120212766971993
        },
        {
            "task": 3,
            "epoch": 1,
            "samples_seens": 162423,
            "categorial_accuracy": 0.8168617020769322,
            "loss": 0.5824529917696689,
            "top_2_accuracy": 0.9242553190982088
        },
        {
            "task": 4,
            "epoch": 1,
            "samples_seens": 180470,
            "categorial_accuracy": 0.7976063830801782,
            "loss": 0.6747798204929271,
            "top_2_accuracy": 0.9239893616514003
        },
        {
            "task": 0,
            "epoch": 2,
            "samples_seens": 198517,
            "categorial_accuracy": 0.7952659573960812,
            "loss": 0.8505992549531003,
            "top_2_accuracy": 0.9036170212765957
        },
        {
            "task": 1,
            "epoch": 2,
            "samples_seens": 216564,
            "categorial_accuracy": 0.8140425530393073,
            "loss": 0.6914904759538935,
            "top_2_accuracy": 0.9177659573960811
        },
        {
            "task": 2,
            "epoch": 2,
            "samples_seens": 234611,
            "categorial_accuracy": 0.826382978824859,
            "loss": 0.6060064646030994,
            "top_2_accuracy": 0.9251063830801781
        },
        {
            "task": 3,
            "epoch": 2,
            "samples_seens": 252658,
            "categorial_accuracy": 0.8300531913371796,
            "loss": 0.5336449384942968,
            "top_2_accuracy": 0.9348936171227313
        },
        {
            "task": 4,
            "epoch": 2,
            "samples_seens": 270705,
            "categorial_accuracy": 0.8052659573960812,
            "loss": 0.6397202127537829,
            "top_2_accuracy": 0.9268085104861158
        }
    ],
    "task_count": 5,
    "id": 0
}