{
    "name": "id0_t10_sorted",
    "results": [
        {
            "task": 0,
            "epoch": 0,
            "samples_seens": 9023,
            "categorial_accuracy": 0.49771276600817416,
            "loss": 2.0914093469051607,
            "top_2_accuracy": 0.6454787233028006
        },
        {
            "task": 1,
            "epoch": 0,
            "samples_seens": 18046,
            "categorial_accuracy": 0.5843085105368432,
            "loss": 1.7685629239995428,
            "top_2_accuracy": 0.7231382978723404
        },
        {
            "task": 2,
            "epoch": 0,
            "samples_seens": 27069,
            "categorial_accuracy": 0.6278191488347155,
            "loss": 1.5428908514469228,
            "top_2_accuracy": 0.7682978723404256
        },
        {
            "task": 3,
            "epoch": 0,
            "samples_seens": 36092,
            "categorial_accuracy": 0.6720212765450173,
            "loss": 1.3628758806877947,
            "top_2_accuracy": 0.8043617022291143
        },
        {
            "task": 4,
            "epoch": 0,
            "samples_seens": 45115,
            "categorial_accuracy": 0.708404255319149,
            "loss": 1.1033090391564877,
            "top_2_accuracy": 0.8369148935155666
        },
        {
            "task": 5,
            "epoch": 0,
            "samples_seens": 54138,
            "categorial_accuracy": 0.746542553140762,
            "loss": 0.9349305955399858,
            "top_2_accuracy": 0.8663297873354973
        },
        {
            "task": 6,
            "epoch": 0,
            "samples_seens": 63161,
            "categorial_accuracy": 0.7648936170212766,
            "loss": 0.8226028547388442,
            "top_2_accuracy": 0.8831914895138842
        },
        {
            "task": 7,
            "epoch": 0,
            "samples_seens": 72184,
            "categorial_accuracy": 0.7809042552176942,
            "loss": 0.7540383133482426,
            "top_2_accuracy": 0.8994680851571103
        },
        {
            "task": 8,
            "epoch": 0,
            "samples_seens": 81207,
            "categorial_accuracy": 0.779893617072004,
            "loss": 0.7680413554577117,
            "top_2_accuracy": 0.8985106383485997
        },
        {
            "task": 9,
            "epoch": 0,
            "samples_seens": 90230,
            "categorial_accuracy": 0.6794148936677487,
            "loss": 1.1807118549752742,
            "top_2_accuracy": 0.8370744681865611
        },
        {
            "task": 0,
            "epoch": 1,
            "samples_seens": 99253,
            "categorial_accuracy": 0.7729255319148937,
            "loss": 0.895299239107903,
            "top_2_accuracy": 0.8907978722389708
        },
        {
            "task": 1,
            "epoch": 1,
            "samples_seens": 108276,
            "categorial_accuracy": 0.7626595744680851,
            "loss": 0.9890693805065561,
            "top_2_accuracy": 0.8806382977201583
        },
        {
            "task": 2,
            "epoch": 1,
            "samples_seens": 117299,
            "categorial_accuracy": 0.779574468034379,
            "loss": 0.8680158960058334,
            "top_2_accuracy": 0.8942553190474815
        },
        {
            "task": 3,
            "epoch": 1,
            "samples_seens": 126322,
            "categorial_accuracy": 0.7892553191996635,
            "loss": 0.8028877637741414,
            "top_2_accuracy": 0.9011170213780505
        },
        {
            "task": 4,
            "epoch": 1,
            "samples_seens": 135345,
            "categorial_accuracy": 0.7984042554206037,
            "loss": 0.7368298201358064,
            "top_2_accuracy": 0.9064893616514003
        },
        {
            "task": 5,
            "epoch": 1,
            "samples_seens": 144368,
            "categorial_accuracy": 0.8084042553698763,
            "loss": 0.690855229408183,
            "top_2_accuracy": 0.9122340427053736
        },
        {
            "task": 6,
            "epoch": 1,
            "samples_seens": 153391,
            "categorial_accuracy": 0.810904255471331,
            "loss": 0.6332663370700593,
            "top_2_accuracy": 0.9149468086628204
        },
        {
            "task": 7,
            "epoch": 1,
            "samples_seens": 162414,
            "categorial_accuracy": 0.8130319149950718,
            "loss": 0.60008689335052,
            "top_2_accuracy": 0.9241489361194855
        },
        {
            "task": 8,
            "epoch": 1,
            "samples_seens": 171437,
            "categorial_accuracy": 0.8177659574468085,
            "loss": 0.5977591745904152,
            "top_2_accuracy": 0.9282978722896982
        },
        {
            "task": 9,
            "epoch": 1,
            "samples_seens": 180460,
            "categorial_accuracy": 0.7461702126645028,
            "loss": 0.8929367625966985,
            "top_2_accuracy": 0.8951063828772687
        },
        {
            "task": 0,
            "epoch": 2,
            "samples_seens": 189483,
            "categorial_accuracy": 0.7822340425024641,
            "loss": 0.9623516391186004,
            "top_2_accuracy": 0.8965957447315784
        },
        {
            "task": 1,
            "epoch": 2,
            "samples_seens": 198506,
            "categorial_accuracy": 0.791595744528669,
            "loss": 0.8615460404436639,
            "top_2_accuracy": 0.9039361701113112
        },
        {
            "task": 2,
            "epoch": 2,
            "samples_seens": 207529,
            "categorial_accuracy": 0.7962765957446809,
            "loss": 0.8258375045086475,
            "top_2_accuracy": 0.906595744680851
        },
        {
            "task": 3,
            "epoch": 2,
            "samples_seens": 216552,
            "categorial_accuracy": 0.8043617022291143,
            "loss": 0.7523966331684843,
            "top_2_accuracy": 0.9138297873862247
        },
        {
            "task": 4,
            "epoch": 2,
            "samples_seens": 225575,
            "categorial_accuracy": 0.8116489360687581,
            "loss": 0.6737842874070431,
            "top_2_accuracy": 0.9186702129181396
        },
        {
            "task": 5,
            "epoch": 2,
            "samples_seens": 234598,
            "categorial_accuracy": 0.8174468084091836,
            "loss": 0.6615328811584635,
            "top_2_accuracy": 0.9196276597266502
        },
        {
            "task": 6,
            "epoch": 2,
            "samples_seens": 243621,
            "categorial_accuracy": 0.8284574467070559,
            "loss": 0.5552257507405383,
            "top_2_accuracy": 0.9309574467577832
        },
        {
            "task": 7,
            "epoch": 2,
            "samples_seens": 252644,
            "categorial_accuracy": 0.8279255318134389,
            "loss": 0.5540647682737797,
            "top_2_accuracy": 0.9309042552684216
        },
        {
            "task": 8,
            "epoch": 2,
            "samples_seens": 261667,
            "categorial_accuracy": 0.8152127660081742,
            "loss": 0.5931273789608732,
            "top_2_accuracy": 0.9287765958968629
        },
        {
            "task": 9,
            "epoch": 2,
            "samples_seens": 270690,
            "categorial_accuracy": 0.743989361752855,
            "loss": 0.8607080562571262,
            "top_2_accuracy": 0.8934574467577833
        }
    ],
    "task_count": 10,
    "id": 0
}