{
    "name": "id0_t25_sorted",
    "results": [
        {
            "task": 0,
            "epoch": 0,
            "samples_seens": 3609,
            "categorial_accuracy": 0.3376063829026324,
            "loss": 2.8262517914873486,
            "top_2_accuracy": 0.4787765956939535
        },
        {
            "task": 1,
            "epoch": 0,
            "samples_seens": 7218,
            "categorial_accuracy": 0.4588297871325878,
            "loss": 2.1695180858449734,
            "top_2_accuracy": 0.6086170214287778
        },
        {
            "task": 2,
            "epoch": 0,
            "samples_seens": 10827,
            "categorial_accuracy": 0.5285638298125978,
            "loss": 2.050557140593833,
            "top_2_accuracy": 0.6712234041031371
        },
        {
            "task": 3,
            "epoch": 0,
            "samples_seens": 14436,
            "categorial_accuracy": 0.552925531965621,
            "loss": 1.8612557185964382,
            "top_2_accuracy": 0.6963297872847699
        },
        {
            "task": 4,
            "epoch": 0,
            "samples_seens": 18045,
            "categorial_accuracy": 0.5680851062307967,
            "loss": 1.8856482582903922,
            "top_2_accuracy": 0.7106382977708857
        },
        {
            "task": 5,
            "epoch": 0,
            "samples_seens": 21654,
            "categorial_accuracy": 0.6017021275581198,
            "loss": 1.7327697643320612,
            "top_2_accuracy": 0.7409574467070559
        },
        {
            "task": 6,
            "epoch": 0,
            "samples_seens": 25263,
            "categorial_accuracy": 0.6192021277103018,
            "loss": 1.5627088121657675,
            "top_2_accuracy": 0.7564893616006729
        },
        {
            "task": 7,
            "epoch": 0,
            "samples_seens": 28872,
            "categorial_accuracy": 0.6452127659574468,
            "loss": 1.4571153574801505,
            "top_2_accuracy": 0.7825531915400891
        },
        {
            "task": 8,
            "epoch": 0,
            "samples_seens": 32481,
            "categorial_accuracy": 0.6356914893109747,
            "loss": 1.5042985387558632,
            "top_2_accuracy": 0.7672340426039188
        },
        {
            "task": 9,
            "epoch": 0,
            "samples_seens": 36090,
            "categorial_accuracy": 0.6680851064337061,
            "loss": 1.2336715813900563,
            "top_2_accuracy": 0.8052659575989906
        },
        {
            "task": 10,
            "epoch": 0,
            "samples_seens": 39699,
            "categorial_accuracy": 0.6902127661096289,
            "loss": 1.187078212778619,
            "top_2_accuracy": 0.8241489362209401
        },
        {
            "task": 11,
            "epoch": 0,
            "samples_seens": 43308,
            "categorial_accuracy": 0.7003723403748046,
            "loss": 1.1225923365734993,
            "top_2_accuracy": 0.8288297872847699
        },
        {
            "task": 12,
            "epoch": 0,
            "samples_seens": 46917,
            "categorial_accuracy": 0.7057978724926076,
            "loss": 1.096574688566492,
            "top_2_accuracy": 0.8375000001014548
        },
        {
            "task": 13,
            "epoch": 0,
            "samples_seens": 50526,
            "categorial_accuracy": 0.7325000000507274,
            "loss": 1.050042469298586,
            "top_2_accuracy": 0.8525000000507273
        },
        {
            "task": 14,
            "epoch": 0,
            "samples_seens": 54135,
            "categorial_accuracy": 0.7370744682372885,
            "loss": 0.9646925673586257,
            "top_2_accuracy": 0.8584042552684216
        },
        {
            "task": 15,
            "epoch": 0,
            "samples_seens": 57744,
            "categorial_accuracy": 0.7483510637283325,
            "loss": 0.8813203361186576,
            "top_2_accuracy": 0.8717553190474815
        },
        {
            "task": 16,
            "epoch": 0,
            "samples_seens": 61353,
            "categorial_accuracy": 0.7594148934648393,
            "loss": 0.8393441824202842,
            "top_2_accuracy": 0.8790425533436714
        },
        {
            "task": 17,
            "epoch": 0,
            "samples_seens": 64962,
            "categorial_accuracy": 0.7595212765450173,
            "loss": 0.8208769992564587,
            "top_2_accuracy": 0.8827659573453538
        },
        {
            "task": 18,
            "epoch": 0,
            "samples_seens": 68571,
            "categorial_accuracy": 0.7648404253797328,
            "loss": 0.8024397011006132,
            "top_2_accuracy": 0.8895744679836517
        },
        {
            "task": 19,
            "epoch": 0,
            "samples_seens": 72180,
            "categorial_accuracy": 0.7740425531914894,
            "loss": 0.7728492429408621,
            "top_2_accuracy": 0.8953723403240772
        },
        {
            "task": 20,
            "epoch": 0,
            "samples_seens": 75789,
            "categorial_accuracy": 0.747446808459911,
            "loss": 0.8796719436949872,
            "top_2_accuracy": 0.8777127658559921
        },
        {
            "task": 21,
            "epoch": 0,
            "samples_seens": 79398,
            "categorial_accuracy": 0.769095744528669,
            "loss": 0.8242863712919519,
            "top_2_accuracy": 0.8972872340425532
        },
        {
            "task": 22,
            "epoch": 0,
            "samples_seens": 83007,
            "categorial_accuracy": 0.7663829787234042,
            "loss": 0.8135532509519698,
            "top_2_accuracy": 0.8995744679329243
        },
        {
            "task": 23,
            "epoch": 0,
            "samples_seens": 86616,
            "categorial_accuracy": 0.7132446808003364,
            "loss": 1.056695527117303,
            "top_2_accuracy": 0.859574468034379
        },
        {
            "task": 24,
            "epoch": 0,
            "samples_seens": 90225,
            "categorial_accuracy": 0.7125531915400891,
            "loss": 1.0039455559913149,
            "top_2_accuracy": 0.8690957446301237
        },
        {
            "task": 0,
            "epoch": 1,
            "samples_seens": 93834,
            "categorial_accuracy": 0.767872340577714,
            "loss": 0.8948957311853449,
            "top_2_accuracy": 0.889095744528669
        },
        {
            "task": 1,
            "epoch": 1,
            "samples_seens": 97443,
            "categorial_accuracy": 0.7651063828772687,
            "loss": 0.9549545759343087,
            "top_2_accuracy": 0.8860638297365067
        },
        {
            "task": 2,
            "epoch": 1,
            "samples_seens": 101052,
            "categorial_accuracy": 0.7720744680343791,
            "loss": 0.8989974384612226,
            "top_2_accuracy": 0.890159574315903
        },
        {
            "task": 3,
            "epoch": 1,
            "samples_seens": 104661,
            "categorial_accuracy": 0.7743085106890252,
            "loss": 0.9233072009492428,
            "top_2_accuracy": 0.8921276594730134
        },
        {
            "task": 4,
            "epoch": 1,
            "samples_seens": 108270,
            "categorial_accuracy": 0.7810106382978723,
            "loss": 0.8519487343443201,
            "top_2_accuracy": 0.900053191387907
        },
        {
            "task": 5,
            "epoch": 1,
            "samples_seens": 111879,
            "categorial_accuracy": 0.7723404256333696,
            "loss": 0.914440766750498,
            "top_2_accuracy": 0.8880851064844334
        },
        {
            "task": 6,
            "epoch": 1,
            "samples_seens": 115488,
            "categorial_accuracy": 0.783510638247145,
            "loss": 0.8325423680467808,
            "top_2_accuracy": 0.8981382978723405
        },
        {
            "task": 7,
            "epoch": 1,
            "samples_seens": 119097,
            "categorial_accuracy": 0.7884042551669669,
            "loss": 0.8288576568948461,
            "top_2_accuracy": 0.9022872338903711
        },
        {
            "task": 8,
            "epoch": 1,
            "samples_seens": 122706,
            "categorial_accuracy": 0.7844680850049283,
            "loss": 0.8133439098520482,
            "top_2_accuracy": 0.8980319149950717
        },
        {
            "task": 9,
            "epoch": 1,
            "samples_seens": 126315,
            "categorial_accuracy": 0.7910106383485997,
            "loss": 0.787959465574711,
            "top_2_accuracy": 0.9005319148936171
        },
        {
            "task": 10,
            "epoch": 1,
            "samples_seens": 129924,
            "categorial_accuracy": 0.7960106383993271,
            "loss": 0.7394504528350019,
            "top_2_accuracy": 0.9065425530900346
        },
        {
            "task": 11,
            "epoch": 1,
            "samples_seens": 133533,
            "categorial_accuracy": 0.7832978724418802,
            "loss": 0.8048495547314908,
            "top_2_accuracy": 0.8985638298379613
        },
        {
            "task": 12,
            "epoch": 1,
            "samples_seens": 137142,
            "categorial_accuracy": 0.8014361703649481,
            "loss": 0.6964623757118874,
            "top_2_accuracy": 0.9103191490883523
        },
        {
            "task": 13,
            "epoch": 1,
            "samples_seens": 140751,
            "categorial_accuracy": 0.7980851063829787,
            "loss": 0.6800890748551551,
            "top_2_accuracy": 0.9087765956432261
        },
        {
            "task": 14,
            "epoch": 1,
            "samples_seens": 144360,
            "categorial_accuracy": 0.8022340424517368,
            "loss": 0.6701502071035669,
            "top_2_accuracy": 0.9121808509116477
        },
        {
            "task": 15,
            "epoch": 1,
            "samples_seens": 147969,
            "categorial_accuracy": 0.80069148920952,
            "loss": 0.6906848671588491,
            "top_2_accuracy": 0.9111170211244136
        },
        {
            "task": 16,
            "epoch": 1,
            "samples_seens": 151578,
            "categorial_accuracy": 0.810904255471331,
            "loss": 0.6389412985964025,
            "top_2_accuracy": 0.9180319150457991
        },
        {
            "task": 17,
            "epoch": 1,
            "samples_seens": 155187,
            "categorial_accuracy": 0.811382978672677,
            "loss": 0.6295549394982927,
            "top_2_accuracy": 0.9174468084599109
        },
        {
            "task": 18,
            "epoch": 1,
            "samples_seens": 158796,
            "categorial_accuracy": 0.8082446808510638,
            "loss": 0.6208139244039008,
            "top_2_accuracy": 0.9209574469606927
        },
        {
            "task": 19,
            "epoch": 1,
            "samples_seens": 162405,
            "categorial_accuracy": 0.811063829787234,
            "loss": 0.6258307082855955,
            "top_2_accuracy": 0.92
        },
        {
            "task": 20,
            "epoch": 1,
            "samples_seens": 166014,
            "categorial_accuracy": 0.8057446809017912,
            "loss": 0.631380034355407,
            "top_2_accuracy": 0.9214361703649481
        },
        {
            "task": 21,
            "epoch": 1,
            "samples_seens": 169623,
            "categorial_accuracy": 0.8121276597266501,
            "loss": 0.6151641856102233,
            "top_2_accuracy": 0.9257446809525185
        },
        {
            "task": 22,
            "epoch": 1,
            "samples_seens": 173232,
            "categorial_accuracy": 0.7911170213780505,
            "loss": 0.7052538190496729,
            "top_2_accuracy": 0.9174999998985452
        },
        {
            "task": 23,
            "epoch": 1,
            "samples_seens": 176841,
            "categorial_accuracy": 0.7426595743666304,
            "loss": 0.8907305241138377,
            "top_2_accuracy": 0.8860638299394161
        },
        {
            "task": 24,
            "epoch": 1,
            "samples_seens": 180450,
            "categorial_accuracy": 0.7095744679836516,
            "loss": 1.0124521043960084,
            "top_2_accuracy": 0.8698936169198219
        },
        {
            "task": 0,
            "epoch": 2,
            "samples_seens": 184059,
            "categorial_accuracy": 0.7706914893617022,
            "loss": 1.049878472368768,
            "top_2_accuracy": 0.8877659574975358
        },
        {
            "task": 1,
            "epoch": 2,
            "samples_seens": 187668,
            "categorial_accuracy": 0.7904255317627116,
            "loss": 0.9026917917677697,
            "top_2_accuracy": 0.9016489361702128
        },
        {
            "task": 2,
            "epoch": 2,
            "samples_seens": 191277,
            "categorial_accuracy": 0.7880319147921623,
            "loss": 0.876796250241868,
            "top_2_accuracy": 0.901436170212766
        },
        {
            "task": 3,
            "epoch": 2,
            "samples_seens": 194886,
            "categorial_accuracy": 0.7832446810032458,
            "loss": 0.8917440697487364,
            "top_2_accuracy": 0.8977659573453538
        },
        {
            "task": 4,
            "epoch": 2,
            "samples_seens": 198495,
            "categorial_accuracy": 0.8019148936677486,
            "loss": 0.8246151535561744,
            "top_2_accuracy": 0.9127127658052647
        },
        {
            "task": 5,
            "epoch": 2,
            "samples_seens": 202104,
            "categorial_accuracy": 0.7879255318134389,
            "loss": 0.919527279772657,
            "top_2_accuracy": 0.8990425532422167
        },
        {
            "task": 6,
            "epoch": 2,
            "samples_seens": 205713,
            "categorial_accuracy": 0.7972340425024641,
            "loss": 0.8377901199523439,
            "top_2_accuracy": 0.9062234041538645
        },
        {
            "task": 7,
            "epoch": 2,
            "samples_seens": 209322,
            "categorial_accuracy": 0.8081382978216131,
            "loss": 0.723575705822478,
            "top_2_accuracy": 0.9146276597266502
        },
        {
            "task": 8,
            "epoch": 2,
            "samples_seens": 212931,
            "categorial_accuracy": 0.8057978723404255,
            "loss": 0.7382139519427685,
            "top_2_accuracy": 0.9129787232520733
        },
        {
            "task": 9,
            "epoch": 2,
            "samples_seens": 216540,
            "categorial_accuracy": 0.8148404254811875,
            "loss": 0.6456104327262716,
            "top_2_accuracy": 0.9214893618543097
        },
        {
            "task": 10,
            "epoch": 2,
            "samples_seens": 220149,
            "categorial_accuracy": 0.8061702128166848,
            "loss": 0.738416913544878,
            "top_2_accuracy": 0.9140425533436715
        },
        {
            "task": 11,
            "epoch": 2,
            "samples_seens": 223758,
            "categorial_accuracy": 0.8103191489868976,
            "loss": 0.7198701765689444,
            "top_2_accuracy": 0.9163297871833151
        },
        {
            "task": 12,
            "epoch": 2,
            "samples_seens": 227367,
            "categorial_accuracy": 0.8202127658052647,
            "loss": 0.6181629868771168,
            "top_2_accuracy": 0.9234574469099653
        },
        {
            "task": 13,
            "epoch": 2,
            "samples_seens": 230976,
            "categorial_accuracy": 0.8134574467577833,
            "loss": 0.6881706909169542,
            "top_2_accuracy": 0.9172872338903711
        },
        {
            "task": 14,
            "epoch": 2,
            "samples_seens": 234585,
            "categorial_accuracy": 0.8212765958461355,
            "loss": 0.6059366222391738,
            "top_2_accuracy": 0.9241489361194855
        },
        {
            "task": 15,
            "epoch": 2,
            "samples_seens": 238194,
            "categorial_accuracy": 0.8227127658559921,
            "loss": 0.6047998529038531,
            "top_2_accuracy": 0.9255851063322513
        },
        {
            "task": 16,
            "epoch": 2,
            "samples_seens": 241803,
            "categorial_accuracy": 0.8240425533436714,
            "loss": 0.592088070270863,
            "top_2_accuracy": 0.9260638297365067
        },
        {
            "task": 17,
            "epoch": 2,
            "samples_seens": 245412,
            "categorial_accuracy": 0.8242553190982088,
            "loss": 0.5562737107276916,
            "top_2_accuracy": 0.9300000001521821
        },
        {
            "task": 18,
            "epoch": 2,
            "samples_seens": 249021,
            "categorial_accuracy": 0.821489361600673,
            "loss": 0.6006793273002543,
            "top_2_accuracy": 0.9270212765450173
        },
        {
            "task": 19,
            "epoch": 2,
            "samples_seens": 252630,
            "categorial_accuracy": 0.8213829786726768,
            "loss": 0.5722942157248233,
            "top_2_accuracy": 0.9299468086628204
        },
        {
            "task": 20,
            "epoch": 2,
            "samples_seens": 256239,
            "categorial_accuracy": 0.8077659574468085,
            "loss": 0.592167065397222,
            "top_2_accuracy": 0.9277659575989906
        },
        {
            "task": 21,
            "epoch": 2,
            "samples_seens": 259848,
            "categorial_accuracy": 0.8064893615499455,
            "loss": 0.634563140361867,
            "top_2_accuracy": 0.9237234041538644
        },
        {
            "task": 22,
            "epoch": 2,
            "samples_seens": 263457,
            "categorial_accuracy": 0.8099999999492726,
            "loss": 0.6240072337870902,
            "top_2_accuracy": 0.9274468085106383
        },
        {
            "task": 23,
            "epoch": 2,
            "samples_seens": 267066,
            "categorial_accuracy": 0.7924468085106383,
            "loss": 0.6890152615689217,
            "top_2_accuracy": 0.9191489361702128
        },
        {
            "task": 24,
            "epoch": 2,
            "samples_seens": 270675,
            "categorial_accuracy": 0.6514361703142206,
            "loss": 1.1653108772318415,
            "top_2_accuracy": 0.8279255318641663
        }
    ],
    "task_count": 25,
    "id": 0
}