{
    "name": "id0_t5_unsorted",
    "task_count": 5,
    "id": 0,
    "results": [
        {
            "loss": 1.0967503824639828,
            "task": 0,
            "samples_seens": 18047,
            "categorial_accuracy": 0.6793085106890252,
            "top_2_accuracy": 0.822074468186561,
            "epoch": 0
        },
        {
            "loss": 0.7431143480158867,
            "task": 1,
            "samples_seens": 36094,
            "categorial_accuracy": 0.7731914892095201,
            "top_2_accuracy": 0.893138297821613,
            "epoch": 0
        },
        {
            "loss": 0.6368234125096747,
            "task": 2,
            "samples_seens": 54141,
            "categorial_accuracy": 0.8025531914893617,
            "top_2_accuracy": 0.9144148934648392,
            "epoch": 0
        },
        {
            "loss": 0.5743324287140623,
            "task": 3,
            "samples_seens": 72188,
            "categorial_accuracy": 0.8163297871833152,
            "top_2_accuracy": 0.9283510637790598,
            "epoch": 0
        },
        {
            "loss": 0.5464298204919125,
            "task": 4,
            "samples_seens": 90235,
            "categorial_accuracy": 0.8227659572946264,
            "top_2_accuracy": 0.9286170213780505,
            "epoch": 0
        },
        {
            "loss": 0.5224874725240343,
            "task": 0,
            "samples_seens": 108282,
            "categorial_accuracy": 0.8302127660589015,
            "top_2_accuracy": 0.9355319149950717,
            "epoch": 1
        },
        {
            "loss": 0.4991886707062417,
            "task": 1,
            "samples_seens": 126329,
            "categorial_accuracy": 0.837872340577714,
            "top_2_accuracy": 0.938510638399327,
            "epoch": 1
        },
        {
            "loss": 0.4868716811880152,
            "task": 2,
            "samples_seens": 144376,
            "categorial_accuracy": 0.8397872338903711,
            "top_2_accuracy": 0.9409042552176943,
            "epoch": 1
        },
        {
            "loss": 0.4750359101244744,
            "task": 3,
            "samples_seens": 162423,
            "categorial_accuracy": 0.8444680852585651,
            "top_2_accuracy": 0.9423936171227313,
            "epoch": 1
        },
        {
            "loss": 0.4676913109738776,
            "task": 4,
            "samples_seens": 180470,
            "categorial_accuracy": 0.8461170214287779,
            "top_2_accuracy": 0.9440957447823057,
            "epoch": 1
        },
        {
            "loss": 0.4535245361733944,
            "task": 0,
            "samples_seens": 198517,
            "categorial_accuracy": 0.8468617022798417,
            "top_2_accuracy": 0.9477127660589015,
            "epoch": 2
        },
        {
            "loss": 0.4483025345396488,
            "task": 1,
            "samples_seens": 216564,
            "categorial_accuracy": 0.8520744680851063,
            "top_2_accuracy": 0.9463297871833152,
            "epoch": 2
        },
        {
            "loss": 0.4444911545388242,
            "task": 2,
            "samples_seens": 234611,
            "categorial_accuracy": 0.8496276597266501,
            "top_2_accuracy": 0.948085106281524,
            "epoch": 2
        },
        {
            "loss": 0.4362851888068179,
            "task": 3,
            "samples_seens": 252658,
            "categorial_accuracy": 0.8516489361194854,
            "top_2_accuracy": 0.9506914894631568,
            "epoch": 2
        },
        {
            "loss": 0.43230398449491947,
            "task": 4,
            "samples_seens": 270705,
            "categorial_accuracy": 0.8553723404255319,
            "top_2_accuracy": 0.9502659575482633,
            "epoch": 2
        }
    ]
}