{
    "name": "id1_t10_sorted",
    "results": [
        {
            "task": 0,
            "epoch": 0,
            "samples_seens": 9023,
            "categorial_accuracy": 0.4944148936931123,
            "loss": 2.162278259155598,
            "top_2_accuracy": 0.6415957445793964
        },
        {
            "task": 1,
            "epoch": 0,
            "samples_seens": 18046,
            "categorial_accuracy": 0.5762234043567739,
            "loss": 1.739927212633985,
            "top_2_accuracy": 0.7254787233535279
        },
        {
            "task": 2,
            "epoch": 0,
            "samples_seens": 27069,
            "categorial_accuracy": 0.6274999998478179,
            "loss": 1.4361410300275113,
            "top_2_accuracy": 0.7708510637283326
        },
        {
            "task": 3,
            "epoch": 0,
            "samples_seens": 36092,
            "categorial_accuracy": 0.6772872340425532,
            "loss": 1.3173443862225147,
            "top_2_accuracy": 0.8123404256333696
        },
        {
            "task": 4,
            "epoch": 0,
            "samples_seens": 45115,
            "categorial_accuracy": 0.7064361703142207,
            "loss": 1.0961419407864834,
            "top_2_accuracy": 0.8370744679329243
        },
        {
            "task": 5,
            "epoch": 0,
            "samples_seens": 54138,
            "categorial_accuracy": 0.7382446808510639,
            "loss": 0.941062398362667,
            "top_2_accuracy": 0.8642021278117565
        },
        {
            "task": 6,
            "epoch": 0,
            "samples_seens": 63161,
            "categorial_accuracy": 0.7630851063829788,
            "loss": 0.8289844224300791,
            "top_2_accuracy": 0.8823936169198219
        },
        {
            "task": 7,
            "epoch": 0,
            "samples_seens": 72184,
            "categorial_accuracy": 0.7777127660589015,
            "loss": 0.7436235384230918,
            "top_2_accuracy": 0.8998404255826422
        },
        {
            "task": 8,
            "epoch": 0,
            "samples_seens": 81207,
            "categorial_accuracy": 0.7753191489868976,
            "loss": 0.7517471528560558,
            "top_2_accuracy": 0.9061170213273231
        },
        {
            "task": 9,
            "epoch": 0,
            "samples_seens": 90230,
            "categorial_accuracy": 0.7210106381456902,
            "loss": 1.0045661915616786,
            "top_2_accuracy": 0.8818085104861157
        },
        {
            "task": 0,
            "epoch": 1,
            "samples_seens": 99253,
            "categorial_accuracy": 0.7773936170720039,
            "loss": 0.8599827913020519,
            "top_2_accuracy": 0.8951063829787234
        },
        {
            "task": 1,
            "epoch": 1,
            "samples_seens": 108276,
            "categorial_accuracy": 0.7685106383485997,
            "loss": 0.920358374270987,
            "top_2_accuracy": 0.8882446806988817
        },
        {
            "task": 2,
            "epoch": 1,
            "samples_seens": 117299,
            "categorial_accuracy": 0.7910638296857794,
            "loss": 0.7924589339215705,
            "top_2_accuracy": 0.903563829787234
        },
        {
            "task": 3,
            "epoch": 1,
            "samples_seens": 126322,
            "categorial_accuracy": 0.793031914741435,
            "loss": 0.739039902585618,
            "top_2_accuracy": 0.9056382977201584
        },
        {
            "task": 4,
            "epoch": 1,
            "samples_seens": 135345,
            "categorial_accuracy": 0.8044148937692034,
            "loss": 0.6801752097302295,
            "top_2_accuracy": 0.9103723402733498
        },
        {
            "task": 5,
            "epoch": 1,
            "samples_seens": 144368,
            "categorial_accuracy": 0.8032446808510638,
            "loss": 0.6721438020848214,
            "top_2_accuracy": 0.9117553190982088
        },
        {
            "task": 6,
            "epoch": 1,
            "samples_seens": 153391,
            "categorial_accuracy": 0.8117553190982089,
            "loss": 0.6346582442902504,
            "top_2_accuracy": 0.9178191488347155
        },
        {
            "task": 7,
            "epoch": 1,
            "samples_seens": 162414,
            "categorial_accuracy": 0.8103723403748045,
            "loss": 0.6054421558278672,
            "top_2_accuracy": 0.9236170212765957
        },
        {
            "task": 8,
            "epoch": 1,
            "samples_seens": 171437,
            "categorial_accuracy": 0.8097872339918258,
            "loss": 0.6249554124537935,
            "top_2_accuracy": 0.9267021278117565
        },
        {
            "task": 9,
            "epoch": 1,
            "samples_seens": 180460,
            "categorial_accuracy": 0.7509042551669669,
            "loss": 0.844006363432458,
            "top_2_accuracy": 0.9024468085613656
        },
        {
            "task": 0,
            "epoch": 2,
            "samples_seens": 189483,
            "categorial_accuracy": 0.8083510638297873,
            "loss": 0.7627247928051238,
            "top_2_accuracy": 0.9155319150457991
        },
        {
            "task": 1,
            "epoch": 2,
            "samples_seens": 198506,
            "categorial_accuracy": 0.7971808510131024,
            "loss": 0.7855568703184737,
            "top_2_accuracy": 0.9079255319148937
        },
        {
            "task": 2,
            "epoch": 2,
            "samples_seens": 207529,
            "categorial_accuracy": 0.8007978723911529,
            "loss": 0.7639811658859252,
            "top_2_accuracy": 0.912500000152182
        },
        {
            "task": 3,
            "epoch": 2,
            "samples_seens": 216552,
            "categorial_accuracy": 0.8126595745695399,
            "loss": 0.692532998678532,
            "top_2_accuracy": 0.9189361703142207
        },
        {
            "task": 4,
            "epoch": 2,
            "samples_seens": 225575,
            "categorial_accuracy": 0.8173404254304601,
            "loss": 0.6330741188627609,
            "top_2_accuracy": 0.9212234041538644
        },
        {
            "task": 5,
            "epoch": 2,
            "samples_seens": 234598,
            "categorial_accuracy": 0.8213297872847699,
            "loss": 0.6065588080883026,
            "top_2_accuracy": 0.9237765958461356
        },
        {
            "task": 6,
            "epoch": 2,
            "samples_seens": 243621,
            "categorial_accuracy": 0.8261702127152301,
            "loss": 0.5946415638670008,
            "top_2_accuracy": 0.9272340425024641
        },
        {
            "task": 7,
            "epoch": 2,
            "samples_seens": 252644,
            "categorial_accuracy": 0.8281382979737951,
            "loss": 0.5472034626057808,
            "top_2_accuracy": 0.9309574467577832
        },
        {
            "task": 8,
            "epoch": 2,
            "samples_seens": 261667,
            "categorial_accuracy": 0.8236170213273231,
            "loss": 0.5575656977359285,
            "top_2_accuracy": 0.9338829786219496
        },
        {
            "task": 9,
            "epoch": 2,
            "samples_seens": 270690,
            "categorial_accuracy": 0.7825531915400891,
            "loss": 0.7243168806522451,
            "top_2_accuracy": 0.9176595746202671
        }
    ],
    "task_count": 10,
    "id": 1
}