{
    "name": "id1_t25_sorted",
    "results": [
        {
            "task": 0,
            "epoch": 0,
            "samples_seens": 3609,
            "categorial_accuracy": 0.27638297874876794,
            "loss": 2.98539563929781,
            "top_2_accuracy": 0.3960106383485997
        },
        {
            "task": 1,
            "epoch": 0,
            "samples_seens": 7218,
            "categorial_accuracy": 0.45712765952374074,
            "loss": 2.18746546846755,
            "top_2_accuracy": 0.6073936170212766
        },
        {
            "task": 2,
            "epoch": 0,
            "samples_seens": 10827,
            "categorial_accuracy": 0.496436170364948,
            "loss": 2.0157651117000173,
            "top_2_accuracy": 0.6467553192503909
        },
        {
            "task": 3,
            "epoch": 0,
            "samples_seens": 14436,
            "categorial_accuracy": 0.5582446807496091,
            "loss": 1.8624753843469823,
            "top_2_accuracy": 0.7000000001521821
        },
        {
            "task": 4,
            "epoch": 0,
            "samples_seens": 18045,
            "categorial_accuracy": 0.5798936170212766,
            "loss": 1.7556790873344907,
            "top_2_accuracy": 0.7227127658052648
        },
        {
            "task": 5,
            "epoch": 0,
            "samples_seens": 21654,
            "categorial_accuracy": 0.5955851062815241,
            "loss": 1.605855896625113,
            "top_2_accuracy": 0.7404255318641663
        },
        {
            "task": 6,
            "epoch": 0,
            "samples_seens": 25263,
            "categorial_accuracy": 0.6122340426039189,
            "loss": 1.601686842898105,
            "top_2_accuracy": 0.7562234043567738
        },
        {
            "task": 7,
            "epoch": 0,
            "samples_seens": 28872,
            "categorial_accuracy": 0.638936170364948,
            "loss": 1.4293441410267607,
            "top_2_accuracy": 0.78202127649429
        },
        {
            "task": 8,
            "epoch": 0,
            "samples_seens": 32481,
            "categorial_accuracy": 0.659414893718476,
            "loss": 1.3291000383458238,
            "top_2_accuracy": 0.7936702127152301
        },
        {
            "task": 9,
            "epoch": 0,
            "samples_seens": 36090,
            "categorial_accuracy": 0.6767553190982089,
            "loss": 1.2591673176339333,
            "top_2_accuracy": 0.8069680852078377
        },
        {
            "task": 10,
            "epoch": 0,
            "samples_seens": 39699,
            "categorial_accuracy": 0.6965425531914894,
            "loss": 1.2138200766989526,
            "top_2_accuracy": 0.8220212765957446
        },
        {
            "task": 11,
            "epoch": 0,
            "samples_seens": 43308,
            "categorial_accuracy": 0.7094680849542009,
            "loss": 1.0965511299701447,
            "top_2_accuracy": 0.8365957447315784
        },
        {
            "task": 12,
            "epoch": 0,
            "samples_seens": 46917,
            "categorial_accuracy": 0.7113829788755863,
            "loss": 1.0834865362593469,
            "top_2_accuracy": 0.8442021276595745
        },
        {
            "task": 13,
            "epoch": 0,
            "samples_seens": 50526,
            "categorial_accuracy": 0.7218617020262048,
            "loss": 1.0538438419585532,
            "top_2_accuracy": 0.8484574469099654
        },
        {
            "task": 14,
            "epoch": 0,
            "samples_seens": 54135,
            "categorial_accuracy": 0.737659574315903,
            "loss": 0.9285161249688331,
            "top_2_accuracy": 0.8623404255319149
        },
        {
            "task": 15,
            "epoch": 0,
            "samples_seens": 57744,
            "categorial_accuracy": 0.7492553190474814,
            "loss": 0.8937968346413145,
            "top_2_accuracy": 0.8706914894124295
        },
        {
            "task": 16,
            "epoch": 0,
            "samples_seens": 61353,
            "categorial_accuracy": 0.7469148934648392,
            "loss": 0.8795485905890769,
            "top_2_accuracy": 0.8741489363223949
        },
        {
            "task": 17,
            "epoch": 0,
            "samples_seens": 64962,
            "categorial_accuracy": 0.7692553190474815,
            "loss": 0.7989217794195135,
            "top_2_accuracy": 0.8886170213273231
        },
        {
            "task": 18,
            "epoch": 0,
            "samples_seens": 68571,
            "categorial_accuracy": 0.7452127659067195,
            "loss": 0.841468134687302,
            "top_2_accuracy": 0.8826063830294507
        },
        {
            "task": 19,
            "epoch": 0,
            "samples_seens": 72180,
            "categorial_accuracy": 0.7727659575989906,
            "loss": 0.7729115400923059,
            "top_2_accuracy": 0.8979787234549826
        },
        {
            "task": 20,
            "epoch": 0,
            "samples_seens": 75789,
            "categorial_accuracy": 0.7663829785712222,
            "loss": 0.7961072115695222,
            "top_2_accuracy": 0.8919680849542009
        },
        {
            "task": 21,
            "epoch": 0,
            "samples_seens": 79398,
            "categorial_accuracy": 0.7636170214287779,
            "loss": 0.7891902154049975,
            "top_2_accuracy": 0.895585106281524
        },
        {
            "task": 22,
            "epoch": 0,
            "samples_seens": 83007,
            "categorial_accuracy": 0.7403723404762593,
            "loss": 0.8876823119914278,
            "top_2_accuracy": 0.8792021276088471
        },
        {
            "task": 23,
            "epoch": 0,
            "samples_seens": 86616,
            "categorial_accuracy": 0.7102127661096289,
            "loss": 1.0080504100880725,
            "top_2_accuracy": 0.8643085104861158
        },
        {
            "task": 24,
            "epoch": 0,
            "samples_seens": 90225,
            "categorial_accuracy": 0.6535106382978724,
            "loss": 1.2538023416032182,
            "top_2_accuracy": 0.8304255318134389
        },
        {
            "task": 0,
            "epoch": 1,
            "samples_seens": 93834,
            "categorial_accuracy": 0.7811170212765958,
            "loss": 0.791052928934706,
            "top_2_accuracy": 0.8984042552176942
        },
        {
            "task": 1,
            "epoch": 1,
            "samples_seens": 97443,
            "categorial_accuracy": 0.7792553192503909,
            "loss": 0.829592512769902,
            "top_2_accuracy": 0.8967553191489361
        },
        {
            "task": 2,
            "epoch": 1,
            "samples_seens": 101052,
            "categorial_accuracy": 0.7708510637790599,
            "loss": 0.8724747656254058,
            "top_2_accuracy": 0.8915957447315784
        },
        {
            "task": 3,
            "epoch": 1,
            "samples_seens": 104661,
            "categorial_accuracy": 0.780053191387907,
            "loss": 0.8132270723708133,
            "top_2_accuracy": 0.8998936170212766
        },
        {
            "task": 4,
            "epoch": 1,
            "samples_seens": 108270,
            "categorial_accuracy": 0.7825531914893618,
            "loss": 0.8333158376876344,
            "top_2_accuracy": 0.8968085106382979
        },
        {
            "task": 5,
            "epoch": 1,
            "samples_seens": 111879,
            "categorial_accuracy": 0.7718085104861158,
            "loss": 0.902555536817997,
            "top_2_accuracy": 0.8927127658052647
        },
        {
            "task": 6,
            "epoch": 1,
            "samples_seens": 115488,
            "categorial_accuracy": 0.7818085107397525,
            "loss": 0.7904207593836683,
            "top_2_accuracy": 0.8990425532422167
        },
        {
            "task": 7,
            "epoch": 1,
            "samples_seens": 119097,
            "categorial_accuracy": 0.7915425533436714,
            "loss": 0.7692199258094138,
            "top_2_accuracy": 0.9026063828772687
        },
        {
            "task": 8,
            "epoch": 1,
            "samples_seens": 122706,
            "categorial_accuracy": 0.7912234041538644,
            "loss": 0.7592590263549318,
            "top_2_accuracy": 0.9006914893109748
        },
        {
            "task": 9,
            "epoch": 1,
            "samples_seens": 126315,
            "categorial_accuracy": 0.7934574469606928,
            "loss": 0.7354494012163041,
            "top_2_accuracy": 0.9056382979230678
        },
        {
            "task": 10,
            "epoch": 1,
            "samples_seens": 129924,
            "categorial_accuracy": 0.7935638298886888,
            "loss": 0.7486546725922443,
            "top_2_accuracy": 0.9050531914893617
        },
        {
            "task": 11,
            "epoch": 1,
            "samples_seens": 133533,
            "categorial_accuracy": 0.7928723403748046,
            "loss": 0.7335619142207693,
            "top_2_accuracy": 0.9046808509116477
        },
        {
            "task": 12,
            "epoch": 1,
            "samples_seens": 137142,
            "categorial_accuracy": 0.7851595743666304,
            "loss": 0.7537644950379716,
            "top_2_accuracy": 0.9011702128166849
        },
        {
            "task": 13,
            "epoch": 1,
            "samples_seens": 140751,
            "categorial_accuracy": 0.7968617021276596,
            "loss": 0.7038302072058332,
            "top_2_accuracy": 0.9063829787234042
        },
        {
            "task": 14,
            "epoch": 1,
            "samples_seens": 144360,
            "categorial_accuracy": 0.8019680850049282,
            "loss": 0.6563133176336897,
            "top_2_accuracy": 0.9118085105875705
        },
        {
            "task": 15,
            "epoch": 1,
            "samples_seens": 147969,
            "categorial_accuracy": 0.7970744681358337,
            "loss": 0.7115597166406348,
            "top_2_accuracy": 0.9059042552684216
        },
        {
            "task": 16,
            "epoch": 1,
            "samples_seens": 151578,
            "categorial_accuracy": 0.8031382978216131,
            "loss": 0.6541159983898731,
            "top_2_accuracy": 0.9118617022798416
        },
        {
            "task": 17,
            "epoch": 1,
            "samples_seens": 155187,
            "categorial_accuracy": 0.8009574469606927,
            "loss": 0.6567259124999351,
            "top_2_accuracy": 0.9127659575989906
        },
        {
            "task": 18,
            "epoch": 1,
            "samples_seens": 158796,
            "categorial_accuracy": 0.814148936068758,
            "loss": 0.604234586548298,
            "top_2_accuracy": 0.9212234042045918
        },
        {
            "task": 19,
            "epoch": 1,
            "samples_seens": 162405,
            "categorial_accuracy": 0.8009042552176943,
            "loss": 0.6323802831832399,
            "top_2_accuracy": 0.9184042553191489
        },
        {
            "task": 20,
            "epoch": 1,
            "samples_seens": 166014,
            "categorial_accuracy": 0.8069148937692033,
            "loss": 0.6359409224733393,
            "top_2_accuracy": 0.921063829787234
        },
        {
            "task": 21,
            "epoch": 1,
            "samples_seens": 169623,
            "categorial_accuracy": 0.7837765956432261,
            "loss": 0.7013525210542881,
            "top_2_accuracy": 0.9123404254811875
        },
        {
            "task": 22,
            "epoch": 1,
            "samples_seens": 173232,
            "categorial_accuracy": 0.790372340425532,
            "loss": 0.6949103985441492,
            "top_2_accuracy": 0.9174468085613656
        },
        {
            "task": 23,
            "epoch": 1,
            "samples_seens": 176841,
            "categorial_accuracy": 0.7777659573960811,
            "loss": 0.7418295720790294,
            "top_2_accuracy": 0.9111702128166848
        },
        {
            "task": 24,
            "epoch": 1,
            "samples_seens": 180450,
            "categorial_accuracy": 0.6931914894124295,
            "loss": 1.1503733631905089,
            "top_2_accuracy": 0.857074468034379
        },
        {
            "task": 0,
            "epoch": 2,
            "samples_seens": 184059,
            "categorial_accuracy": 0.7808510637790599,
            "loss": 0.8110179993954111,
            "top_2_accuracy": 0.9032446806988818
        },
        {
            "task": 1,
            "epoch": 2,
            "samples_seens": 187668,
            "categorial_accuracy": 0.7834574466563285,
            "loss": 0.9070273596175173,
            "top_2_accuracy": 0.8982978723404256
        },
        {
            "task": 2,
            "epoch": 2,
            "samples_seens": 191277,
            "categorial_accuracy": 0.7926063828772687,
            "loss": 0.8343242037042659,
            "top_2_accuracy": 0.9006382980245224
        },
        {
            "task": 3,
            "epoch": 2,
            "samples_seens": 194886,
            "categorial_accuracy": 0.7892553192503908,
            "loss": 0.8365993413012078,
            "top_2_accuracy": 0.902872340577714
        },
        {
            "task": 4,
            "epoch": 2,
            "samples_seens": 198495,
            "categorial_accuracy": 0.7938297872340425,
            "loss": 0.8363074512177325,
            "top_2_accuracy": 0.9048936169705493
        },
        {
            "task": 5,
            "epoch": 2,
            "samples_seens": 202104,
            "categorial_accuracy": 0.804042553140762,
            "loss": 0.7611978120499469,
            "top_2_accuracy": 0.9140957446301237
        },
        {
            "task": 6,
            "epoch": 2,
            "samples_seens": 205713,
            "categorial_accuracy": 0.8086170212258684,
            "loss": 0.7222994352147935,
            "top_2_accuracy": 0.9165957445793963
        },
        {
            "task": 7,
            "epoch": 2,
            "samples_seens": 209322,
            "categorial_accuracy": 0.8136702127659574,
            "loss": 0.6844864949774235,
            "top_2_accuracy": 0.920372340425532
        },
        {
            "task": 8,
            "epoch": 2,
            "samples_seens": 212931,
            "categorial_accuracy": 0.8120744681865611,
            "loss": 0.6478568860571435,
            "top_2_accuracy": 0.9196808512160118
        },
        {
            "task": 9,
            "epoch": 2,
            "samples_seens": 216540,
            "categorial_accuracy": 0.808563829635052,
            "loss": 0.6789244735494573,
            "top_2_accuracy": 0.9152659574468085
        },
        {
            "task": 10,
            "epoch": 2,
            "samples_seens": 220149,
            "categorial_accuracy": 0.8161702128674122,
            "loss": 0.6594494469115074,
            "top_2_accuracy": 0.9197872341947353
        },
        {
            "task": 11,
            "epoch": 2,
            "samples_seens": 223758,
            "categorial_accuracy": 0.8148936171734587,
            "loss": 0.6517728030174337,
            "top_2_accuracy": 0.9210106384500544
        },
        {
            "task": 12,
            "epoch": 2,
            "samples_seens": 227367,
            "categorial_accuracy": 0.8154255318134389,
            "loss": 0.6583291935159805,
            "top_2_accuracy": 0.9227127660589015
        },
        {
            "task": 13,
            "epoch": 2,
            "samples_seens": 230976,
            "categorial_accuracy": 0.8064361700605839,
            "loss": 0.698154800014293,
            "top_2_accuracy": 0.9154255320670757
        },
        {
            "task": 14,
            "epoch": 2,
            "samples_seens": 234585,
            "categorial_accuracy": 0.8157978721882435,
            "loss": 0.6532712608956276,
            "top_2_accuracy": 0.9194680850556556
        },
        {
            "task": 15,
            "epoch": 2,
            "samples_seens": 238194,
            "categorial_accuracy": 0.8125000001014547,
            "loss": 0.6573742531969192,
            "top_2_accuracy": 0.9157446808003364
        },
        {
            "task": 16,
            "epoch": 2,
            "samples_seens": 241803,
            "categorial_accuracy": 0.8223936169198219,
            "loss": 0.5781270597843413,
            "top_2_accuracy": 0.9255851064844335
        },
        {
            "task": 17,
            "epoch": 2,
            "samples_seens": 245412,
            "categorial_accuracy": 0.8243617020262048,
            "loss": 0.5651221437657133,
            "top_2_accuracy": 0.9304787235564373
        },
        {
            "task": 18,
            "epoch": 2,
            "samples_seens": 249021,
            "categorial_accuracy": 0.8246276594730134,
            "loss": 0.5686088771262068,
            "top_2_accuracy": 0.9300531914386343
        },
        {
            "task": 19,
            "epoch": 2,
            "samples_seens": 252630,
            "categorial_accuracy": 0.8229255320163483,
            "loss": 0.5725385422402239,
            "top_2_accuracy": 0.9296808510131024
        },
        {
            "task": 20,
            "epoch": 2,
            "samples_seens": 256239,
            "categorial_accuracy": 0.8252127661096289,
            "loss": 0.5531974157627593,
            "top_2_accuracy": 0.932872340577714
        },
        {
            "task": 21,
            "epoch": 2,
            "samples_seens": 259848,
            "categorial_accuracy": 0.7877659574975359,
            "loss": 0.6863922808018137,
            "top_2_accuracy": 0.9138297870818605
        },
        {
            "task": 22,
            "epoch": 2,
            "samples_seens": 263457,
            "categorial_accuracy": 0.8039893616006729,
            "loss": 0.6442206964594253,
            "top_2_accuracy": 0.9262765957954082
        },
        {
            "task": 23,
            "epoch": 2,
            "samples_seens": 267066,
            "categorial_accuracy": 0.805,
            "loss": 0.6513227676838003,
            "top_2_accuracy": 0.926063829635052
        },
        {
            "task": 24,
            "epoch": 2,
            "samples_seens": 270675,
            "categorial_accuracy": 0.7149999999492727,
            "loss": 1.0487258201964358,
            "top_2_accuracy": 0.8777127660081742
        }
    ],
    "task_count": 25,
    "id": 1
}