{
    "name": "id1_t5_sorted",
    "results": [
        {
            "task": 0,
            "epoch": 0,
            "samples_seens": 18047,
            "categorial_accuracy": 0.5663829787234043,
            "loss": 1.9033746854295122,
            "top_2_accuracy": 0.7060106383485997
        },
        {
            "task": 1,
            "epoch": 0,
            "samples_seens": 36094,
            "categorial_accuracy": 0.6825,
            "loss": 1.2674524123617943,
            "top_2_accuracy": 0.8146808512160119
        },
        {
            "task": 2,
            "epoch": 0,
            "samples_seens": 54141,
            "categorial_accuracy": 0.7401063830801781,
            "loss": 0.9770735560579503,
            "top_2_accuracy": 0.8649468085106383
        },
        {
            "task": 3,
            "epoch": 0,
            "samples_seens": 72188,
            "categorial_accuracy": 0.7764893618543097,
            "loss": 0.7396598702795962,
            "top_2_accuracy": 0.8972872340425532
        },
        {
            "task": 4,
            "epoch": 0,
            "samples_seens": 90235,
            "categorial_accuracy": 0.7579255320163484,
            "loss": 0.8605565569755879,
            "top_2_accuracy": 0.901382978824859
        },
        {
            "task": 0,
            "epoch": 1,
            "samples_seens": 108282,
            "categorial_accuracy": 0.7735106383993271,
            "loss": 0.8684450331647345,
            "top_2_accuracy": 0.8910106381964177
        },
        {
            "task": 1,
            "epoch": 1,
            "samples_seens": 126329,
            "categorial_accuracy": 0.7862765958968629,
            "loss": 0.8026087552943129,
            "top_2_accuracy": 0.8996808510638298
        },
        {
            "task": 2,
            "epoch": 1,
            "samples_seens": 144376,
            "categorial_accuracy": 0.805372340577714,
            "loss": 0.658418098814944,
            "top_2_accuracy": 0.9145744682372885
        },
        {
            "task": 3,
            "epoch": 1,
            "samples_seens": 162423,
            "categorial_accuracy": 0.8180319147921623,
            "loss": 0.5821690088637331,
            "top_2_accuracy": 0.9243085107397526
        },
        {
            "task": 4,
            "epoch": 1,
            "samples_seens": 180470,
            "categorial_accuracy": 0.7745744680851064,
            "loss": 0.7459074883765363,
            "top_2_accuracy": 0.9104255318134389
        },
        {
            "task": 0,
            "epoch": 2,
            "samples_seens": 198517,
            "categorial_accuracy": 0.7928191489361702,
            "loss": 0.8396997597877015,
            "top_2_accuracy": 0.9060106384500544
        },
        {
            "task": 1,
            "epoch": 2,
            "samples_seens": 216564,
            "categorial_accuracy": 0.8061702128166848,
            "loss": 0.7348643086311665,
            "top_2_accuracy": 0.9133510637790598
        },
        {
            "task": 2,
            "epoch": 2,
            "samples_seens": 234611,
            "categorial_accuracy": 0.8189893616514003,
            "loss": 0.6052894151718059,
            "top_2_accuracy": 0.922819149037625
        },
        {
            "task": 3,
            "epoch": 2,
            "samples_seens": 252658,
            "categorial_accuracy": 0.8319148936677486,
            "loss": 0.5394698470957736,
            "top_2_accuracy": 0.9329787233535279
        },
        {
            "task": 4,
            "epoch": 2,
            "samples_seens": 270705,
            "categorial_accuracy": 0.8097340426039189,
            "loss": 0.5952053288195995,
            "top_2_accuracy": 0.9320212764435626
        }
    ],
    "task_count": 5,
    "id": 1
}