{
    "name": "id2_t5_sorted",
    "results": [
        {
            "task": 0,
            "epoch": 0,
            "samples_seens": 18047,
            "categorial_accuracy": 0.5640957446808511,
            "loss": 1.93457878457739,
            "top_2_accuracy": 0.7052127659574469
        },
        {
            "task": 1,
            "epoch": 0,
            "samples_seens": 36094,
            "categorial_accuracy": 0.6755319150457991,
            "loss": 1.3088724194181727,
            "top_2_accuracy": 0.8036702127152301
        },
        {
            "task": 2,
            "epoch": 0,
            "samples_seens": 54141,
            "categorial_accuracy": 0.7419680852078377,
            "loss": 0.9755905254343723,
            "top_2_accuracy": 0.8638297873862246
        },
        {
            "task": 3,
            "epoch": 0,
            "samples_seens": 72188,
            "categorial_accuracy": 0.7710638299394161,
            "loss": 0.7607791471481323,
            "top_2_accuracy": 0.896436170364948
        },
        {
            "task": 4,
            "epoch": 0,
            "samples_seens": 90235,
            "categorial_accuracy": 0.7660638296350519,
            "loss": 0.7912017049687974,
            "top_2_accuracy": 0.9041489362209402
        },
        {
            "task": 0,
            "epoch": 1,
            "samples_seens": 108282,
            "categorial_accuracy": 0.7835106384500544,
            "loss": 0.8264822204062279,
            "top_2_accuracy": 0.8979787235564374
        },
        {
            "task": 1,
            "epoch": 1,
            "samples_seens": 126329,
            "categorial_accuracy": 0.7945212765450174,
            "loss": 0.7715646746310781,
            "top_2_accuracy": 0.903563829635052
        },
        {
            "task": 2,
            "epoch": 1,
            "samples_seens": 144376,
            "categorial_accuracy": 0.806010638247145,
            "loss": 0.6875034717803306,
            "top_2_accuracy": 0.9132446808003365
        },
        {
            "task": 3,
            "epoch": 1,
            "samples_seens": 162423,
            "categorial_accuracy": 0.8217553189967541,
            "loss": 0.5758591575318195,
            "top_2_accuracy": 0.9250531915908164
        },
        {
            "task": 4,
            "epoch": 1,
            "samples_seens": 180470,
            "categorial_accuracy": 0.7885638298379614,
            "loss": 0.6886602192229413,
            "top_2_accuracy": 0.9210106382978723
        },
        {
            "task": 0,
            "epoch": 2,
            "samples_seens": 198517,
            "categorial_accuracy": 0.7930319149443443,
            "loss": 0.8252105254822589,
            "top_2_accuracy": 0.9052659575989905
        },
        {
            "task": 1,
            "epoch": 2,
            "samples_seens": 216564,
            "categorial_accuracy": 0.814946808459911,
            "loss": 0.6929646886409597,
            "top_2_accuracy": 0.9190957446301237
        },
        {
            "task": 2,
            "epoch": 2,
            "samples_seens": 234611,
            "categorial_accuracy": 0.8235106381964177,
            "loss": 0.605571094041175,
            "top_2_accuracy": 0.92547872350571
        },
        {
            "task": 3,
            "epoch": 2,
            "samples_seens": 252658,
            "categorial_accuracy": 0.828510638247145,
            "loss": 0.528649097249863,
            "top_2_accuracy": 0.9357978724418803
        },
        {
            "task": 4,
            "epoch": 2,
            "samples_seens": 270705,
            "categorial_accuracy": 0.806968085258565,
            "loss": 0.6095147914582111,
            "top_2_accuracy": 0.9301595744173577
        }
    ],
    "task_count": 5,
    "id": 2
}