{
    "name": "id2_t25_sorted",
    "results": [
        {
            "task": 0,
            "epoch": 0,
            "samples_seens": 3609,
            "categorial_accuracy": 0.2537765957700445,
            "loss": 3.0675624187956463,
            "top_2_accuracy": 0.4048404254558239
        },
        {
            "task": 1,
            "epoch": 0,
            "samples_seens": 7218,
            "categorial_accuracy": 0.4472340425024641,
            "loss": 2.5486612827219863,
            "top_2_accuracy": 0.5904787234042553
        },
        {
            "task": 2,
            "epoch": 0,
            "samples_seens": 10827,
            "categorial_accuracy": 0.4797340425785552,
            "loss": 2.150086200389456,
            "top_2_accuracy": 0.6252127659067195
        },
        {
            "task": 3,
            "epoch": 0,
            "samples_seens": 14436,
            "categorial_accuracy": 0.5319680850556556,
            "loss": 1.9698572691450729,
            "top_2_accuracy": 0.6760106383485996
        },
        {
            "task": 4,
            "epoch": 0,
            "samples_seens": 18045,
            "categorial_accuracy": 0.543457446859238,
            "loss": 1.8247641216440404,
            "top_2_accuracy": 0.6877659573960812
        },
        {
            "task": 5,
            "epoch": 0,
            "samples_seens": 21654,
            "categorial_accuracy": 0.5856914894631569,
            "loss": 1.7141474240891477,
            "top_2_accuracy": 0.7237234043567738
        },
        {
            "task": 6,
            "epoch": 0,
            "samples_seens": 25263,
            "categorial_accuracy": 0.6047872341440079,
            "loss": 1.687676093629066,
            "top_2_accuracy": 0.7462765956432261
        },
        {
            "task": 7,
            "epoch": 0,
            "samples_seens": 28872,
            "categorial_accuracy": 0.6398936169705493,
            "loss": 1.49543831947002,
            "top_2_accuracy": 0.777659574315903
        },
        {
            "task": 8,
            "epoch": 0,
            "samples_seens": 32481,
            "categorial_accuracy": 0.6384042552176942,
            "loss": 1.4026292948012655,
            "top_2_accuracy": 0.7769680851571104
        },
        {
            "task": 9,
            "epoch": 0,
            "samples_seens": 36090,
            "categorial_accuracy": 0.6701595746202672,
            "loss": 1.2537354514953938,
            "top_2_accuracy": 0.8100531913371797
        },
        {
            "task": 10,
            "epoch": 0,
            "samples_seens": 39699,
            "categorial_accuracy": 0.7018085106382979,
            "loss": 1.1203948324284656,
            "top_2_accuracy": 0.8301063830801781
        },
        {
            "task": 11,
            "epoch": 0,
            "samples_seens": 43308,
            "categorial_accuracy": 0.7010106381964176,
            "loss": 1.0904463740612598,
            "top_2_accuracy": 0.8329787232520732
        },
        {
            "task": 12,
            "epoch": 0,
            "samples_seens": 46917,
            "categorial_accuracy": 0.7169148935662939,
            "loss": 1.0979917107237147,
            "top_2_accuracy": 0.8421276595237407
        },
        {
            "task": 13,
            "epoch": 0,
            "samples_seens": 50526,
            "categorial_accuracy": 0.732446808459911,
            "loss": 0.9845829822662029,
            "top_2_accuracy": 0.8576595744173577
        },
        {
            "task": 14,
            "epoch": 0,
            "samples_seens": 54135,
            "categorial_accuracy": 0.7206914893109748,
            "loss": 1.0630543469368143,
            "top_2_accuracy": 0.8458510637790598
        },
        {
            "task": 15,
            "epoch": 0,
            "samples_seens": 57744,
            "categorial_accuracy": 0.7523404254304602,
            "loss": 0.8902966522663197,
            "top_2_accuracy": 0.8720744679329243
        },
        {
            "task": 16,
            "epoch": 0,
            "samples_seens": 61353,
            "categorial_accuracy": 0.7637234043567739,
            "loss": 0.8541172465872258,
            "top_2_accuracy": 0.879095744528669
        },
        {
            "task": 17,
            "epoch": 0,
            "samples_seens": 64962,
            "categorial_accuracy": 0.7689893618035823,
            "loss": 0.8213393063748137,
            "top_2_accuracy": 0.8861702128166848
        },
        {
            "task": 18,
            "epoch": 0,
            "samples_seens": 68571,
            "categorial_accuracy": 0.7579787233028006,
            "loss": 0.8344580938968252,
            "top_2_accuracy": 0.8862765956432261
        },
        {
            "task": 19,
            "epoch": 0,
            "samples_seens": 72180,
            "categorial_accuracy": 0.7714361701620386,
            "loss": 0.8093212068334539,
            "top_2_accuracy": 0.8910106382978723
        },
        {
            "task": 20,
            "epoch": 0,
            "samples_seens": 75789,
            "categorial_accuracy": 0.7374468085613657,
            "loss": 0.9336182333053427,
            "top_2_accuracy": 0.8715425530393073
        },
        {
            "task": 21,
            "epoch": 0,
            "samples_seens": 79398,
            "categorial_accuracy": 0.7763829785712222,
            "loss": 0.7733478562882606,
            "top_2_accuracy": 0.900425531965621
        },
        {
            "task": 22,
            "epoch": 0,
            "samples_seens": 83007,
            "categorial_accuracy": 0.7632978724418803,
            "loss": 0.8511058199152033,
            "top_2_accuracy": 0.8963829787741316
        },
        {
            "task": 23,
            "epoch": 0,
            "samples_seens": 86616,
            "categorial_accuracy": 0.7494680850556557,
            "loss": 0.8972477189023444,
            "top_2_accuracy": 0.8971276595237407
        },
        {
            "task": 24,
            "epoch": 0,
            "samples_seens": 90225,
            "categorial_accuracy": 0.6532446807496091,
            "loss": 1.321905827116459,
            "top_2_accuracy": 0.8189361701113113
        },
        {
            "task": 0,
            "epoch": 1,
            "samples_seens": 93834,
            "categorial_accuracy": 0.7671808510638298,
            "loss": 0.8873217843441253,
            "top_2_accuracy": 0.8860106383485997
        },
        {
            "task": 1,
            "epoch": 1,
            "samples_seens": 97443,
            "categorial_accuracy": 0.7686170212258684,
            "loss": 0.8664795322621123,
            "top_2_accuracy": 0.890425531965621
        },
        {
            "task": 2,
            "epoch": 1,
            "samples_seens": 101052,
            "categorial_accuracy": 0.760425531965621,
            "loss": 0.9557265107175137,
            "top_2_accuracy": 0.8809042552176942
        },
        {
            "task": 3,
            "epoch": 1,
            "samples_seens": 104661,
            "categorial_accuracy": 0.7720212765957447,
            "loss": 0.8752478232789547,
            "top_2_accuracy": 0.8887765955924988
        },
        {
            "task": 4,
            "epoch": 1,
            "samples_seens": 108270,
            "categorial_accuracy": 0.7701595745188125,
            "loss": 0.8756585120647512,
            "top_2_accuracy": 0.8919680851571103
        },
        {
            "task": 5,
            "epoch": 1,
            "samples_seens": 111879,
            "categorial_accuracy": 0.7723936168690946,
            "loss": 0.8571853696539047,
            "top_2_accuracy": 0.8904255318134389
        },
        {
            "task": 6,
            "epoch": 1,
            "samples_seens": 115488,
            "categorial_accuracy": 0.7846808512160118,
            "loss": 0.803054877088425,
            "top_2_accuracy": 0.8999468086628204
        },
        {
            "task": 7,
            "epoch": 1,
            "samples_seens": 119097,
            "categorial_accuracy": 0.7758510639819693,
            "loss": 0.8360374884402498,
            "top_2_accuracy": 0.8947872340932805
        },
        {
            "task": 8,
            "epoch": 1,
            "samples_seens": 122706,
            "categorial_accuracy": 0.7773404255826423,
            "loss": 0.8236686608639169,
            "top_2_accuracy": 0.8936170211751411
        },
        {
            "task": 9,
            "epoch": 1,
            "samples_seens": 126315,
            "categorial_accuracy": 0.7918617020262049,
            "loss": 0.7371189591732431,
            "top_2_accuracy": 0.9036170214287779
        },
        {
            "task": 10,
            "epoch": 1,
            "samples_seens": 129924,
            "categorial_accuracy": 0.7814361701620386,
            "loss": 0.7967956111786213,
            "top_2_accuracy": 0.8929787233028006
        },
        {
            "task": 11,
            "epoch": 1,
            "samples_seens": 133533,
            "categorial_accuracy": 0.7921808509116477,
            "loss": 0.7711060720808962,
            "top_2_accuracy": 0.8992553190982088
        },
        {
            "task": 12,
            "epoch": 1,
            "samples_seens": 137142,
            "categorial_accuracy": 0.8027127660081742,
            "loss": 0.6536216174541636,
            "top_2_accuracy": 0.9120212765450173
        },
        {
            "task": 13,
            "epoch": 1,
            "samples_seens": 140751,
            "categorial_accuracy": 0.80180851079048,
            "loss": 0.6958914316968715,
            "top_2_accuracy": 0.9079787235057101
        },
        {
            "task": 14,
            "epoch": 1,
            "samples_seens": 144360,
            "categorial_accuracy": 0.796489361600673,
            "loss": 0.7523604430036341,
            "top_2_accuracy": 0.9053191487839881
        },
        {
            "task": 15,
            "epoch": 1,
            "samples_seens": 147969,
            "categorial_accuracy": 0.8015425531914894,
            "loss": 0.6706921491217106,
            "top_2_accuracy": 0.9104255318134389
        },
        {
            "task": 16,
            "epoch": 1,
            "samples_seens": 151578,
            "categorial_accuracy": 0.8079255320163483,
            "loss": 0.6423977509204377,
            "top_2_accuracy": 0.915053191387907
        },
        {
            "task": 17,
            "epoch": 1,
            "samples_seens": 155187,
            "categorial_accuracy": 0.8064361700605839,
            "loss": 0.6316740810363851,
            "top_2_accuracy": 0.9171276596759228
        },
        {
            "task": 18,
            "epoch": 1,
            "samples_seens": 158796,
            "categorial_accuracy": 0.8156382979230677,
            "loss": 0.6139380873771424,
            "top_2_accuracy": 0.9220744679836517
        },
        {
            "task": 19,
            "epoch": 1,
            "samples_seens": 162405,
            "categorial_accuracy": 0.8102659575482632,
            "loss": 0.6154345256977893,
            "top_2_accuracy": 0.9235638298886888
        },
        {
            "task": 20,
            "epoch": 1,
            "samples_seens": 166014,
            "categorial_accuracy": 0.8102659574468085,
            "loss": 0.6256261181324086,
            "top_2_accuracy": 0.9245212767479267
        },
        {
            "task": 21,
            "epoch": 1,
            "samples_seens": 169623,
            "categorial_accuracy": 0.7986702128674121,
            "loss": 0.6985458704258534,
            "top_2_accuracy": 0.9163829787234042
        },
        {
            "task": 22,
            "epoch": 1,
            "samples_seens": 173232,
            "categorial_accuracy": 0.797127659422286,
            "loss": 0.6945360932958887,
            "top_2_accuracy": 0.920372340425532
        },
        {
            "task": 23,
            "epoch": 1,
            "samples_seens": 176841,
            "categorial_accuracy": 0.7838297873862247,
            "loss": 0.7264362863784141,
            "top_2_accuracy": 0.9133510638297873
        },
        {
            "task": 24,
            "epoch": 1,
            "samples_seens": 180450,
            "categorial_accuracy": 0.6445212765957447,
            "loss": 1.2612075427237976,
            "top_2_accuracy": 0.8200531915908165
        },
        {
            "task": 0,
            "epoch": 2,
            "samples_seens": 184059,
            "categorial_accuracy": 0.767872340577714,
            "loss": 0.9826160760128752,
            "top_2_accuracy": 0.8823404255826423
        },
        {
            "task": 1,
            "epoch": 2,
            "samples_seens": 187668,
            "categorial_accuracy": 0.7846276596759229,
            "loss": 0.9096190790927157,
            "top_2_accuracy": 0.8952127660081741
        },
        {
            "task": 2,
            "epoch": 2,
            "samples_seens": 191277,
            "categorial_accuracy": 0.8036702127659574,
            "loss": 0.7622299015268367,
            "top_2_accuracy": 0.9114893618543097
        },
        {
            "task": 3,
            "epoch": 2,
            "samples_seens": 194886,
            "categorial_accuracy": 0.7873936169705492,
            "loss": 0.885322071237767,
            "top_2_accuracy": 0.8994680849542009
        },
        {
            "task": 4,
            "epoch": 2,
            "samples_seens": 198495,
            "categorial_accuracy": 0.7928723404762593,
            "loss": 0.8274659076650092,
            "top_2_accuracy": 0.9046276596759228
        },
        {
            "task": 5,
            "epoch": 2,
            "samples_seens": 202104,
            "categorial_accuracy": 0.7937234043567739,
            "loss": 0.8279254079879599,
            "top_2_accuracy": 0.9019148936677487
        },
        {
            "task": 6,
            "epoch": 2,
            "samples_seens": 205713,
            "categorial_accuracy": 0.8025531915908164,
            "loss": 0.7746471438509352,
            "top_2_accuracy": 0.9120212767479268
        },
        {
            "task": 7,
            "epoch": 2,
            "samples_seens": 209322,
            "categorial_accuracy": 0.796489361752855,
            "loss": 0.7855647256019268,
            "top_2_accuracy": 0.9068617020262049
        },
        {
            "task": 8,
            "epoch": 2,
            "samples_seens": 212931,
            "categorial_accuracy": 0.8010638299394162,
            "loss": 0.7584427599704012,
            "top_2_accuracy": 0.9085638298379614
        },
        {
            "task": 9,
            "epoch": 2,
            "samples_seens": 216540,
            "categorial_accuracy": 0.7956914893617021,
            "loss": 0.7647901327559289,
            "top_2_accuracy": 0.9012765958461356
        },
        {
            "task": 10,
            "epoch": 2,
            "samples_seens": 220149,
            "categorial_accuracy": 0.8149468083584562,
            "loss": 0.6332704564358326,
            "top_2_accuracy": 0.9211702129181395
        },
        {
            "task": 11,
            "epoch": 2,
            "samples_seens": 223758,
            "categorial_accuracy": 0.81069148920952,
            "loss": 0.6689868269321766,
            "top_2_accuracy": 0.9165957448330332
        },
        {
            "task": 12,
            "epoch": 2,
            "samples_seens": 227367,
            "categorial_accuracy": 0.8012765956432262,
            "loss": 0.8018793474866989,
            "top_2_accuracy": 0.9072340427053736
        },
        {
            "task": 13,
            "epoch": 2,
            "samples_seens": 230976,
            "categorial_accuracy": 0.820478723353528,
            "loss": 0.5970612907409668,
            "top_2_accuracy": 0.9228723405269866
        },
        {
            "task": 14,
            "epoch": 2,
            "samples_seens": 234585,
            "categorial_accuracy": 0.8150531914893617,
            "loss": 0.6563364267095606,
            "top_2_accuracy": 0.9206914894631568
        },
        {
            "task": 15,
            "epoch": 2,
            "samples_seens": 238194,
            "categorial_accuracy": 0.8234574466563286,
            "loss": 0.6033075620519354,
            "top_2_accuracy": 0.92547872350571
        },
        {
            "task": 16,
            "epoch": 2,
            "samples_seens": 241803,
            "categorial_accuracy": 0.8173936168690945,
            "loss": 0.6027289163051768,
            "top_2_accuracy": 0.9232978724418802
        },
        {
            "task": 17,
            "epoch": 2,
            "samples_seens": 245412,
            "categorial_accuracy": 0.8236702128674122,
            "loss": 0.5654552058209764,
            "top_2_accuracy": 0.9292553192503908
        },
        {
            "task": 18,
            "epoch": 2,
            "samples_seens": 249021,
            "categorial_accuracy": 0.825053191540089,
            "loss": 0.5822372849951399,
            "top_2_accuracy": 0.9282978724418802
        },
        {
            "task": 19,
            "epoch": 2,
            "samples_seens": 252630,
            "categorial_accuracy": 0.8206382979737952,
            "loss": 0.575433144721579,
            "top_2_accuracy": 0.9290425533436715
        },
        {
            "task": 20,
            "epoch": 2,
            "samples_seens": 256239,
            "categorial_accuracy": 0.8236170213273231,
            "loss": 0.5725713475714339,
            "top_2_accuracy": 0.9307978722896981
        },
        {
            "task": 21,
            "epoch": 2,
            "samples_seens": 259848,
            "categorial_accuracy": 0.8174999998985453,
            "loss": 0.5945006927784453,
            "top_2_accuracy": 0.9296808512160118
        },
        {
            "task": 22,
            "epoch": 2,
            "samples_seens": 263457,
            "categorial_accuracy": 0.8018617022291142,
            "loss": 0.6693470797132939,
            "top_2_accuracy": 0.9211702127659575
        },
        {
            "task": 23,
            "epoch": 2,
            "samples_seens": 267066,
            "categorial_accuracy": 0.7845212766971994,
            "loss": 0.7165120354611823,
            "top_2_accuracy": 0.9194148934648392
        },
        {
            "task": 24,
            "epoch": 2,
            "samples_seens": 270675,
            "categorial_accuracy": 0.7272340425024642,
            "loss": 0.9187504073406788,
            "top_2_accuracy": 0.8859574467070559
        }
    ],
    "task_count": 25,
    "id": 2
}