{
    "name": "id2_t10_sorted",
    "results": [
        {
            "task": 0,
            "epoch": 0,
            "samples_seens": 9023,
            "categorial_accuracy": 0.476489361676764,
            "loss": 2.204334051253948,
            "top_2_accuracy": 0.6288297872340426
        },
        {
            "task": 1,
            "epoch": 0,
            "samples_seens": 18046,
            "categorial_accuracy": 0.5652127661096289,
            "loss": 1.9071202787439874,
            "top_2_accuracy": 0.7043085106890252
        },
        {
            "task": 2,
            "epoch": 0,
            "samples_seens": 27069,
            "categorial_accuracy": 0.628031914893617,
            "loss": 1.4987415554168377,
            "top_2_accuracy": 0.7666489362209401
        },
        {
            "task": 3,
            "epoch": 0,
            "samples_seens": 36092,
            "categorial_accuracy": 0.6803191488347154,
            "loss": 1.2545086084528172,
            "top_2_accuracy": 0.8111170211751411
        },
        {
            "task": 4,
            "epoch": 0,
            "samples_seens": 45115,
            "categorial_accuracy": 0.7125000001521821,
            "loss": 1.0855985465455562,
            "top_2_accuracy": 0.8392021278117565
        },
        {
            "task": 5,
            "epoch": 0,
            "samples_seens": 54138,
            "categorial_accuracy": 0.7390425533436714,
            "loss": 0.932630808759243,
            "top_2_accuracy": 0.8637765958461355
        },
        {
            "task": 6,
            "epoch": 0,
            "samples_seens": 63161,
            "categorial_accuracy": 0.7623404253797328,
            "loss": 0.8273834663249077,
            "top_2_accuracy": 0.882659574315903
        },
        {
            "task": 7,
            "epoch": 0,
            "samples_seens": 72184,
            "categorial_accuracy": 0.7790425530900347,
            "loss": 0.7529787779361644,
            "top_2_accuracy": 0.8982978721882434
        },
        {
            "task": 8,
            "epoch": 0,
            "samples_seens": 81207,
            "categorial_accuracy": 0.7620744681865611,
            "loss": 0.8072740572564145,
            "top_2_accuracy": 0.8981382977708857
        },
        {
            "task": 9,
            "epoch": 0,
            "samples_seens": 90230,
            "categorial_accuracy": 0.7243085105368432,
            "loss": 0.9797155853535267,
            "top_2_accuracy": 0.8794680851571104
        },
        {
            "task": 0,
            "epoch": 1,
            "samples_seens": 99253,
            "categorial_accuracy": 0.7602659575989906,
            "loss": 0.9400887510624337,
            "top_2_accuracy": 0.8793085105875705
        },
        {
            "task": 1,
            "epoch": 1,
            "samples_seens": 108276,
            "categorial_accuracy": 0.7662765956432261,
            "loss": 0.8991342358893537,
            "top_2_accuracy": 0.8854255318134389
        },
        {
            "task": 2,
            "epoch": 1,
            "samples_seens": 117299,
            "categorial_accuracy": 0.7851063829787234,
            "loss": 0.8230291774932375,
            "top_2_accuracy": 0.8974468085613656
        },
        {
            "task": 3,
            "epoch": 1,
            "samples_seens": 126322,
            "categorial_accuracy": 0.7859042552684216,
            "loss": 0.7878181619847074,
            "top_2_accuracy": 0.9003191489361703
        },
        {
            "task": 4,
            "epoch": 1,
            "samples_seens": 135345,
            "categorial_accuracy": 0.7955319147921623,
            "loss": 0.7382038926570974,
            "top_2_accuracy": 0.9061170214287778
        },
        {
            "task": 5,
            "epoch": 1,
            "samples_seens": 144368,
            "categorial_accuracy": 0.8051595745188125,
            "loss": 0.6627843286382391,
            "top_2_accuracy": 0.9130319150457991
        },
        {
            "task": 6,
            "epoch": 1,
            "samples_seens": 153391,
            "categorial_accuracy": 0.8078191489361702,
            "loss": 0.6257754703024601,
            "top_2_accuracy": 0.9182978724418802
        },
        {
            "task": 7,
            "epoch": 1,
            "samples_seens": 162414,
            "categorial_accuracy": 0.8151595745188125,
            "loss": 0.5843086044331814,
            "top_2_accuracy": 0.9243085105875705
        },
        {
            "task": 8,
            "epoch": 1,
            "samples_seens": 171437,
            "categorial_accuracy": 0.7996808510638298,
            "loss": 0.6355019696722639,
            "top_2_accuracy": 0.9232446808510638
        },
        {
            "task": 9,
            "epoch": 1,
            "samples_seens": 180460,
            "categorial_accuracy": 0.7393085104861158,
            "loss": 0.9112475521513757,
            "top_2_accuracy": 0.8908510638805146
        },
        {
            "task": 0,
            "epoch": 2,
            "samples_seens": 189483,
            "categorial_accuracy": 0.788457446859238,
            "loss": 0.8962383800871829,
            "top_2_accuracy": 0.9028723402733498
        },
        {
            "task": 1,
            "epoch": 2,
            "samples_seens": 198506,
            "categorial_accuracy": 0.7896808510131025,
            "loss": 0.8597041955907294,
            "top_2_accuracy": 0.9039361700605839
        },
        {
            "task": 2,
            "epoch": 2,
            "samples_seens": 207529,
            "categorial_accuracy": 0.7909574467577832,
            "loss": 0.8432286788047628,
            "top_2_accuracy": 0.9000531916415437
        },
        {
            "task": 3,
            "epoch": 2,
            "samples_seens": 216552,
            "categorial_accuracy": 0.8028191490883523,
            "loss": 0.7302970028430857,
            "top_2_accuracy": 0.9126595745695398
        },
        {
            "task": 4,
            "epoch": 2,
            "samples_seens": 225575,
            "categorial_accuracy": 0.811914893718476,
            "loss": 0.6951997528938537,
            "top_2_accuracy": 0.9137234044075012
        },
        {
            "task": 5,
            "epoch": 2,
            "samples_seens": 234598,
            "categorial_accuracy": 0.8243085105368432,
            "loss": 0.6071314554772479,
            "top_2_accuracy": 0.9235106384500544
        },
        {
            "task": 6,
            "epoch": 2,
            "samples_seens": 243621,
            "categorial_accuracy": 0.8254255317627115,
            "loss": 0.5726666523294246,
            "top_2_accuracy": 0.9270744681865611
        },
        {
            "task": 7,
            "epoch": 2,
            "samples_seens": 252644,
            "categorial_accuracy": 0.8276595745188124,
            "loss": 0.549446983920767,
            "top_2_accuracy": 0.9335638298886888
        },
        {
            "task": 8,
            "epoch": 2,
            "samples_seens": 261667,
            "categorial_accuracy": 0.8197340425024642,
            "loss": 0.5743071641820542,
            "top_2_accuracy": 0.9313829786219495
        },
        {
            "task": 9,
            "epoch": 2,
            "samples_seens": 270690,
            "categorial_accuracy": 0.7583510636776052,
            "loss": 0.815288178514927,
            "top_2_accuracy": 0.9027659574975359
        }
    ],
    "task_count": 10,
    "id": 2
}